2025-04-16 00:00:00 [] INFO  org.hibernate.validator.internal.util.Version - HV000001: Hibernate Validator 8.0.2.Final
2025-04-16 00:00:01 [] INFO  com.example.tailormaster.TailorMasterAppApplication - Starting TailorMasterAppApplication using Java 17.0.2 with PID 6680 (E:\Development-Workspaces\tailor-master-app\tailor-master-app\target\classes started by wajiz.pk in E:\Development-Workspaces\tailor-master-app\tailor-master-app)
2025-04-16 00:00:01 [] INFO  com.example.tailormaster.TailorMasterAppApplication - No active profile set, falling back to 1 default profile: "default"
2025-04-16 00:00:01 [] INFO  org.springframework.boot.devtools.env.DevToolsPropertyDefaultsPostProcessor - Devtools property defaults active! Set 'spring.devtools.add-properties' to 'false' to disable
2025-04-16 00:00:01 [] INFO  org.springframework.boot.devtools.env.DevToolsPropertyDefaultsPostProcessor - For additional web related logging consider setting the 'logging.level.web' property to 'DEBUG'
2025-04-16 00:00:02 [] INFO  org.springframework.data.repository.config.RepositoryConfigurationDelegate - Bootstrapping Spring Data JPA repositories in DEFAULT mode.
2025-04-16 00:00:03 [] INFO  org.springframework.data.repository.config.RepositoryConfigurationDelegate - Finished Spring Data repository scanning in 139 ms. Found 7 JPA repository interfaces.
2025-04-16 00:00:04 [] INFO  org.springframework.boot.web.embedded.tomcat.TomcatWebServer - Tomcat initialized with port 8080 (http)
2025-04-16 00:00:04 [] INFO  org.apache.coyote.http11.Http11NioProtocol - Initializing ProtocolHandler ["http-nio-8080"]
2025-04-16 00:00:04 [] INFO  org.apache.catalina.core.StandardService - Starting service [Tomcat]
2025-04-16 00:00:04 [] INFO  org.apache.catalina.core.StandardEngine - Starting Servlet engine: [Apache Tomcat/10.1.40]
2025-04-16 00:00:04 [] INFO  org.apache.catalina.core.ContainerBase.[Tomcat].[localhost].[/tailor-master] - Initializing Spring embedded WebApplicationContext
2025-04-16 00:00:04 [] INFO  org.springframework.boot.web.servlet.context.ServletWebServerApplicationContext - Root WebApplicationContext: initialization completed in 3168 ms
2025-04-16 00:00:04 [] INFO  org.hibernate.jpa.internal.util.LogHelper - HHH000204: Processing PersistenceUnitInfo [name: default]
2025-04-16 00:00:04 [] INFO  org.hibernate.Version - HHH000412: Hibernate ORM core version 6.6.4.Final
2025-04-16 00:00:04 [] INFO  org.hibernate.cache.internal.RegionFactoryInitiator - HHH000026: Second-level cache disabled
2025-04-16 00:00:05 [] INFO  org.springframework.orm.jpa.persistenceunit.SpringPersistenceUnitInfo - No LoadTimeWeaver setup: ignoring JPA class transformer
2025-04-16 00:00:05 [] INFO  com.zaxxer.hikari.HikariDataSource - HikariPool-1 - Starting...
2025-04-16 00:00:06 [] INFO  com.zaxxer.hikari.pool.HikariPool - HikariPool-1 - Added connection com.mysql.cj.jdbc.ConnectionImpl@614e4b86
2025-04-16 00:00:06 [] INFO  com.zaxxer.hikari.HikariDataSource - HikariPool-1 - Start completed.
2025-04-16 00:00:06 [] INFO  org.hibernate.orm.connections.pooling - HHH10001005: Database info:
	Database JDBC URL [Connecting through datasource 'HikariDataSource (HikariPool-1)']
	Database driver: undefined/unknown
	Database version: 8.0.28
	Autocommit mode: undefined/unknown
	Isolation level: undefined/unknown
	Minimum pool size: undefined/unknown
	Maximum pool size: undefined/unknown
2025-04-16 00:00:08 [] INFO  org.hibernate.engine.transaction.jta.platform.internal.JtaPlatformInitiator - HHH000489: No JTA platform available (set 'hibernate.transaction.jta.platform' to enable JTA platform integration)
2025-04-16 00:00:09 [] INFO  org.springframework.orm.jpa.LocalContainerEntityManagerFactoryBean - Initialized JPA EntityManagerFactory for persistence unit 'default'
2025-04-16 00:00:09 [] INFO  org.springframework.data.jpa.repository.query.QueryEnhancerFactory - Hibernate is in classpath; If applicable, HQL parser will be used.
2025-04-16 00:00:13 [] WARN  org.springframework.boot.autoconfigure.orm.jpa.JpaBaseConfiguration$JpaWebConfiguration - spring.jpa.open-in-view is enabled by default. Therefore, database queries may be performed during view rendering. Explicitly configure spring.jpa.open-in-view to disable this warning
2025-04-16 00:00:13 [] INFO  org.springframework.security.config.annotation.authentication.configuration.InitializeAuthenticationProviderBeanManagerConfigurer$InitializeAuthenticationProviderManagerConfigurer - Global AuthenticationManager configured with AuthenticationProvider bean with name authenticationProvider
2025-04-16 00:00:13 [] WARN  org.springframework.security.config.annotation.authentication.configuration.InitializeUserDetailsBeanManagerConfigurer$InitializeUserDetailsManagerConfigurer - Global AuthenticationManager configured with an AuthenticationProvider bean. UserDetailsService beans will not be used by Spring Security for automatically configuring username/password login. Consider removing the AuthenticationProvider bean. Alternatively, consider using the UserDetailsService in a manually instantiated DaoAuthenticationProvider. If the current configuration is intentional, to turn off this warning, increase the logging level of 'org.springframework.security.config.annotation.authentication.configuration.InitializeUserDetailsBeanManagerConfigurer' to ERROR
2025-04-16 00:00:14 [] INFO  org.springframework.boot.devtools.autoconfigure.OptionalLiveReloadServer - LiveReload server is running on port 35729
2025-04-16 00:00:14 [] INFO  org.apache.coyote.http11.Http11NioProtocol - Starting ProtocolHandler ["http-nio-8080"]
2025-04-16 00:00:15 [] INFO  org.springframework.boot.web.embedded.tomcat.TomcatWebServer - Tomcat started on port 8080 (http) with context path '/tailor-master'
2025-04-16 00:00:15 [] INFO  com.example.tailormaster.TailorMasterAppApplication - Started TailorMasterAppApplication in 15.152 seconds (process running for 17.562)
2025-04-16 00:00:19 [] INFO  org.apache.catalina.core.ContainerBase.[Tomcat].[localhost].[/tailor-master] - Initializing Spring DispatcherServlet 'dispatcherServlet'
2025-04-16 00:00:19 [] INFO  org.springframework.web.servlet.DispatcherServlet - Initializing Servlet 'dispatcherServlet'
2025-04-16 00:00:19 [] INFO  org.springframework.web.servlet.DispatcherServlet - Completed initialization in 1 ms
2025-04-16 00:00:19 [logouser] INFO  com.example.tailormaster.filter.LoggingInterceptor - User 'logouser' is requesting: GET /tailor-master/orders/generate-receipt/ELTcT8Y0XPHfWLEYaf-BZV0Qx72X9DrEIoUzXsLZdrE=
2025-04-16 00:00:19 [logouser] INFO  com.example.tailormaster.controller.ReceiptController - Attempting to generate receipt of type 'customer' for order ID: ELTcT8Y0XPHfWLEYaf-BZV0Qx72X9DrEIoUzXsLZdrE=
2025-04-16 00:00:21 [logouser] INFO  com.example.tailormaster.filter.LoggingInterceptor - User 'logouser' is requesting: GET /tailor-master/users/logo/logouser
2025-04-16 00:00:50 [] INFO  org.springframework.boot.web.embedded.tomcat.GracefulShutdown - Commencing graceful shutdown. Waiting for active requests to complete
2025-04-16 00:00:51 [] INFO  org.springframework.boot.web.embedded.tomcat.GracefulShutdown - Graceful shutdown complete
2025-04-16 00:00:51 [] INFO  org.springframework.orm.jpa.LocalContainerEntityManagerFactoryBean - Closing JPA EntityManagerFactory for persistence unit 'default'
2025-04-16 00:00:51 [] INFO  com.zaxxer.hikari.HikariDataSource - HikariPool-1 - Shutdown initiated...
2025-04-16 00:00:51 [] INFO  com.zaxxer.hikari.HikariDataSource - HikariPool-1 - Shutdown completed.
2025-04-16 00:00:59 [] INFO  org.hibernate.validator.internal.util.Version - HV000001: Hibernate Validator 8.0.2.Final
2025-04-16 00:00:59 [] INFO  com.example.tailormaster.TailorMasterAppApplication - Starting TailorMasterAppApplication using Java 17.0.2 with PID 1444 (E:\Development-Workspaces\tailor-master-app\tailor-master-app\target\classes started by wajiz.pk in E:\Development-Workspaces\tailor-master-app\tailor-master-app)
2025-04-16 00:00:59 [] INFO  com.example.tailormaster.TailorMasterAppApplication - No active profile set, falling back to 1 default profile: "default"
2025-04-16 00:00:59 [] INFO  org.springframework.boot.devtools.env.DevToolsPropertyDefaultsPostProcessor - Devtools property defaults active! Set 'spring.devtools.add-properties' to 'false' to disable
2025-04-16 00:00:59 [] INFO  org.springframework.boot.devtools.env.DevToolsPropertyDefaultsPostProcessor - For additional web related logging consider setting the 'logging.level.web' property to 'DEBUG'
2025-04-16 00:01:01 [] INFO  org.springframework.data.repository.config.RepositoryConfigurationDelegate - Bootstrapping Spring Data JPA repositories in DEFAULT mode.
2025-04-16 00:01:01 [] INFO  org.springframework.data.repository.config.RepositoryConfigurationDelegate - Finished Spring Data repository scanning in 186 ms. Found 7 JPA repository interfaces.
2025-04-16 00:01:02 [] INFO  org.springframework.boot.web.embedded.tomcat.TomcatWebServer - Tomcat initialized with port 8080 (http)
2025-04-16 00:01:02 [] INFO  org.apache.coyote.http11.Http11NioProtocol - Initializing ProtocolHandler ["http-nio-8080"]
2025-04-16 00:01:02 [] INFO  org.apache.catalina.core.StandardService - Starting service [Tomcat]
2025-04-16 00:01:02 [] INFO  org.apache.catalina.core.StandardEngine - Starting Servlet engine: [Apache Tomcat/10.1.40]
2025-04-16 00:01:02 [] INFO  org.apache.catalina.core.ContainerBase.[Tomcat].[localhost].[/tailor-master] - Initializing Spring embedded WebApplicationContext
2025-04-16 00:01:02 [] INFO  org.springframework.boot.web.servlet.context.ServletWebServerApplicationContext - Root WebApplicationContext: initialization completed in 3056 ms
2025-04-16 00:01:03 [] INFO  org.hibernate.jpa.internal.util.LogHelper - HHH000204: Processing PersistenceUnitInfo [name: default]
2025-04-16 00:01:03 [] INFO  org.hibernate.Version - HHH000412: Hibernate ORM core version 6.6.4.Final
2025-04-16 00:01:03 [] INFO  org.hibernate.cache.internal.RegionFactoryInitiator - HHH000026: Second-level cache disabled
2025-04-16 00:01:03 [] INFO  org.springframework.orm.jpa.persistenceunit.SpringPersistenceUnitInfo - No LoadTimeWeaver setup: ignoring JPA class transformer
2025-04-16 00:01:03 [] INFO  com.zaxxer.hikari.HikariDataSource - HikariPool-1 - Starting...
2025-04-16 00:01:04 [] INFO  com.zaxxer.hikari.pool.HikariPool - HikariPool-1 - Added connection com.mysql.cj.jdbc.ConnectionImpl@183bd3c4
2025-04-16 00:01:04 [] INFO  com.zaxxer.hikari.HikariDataSource - HikariPool-1 - Start completed.
2025-04-16 00:01:04 [] INFO  org.hibernate.orm.connections.pooling - HHH10001005: Database info:
	Database JDBC URL [Connecting through datasource 'HikariDataSource (HikariPool-1)']
	Database driver: undefined/unknown
	Database version: 8.0.28
	Autocommit mode: undefined/unknown
	Isolation level: undefined/unknown
	Minimum pool size: undefined/unknown
	Maximum pool size: undefined/unknown
2025-04-16 00:01:06 [] INFO  org.hibernate.engine.transaction.jta.platform.internal.JtaPlatformInitiator - HHH000489: No JTA platform available (set 'hibernate.transaction.jta.platform' to enable JTA platform integration)
2025-04-16 00:01:06 [] INFO  org.springframework.orm.jpa.LocalContainerEntityManagerFactoryBean - Initialized JPA EntityManagerFactory for persistence unit 'default'
2025-04-16 00:01:07 [] INFO  org.springframework.data.jpa.repository.query.QueryEnhancerFactory - Hibernate is in classpath; If applicable, HQL parser will be used.
2025-04-16 00:01:10 [] WARN  org.springframework.boot.autoconfigure.orm.jpa.JpaBaseConfiguration$JpaWebConfiguration - spring.jpa.open-in-view is enabled by default. Therefore, database queries may be performed during view rendering. Explicitly configure spring.jpa.open-in-view to disable this warning
2025-04-16 00:01:10 [] INFO  org.springframework.security.config.annotation.authentication.configuration.InitializeAuthenticationProviderBeanManagerConfigurer$InitializeAuthenticationProviderManagerConfigurer - Global AuthenticationManager configured with AuthenticationProvider bean with name authenticationProvider
2025-04-16 00:01:10 [] WARN  org.springframework.security.config.annotation.authentication.configuration.InitializeUserDetailsBeanManagerConfigurer$InitializeUserDetailsManagerConfigurer - Global AuthenticationManager configured with an AuthenticationProvider bean. UserDetailsService beans will not be used by Spring Security for automatically configuring username/password login. Consider removing the AuthenticationProvider bean. Alternatively, consider using the UserDetailsService in a manually instantiated DaoAuthenticationProvider. If the current configuration is intentional, to turn off this warning, increase the logging level of 'org.springframework.security.config.annotation.authentication.configuration.InitializeUserDetailsBeanManagerConfigurer' to ERROR
2025-04-16 00:01:11 [] INFO  org.springframework.boot.devtools.autoconfigure.OptionalLiveReloadServer - LiveReload server is running on port 35729
2025-04-16 00:01:11 [] INFO  org.apache.coyote.http11.Http11NioProtocol - Starting ProtocolHandler ["http-nio-8080"]
2025-04-16 00:01:11 [] INFO  org.springframework.boot.web.embedded.tomcat.TomcatWebServer - Tomcat started on port 8080 (http) with context path '/tailor-master'
2025-04-16 00:01:11 [] INFO  com.example.tailormaster.TailorMasterAppApplication - Started TailorMasterAppApplication in 13.258 seconds (process running for 16.139)
2025-04-16 00:01:19 [] INFO  org.apache.catalina.core.ContainerBase.[Tomcat].[localhost].[/tailor-master] - Initializing Spring DispatcherServlet 'dispatcherServlet'
2025-04-16 00:01:19 [] INFO  org.springframework.web.servlet.DispatcherServlet - Initializing Servlet 'dispatcherServlet'
2025-04-16 00:01:19 [] INFO  org.springframework.web.servlet.DispatcherServlet - Completed initialization in 4 ms
2025-04-16 00:01:19 [logouser] INFO  com.example.tailormaster.filter.LoggingInterceptor - User 'logouser' is requesting: GET /tailor-master/orders/generate-receipt/ELTcT8Y0XPHfWLEYaf-BZV0Qx72X9DrEIoUzXsLZdrE=
2025-04-16 00:01:19 [logouser] INFO  com.example.tailormaster.controller.ReceiptController - Attempting to generate receipt of type 'customer' for order ID: ELTcT8Y0XPHfWLEYaf-BZV0Qx72X9DrEIoUzXsLZdrE=
2025-04-16 00:01:20 [logouser] INFO  com.example.tailormaster.filter.LoggingInterceptor - User 'logouser' is requesting: GET /tailor-master/users/logo/logouser
2025-04-16 00:01:54 [logouser] WARN  org.springframework.web.servlet.mvc.method.annotation.ExceptionHandlerExceptionResolver - Resolved [org.springframework.web.servlet.resource.NoResourceFoundException: No static resource js/bootstrap.bundle.min.js.map.]
2025-04-16 00:01:54 [logouser] WARN  org.springframework.web.servlet.mvc.method.annotation.ExceptionHandlerExceptionResolver - Resolved [org.springframework.web.servlet.resource.NoResourceFoundException: No static resource css/bootstrap.min.css.map.]
2025-04-16 00:04:41 [] INFO  org.springframework.boot.web.embedded.tomcat.GracefulShutdown - Commencing graceful shutdown. Waiting for active requests to complete
2025-04-16 00:04:43 [] INFO  org.springframework.boot.web.embedded.tomcat.GracefulShutdown - Graceful shutdown complete
2025-04-16 00:04:44 [] INFO  org.springframework.orm.jpa.LocalContainerEntityManagerFactoryBean - Closing JPA EntityManagerFactory for persistence unit 'default'
2025-04-16 00:04:44 [] INFO  com.zaxxer.hikari.HikariDataSource - HikariPool-1 - Shutdown initiated...
2025-04-16 00:04:44 [] INFO  com.zaxxer.hikari.HikariDataSource - HikariPool-1 - Shutdown completed.
2025-04-16 00:04:53 [] INFO  org.hibernate.validator.internal.util.Version - HV000001: Hibernate Validator 8.0.2.Final
2025-04-16 00:04:53 [] INFO  com.example.tailormaster.TailorMasterAppApplication - Starting TailorMasterAppApplication using Java 17.0.2 with PID 12876 (E:\Development-Workspaces\tailor-master-app\tailor-master-app\target\classes started by wajiz.pk in E:\Development-Workspaces\tailor-master-app\tailor-master-app)
2025-04-16 00:04:53 [] INFO  com.example.tailormaster.TailorMasterAppApplication - No active profile set, falling back to 1 default profile: "default"
2025-04-16 00:04:53 [] INFO  org.springframework.boot.devtools.env.DevToolsPropertyDefaultsPostProcessor - Devtools property defaults active! Set 'spring.devtools.add-properties' to 'false' to disable
2025-04-16 00:04:53 [] INFO  org.springframework.boot.devtools.env.DevToolsPropertyDefaultsPostProcessor - For additional web related logging consider setting the 'logging.level.web' property to 'DEBUG'
2025-04-16 00:04:55 [] INFO  org.springframework.data.repository.config.RepositoryConfigurationDelegate - Bootstrapping Spring Data JPA repositories in DEFAULT mode.
2025-04-16 00:04:55 [] INFO  org.springframework.data.repository.config.RepositoryConfigurationDelegate - Finished Spring Data repository scanning in 138 ms. Found 7 JPA repository interfaces.
2025-04-16 00:04:56 [] INFO  org.springframework.boot.web.embedded.tomcat.TomcatWebServer - Tomcat initialized with port 8080 (http)
2025-04-16 00:04:56 [] INFO  org.apache.coyote.http11.Http11NioProtocol - Initializing ProtocolHandler ["http-nio-8080"]
2025-04-16 00:04:56 [] INFO  org.apache.catalina.core.StandardService - Starting service [Tomcat]
2025-04-16 00:04:56 [] INFO  org.apache.catalina.core.StandardEngine - Starting Servlet engine: [Apache Tomcat/10.1.40]
2025-04-16 00:04:56 [] INFO  org.apache.catalina.core.ContainerBase.[Tomcat].[localhost].[/tailor-master] - Initializing Spring embedded WebApplicationContext
2025-04-16 00:04:56 [] INFO  org.springframework.boot.web.servlet.context.ServletWebServerApplicationContext - Root WebApplicationContext: initialization completed in 3156 ms
2025-04-16 00:04:57 [] INFO  org.hibernate.jpa.internal.util.LogHelper - HHH000204: Processing PersistenceUnitInfo [name: default]
2025-04-16 00:04:57 [] INFO  org.hibernate.Version - HHH000412: Hibernate ORM core version 6.6.4.Final
2025-04-16 00:04:57 [] INFO  org.hibernate.cache.internal.RegionFactoryInitiator - HHH000026: Second-level cache disabled
2025-04-16 00:04:57 [] INFO  org.springframework.orm.jpa.persistenceunit.SpringPersistenceUnitInfo - No LoadTimeWeaver setup: ignoring JPA class transformer
2025-04-16 00:04:57 [] INFO  com.zaxxer.hikari.HikariDataSource - HikariPool-1 - Starting...
2025-04-16 00:04:58 [] INFO  com.zaxxer.hikari.pool.HikariPool - HikariPool-1 - Added connection com.mysql.cj.jdbc.ConnectionImpl@1868fb0
2025-04-16 00:04:58 [] INFO  com.zaxxer.hikari.HikariDataSource - HikariPool-1 - Start completed.
2025-04-16 00:04:59 [] INFO  org.hibernate.orm.connections.pooling - HHH10001005: Database info:
	Database JDBC URL [Connecting through datasource 'HikariDataSource (HikariPool-1)']
	Database driver: undefined/unknown
	Database version: 8.0.28
	Autocommit mode: undefined/unknown
	Isolation level: undefined/unknown
	Minimum pool size: undefined/unknown
	Maximum pool size: undefined/unknown
2025-04-16 00:05:02 [] INFO  org.hibernate.engine.transaction.jta.platform.internal.JtaPlatformInitiator - HHH000489: No JTA platform available (set 'hibernate.transaction.jta.platform' to enable JTA platform integration)
2025-04-16 00:05:02 [] INFO  org.springframework.orm.jpa.LocalContainerEntityManagerFactoryBean - Initialized JPA EntityManagerFactory for persistence unit 'default'
2025-04-16 00:05:03 [] INFO  org.springframework.data.jpa.repository.query.QueryEnhancerFactory - Hibernate is in classpath; If applicable, HQL parser will be used.
2025-04-16 00:05:08 [] WARN  org.springframework.boot.autoconfigure.orm.jpa.JpaBaseConfiguration$JpaWebConfiguration - spring.jpa.open-in-view is enabled by default. Therefore, database queries may be performed during view rendering. Explicitly configure spring.jpa.open-in-view to disable this warning
2025-04-16 00:05:08 [] INFO  org.springframework.security.config.annotation.authentication.configuration.InitializeAuthenticationProviderBeanManagerConfigurer$InitializeAuthenticationProviderManagerConfigurer - Global AuthenticationManager configured with AuthenticationProvider bean with name authenticationProvider
2025-04-16 00:05:08 [] WARN  org.springframework.security.config.annotation.authentication.configuration.InitializeUserDetailsBeanManagerConfigurer$InitializeUserDetailsManagerConfigurer - Global AuthenticationManager configured with an AuthenticationProvider bean. UserDetailsService beans will not be used by Spring Security for automatically configuring username/password login. Consider removing the AuthenticationProvider bean. Alternatively, consider using the UserDetailsService in a manually instantiated DaoAuthenticationProvider. If the current configuration is intentional, to turn off this warning, increase the logging level of 'org.springframework.security.config.annotation.authentication.configuration.InitializeUserDetailsBeanManagerConfigurer' to ERROR
2025-04-16 00:05:10 [] INFO  org.springframework.boot.devtools.autoconfigure.OptionalLiveReloadServer - LiveReload server is running on port 35729
2025-04-16 00:05:10 [] INFO  org.apache.coyote.http11.Http11NioProtocol - Starting ProtocolHandler ["http-nio-8080"]
2025-04-16 00:05:10 [] INFO  org.springframework.boot.web.embedded.tomcat.TomcatWebServer - Tomcat started on port 8080 (http) with context path '/tailor-master'
2025-04-16 00:05:10 [] INFO  com.example.tailormaster.TailorMasterAppApplication - Started TailorMasterAppApplication in 18.133 seconds (process running for 20.875)
2025-04-16 00:05:13 [] INFO  org.apache.catalina.core.ContainerBase.[Tomcat].[localhost].[/tailor-master] - Initializing Spring DispatcherServlet 'dispatcherServlet'
2025-04-16 00:05:13 [] INFO  org.springframework.web.servlet.DispatcherServlet - Initializing Servlet 'dispatcherServlet'
2025-04-16 00:05:13 [] INFO  org.springframework.web.servlet.DispatcherServlet - Completed initialization in 2 ms
2025-04-16 00:05:13 [logouser] INFO  com.example.tailormaster.filter.LoggingInterceptor - User 'logouser' is requesting: GET /tailor-master/orders/generate-receipt/ELTcT8Y0XPHfWLEYaf-BZV0Qx72X9DrEIoUzXsLZdrE=
2025-04-16 00:05:13 [logouser] INFO  com.example.tailormaster.controller.ReceiptController - Attempting to generate receipt of type 'customer' for order ID: ELTcT8Y0XPHfWLEYaf-BZV0Qx72X9DrEIoUzXsLZdrE=
2025-04-16 00:05:14 [logouser] INFO  com.example.tailormaster.filter.LoggingInterceptor - User 'logouser' is requesting: GET /tailor-master/users/logo/logouser
2025-04-16 00:05:14 [logouser] WARN  org.springframework.web.servlet.mvc.method.annotation.ExceptionHandlerExceptionResolver - Resolved [org.springframework.web.servlet.resource.NoResourceFoundException: No static resource js/bootstrap.bundle.min.js.map.]
2025-04-16 00:05:14 [logouser] WARN  org.springframework.web.servlet.mvc.method.annotation.ExceptionHandlerExceptionResolver - Resolved [org.springframework.web.servlet.resource.NoResourceFoundException: No static resource css/bootstrap.min.css.map.]
2025-04-16 00:24:41 [] INFO  org.springframework.boot.web.embedded.tomcat.GracefulShutdown - Commencing graceful shutdown. Waiting for active requests to complete
2025-04-16 00:24:43 [] INFO  org.springframework.boot.web.embedded.tomcat.GracefulShutdown - Graceful shutdown complete
2025-04-16 00:24:43 [] INFO  org.springframework.orm.jpa.LocalContainerEntityManagerFactoryBean - Closing JPA EntityManagerFactory for persistence unit 'default'
2025-04-16 00:24:43 [] INFO  com.zaxxer.hikari.HikariDataSource - HikariPool-1 - Shutdown initiated...
2025-04-16 00:24:43 [] INFO  com.zaxxer.hikari.HikariDataSource - HikariPool-1 - Shutdown completed.
2025-04-16 00:24:57 [] INFO  org.hibernate.validator.internal.util.Version - HV000001: Hibernate Validator 8.0.2.Final
2025-04-16 00:24:57 [] INFO  com.example.tailormaster.TailorMasterAppApplication - Starting TailorMasterAppApplication using Java 17.0.2 with PID 9236 (E:\Development-Workspaces\tailor-master-app\tailor-master-app\target\classes started by wajiz.pk in E:\Development-Workspaces\tailor-master-app\tailor-master-app)
2025-04-16 00:24:57 [] INFO  com.example.tailormaster.TailorMasterAppApplication - No active profile set, falling back to 1 default profile: "default"
2025-04-16 00:24:57 [] INFO  org.springframework.boot.devtools.env.DevToolsPropertyDefaultsPostProcessor - Devtools property defaults active! Set 'spring.devtools.add-properties' to 'false' to disable
2025-04-16 00:24:57 [] INFO  org.springframework.boot.devtools.env.DevToolsPropertyDefaultsPostProcessor - For additional web related logging consider setting the 'logging.level.web' property to 'DEBUG'
2025-04-16 00:24:59 [] INFO  org.springframework.data.repository.config.RepositoryConfigurationDelegate - Bootstrapping Spring Data JPA repositories in DEFAULT mode.
2025-04-16 00:24:59 [] INFO  org.springframework.data.repository.config.RepositoryConfigurationDelegate - Finished Spring Data repository scanning in 146 ms. Found 7 JPA repository interfaces.
2025-04-16 00:25:00 [] INFO  org.springframework.boot.web.embedded.tomcat.TomcatWebServer - Tomcat initialized with port 8080 (http)
2025-04-16 00:25:00 [] INFO  org.apache.coyote.http11.Http11NioProtocol - Initializing ProtocolHandler ["http-nio-8080"]
2025-04-16 00:25:00 [] INFO  org.apache.catalina.core.StandardService - Starting service [Tomcat]
2025-04-16 00:25:00 [] INFO  org.apache.catalina.core.StandardEngine - Starting Servlet engine: [Apache Tomcat/10.1.40]
2025-04-16 00:25:00 [] INFO  org.apache.catalina.core.ContainerBase.[Tomcat].[localhost].[/tailor-master] - Initializing Spring embedded WebApplicationContext
2025-04-16 00:25:00 [] INFO  org.springframework.boot.web.servlet.context.ServletWebServerApplicationContext - Root WebApplicationContext: initialization completed in 3177 ms
2025-04-16 00:25:00 [] INFO  org.hibernate.jpa.internal.util.LogHelper - HHH000204: Processing PersistenceUnitInfo [name: default]
2025-04-16 00:25:01 [] INFO  org.hibernate.Version - HHH000412: Hibernate ORM core version 6.6.4.Final
2025-04-16 00:25:01 [] INFO  org.hibernate.cache.internal.RegionFactoryInitiator - HHH000026: Second-level cache disabled
2025-04-16 00:25:01 [] INFO  org.springframework.orm.jpa.persistenceunit.SpringPersistenceUnitInfo - No LoadTimeWeaver setup: ignoring JPA class transformer
2025-04-16 00:25:01 [] INFO  com.zaxxer.hikari.HikariDataSource - HikariPool-1 - Starting...
2025-04-16 00:25:02 [] INFO  com.zaxxer.hikari.pool.HikariPool - HikariPool-1 - Added connection com.mysql.cj.jdbc.ConnectionImpl@169ffdf6
2025-04-16 00:25:02 [] INFO  com.zaxxer.hikari.HikariDataSource - HikariPool-1 - Start completed.
2025-04-16 00:25:02 [] INFO  org.hibernate.orm.connections.pooling - HHH10001005: Database info:
	Database JDBC URL [Connecting through datasource 'HikariDataSource (HikariPool-1)']
	Database driver: undefined/unknown
	Database version: 8.0.28
	Autocommit mode: undefined/unknown
	Isolation level: undefined/unknown
	Minimum pool size: undefined/unknown
	Maximum pool size: undefined/unknown
2025-04-16 00:25:04 [] INFO  org.hibernate.engine.transaction.jta.platform.internal.JtaPlatformInitiator - HHH000489: No JTA platform available (set 'hibernate.transaction.jta.platform' to enable JTA platform integration)
2025-04-16 00:25:04 [] INFO  org.springframework.orm.jpa.LocalContainerEntityManagerFactoryBean - Initialized JPA EntityManagerFactory for persistence unit 'default'
2025-04-16 00:25:05 [] INFO  org.springframework.data.jpa.repository.query.QueryEnhancerFactory - Hibernate is in classpath; If applicable, HQL parser will be used.
2025-04-16 00:25:08 [] WARN  org.springframework.boot.autoconfigure.orm.jpa.JpaBaseConfiguration$JpaWebConfiguration - spring.jpa.open-in-view is enabled by default. Therefore, database queries may be performed during view rendering. Explicitly configure spring.jpa.open-in-view to disable this warning
2025-04-16 00:25:08 [] INFO  org.springframework.security.config.annotation.authentication.configuration.InitializeAuthenticationProviderBeanManagerConfigurer$InitializeAuthenticationProviderManagerConfigurer - Global AuthenticationManager configured with AuthenticationProvider bean with name authenticationProvider
2025-04-16 00:25:08 [] WARN  org.springframework.security.config.annotation.authentication.configuration.InitializeUserDetailsBeanManagerConfigurer$InitializeUserDetailsManagerConfigurer - Global AuthenticationManager configured with an AuthenticationProvider bean. UserDetailsService beans will not be used by Spring Security for automatically configuring username/password login. Consider removing the AuthenticationProvider bean. Alternatively, consider using the UserDetailsService in a manually instantiated DaoAuthenticationProvider. If the current configuration is intentional, to turn off this warning, increase the logging level of 'org.springframework.security.config.annotation.authentication.configuration.InitializeUserDetailsBeanManagerConfigurer' to ERROR
2025-04-16 00:25:09 [] INFO  org.springframework.boot.devtools.autoconfigure.OptionalLiveReloadServer - LiveReload server is running on port 35729
2025-04-16 00:25:09 [] INFO  org.apache.coyote.http11.Http11NioProtocol - Starting ProtocolHandler ["http-nio-8080"]
2025-04-16 00:25:09 [] INFO  org.springframework.boot.web.embedded.tomcat.TomcatWebServer - Tomcat started on port 8080 (http) with context path '/tailor-master'
2025-04-16 00:25:09 [] INFO  com.example.tailormaster.TailorMasterAppApplication - Started TailorMasterAppApplication in 13.396 seconds (process running for 15.887)
2025-04-16 00:25:19 [] INFO  org.apache.catalina.core.ContainerBase.[Tomcat].[localhost].[/tailor-master] - Initializing Spring DispatcherServlet 'dispatcherServlet'
2025-04-16 00:25:19 [] INFO  org.springframework.web.servlet.DispatcherServlet - Initializing Servlet 'dispatcherServlet'
2025-04-16 00:25:19 [] INFO  org.springframework.web.servlet.DispatcherServlet - Completed initialization in 16 ms
2025-04-16 00:25:20 [logouser] INFO  com.example.tailormaster.filter.LoggingInterceptor - User 'logouser' is requesting: GET /tailor-master/orders/generate-receipt/ELTcT8Y0XPHfWLEYaf-BZV0Qx72X9DrEIoUzXsLZdrE=
2025-04-16 00:25:20 [logouser] INFO  com.example.tailormaster.controller.ReceiptController - Attempting to generate receipt of type 'customer' for order ID: ELTcT8Y0XPHfWLEYaf-BZV0Qx72X9DrEIoUzXsLZdrE=
2025-04-16 00:25:21 [logouser] INFO  com.example.tailormaster.filter.LoggingInterceptor - User 'logouser' is requesting: GET /tailor-master/users/logo/logouser
2025-04-16 00:25:21 [logouser] INFO  com.example.tailormaster.controller.RegisterController - Fetching logo for user: logouser
2025-04-16 00:25:22 [logouser] WARN  org.springframework.web.servlet.mvc.method.annotation.ExceptionHandlerExceptionResolver - Resolved [org.springframework.web.servlet.resource.NoResourceFoundException: No static resource js/bootstrap.bundle.min.js.map.]
2025-04-16 00:25:22 [logouser] WARN  org.springframework.web.servlet.mvc.method.annotation.ExceptionHandlerExceptionResolver - Resolved [org.springframework.web.servlet.resource.NoResourceFoundException: No static resource css/bootstrap.min.css.map.]
2025-04-16 00:25:49 [logouser] INFO  com.example.tailormaster.filter.LoggingInterceptor - User 'logouser' is requesting: GET /tailor-master/orders/details/di7A1o2E9Jo3XPzKXLUqtYDDTG0ymYG76UqdgWuSq64=
2025-04-16 00:25:49 [logouser] INFO  com.example.tailormaster.controller.OrderController - Displaying order details for ID: di7A1o2E9Jo3XPzKXLUqtYDDTG0ymYG76UqdgWuSq64=
2025-04-16 00:25:50 [logouser] INFO  com.example.tailormaster.filter.LoggingInterceptor - User 'logouser' is requesting: GET /tailor-master/dashboard/notifications/upcoming-deliveries
2025-04-16 00:25:50 [logouser] INFO  com.example.tailormaster.controller.dashboard.DashboardController - Requested upcoming deliveries.
2025-04-16 00:25:50 [logouser] INFO  com.example.tailormaster.service.dashboard.DashboardService - Upcoming deliveries fetched: 10
2025-04-16 00:25:50 [logouser] INFO  com.example.tailormaster.controller.dashboard.DashboardController - Upcoming deliveries fetched: 10
2025-04-16 00:26:01 [logouser] INFO  com.example.tailormaster.filter.LoggingInterceptor - User 'logouser' is requesting: GET /tailor-master/users/profile
2025-04-16 00:26:01 [logouser] INFO  com.example.tailormaster.controller.RegisterController - Displaying user profile: logouser
2025-04-16 00:26:01 [logouser] INFO  com.example.tailormaster.filter.LoggingInterceptor - User 'logouser' is requesting: GET /tailor-master/dashboard/notifications/upcoming-deliveries
2025-04-16 00:26:02 [logouser] INFO  com.example.tailormaster.controller.dashboard.DashboardController - Requested upcoming deliveries.
2025-04-16 00:26:02 [logouser] INFO  com.example.tailormaster.service.dashboard.DashboardService - Upcoming deliveries fetched: 10
2025-04-16 00:26:02 [logouser] INFO  com.example.tailormaster.controller.dashboard.DashboardController - Upcoming deliveries fetched: 10
2025-04-16 00:26:56 [logouser] INFO  com.example.tailormaster.filter.LoggingInterceptor - User 'logouser' is requesting: GET /tailor-master/users/profile/edit
2025-04-16 00:26:56 [logouser] INFO  com.example.tailormaster.controller.RegisterController - Displaying edit user profile page for: logouser
2025-04-16 00:26:58 [logouser] INFO  com.example.tailormaster.filter.LoggingInterceptor - User 'logouser' is requesting: GET /tailor-master/dashboard/notifications/upcoming-deliveries
2025-04-16 00:26:58 [logouser] INFO  com.example.tailormaster.controller.dashboard.DashboardController - Requested upcoming deliveries.
2025-04-16 00:26:58 [logouser] INFO  com.example.tailormaster.service.dashboard.DashboardService - Upcoming deliveries fetched: 10
2025-04-16 00:26:58 [logouser] INFO  com.example.tailormaster.controller.dashboard.DashboardController - Upcoming deliveries fetched: 10
2025-04-16 00:35:12 [] INFO  org.springframework.boot.web.embedded.tomcat.GracefulShutdown - Commencing graceful shutdown. Waiting for active requests to complete
2025-04-16 00:35:13 [] INFO  org.springframework.boot.web.embedded.tomcat.GracefulShutdown - Graceful shutdown complete
2025-04-16 00:35:15 [] INFO  org.springframework.orm.jpa.LocalContainerEntityManagerFactoryBean - Closing JPA EntityManagerFactory for persistence unit 'default'
2025-04-16 00:35:15 [] INFO  com.zaxxer.hikari.HikariDataSource - HikariPool-1 - Shutdown initiated...
2025-04-16 00:35:15 [] INFO  com.zaxxer.hikari.HikariDataSource - HikariPool-1 - Shutdown completed.
2025-04-16 00:35:24 [] INFO  org.hibernate.validator.internal.util.Version - HV000001: Hibernate Validator 8.0.2.Final
2025-04-16 00:35:24 [] INFO  com.example.tailormaster.TailorMasterAppApplication - Starting TailorMasterAppApplication using Java 17.0.2 with PID 11224 (E:\Development-Workspaces\tailor-master-app\tailor-master-app\target\classes started by wajiz.pk in E:\Development-Workspaces\tailor-master-app\tailor-master-app)
2025-04-16 00:35:24 [] INFO  com.example.tailormaster.TailorMasterAppApplication - No active profile set, falling back to 1 default profile: "default"
2025-04-16 00:35:24 [] INFO  org.springframework.boot.devtools.env.DevToolsPropertyDefaultsPostProcessor - Devtools property defaults active! Set 'spring.devtools.add-properties' to 'false' to disable
2025-04-16 00:35:24 [] INFO  org.springframework.boot.devtools.env.DevToolsPropertyDefaultsPostProcessor - For additional web related logging consider setting the 'logging.level.web' property to 'DEBUG'
2025-04-16 00:35:26 [] INFO  org.springframework.data.repository.config.RepositoryConfigurationDelegate - Bootstrapping Spring Data JPA repositories in DEFAULT mode.
2025-04-16 00:35:26 [] INFO  org.springframework.data.repository.config.RepositoryConfigurationDelegate - Finished Spring Data repository scanning in 141 ms. Found 7 JPA repository interfaces.
2025-04-16 00:35:27 [] INFO  org.springframework.boot.web.embedded.tomcat.TomcatWebServer - Tomcat initialized with port 8080 (http)
2025-04-16 00:35:27 [] INFO  org.apache.coyote.http11.Http11NioProtocol - Initializing ProtocolHandler ["http-nio-8080"]
2025-04-16 00:35:27 [] INFO  org.apache.catalina.core.StandardService - Starting service [Tomcat]
2025-04-16 00:35:27 [] INFO  org.apache.catalina.core.StandardEngine - Starting Servlet engine: [Apache Tomcat/10.1.40]
2025-04-16 00:35:27 [] INFO  org.apache.catalina.core.ContainerBase.[Tomcat].[localhost].[/tailor-master] - Initializing Spring embedded WebApplicationContext
2025-04-16 00:35:27 [] INFO  org.springframework.boot.web.servlet.context.ServletWebServerApplicationContext - Root WebApplicationContext: initialization completed in 3195 ms
2025-04-16 00:35:27 [] INFO  org.hibernate.jpa.internal.util.LogHelper - HHH000204: Processing PersistenceUnitInfo [name: default]
2025-04-16 00:35:28 [] INFO  org.hibernate.Version - HHH000412: Hibernate ORM core version 6.6.4.Final
2025-04-16 00:35:28 [] INFO  org.hibernate.cache.internal.RegionFactoryInitiator - HHH000026: Second-level cache disabled
2025-04-16 00:35:28 [] INFO  org.springframework.orm.jpa.persistenceunit.SpringPersistenceUnitInfo - No LoadTimeWeaver setup: ignoring JPA class transformer
2025-04-16 00:35:28 [] INFO  com.zaxxer.hikari.HikariDataSource - HikariPool-1 - Starting...
2025-04-16 00:35:29 [] INFO  com.zaxxer.hikari.pool.HikariPool - HikariPool-1 - Added connection com.mysql.cj.jdbc.ConnectionImpl@6502ba45
2025-04-16 00:35:29 [] INFO  com.zaxxer.hikari.HikariDataSource - HikariPool-1 - Start completed.
2025-04-16 00:35:29 [] INFO  org.hibernate.orm.connections.pooling - HHH10001005: Database info:
	Database JDBC URL [Connecting through datasource 'HikariDataSource (HikariPool-1)']
	Database driver: undefined/unknown
	Database version: 8.0.28
	Autocommit mode: undefined/unknown
	Isolation level: undefined/unknown
	Minimum pool size: undefined/unknown
	Maximum pool size: undefined/unknown
2025-04-16 00:35:31 [] INFO  org.hibernate.engine.transaction.jta.platform.internal.JtaPlatformInitiator - HHH000489: No JTA platform available (set 'hibernate.transaction.jta.platform' to enable JTA platform integration)
2025-04-16 00:35:31 [] INFO  org.springframework.orm.jpa.LocalContainerEntityManagerFactoryBean - Initialized JPA EntityManagerFactory for persistence unit 'default'
2025-04-16 00:35:32 [] INFO  org.springframework.data.jpa.repository.query.QueryEnhancerFactory - Hibernate is in classpath; If applicable, HQL parser will be used.
2025-04-16 00:35:35 [] WARN  org.springframework.boot.autoconfigure.orm.jpa.JpaBaseConfiguration$JpaWebConfiguration - spring.jpa.open-in-view is enabled by default. Therefore, database queries may be performed during view rendering. Explicitly configure spring.jpa.open-in-view to disable this warning
2025-04-16 00:35:35 [] INFO  org.springframework.security.config.annotation.authentication.configuration.InitializeAuthenticationProviderBeanManagerConfigurer$InitializeAuthenticationProviderManagerConfigurer - Global AuthenticationManager configured with AuthenticationProvider bean with name authenticationProvider
2025-04-16 00:35:35 [] WARN  org.springframework.security.config.annotation.authentication.configuration.InitializeUserDetailsBeanManagerConfigurer$InitializeUserDetailsManagerConfigurer - Global AuthenticationManager configured with an AuthenticationProvider bean. UserDetailsService beans will not be used by Spring Security for automatically configuring username/password login. Consider removing the AuthenticationProvider bean. Alternatively, consider using the UserDetailsService in a manually instantiated DaoAuthenticationProvider. If the current configuration is intentional, to turn off this warning, increase the logging level of 'org.springframework.security.config.annotation.authentication.configuration.InitializeUserDetailsBeanManagerConfigurer' to ERROR
2025-04-16 00:35:36 [] INFO  org.springframework.boot.devtools.autoconfigure.OptionalLiveReloadServer - LiveReload server is running on port 35729
2025-04-16 00:35:36 [] INFO  org.apache.coyote.http11.Http11NioProtocol - Starting ProtocolHandler ["http-nio-8080"]
2025-04-16 00:35:36 [] INFO  org.springframework.boot.web.embedded.tomcat.TomcatWebServer - Tomcat started on port 8080 (http) with context path '/tailor-master'
2025-04-16 00:35:36 [] INFO  com.example.tailormaster.TailorMasterAppApplication - Started TailorMasterAppApplication in 13.359 seconds (process running for 15.946)
2025-04-16 00:35:48 [] INFO  org.apache.catalina.core.ContainerBase.[Tomcat].[localhost].[/tailor-master] - Initializing Spring DispatcherServlet 'dispatcherServlet'
2025-04-16 00:35:48 [] INFO  org.springframework.web.servlet.DispatcherServlet - Initializing Servlet 'dispatcherServlet'
2025-04-16 00:35:48 [] INFO  org.springframework.web.servlet.DispatcherServlet - Completed initialization in 0 ms
2025-04-16 00:35:48 [logouser] INFO  com.example.tailormaster.filter.LoggingInterceptor - User 'logouser' is requesting: GET /tailor-master/users/profile
2025-04-16 00:35:48 [logouser] INFO  com.example.tailormaster.controller.RegisterController - Displaying user profile: logouser
2025-04-16 00:35:50 [logouser] INFO  com.example.tailormaster.filter.LoggingInterceptor - User 'logouser' is requesting: GET /tailor-master/users/logo/logouser
2025-04-16 00:35:50 [logouser] INFO  com.example.tailormaster.controller.RegisterController - Fetching logo for user: logouser
2025-04-16 00:35:50 [logouser] INFO  com.example.tailormaster.filter.LoggingInterceptor - User 'logouser' is requesting: GET /tailor-master/dashboard/notifications/upcoming-deliveries
2025-04-16 00:35:50 [logouser] INFO  com.example.tailormaster.controller.dashboard.DashboardController - Requested upcoming deliveries.
2025-04-16 00:35:50 [logouser] INFO  com.example.tailormaster.service.dashboard.DashboardService - Upcoming deliveries fetched: 10
2025-04-16 00:35:50 [logouser] INFO  com.example.tailormaster.controller.dashboard.DashboardController - Upcoming deliveries fetched: 10
2025-04-16 00:37:22 [] INFO  org.springframework.boot.web.embedded.tomcat.GracefulShutdown - Commencing graceful shutdown. Waiting for active requests to complete
2025-04-16 00:37:23 [] INFO  org.springframework.boot.web.embedded.tomcat.GracefulShutdown - Graceful shutdown complete
2025-04-16 00:37:23 [] INFO  org.springframework.orm.jpa.LocalContainerEntityManagerFactoryBean - Closing JPA EntityManagerFactory for persistence unit 'default'
2025-04-16 00:37:23 [] INFO  com.zaxxer.hikari.HikariDataSource - HikariPool-1 - Shutdown initiated...
2025-04-16 00:37:23 [] INFO  com.zaxxer.hikari.HikariDataSource - HikariPool-1 - Shutdown completed.
2025-04-16 00:37:31 [] INFO  org.hibernate.validator.internal.util.Version - HV000001: Hibernate Validator 8.0.2.Final
2025-04-16 00:37:31 [] INFO  com.example.tailormaster.TailorMasterAppApplication - Starting TailorMasterAppApplication using Java 17.0.2 with PID 11612 (E:\Development-Workspaces\tailor-master-app\tailor-master-app\target\classes started by wajiz.pk in E:\Development-Workspaces\tailor-master-app\tailor-master-app)
2025-04-16 00:37:31 [] INFO  com.example.tailormaster.TailorMasterAppApplication - No active profile set, falling back to 1 default profile: "default"
2025-04-16 00:37:31 [] INFO  org.springframework.boot.devtools.env.DevToolsPropertyDefaultsPostProcessor - Devtools property defaults active! Set 'spring.devtools.add-properties' to 'false' to disable
2025-04-16 00:37:31 [] INFO  org.springframework.boot.devtools.env.DevToolsPropertyDefaultsPostProcessor - For additional web related logging consider setting the 'logging.level.web' property to 'DEBUG'
2025-04-16 00:37:33 [] INFO  org.springframework.data.repository.config.RepositoryConfigurationDelegate - Bootstrapping Spring Data JPA repositories in DEFAULT mode.
2025-04-16 00:37:33 [] INFO  org.springframework.data.repository.config.RepositoryConfigurationDelegate - Finished Spring Data repository scanning in 163 ms. Found 7 JPA repository interfaces.
2025-04-16 00:37:34 [] INFO  org.springframework.boot.web.embedded.tomcat.TomcatWebServer - Tomcat initialized with port 8080 (http)
2025-04-16 00:37:34 [] INFO  org.apache.coyote.http11.Http11NioProtocol - Initializing ProtocolHandler ["http-nio-8080"]
2025-04-16 00:37:34 [] INFO  org.apache.catalina.core.StandardService - Starting service [Tomcat]
2025-04-16 00:37:34 [] INFO  org.apache.catalina.core.StandardEngine - Starting Servlet engine: [Apache Tomcat/10.1.40]
2025-04-16 00:37:35 [] INFO  org.apache.catalina.core.ContainerBase.[Tomcat].[localhost].[/tailor-master] - Initializing Spring embedded WebApplicationContext
2025-04-16 00:37:35 [] INFO  org.springframework.boot.web.servlet.context.ServletWebServerApplicationContext - Root WebApplicationContext: initialization completed in 3118 ms
2025-04-16 00:37:35 [] INFO  org.hibernate.jpa.internal.util.LogHelper - HHH000204: Processing PersistenceUnitInfo [name: default]
2025-04-16 00:37:35 [] INFO  org.hibernate.Version - HHH000412: Hibernate ORM core version 6.6.4.Final
2025-04-16 00:37:35 [] INFO  org.hibernate.cache.internal.RegionFactoryInitiator - HHH000026: Second-level cache disabled
2025-04-16 00:37:36 [] INFO  org.springframework.orm.jpa.persistenceunit.SpringPersistenceUnitInfo - No LoadTimeWeaver setup: ignoring JPA class transformer
2025-04-16 00:37:36 [] INFO  com.zaxxer.hikari.HikariDataSource - HikariPool-1 - Starting...
2025-04-16 00:37:37 [] INFO  com.zaxxer.hikari.pool.HikariPool - HikariPool-1 - Added connection com.mysql.cj.jdbc.ConnectionImpl@1ded2a9e
2025-04-16 00:37:37 [] INFO  com.zaxxer.hikari.HikariDataSource - HikariPool-1 - Start completed.
2025-04-16 00:37:38 [] INFO  org.hibernate.orm.connections.pooling - HHH10001005: Database info:
	Database JDBC URL [Connecting through datasource 'HikariDataSource (HikariPool-1)']
	Database driver: undefined/unknown
	Database version: 8.0.28
	Autocommit mode: undefined/unknown
	Isolation level: undefined/unknown
	Minimum pool size: undefined/unknown
	Maximum pool size: undefined/unknown
2025-04-16 00:37:40 [] INFO  org.hibernate.engine.transaction.jta.platform.internal.JtaPlatformInitiator - HHH000489: No JTA platform available (set 'hibernate.transaction.jta.platform' to enable JTA platform integration)
2025-04-16 00:37:40 [] INFO  org.springframework.orm.jpa.LocalContainerEntityManagerFactoryBean - Initialized JPA EntityManagerFactory for persistence unit 'default'
2025-04-16 00:37:40 [] INFO  org.springframework.data.jpa.repository.query.QueryEnhancerFactory - Hibernate is in classpath; If applicable, HQL parser will be used.
2025-04-16 00:37:43 [] WARN  org.springframework.boot.autoconfigure.orm.jpa.JpaBaseConfiguration$JpaWebConfiguration - spring.jpa.open-in-view is enabled by default. Therefore, database queries may be performed during view rendering. Explicitly configure spring.jpa.open-in-view to disable this warning
2025-04-16 00:37:43 [] INFO  org.springframework.security.config.annotation.authentication.configuration.InitializeAuthenticationProviderBeanManagerConfigurer$InitializeAuthenticationProviderManagerConfigurer - Global AuthenticationManager configured with AuthenticationProvider bean with name authenticationProvider
2025-04-16 00:37:43 [] WARN  org.springframework.security.config.annotation.authentication.configuration.InitializeUserDetailsBeanManagerConfigurer$InitializeUserDetailsManagerConfigurer - Global AuthenticationManager configured with an AuthenticationProvider bean. UserDetailsService beans will not be used by Spring Security for automatically configuring username/password login. Consider removing the AuthenticationProvider bean. Alternatively, consider using the UserDetailsService in a manually instantiated DaoAuthenticationProvider. If the current configuration is intentional, to turn off this warning, increase the logging level of 'org.springframework.security.config.annotation.authentication.configuration.InitializeUserDetailsBeanManagerConfigurer' to ERROR
2025-04-16 00:37:44 [] INFO  org.springframework.boot.devtools.autoconfigure.OptionalLiveReloadServer - LiveReload server is running on port 35729
2025-04-16 00:37:44 [] INFO  org.apache.coyote.http11.Http11NioProtocol - Starting ProtocolHandler ["http-nio-8080"]
2025-04-16 00:37:44 [] INFO  org.springframework.boot.web.embedded.tomcat.TomcatWebServer - Tomcat started on port 8080 (http) with context path '/tailor-master'
2025-04-16 00:37:44 [] INFO  com.example.tailormaster.TailorMasterAppApplication - Started TailorMasterAppApplication in 14.016 seconds (process running for 16.468)
2025-04-16 00:38:37 [] INFO  org.apache.catalina.core.ContainerBase.[Tomcat].[localhost].[/tailor-master] - Initializing Spring DispatcherServlet 'dispatcherServlet'
2025-04-16 00:38:37 [] INFO  org.springframework.web.servlet.DispatcherServlet - Initializing Servlet 'dispatcherServlet'
2025-04-16 00:38:37 [] INFO  org.springframework.web.servlet.DispatcherServlet - Completed initialization in 3 ms
2025-04-16 00:38:37 [logouser] INFO  com.example.tailormaster.filter.LoggingInterceptor - User 'logouser' is requesting: GET /tailor-master/users/profile
2025-04-16 00:38:37 [logouser] INFO  com.example.tailormaster.controller.RegisterController - Displaying user profile: logouser
2025-04-16 00:38:40 [logouser] INFO  com.example.tailormaster.filter.LoggingInterceptor - User 'logouser' is requesting: GET /tailor-master/users/logo/logouser
2025-04-16 00:38:40 [logouser] INFO  com.example.tailormaster.controller.RegisterController - Fetching logo for user: logouser
2025-04-16 00:38:40 [logouser] INFO  com.example.tailormaster.filter.LoggingInterceptor - User 'logouser' is requesting: GET /tailor-master/dashboard/notifications/upcoming-deliveries
2025-04-16 00:38:40 [logouser] INFO  com.example.tailormaster.controller.dashboard.DashboardController - Requested upcoming deliveries.
2025-04-16 00:38:40 [logouser] INFO  com.example.tailormaster.service.dashboard.DashboardService - Upcoming deliveries fetched: 10
2025-04-16 00:38:40 [logouser] INFO  com.example.tailormaster.controller.dashboard.DashboardController - Upcoming deliveries fetched: 10
2025-04-16 00:44:07 [] INFO  org.springframework.boot.web.embedded.tomcat.GracefulShutdown - Commencing graceful shutdown. Waiting for active requests to complete
2025-04-16 00:44:09 [] INFO  org.springframework.boot.web.embedded.tomcat.GracefulShutdown - Graceful shutdown complete
2025-04-16 00:44:09 [] INFO  org.springframework.orm.jpa.LocalContainerEntityManagerFactoryBean - Closing JPA EntityManagerFactory for persistence unit 'default'
2025-04-16 00:44:09 [] INFO  com.zaxxer.hikari.HikariDataSource - HikariPool-1 - Shutdown initiated...
2025-04-16 00:44:09 [] INFO  com.zaxxer.hikari.HikariDataSource - HikariPool-1 - Shutdown completed.
2025-04-16 00:44:17 [] INFO  org.hibernate.validator.internal.util.Version - HV000001: Hibernate Validator 8.0.2.Final
2025-04-16 00:44:17 [] INFO  com.example.tailormaster.TailorMasterAppApplication - Starting TailorMasterAppApplication using Java 17.0.2 with PID 8424 (E:\Development-Workspaces\tailor-master-app\tailor-master-app\target\classes started by wajiz.pk in E:\Development-Workspaces\tailor-master-app\tailor-master-app)
2025-04-16 00:44:17 [] INFO  com.example.tailormaster.TailorMasterAppApplication - No active profile set, falling back to 1 default profile: "default"
2025-04-16 00:44:17 [] INFO  org.springframework.boot.devtools.env.DevToolsPropertyDefaultsPostProcessor - Devtools property defaults active! Set 'spring.devtools.add-properties' to 'false' to disable
2025-04-16 00:44:17 [] INFO  org.springframework.boot.devtools.env.DevToolsPropertyDefaultsPostProcessor - For additional web related logging consider setting the 'logging.level.web' property to 'DEBUG'
2025-04-16 00:44:19 [] INFO  org.springframework.data.repository.config.RepositoryConfigurationDelegate - Bootstrapping Spring Data JPA repositories in DEFAULT mode.
2025-04-16 00:44:19 [] INFO  org.springframework.data.repository.config.RepositoryConfigurationDelegate - Finished Spring Data repository scanning in 135 ms. Found 7 JPA repository interfaces.
2025-04-16 00:44:20 [] INFO  org.springframework.boot.web.embedded.tomcat.TomcatWebServer - Tomcat initialized with port 8080 (http)
2025-04-16 00:44:20 [] INFO  org.apache.coyote.http11.Http11NioProtocol - Initializing ProtocolHandler ["http-nio-8080"]
2025-04-16 00:44:20 [] INFO  org.apache.catalina.core.StandardService - Starting service [Tomcat]
2025-04-16 00:44:20 [] INFO  org.apache.catalina.core.StandardEngine - Starting Servlet engine: [Apache Tomcat/10.1.40]
2025-04-16 00:44:20 [] INFO  org.apache.catalina.core.ContainerBase.[Tomcat].[localhost].[/tailor-master] - Initializing Spring embedded WebApplicationContext
2025-04-16 00:44:20 [] INFO  org.springframework.boot.web.servlet.context.ServletWebServerApplicationContext - Root WebApplicationContext: initialization completed in 3033 ms
2025-04-16 00:44:21 [] INFO  org.hibernate.jpa.internal.util.LogHelper - HHH000204: Processing PersistenceUnitInfo [name: default]
2025-04-16 00:44:21 [] INFO  org.hibernate.Version - HHH000412: Hibernate ORM core version 6.6.4.Final
2025-04-16 00:44:21 [] INFO  org.hibernate.cache.internal.RegionFactoryInitiator - HHH000026: Second-level cache disabled
2025-04-16 00:44:21 [] INFO  org.springframework.orm.jpa.persistenceunit.SpringPersistenceUnitInfo - No LoadTimeWeaver setup: ignoring JPA class transformer
2025-04-16 00:44:21 [] INFO  com.zaxxer.hikari.HikariDataSource - HikariPool-1 - Starting...
2025-04-16 00:44:22 [] INFO  com.zaxxer.hikari.pool.HikariPool - HikariPool-1 - Added connection com.mysql.cj.jdbc.ConnectionImpl@e5c4930
2025-04-16 00:44:22 [] INFO  com.zaxxer.hikari.HikariDataSource - HikariPool-1 - Start completed.
2025-04-16 00:44:22 [] INFO  org.hibernate.orm.connections.pooling - HHH10001005: Database info:
	Database JDBC URL [Connecting through datasource 'HikariDataSource (HikariPool-1)']
	Database driver: undefined/unknown
	Database version: 8.0.28
	Autocommit mode: undefined/unknown
	Isolation level: undefined/unknown
	Minimum pool size: undefined/unknown
	Maximum pool size: undefined/unknown
2025-04-16 00:44:24 [] INFO  org.hibernate.engine.transaction.jta.platform.internal.JtaPlatformInitiator - HHH000489: No JTA platform available (set 'hibernate.transaction.jta.platform' to enable JTA platform integration)
2025-04-16 00:44:24 [] INFO  org.springframework.orm.jpa.LocalContainerEntityManagerFactoryBean - Initialized JPA EntityManagerFactory for persistence unit 'default'
2025-04-16 00:44:25 [] INFO  org.springframework.data.jpa.repository.query.QueryEnhancerFactory - Hibernate is in classpath; If applicable, HQL parser will be used.
2025-04-16 00:44:27 [] WARN  org.springframework.boot.autoconfigure.orm.jpa.JpaBaseConfiguration$JpaWebConfiguration - spring.jpa.open-in-view is enabled by default. Therefore, database queries may be performed during view rendering. Explicitly configure spring.jpa.open-in-view to disable this warning
2025-04-16 00:44:28 [] INFO  org.springframework.security.config.annotation.authentication.configuration.InitializeAuthenticationProviderBeanManagerConfigurer$InitializeAuthenticationProviderManagerConfigurer - Global AuthenticationManager configured with AuthenticationProvider bean with name authenticationProvider
2025-04-16 00:44:28 [] WARN  org.springframework.security.config.annotation.authentication.configuration.InitializeUserDetailsBeanManagerConfigurer$InitializeUserDetailsManagerConfigurer - Global AuthenticationManager configured with an AuthenticationProvider bean. UserDetailsService beans will not be used by Spring Security for automatically configuring username/password login. Consider removing the AuthenticationProvider bean. Alternatively, consider using the UserDetailsService in a manually instantiated DaoAuthenticationProvider. If the current configuration is intentional, to turn off this warning, increase the logging level of 'org.springframework.security.config.annotation.authentication.configuration.InitializeUserDetailsBeanManagerConfigurer' to ERROR
2025-04-16 00:44:28 [] INFO  org.springframework.boot.devtools.autoconfigure.OptionalLiveReloadServer - LiveReload server is running on port 35729
2025-04-16 00:44:28 [] INFO  org.apache.coyote.http11.Http11NioProtocol - Starting ProtocolHandler ["http-nio-8080"]
2025-04-16 00:44:29 [] INFO  org.springframework.boot.web.embedded.tomcat.TomcatWebServer - Tomcat started on port 8080 (http) with context path '/tailor-master'
2025-04-16 00:44:29 [] INFO  com.example.tailormaster.TailorMasterAppApplication - Started TailorMasterAppApplication in 12.292 seconds (process running for 14.842)
2025-04-16 00:44:33 [] INFO  org.apache.catalina.core.ContainerBase.[Tomcat].[localhost].[/tailor-master] - Initializing Spring DispatcherServlet 'dispatcherServlet'
2025-04-16 00:44:33 [] INFO  org.springframework.web.servlet.DispatcherServlet - Initializing Servlet 'dispatcherServlet'
2025-04-16 00:44:33 [] INFO  org.springframework.web.servlet.DispatcherServlet - Completed initialization in 3 ms
2025-04-16 00:44:33 [logouser] INFO  com.example.tailormaster.filter.LoggingInterceptor - User 'logouser' is requesting: GET /tailor-master/users/profile
2025-04-16 00:44:33 [logouser] INFO  com.example.tailormaster.controller.RegisterController - Displaying user profile: logouser
2025-04-16 00:44:34 [logouser] INFO  com.example.tailormaster.filter.LoggingInterceptor - User 'logouser' is requesting: GET /tailor-master/users/logo/logouser
2025-04-16 00:44:34 [logouser] INFO  com.example.tailormaster.controller.RegisterController - Fetching logo for user: logouser
2025-04-16 00:44:35 [logouser] INFO  com.example.tailormaster.filter.LoggingInterceptor - User 'logouser' is requesting: GET /tailor-master/dashboard/notifications/upcoming-deliveries
2025-04-16 00:44:35 [logouser] INFO  com.example.tailormaster.controller.dashboard.DashboardController - Requested upcoming deliveries.
2025-04-16 00:44:35 [logouser] INFO  com.example.tailormaster.service.dashboard.DashboardService - Upcoming deliveries fetched: 10
2025-04-16 00:44:35 [logouser] INFO  com.example.tailormaster.controller.dashboard.DashboardController - Upcoming deliveries fetched: 10
2025-04-16 00:44:37 [logouser] INFO  com.example.tailormaster.filter.LoggingInterceptor - User 'logouser' is requesting: GET /tailor-master/users/profile/edit
2025-04-16 00:44:37 [logouser] INFO  com.example.tailormaster.controller.RegisterController - Displaying edit user profile page for: logouser
2025-04-16 00:44:38 [logouser] INFO  com.example.tailormaster.filter.LoggingInterceptor - User 'logouser' is requesting: GET /tailor-master/users/logo/logouser
2025-04-16 00:44:38 [logouser] INFO  com.example.tailormaster.controller.RegisterController - Fetching logo for user: logouser
2025-04-16 00:44:38 [logouser] INFO  com.example.tailormaster.filter.LoggingInterceptor - User 'logouser' is requesting: GET /tailor-master/dashboard/notifications/upcoming-deliveries
2025-04-16 00:44:38 [logouser] INFO  com.example.tailormaster.controller.dashboard.DashboardController - Requested upcoming deliveries.
2025-04-16 00:44:38 [logouser] INFO  com.example.tailormaster.service.dashboard.DashboardService - Upcoming deliveries fetched: 10
2025-04-16 00:44:38 [logouser] INFO  com.example.tailormaster.controller.dashboard.DashboardController - Upcoming deliveries fetched: 10
2025-04-16 00:48:29 [] INFO  org.springframework.boot.web.embedded.tomcat.GracefulShutdown - Commencing graceful shutdown. Waiting for active requests to complete
2025-04-16 00:48:30 [] INFO  org.springframework.boot.web.embedded.tomcat.GracefulShutdown - Graceful shutdown complete
2025-04-16 00:48:30 [] INFO  org.springframework.orm.jpa.LocalContainerEntityManagerFactoryBean - Closing JPA EntityManagerFactory for persistence unit 'default'
2025-04-16 00:48:30 [] INFO  com.zaxxer.hikari.HikariDataSource - HikariPool-1 - Shutdown initiated...
2025-04-16 00:48:30 [] INFO  com.zaxxer.hikari.HikariDataSource - HikariPool-1 - Shutdown completed.
2025-04-16 00:48:44 [] INFO  org.hibernate.validator.internal.util.Version - HV000001: Hibernate Validator 8.0.2.Final
2025-04-16 00:48:44 [] INFO  com.example.tailormaster.TailorMasterAppApplication - Starting TailorMasterAppApplication using Java 17.0.2 with PID 2036 (E:\Development-Workspaces\tailor-master-app\tailor-master-app\target\classes started by wajiz.pk in E:\Development-Workspaces\tailor-master-app\tailor-master-app)
2025-04-16 00:48:44 [] INFO  com.example.tailormaster.TailorMasterAppApplication - No active profile set, falling back to 1 default profile: "default"
2025-04-16 00:48:45 [] INFO  org.springframework.boot.devtools.env.DevToolsPropertyDefaultsPostProcessor - Devtools property defaults active! Set 'spring.devtools.add-properties' to 'false' to disable
2025-04-16 00:48:45 [] INFO  org.springframework.boot.devtools.env.DevToolsPropertyDefaultsPostProcessor - For additional web related logging consider setting the 'logging.level.web' property to 'DEBUG'
2025-04-16 00:48:46 [] INFO  org.springframework.data.repository.config.RepositoryConfigurationDelegate - Bootstrapping Spring Data JPA repositories in DEFAULT mode.
2025-04-16 00:48:46 [] INFO  org.springframework.data.repository.config.RepositoryConfigurationDelegate - Finished Spring Data repository scanning in 149 ms. Found 7 JPA repository interfaces.
2025-04-16 00:48:47 [] INFO  org.springframework.boot.web.embedded.tomcat.TomcatWebServer - Tomcat initialized with port 8080 (http)
2025-04-16 00:48:47 [] INFO  org.apache.coyote.http11.Http11NioProtocol - Initializing ProtocolHandler ["http-nio-8080"]
2025-04-16 00:48:47 [] INFO  org.apache.catalina.core.StandardService - Starting service [Tomcat]
2025-04-16 00:48:47 [] INFO  org.apache.catalina.core.StandardEngine - Starting Servlet engine: [Apache Tomcat/10.1.40]
2025-04-16 00:48:48 [] INFO  org.apache.catalina.core.ContainerBase.[Tomcat].[localhost].[/tailor-master] - Initializing Spring embedded WebApplicationContext
2025-04-16 00:48:48 [] INFO  org.springframework.boot.web.servlet.context.ServletWebServerApplicationContext - Root WebApplicationContext: initialization completed in 3000 ms
2025-04-16 00:48:48 [] INFO  org.hibernate.jpa.internal.util.LogHelper - HHH000204: Processing PersistenceUnitInfo [name: default]
2025-04-16 00:48:48 [] INFO  org.hibernate.Version - HHH000412: Hibernate ORM core version 6.6.4.Final
2025-04-16 00:48:48 [] INFO  org.hibernate.cache.internal.RegionFactoryInitiator - HHH000026: Second-level cache disabled
2025-04-16 00:48:49 [] INFO  org.springframework.orm.jpa.persistenceunit.SpringPersistenceUnitInfo - No LoadTimeWeaver setup: ignoring JPA class transformer
2025-04-16 00:48:49 [] INFO  com.zaxxer.hikari.HikariDataSource - HikariPool-1 - Starting...
2025-04-16 00:48:49 [] INFO  com.zaxxer.hikari.pool.HikariPool - HikariPool-1 - Added connection com.mysql.cj.jdbc.ConnectionImpl@2b5f1f16
2025-04-16 00:48:49 [] INFO  com.zaxxer.hikari.HikariDataSource - HikariPool-1 - Start completed.
2025-04-16 00:48:49 [] INFO  org.hibernate.orm.connections.pooling - HHH10001005: Database info:
	Database JDBC URL [Connecting through datasource 'HikariDataSource (HikariPool-1)']
	Database driver: undefined/unknown
	Database version: 8.0.28
	Autocommit mode: undefined/unknown
	Isolation level: undefined/unknown
	Minimum pool size: undefined/unknown
	Maximum pool size: undefined/unknown
2025-04-16 00:48:51 [] INFO  org.hibernate.engine.transaction.jta.platform.internal.JtaPlatformInitiator - HHH000489: No JTA platform available (set 'hibernate.transaction.jta.platform' to enable JTA platform integration)
2025-04-16 00:48:51 [] INFO  org.springframework.orm.jpa.LocalContainerEntityManagerFactoryBean - Initialized JPA EntityManagerFactory for persistence unit 'default'
2025-04-16 00:48:52 [] INFO  org.springframework.data.jpa.repository.query.QueryEnhancerFactory - Hibernate is in classpath; If applicable, HQL parser will be used.
2025-04-16 00:48:55 [] WARN  org.springframework.boot.autoconfigure.orm.jpa.JpaBaseConfiguration$JpaWebConfiguration - spring.jpa.open-in-view is enabled by default. Therefore, database queries may be performed during view rendering. Explicitly configure spring.jpa.open-in-view to disable this warning
2025-04-16 00:48:55 [] INFO  org.springframework.security.config.annotation.authentication.configuration.InitializeAuthenticationProviderBeanManagerConfigurer$InitializeAuthenticationProviderManagerConfigurer - Global AuthenticationManager configured with AuthenticationProvider bean with name authenticationProvider
2025-04-16 00:48:55 [] WARN  org.springframework.security.config.annotation.authentication.configuration.InitializeUserDetailsBeanManagerConfigurer$InitializeUserDetailsManagerConfigurer - Global AuthenticationManager configured with an AuthenticationProvider bean. UserDetailsService beans will not be used by Spring Security for automatically configuring username/password login. Consider removing the AuthenticationProvider bean. Alternatively, consider using the UserDetailsService in a manually instantiated DaoAuthenticationProvider. If the current configuration is intentional, to turn off this warning, increase the logging level of 'org.springframework.security.config.annotation.authentication.configuration.InitializeUserDetailsBeanManagerConfigurer' to ERROR
2025-04-16 00:48:56 [] INFO  org.springframework.boot.devtools.autoconfigure.OptionalLiveReloadServer - LiveReload server is running on port 35729
2025-04-16 00:48:56 [] INFO  org.apache.coyote.http11.Http11NioProtocol - Starting ProtocolHandler ["http-nio-8080"]
2025-04-16 00:48:56 [] INFO  org.springframework.boot.web.embedded.tomcat.TomcatWebServer - Tomcat started on port 8080 (http) with context path '/tailor-master'
2025-04-16 00:48:56 [] INFO  com.example.tailormaster.TailorMasterAppApplication - Started TailorMasterAppApplication in 12.415 seconds (process running for 14.945)
2025-04-16 00:49:49 [] INFO  org.apache.catalina.core.ContainerBase.[Tomcat].[localhost].[/tailor-master] - Initializing Spring DispatcherServlet 'dispatcherServlet'
2025-04-16 00:49:49 [] INFO  org.springframework.web.servlet.DispatcherServlet - Initializing Servlet 'dispatcherServlet'
2025-04-16 00:49:49 [] INFO  org.springframework.web.servlet.DispatcherServlet - Completed initialization in 0 ms
2025-04-16 00:49:49 [logouser] INFO  com.example.tailormaster.filter.LoggingInterceptor - User 'logouser' is requesting: GET /tailor-master/logout
2025-04-16 00:49:49 [logouser] INFO  com.example.tailormaster.controller.HomeController - Logout endpoint hit — redirecting to login with logout param
2025-04-16 00:49:49 [logouser] INFO  com.example.tailormaster.filter.LoggingInterceptor - User 'logouser' is requesting: GET /tailor-master/login
2025-04-16 00:49:49 [logouser] INFO  com.example.tailormaster.controller.HomeController - Accessed login page
2025-04-16 00:49:57 [] WARN  org.apache.catalina.util.SessionIdGeneratorBase - Creation of SecureRandom instance for session ID generation using [SHA1PRNG] took [116] milliseconds.
2025-04-16 00:49:57 [abdullateef] INFO  com.example.tailormaster.filter.LoggingInterceptor - User 'abdullateef' is requesting: GET /tailor-master/dashboard
2025-04-16 00:49:57 [abdullateef] INFO  com.example.tailormaster.controller.HomeController - User 'abdullateef' accessed the dashboard
2025-04-16 00:49:58 [abdullateef] INFO  com.example.tailormaster.filter.LoggingInterceptor - User 'abdullateef' is requesting: GET /tailor-master/dashboard/total-customers
2025-04-16 00:49:58 [abdullateef] INFO  com.example.tailormaster.filter.LoggingInterceptor - User 'abdullateef' is requesting: GET /tailor-master/dashboard/total-orders
2025-04-16 00:49:58 [abdullateef] INFO  com.example.tailormaster.controller.dashboard.DashboardController - Requested total customers.
2025-04-16 00:49:58 [abdullateef] INFO  com.example.tailormaster.controller.dashboard.DashboardController - Requested total orders.
2025-04-16 00:49:58 [abdullateef] INFO  com.example.tailormaster.filter.LoggingInterceptor - User 'abdullateef' is requesting: GET /tailor-master/dashboard/notifications/upcoming-deliveries
2025-04-16 00:49:58 [abdullateef] INFO  com.example.tailormaster.controller.dashboard.DashboardController - Requested upcoming deliveries.
2025-04-16 00:49:58 [abdullateef] INFO  com.example.tailormaster.filter.LoggingInterceptor - User 'abdullateef' is requesting: GET /tailor-master/dashboard/pending-payments
2025-04-16 00:49:58 [abdullateef] INFO  com.example.tailormaster.controller.dashboard.DashboardController - Requested pending payments.
2025-04-16 00:49:58 [abdullateef] INFO  com.example.tailormaster.filter.LoggingInterceptor - User 'abdullateef' is requesting: GET /tailor-master/dashboard/revenue-this-month
2025-04-16 00:49:58 [abdullateef] INFO  com.example.tailormaster.controller.dashboard.DashboardController - Requested revenue-this-month.
2025-04-16 00:49:58 [abdullateef] INFO  com.example.tailormaster.filter.LoggingInterceptor - User 'abdullateef' is requesting: GET /tailor-master/dashboard/monthly-revenue-trends
2025-04-16 00:49:58 [abdullateef] INFO  com.example.tailormaster.controller.dashboard.DashboardController - Requested monthly-revenue-trends.
2025-04-16 00:49:58 [abdullateef] INFO  com.example.tailormaster.service.dashboard.DashboardService - Total pending payments: 7
2025-04-16 00:49:58 [abdullateef] INFO  com.example.tailormaster.service.dashboard.DashboardService - Revenue this month: 264000.00
2025-04-16 00:49:58 [abdullateef] INFO  com.example.tailormaster.controller.dashboard.DashboardController - Pending payments: 7
2025-04-16 00:49:58 [abdullateef] INFO  com.example.tailormaster.controller.dashboard.DashboardController - Revenue this month: 264000.00
2025-04-16 00:49:58 [abdullateef] INFO  com.example.tailormaster.service.dashboard.DashboardService - Total orders: 55
2025-04-16 00:49:58 [abdullateef] INFO  com.example.tailormaster.controller.dashboard.DashboardController - Total orders: 55
2025-04-16 00:49:58 [abdullateef] INFO  com.example.tailormaster.service.dashboard.DashboardService - Total customers: 32
2025-04-16 00:49:58 [abdullateef] INFO  com.example.tailormaster.controller.dashboard.DashboardController - Total customers: 32
2025-04-16 00:49:58 [abdullateef] INFO  com.example.tailormaster.service.dashboard.DashboardService - Upcoming deliveries fetched: 10
2025-04-16 00:49:58 [abdullateef] INFO  com.example.tailormaster.controller.dashboard.DashboardController - Upcoming deliveries fetched: 10
2025-04-16 00:49:58 [abdullateef] INFO  com.example.tailormaster.filter.LoggingInterceptor - User 'abdullateef' is requesting: GET /tailor-master/dashboard/order-status-counts
2025-04-16 00:49:58 [abdullateef] INFO  com.example.tailormaster.controller.dashboard.DashboardController - Requested order-status-counts.
2025-04-16 00:49:58 [abdullateef] INFO  com.example.tailormaster.filter.LoggingInterceptor - User 'abdullateef' is requesting: GET /tailor-master/dashboard/recent-orders
2025-04-16 00:49:58 [abdullateef] INFO  com.example.tailormaster.controller.dashboard.DashboardController - Requested recent-orders.
2025-04-16 00:49:58 [abdullateef] INFO  com.example.tailormaster.service.dashboard.DashboardService - Order status counts: {Pending=8, InProgress=3, Completed=43, Ready for Pickup=5}
2025-04-16 00:49:58 [abdullateef] INFO  com.example.tailormaster.controller.dashboard.DashboardController - Order status counts: {Pending=8, InProgress=3, Completed=43, Ready for Pickup=5}
2025-04-16 00:49:58 [abdullateef] INFO  com.example.tailormaster.service.dashboard.DashboardService - Recent orders fetched: 5 orders
2025-04-16 00:49:58 [abdullateef] INFO  com.example.tailormaster.controller.dashboard.DashboardController - Recent orders fetched: 5
2025-04-16 00:49:58 [abdullateef] INFO  com.example.tailormaster.filter.LoggingInterceptor - User 'abdullateef' is requesting: GET /tailor-master/dashboard/customers/top
2025-04-16 00:49:58 [abdullateef] INFO  com.example.tailormaster.controller.dashboard.DashboardController - Requested top customers.
2025-04-16 00:49:58 [abdullateef] INFO  com.example.tailormaster.service.dashboard.DashboardService - Monthly revenue trends fetched successfully
2025-04-16 00:49:58 [abdullateef] INFO  com.example.tailormaster.service.dashboard.DashboardService - Top customers fetched: 5
2025-04-16 00:49:58 [abdullateef] INFO  com.example.tailormaster.controller.dashboard.DashboardController - Top customers fetched: 5
2025-04-16 00:50:07 [abdullateef] INFO  com.example.tailormaster.filter.LoggingInterceptor - User 'abdullateef' is requesting: GET /tailor-master/logout
2025-04-16 00:50:07 [abdullateef] INFO  com.example.tailormaster.controller.HomeController - Logout endpoint hit — redirecting to login with logout param
2025-04-16 00:50:07 [abdullateef] INFO  com.example.tailormaster.filter.LoggingInterceptor - User 'abdullateef' is requesting: GET /tailor-master/login
2025-04-16 00:50:07 [abdullateef] INFO  com.example.tailormaster.controller.HomeController - Accessed login page
2025-04-16 00:50:12 [logouser] INFO  com.example.tailormaster.filter.LoggingInterceptor - User 'logouser' is requesting: GET /tailor-master/dashboard
2025-04-16 00:50:12 [logouser] INFO  com.example.tailormaster.controller.HomeController - User 'logouser' accessed the dashboard
2025-04-16 00:50:12 [logouser] INFO  com.example.tailormaster.filter.LoggingInterceptor - User 'logouser' is requesting: GET /tailor-master/dashboard/notifications/upcoming-deliveries
2025-04-16 00:50:12 [logouser] INFO  com.example.tailormaster.controller.dashboard.DashboardController - Requested upcoming deliveries.
2025-04-16 00:50:12 [logouser] INFO  com.example.tailormaster.filter.LoggingInterceptor - User 'logouser' is requesting: GET /tailor-master/dashboard/total-orders
2025-04-16 00:50:12 [logouser] INFO  com.example.tailormaster.controller.dashboard.DashboardController - Requested total orders.
2025-04-16 00:50:12 [logouser] INFO  com.example.tailormaster.filter.LoggingInterceptor - User 'logouser' is requesting: GET /tailor-master/dashboard/total-customers
2025-04-16 00:50:12 [logouser] INFO  com.example.tailormaster.controller.dashboard.DashboardController - Requested total customers.
2025-04-16 00:50:12 [logouser] INFO  com.example.tailormaster.service.dashboard.DashboardService - Upcoming deliveries fetched: 10
2025-04-16 00:50:12 [logouser] INFO  com.example.tailormaster.controller.dashboard.DashboardController - Upcoming deliveries fetched: 10
2025-04-16 00:50:12 [logouser] INFO  com.example.tailormaster.filter.LoggingInterceptor - User 'logouser' is requesting: GET /tailor-master/dashboard/pending-payments
2025-04-16 00:50:12 [logouser] INFO  com.example.tailormaster.controller.dashboard.DashboardController - Requested pending payments.
2025-04-16 00:50:12 [logouser] INFO  com.example.tailormaster.service.dashboard.DashboardService - Total pending payments: 7
2025-04-16 00:50:12 [logouser] INFO  com.example.tailormaster.controller.dashboard.DashboardController - Pending payments: 7
2025-04-16 00:50:12 [logouser] INFO  com.example.tailormaster.filter.LoggingInterceptor - User 'logouser' is requesting: GET /tailor-master/dashboard/revenue-this-month
2025-04-16 00:50:12 [logouser] INFO  com.example.tailormaster.controller.dashboard.DashboardController - Requested revenue-this-month.
2025-04-16 00:50:12 [logouser] INFO  com.example.tailormaster.service.dashboard.DashboardService - Revenue this month: 264000.00
2025-04-16 00:50:12 [logouser] INFO  com.example.tailormaster.controller.dashboard.DashboardController - Revenue this month: 264000.00
2025-04-16 00:50:12 [logouser] INFO  com.example.tailormaster.filter.LoggingInterceptor - User 'logouser' is requesting: GET /tailor-master/dashboard/monthly-revenue-trends
2025-04-16 00:50:12 [logouser] INFO  com.example.tailormaster.controller.dashboard.DashboardController - Requested monthly-revenue-trends.
2025-04-16 00:50:12 [logouser] INFO  com.example.tailormaster.filter.LoggingInterceptor - User 'logouser' is requesting: GET /tailor-master/dashboard/order-status-counts
2025-04-16 00:50:12 [logouser] INFO  com.example.tailormaster.controller.dashboard.DashboardController - Requested order-status-counts.
2025-04-16 00:50:12 [logouser] INFO  com.example.tailormaster.filter.LoggingInterceptor - User 'logouser' is requesting: GET /tailor-master/dashboard/recent-orders
2025-04-16 00:50:12 [logouser] INFO  com.example.tailormaster.controller.dashboard.DashboardController - Requested recent-orders.
2025-04-16 00:50:12 [logouser] INFO  com.example.tailormaster.service.dashboard.DashboardService - Order status counts: {Pending=8, InProgress=3, Completed=43, Ready for Pickup=5}
2025-04-16 00:50:12 [logouser] INFO  com.example.tailormaster.controller.dashboard.DashboardController - Order status counts: {Pending=8, InProgress=3, Completed=43, Ready for Pickup=5}
2025-04-16 00:50:13 [logouser] INFO  com.example.tailormaster.service.dashboard.DashboardService - Recent orders fetched: 5 orders
2025-04-16 00:50:13 [logouser] INFO  com.example.tailormaster.controller.dashboard.DashboardController - Recent orders fetched: 5
2025-04-16 00:50:13 [logouser] INFO  com.example.tailormaster.filter.LoggingInterceptor - User 'logouser' is requesting: GET /tailor-master/dashboard/customers/top
2025-04-16 00:50:13 [logouser] INFO  com.example.tailormaster.controller.dashboard.DashboardController - Requested top customers.
2025-04-16 00:50:13 [logouser] INFO  com.example.tailormaster.service.dashboard.DashboardService - Top customers fetched: 5
2025-04-16 00:50:13 [logouser] INFO  com.example.tailormaster.controller.dashboard.DashboardController - Top customers fetched: 5
2025-04-16 00:50:13 [logouser] INFO  com.example.tailormaster.service.dashboard.DashboardService - Monthly revenue trends fetched successfully
2025-04-16 00:50:13 [logouser] INFO  com.example.tailormaster.service.dashboard.DashboardService - Total customers: 32
2025-04-16 00:50:13 [logouser] INFO  com.example.tailormaster.service.dashboard.DashboardService - Total orders: 55
2025-04-16 00:50:13 [logouser] INFO  com.example.tailormaster.controller.dashboard.DashboardController - Total customers: 32
2025-04-16 00:50:13 [logouser] INFO  com.example.tailormaster.controller.dashboard.DashboardController - Total orders: 55
2025-04-16 00:50:15 [logouser] INFO  com.example.tailormaster.filter.LoggingInterceptor - User 'logouser' is requesting: GET /tailor-master/logout
2025-04-16 00:50:15 [logouser] INFO  com.example.tailormaster.controller.HomeController - Logout endpoint hit — redirecting to login with logout param
2025-04-16 00:50:15 [logouser] INFO  com.example.tailormaster.filter.LoggingInterceptor - User 'logouser' is requesting: GET /tailor-master/login
2025-04-16 00:50:15 [logouser] INFO  com.example.tailormaster.controller.HomeController - Accessed login page
2025-04-16 00:50:21 [abdullateef] INFO  com.example.tailormaster.filter.LoggingInterceptor - User 'abdullateef' is requesting: GET /tailor-master/dashboard
2025-04-16 00:50:21 [abdullateef] INFO  com.example.tailormaster.controller.HomeController - User 'abdullateef' accessed the dashboard
2025-04-16 00:50:21 [abdullateef] INFO  com.example.tailormaster.filter.LoggingInterceptor - User 'abdullateef' is requesting: GET /tailor-master/dashboard/notifications/upcoming-deliveries
2025-04-16 00:50:21 [abdullateef] INFO  com.example.tailormaster.filter.LoggingInterceptor - User 'abdullateef' is requesting: GET /tailor-master/dashboard/total-customers
2025-04-16 00:50:21 [abdullateef] INFO  com.example.tailormaster.controller.dashboard.DashboardController - Requested total customers.
2025-04-16 00:50:21 [abdullateef] INFO  com.example.tailormaster.controller.dashboard.DashboardController - Requested upcoming deliveries.
2025-04-16 00:50:21 [abdullateef] INFO  com.example.tailormaster.filter.LoggingInterceptor - User 'abdullateef' is requesting: GET /tailor-master/dashboard/pending-payments
2025-04-16 00:50:21 [abdullateef] INFO  com.example.tailormaster.controller.dashboard.DashboardController - Requested pending payments.
2025-04-16 00:50:21 [abdullateef] INFO  com.example.tailormaster.filter.LoggingInterceptor - User 'abdullateef' is requesting: GET /tailor-master/dashboard/total-orders
2025-04-16 00:50:21 [abdullateef] INFO  com.example.tailormaster.service.dashboard.DashboardService - Total pending payments: 7
2025-04-16 00:50:21 [abdullateef] INFO  com.example.tailormaster.controller.dashboard.DashboardController - Pending payments: 7
2025-04-16 00:50:21 [abdullateef] INFO  com.example.tailormaster.controller.dashboard.DashboardController - Requested total orders.
2025-04-16 00:50:21 [abdullateef] INFO  com.example.tailormaster.service.dashboard.DashboardService - Upcoming deliveries fetched: 10
2025-04-16 00:50:21 [abdullateef] INFO  com.example.tailormaster.controller.dashboard.DashboardController - Upcoming deliveries fetched: 10
2025-04-16 00:50:21 [abdullateef] INFO  com.example.tailormaster.filter.LoggingInterceptor - User 'abdullateef' is requesting: GET /tailor-master/dashboard/revenue-this-month
2025-04-16 00:50:21 [abdullateef] INFO  com.example.tailormaster.controller.dashboard.DashboardController - Requested revenue-this-month.
2025-04-16 00:50:21 [abdullateef] INFO  com.example.tailormaster.service.dashboard.DashboardService - Revenue this month: 264000.00
2025-04-16 00:50:21 [abdullateef] INFO  com.example.tailormaster.controller.dashboard.DashboardController - Revenue this month: 264000.00
2025-04-16 00:50:21 [abdullateef] INFO  com.example.tailormaster.filter.LoggingInterceptor - User 'abdullateef' is requesting: GET /tailor-master/dashboard/monthly-revenue-trends
2025-04-16 00:50:21 [abdullateef] INFO  com.example.tailormaster.controller.dashboard.DashboardController - Requested monthly-revenue-trends.
2025-04-16 00:50:21 [abdullateef] INFO  com.example.tailormaster.filter.LoggingInterceptor - User 'abdullateef' is requesting: GET /tailor-master/dashboard/order-status-counts
2025-04-16 00:50:21 [abdullateef] INFO  com.example.tailormaster.controller.dashboard.DashboardController - Requested order-status-counts.
2025-04-16 00:50:21 [abdullateef] INFO  com.example.tailormaster.filter.LoggingInterceptor - User 'abdullateef' is requesting: GET /tailor-master/dashboard/recent-orders
2025-04-16 00:50:21 [abdullateef] INFO  com.example.tailormaster.controller.dashboard.DashboardController - Requested recent-orders.
2025-04-16 00:50:21 [abdullateef] INFO  com.example.tailormaster.service.dashboard.DashboardService - Order status counts: {Pending=8, InProgress=3, Completed=43, Ready for Pickup=5}
2025-04-16 00:50:21 [abdullateef] INFO  com.example.tailormaster.controller.dashboard.DashboardController - Order status counts: {Pending=8, InProgress=3, Completed=43, Ready for Pickup=5}
2025-04-16 00:50:21 [abdullateef] INFO  com.example.tailormaster.filter.LoggingInterceptor - User 'abdullateef' is requesting: GET /tailor-master/dashboard/customers/top
2025-04-16 00:50:21 [abdullateef] INFO  com.example.tailormaster.controller.dashboard.DashboardController - Requested top customers.
2025-04-16 00:50:21 [abdullateef] INFO  com.example.tailormaster.service.dashboard.DashboardService - Recent orders fetched: 5 orders
2025-04-16 00:50:21 [abdullateef] INFO  com.example.tailormaster.controller.dashboard.DashboardController - Recent orders fetched: 5
2025-04-16 00:50:21 [abdullateef] INFO  com.example.tailormaster.service.dashboard.DashboardService - Top customers fetched: 5
2025-04-16 00:50:21 [abdullateef] INFO  com.example.tailormaster.controller.dashboard.DashboardController - Top customers fetched: 5
2025-04-16 00:50:22 [abdullateef] INFO  com.example.tailormaster.service.dashboard.DashboardService - Total customers: 32
2025-04-16 00:50:22 [abdullateef] INFO  com.example.tailormaster.controller.dashboard.DashboardController - Total customers: 32
2025-04-16 00:50:22 [abdullateef] INFO  com.example.tailormaster.service.dashboard.DashboardService - Total orders: 55
2025-04-16 00:50:22 [abdullateef] INFO  com.example.tailormaster.controller.dashboard.DashboardController - Total orders: 55
2025-04-16 00:50:22 [abdullateef] INFO  com.example.tailormaster.service.dashboard.DashboardService - Monthly revenue trends fetched successfully
2025-04-16 00:52:05 [abdullateef] INFO  com.example.tailormaster.filter.LoggingInterceptor - User 'abdullateef' is requesting: GET /tailor-master/dashboard
2025-04-16 00:52:05 [abdullateef] INFO  com.example.tailormaster.controller.HomeController - User 'abdullateef' accessed the dashboard
2025-04-16 00:52:05 [abdullateef] INFO  com.example.tailormaster.filter.LoggingInterceptor - User 'abdullateef' is requesting: GET /tailor-master/dashboard/notifications/upcoming-deliveries
2025-04-16 00:52:05 [abdullateef] INFO  com.example.tailormaster.controller.dashboard.DashboardController - Requested upcoming deliveries.
2025-04-16 00:52:05 [abdullateef] INFO  com.example.tailormaster.filter.LoggingInterceptor - User 'abdullateef' is requesting: GET /tailor-master/dashboard/total-customers
2025-04-16 00:52:05 [abdullateef] INFO  com.example.tailormaster.controller.dashboard.DashboardController - Requested total customers.
2025-04-16 00:52:05 [abdullateef] INFO  com.example.tailormaster.filter.LoggingInterceptor - User 'abdullateef' is requesting: GET /tailor-master/dashboard/total-orders
2025-04-16 00:52:05 [abdullateef] INFO  com.example.tailormaster.controller.dashboard.DashboardController - Requested total orders.
2025-04-16 00:52:05 [abdullateef] INFO  com.example.tailormaster.filter.LoggingInterceptor - User 'abdullateef' is requesting: GET /tailor-master/dashboard/pending-payments
2025-04-16 00:52:05 [abdullateef] INFO  com.example.tailormaster.controller.dashboard.DashboardController - Requested pending payments.
2025-04-16 00:52:05 [abdullateef] INFO  com.example.tailormaster.filter.LoggingInterceptor - User 'abdullateef' is requesting: GET /tailor-master/dashboard/monthly-revenue-trends
2025-04-16 00:52:05 [abdullateef] INFO  com.example.tailormaster.controller.dashboard.DashboardController - Requested monthly-revenue-trends.
2025-04-16 00:52:05 [abdullateef] INFO  com.example.tailormaster.service.dashboard.DashboardService - Total pending payments: 7
2025-04-16 00:52:05 [abdullateef] INFO  com.example.tailormaster.controller.dashboard.DashboardController - Pending payments: 7
2025-04-16 00:52:05 [abdullateef] INFO  com.example.tailormaster.filter.LoggingInterceptor - User 'abdullateef' is requesting: GET /tailor-master/dashboard/revenue-this-month
2025-04-16 00:52:05 [abdullateef] INFO  com.example.tailormaster.filter.LoggingInterceptor - User 'abdullateef' is requesting: GET /tailor-master/dashboard/order-status-counts
2025-04-16 00:52:05 [abdullateef] INFO  com.example.tailormaster.controller.dashboard.DashboardController - Requested order-status-counts.
2025-04-16 00:52:05 [abdullateef] INFO  com.example.tailormaster.controller.dashboard.DashboardController - Requested revenue-this-month.
2025-04-16 00:52:05 [abdullateef] INFO  com.example.tailormaster.service.dashboard.DashboardService - Revenue this month: 264000.00
2025-04-16 00:52:05 [abdullateef] INFO  com.example.tailormaster.controller.dashboard.DashboardController - Revenue this month: 264000.00
2025-04-16 00:52:05 [abdullateef] INFO  com.example.tailormaster.service.dashboard.DashboardService - Order status counts: {Pending=8, InProgress=3, Completed=43, Ready for Pickup=5}
2025-04-16 00:52:05 [abdullateef] INFO  com.example.tailormaster.controller.dashboard.DashboardController - Order status counts: {Pending=8, InProgress=3, Completed=43, Ready for Pickup=5}
2025-04-16 00:52:05 [abdullateef] INFO  com.example.tailormaster.filter.LoggingInterceptor - User 'abdullateef' is requesting: GET /tailor-master/dashboard/customers/top
2025-04-16 00:52:05 [abdullateef] INFO  com.example.tailormaster.controller.dashboard.DashboardController - Requested top customers.
2025-04-16 00:52:05 [abdullateef] INFO  com.example.tailormaster.filter.LoggingInterceptor - User 'abdullateef' is requesting: GET /tailor-master/dashboard/recent-orders
2025-04-16 00:52:05 [abdullateef] INFO  com.example.tailormaster.controller.dashboard.DashboardController - Requested recent-orders.
2025-04-16 00:52:05 [abdullateef] INFO  com.example.tailormaster.service.dashboard.DashboardService - Top customers fetched: 5
2025-04-16 00:52:05 [abdullateef] INFO  com.example.tailormaster.controller.dashboard.DashboardController - Top customers fetched: 5
2025-04-16 00:52:05 [abdullateef] INFO  com.example.tailormaster.service.dashboard.DashboardService - Recent orders fetched: 5 orders
2025-04-16 00:52:05 [abdullateef] INFO  com.example.tailormaster.controller.dashboard.DashboardController - Recent orders fetched: 5
2025-04-16 00:52:05 [abdullateef] INFO  com.example.tailormaster.service.dashboard.DashboardService - Upcoming deliveries fetched: 10
2025-04-16 00:52:05 [abdullateef] INFO  com.example.tailormaster.controller.dashboard.DashboardController - Upcoming deliveries fetched: 10
2025-04-16 00:52:05 [abdullateef] INFO  com.example.tailormaster.service.dashboard.DashboardService - Monthly revenue trends fetched successfully
2025-04-16 00:52:05 [abdullateef] INFO  com.example.tailormaster.service.dashboard.DashboardService - Total orders: 55
2025-04-16 00:52:05 [abdullateef] INFO  com.example.tailormaster.controller.dashboard.DashboardController - Total orders: 55
2025-04-16 00:52:05 [abdullateef] INFO  com.example.tailormaster.service.dashboard.DashboardService - Total customers: 32
2025-04-16 00:52:05 [abdullateef] INFO  com.example.tailormaster.controller.dashboard.DashboardController - Total customers: 32
2025-04-16 00:58:57 [] INFO  org.springframework.boot.web.embedded.tomcat.GracefulShutdown - Commencing graceful shutdown. Waiting for active requests to complete
2025-04-16 00:58:58 [] INFO  org.springframework.boot.web.embedded.tomcat.GracefulShutdown - Graceful shutdown complete
2025-04-16 00:58:58 [] INFO  org.springframework.orm.jpa.LocalContainerEntityManagerFactoryBean - Closing JPA EntityManagerFactory for persistence unit 'default'
2025-04-16 00:58:58 [] INFO  com.zaxxer.hikari.HikariDataSource - HikariPool-1 - Shutdown initiated...
2025-04-16 00:58:58 [] INFO  com.zaxxer.hikari.HikariDataSource - HikariPool-1 - Shutdown completed.
2025-04-16 00:59:11 [] INFO  org.hibernate.validator.internal.util.Version - HV000001: Hibernate Validator 8.0.2.Final
2025-04-16 00:59:11 [] INFO  com.example.tailormaster.TailorMasterAppApplication - Starting TailorMasterAppApplication using Java 17.0.2 with PID 6060 (E:\Development-Workspaces\tailor-master-app\tailor-master-app\target\classes started by wajiz.pk in E:\Development-Workspaces\tailor-master-app\tailor-master-app)
2025-04-16 00:59:11 [] INFO  com.example.tailormaster.TailorMasterAppApplication - No active profile set, falling back to 1 default profile: "default"
2025-04-16 00:59:11 [] INFO  org.springframework.boot.devtools.env.DevToolsPropertyDefaultsPostProcessor - Devtools property defaults active! Set 'spring.devtools.add-properties' to 'false' to disable
2025-04-16 00:59:11 [] INFO  org.springframework.boot.devtools.env.DevToolsPropertyDefaultsPostProcessor - For additional web related logging consider setting the 'logging.level.web' property to 'DEBUG'
2025-04-16 00:59:13 [] INFO  org.springframework.data.repository.config.RepositoryConfigurationDelegate - Bootstrapping Spring Data JPA repositories in DEFAULT mode.
2025-04-16 00:59:13 [] INFO  org.springframework.data.repository.config.RepositoryConfigurationDelegate - Finished Spring Data repository scanning in 153 ms. Found 7 JPA repository interfaces.
2025-04-16 00:59:14 [] INFO  org.springframework.boot.web.embedded.tomcat.TomcatWebServer - Tomcat initialized with port 8080 (http)
2025-04-16 00:59:14 [] INFO  org.apache.coyote.http11.Http11NioProtocol - Initializing ProtocolHandler ["http-nio-8080"]
2025-04-16 00:59:14 [] INFO  org.apache.catalina.core.StandardService - Starting service [Tomcat]
2025-04-16 00:59:14 [] INFO  org.apache.catalina.core.StandardEngine - Starting Servlet engine: [Apache Tomcat/10.1.40]
2025-04-16 00:59:15 [] INFO  org.apache.catalina.core.ContainerBase.[Tomcat].[localhost].[/tailor-master] - Initializing Spring embedded WebApplicationContext
2025-04-16 00:59:15 [] INFO  org.springframework.boot.web.servlet.context.ServletWebServerApplicationContext - Root WebApplicationContext: initialization completed in 3176 ms
2025-04-16 00:59:15 [] INFO  org.hibernate.jpa.internal.util.LogHelper - HHH000204: Processing PersistenceUnitInfo [name: default]
2025-04-16 00:59:15 [] INFO  org.hibernate.Version - HHH000412: Hibernate ORM core version 6.6.4.Final
2025-04-16 00:59:15 [] INFO  org.hibernate.cache.internal.RegionFactoryInitiator - HHH000026: Second-level cache disabled
2025-04-16 00:59:16 [] INFO  org.springframework.orm.jpa.persistenceunit.SpringPersistenceUnitInfo - No LoadTimeWeaver setup: ignoring JPA class transformer
2025-04-16 00:59:16 [] INFO  com.zaxxer.hikari.HikariDataSource - HikariPool-1 - Starting...
2025-04-16 00:59:16 [] INFO  com.zaxxer.hikari.pool.HikariPool - HikariPool-1 - Added connection com.mysql.cj.jdbc.ConnectionImpl@3943bd43
2025-04-16 00:59:16 [] INFO  com.zaxxer.hikari.HikariDataSource - HikariPool-1 - Start completed.
2025-04-16 00:59:17 [] INFO  org.hibernate.orm.connections.pooling - HHH10001005: Database info:
	Database JDBC URL [Connecting through datasource 'HikariDataSource (HikariPool-1)']
	Database driver: undefined/unknown
	Database version: 8.0.28
	Autocommit mode: undefined/unknown
	Isolation level: undefined/unknown
	Minimum pool size: undefined/unknown
	Maximum pool size: undefined/unknown
2025-04-16 00:59:19 [] INFO  org.hibernate.engine.transaction.jta.platform.internal.JtaPlatformInitiator - HHH000489: No JTA platform available (set 'hibernate.transaction.jta.platform' to enable JTA platform integration)
2025-04-16 00:59:19 [] INFO  org.springframework.orm.jpa.LocalContainerEntityManagerFactoryBean - Initialized JPA EntityManagerFactory for persistence unit 'default'
2025-04-16 00:59:19 [] INFO  org.springframework.data.jpa.repository.query.QueryEnhancerFactory - Hibernate is in classpath; If applicable, HQL parser will be used.
2025-04-16 00:59:22 [] WARN  org.springframework.boot.autoconfigure.orm.jpa.JpaBaseConfiguration$JpaWebConfiguration - spring.jpa.open-in-view is enabled by default. Therefore, database queries may be performed during view rendering. Explicitly configure spring.jpa.open-in-view to disable this warning
2025-04-16 00:59:22 [] INFO  org.springframework.security.config.annotation.authentication.configuration.InitializeAuthenticationProviderBeanManagerConfigurer$InitializeAuthenticationProviderManagerConfigurer - Global AuthenticationManager configured with AuthenticationProvider bean with name authenticationProvider
2025-04-16 00:59:22 [] WARN  org.springframework.security.config.annotation.authentication.configuration.InitializeUserDetailsBeanManagerConfigurer$InitializeUserDetailsManagerConfigurer - Global AuthenticationManager configured with an AuthenticationProvider bean. UserDetailsService beans will not be used by Spring Security for automatically configuring username/password login. Consider removing the AuthenticationProvider bean. Alternatively, consider using the UserDetailsService in a manually instantiated DaoAuthenticationProvider. If the current configuration is intentional, to turn off this warning, increase the logging level of 'org.springframework.security.config.annotation.authentication.configuration.InitializeUserDetailsBeanManagerConfigurer' to ERROR
2025-04-16 00:59:23 [] INFO  org.springframework.boot.devtools.autoconfigure.OptionalLiveReloadServer - LiveReload server is running on port 35729
2025-04-16 00:59:23 [] INFO  org.apache.coyote.http11.Http11NioProtocol - Starting ProtocolHandler ["http-nio-8080"]
2025-04-16 00:59:23 [] INFO  org.springframework.boot.web.embedded.tomcat.TomcatWebServer - Tomcat started on port 8080 (http) with context path '/tailor-master'
2025-04-16 00:59:23 [] INFO  com.example.tailormaster.TailorMasterAppApplication - Started TailorMasterAppApplication in 12.964 seconds (process running for 15.426)
2025-04-16 00:59:27 [] INFO  org.apache.catalina.core.ContainerBase.[Tomcat].[localhost].[/tailor-master] - Initializing Spring DispatcherServlet 'dispatcherServlet'
2025-04-16 00:59:27 [] INFO  org.springframework.web.servlet.DispatcherServlet - Initializing Servlet 'dispatcherServlet'
2025-04-16 00:59:27 [] INFO  org.springframework.web.servlet.DispatcherServlet - Completed initialization in 1 ms
2025-04-16 00:59:27 [abdullateef] INFO  com.example.tailormaster.filter.LoggingInterceptor - User 'abdullateef' is requesting: GET /tailor-master/dashboard
2025-04-16 00:59:27 [abdullateef] INFO  com.example.tailormaster.controller.HomeController - User 'abdullateef' accessed the dashboard
2025-04-16 00:59:28 [abdullateef] INFO  com.example.tailormaster.filter.LoggingInterceptor - User 'abdullateef' is requesting: GET /tailor-master/dashboard/notifications/upcoming-deliveries
2025-04-16 00:59:28 [abdullateef] INFO  com.example.tailormaster.filter.LoggingInterceptor - User 'abdullateef' is requesting: GET /tailor-master/dashboard/total-customers
2025-04-16 00:59:28 [abdullateef] INFO  com.example.tailormaster.controller.dashboard.DashboardController - Requested upcoming deliveries.
2025-04-16 00:59:28 [abdullateef] INFO  com.example.tailormaster.controller.dashboard.DashboardController - Requested total customers.
2025-04-16 00:59:28 [abdullateef] INFO  com.example.tailormaster.filter.LoggingInterceptor - User 'abdullateef' is requesting: GET /tailor-master/dashboard/total-orders
2025-04-16 00:59:28 [abdullateef] INFO  com.example.tailormaster.filter.LoggingInterceptor - User 'abdullateef' is requesting: GET /tailor-master/dashboard/revenue-this-month
2025-04-16 00:59:28 [abdullateef] INFO  com.example.tailormaster.controller.dashboard.DashboardController - Requested total orders.
2025-04-16 00:59:28 [abdullateef] INFO  com.example.tailormaster.filter.LoggingInterceptor - User 'abdullateef' is requesting: GET /tailor-master/dashboard/pending-payments
2025-04-16 00:59:28 [abdullateef] INFO  com.example.tailormaster.controller.dashboard.DashboardController - Requested revenue-this-month.
2025-04-16 00:59:28 [abdullateef] INFO  com.example.tailormaster.controller.dashboard.DashboardController - Requested pending payments.
2025-04-16 00:59:28 [abdullateef] INFO  com.example.tailormaster.filter.LoggingInterceptor - User 'abdullateef' is requesting: GET /tailor-master/dashboard/monthly-revenue-trends
2025-04-16 00:59:28 [abdullateef] INFO  com.example.tailormaster.controller.dashboard.DashboardController - Requested monthly-revenue-trends.
2025-04-16 00:59:28 [abdullateef] INFO  com.example.tailormaster.service.dashboard.DashboardService - Total pending payments: 7
2025-04-16 00:59:28 [abdullateef] INFO  com.example.tailormaster.controller.dashboard.DashboardController - Pending payments: 7
2025-04-16 00:59:28 [abdullateef] INFO  com.example.tailormaster.service.dashboard.DashboardService - Revenue this month: 264000.00
2025-04-16 00:59:28 [abdullateef] INFO  com.example.tailormaster.controller.dashboard.DashboardController - Revenue this month: 264000.00
2025-04-16 00:59:28 [abdullateef] INFO  com.example.tailormaster.service.dashboard.DashboardService - Total customers: 32
2025-04-16 00:59:28 [abdullateef] INFO  com.example.tailormaster.service.dashboard.DashboardService - Total orders: 55
2025-04-16 00:59:28 [abdullateef] INFO  com.example.tailormaster.controller.dashboard.DashboardController - Total customers: 32
2025-04-16 00:59:28 [abdullateef] INFO  com.example.tailormaster.controller.dashboard.DashboardController - Total orders: 55
2025-04-16 00:59:28 [abdullateef] INFO  com.example.tailormaster.filter.LoggingInterceptor - User 'abdullateef' is requesting: GET /tailor-master/dashboard/order-status-counts
2025-04-16 00:59:28 [abdullateef] INFO  com.example.tailormaster.controller.dashboard.DashboardController - Requested order-status-counts.
2025-04-16 00:59:28 [abdullateef] INFO  com.example.tailormaster.service.dashboard.DashboardService - Order status counts: {Pending=8, InProgress=3, Completed=43, Ready for Pickup=5}
2025-04-16 00:59:28 [abdullateef] INFO  com.example.tailormaster.controller.dashboard.DashboardController - Order status counts: {Pending=8, InProgress=3, Completed=43, Ready for Pickup=5}
2025-04-16 00:59:28 [abdullateef] INFO  com.example.tailormaster.filter.LoggingInterceptor - User 'abdullateef' is requesting: GET /tailor-master/dashboard/recent-orders
2025-04-16 00:59:28 [abdullateef] INFO  com.example.tailormaster.controller.dashboard.DashboardController - Requested recent-orders.
2025-04-16 00:59:28 [abdullateef] INFO  com.example.tailormaster.service.dashboard.DashboardService - Upcoming deliveries fetched: 10
2025-04-16 00:59:28 [abdullateef] INFO  com.example.tailormaster.controller.dashboard.DashboardController - Upcoming deliveries fetched: 10
2025-04-16 00:59:28 [abdullateef] INFO  com.example.tailormaster.service.dashboard.DashboardService - Recent orders fetched: 5 orders
2025-04-16 00:59:28 [abdullateef] INFO  com.example.tailormaster.controller.dashboard.DashboardController - Recent orders fetched: 5
2025-04-16 00:59:28 [abdullateef] INFO  com.example.tailormaster.filter.LoggingInterceptor - User 'abdullateef' is requesting: GET /tailor-master/dashboard/customers/top
2025-04-16 00:59:28 [abdullateef] INFO  com.example.tailormaster.service.dashboard.DashboardService - Monthly revenue trends fetched successfully
2025-04-16 00:59:28 [abdullateef] INFO  com.example.tailormaster.controller.dashboard.DashboardController - Requested top customers.
2025-04-16 00:59:28 [abdullateef] INFO  com.example.tailormaster.service.dashboard.DashboardService - Top customers fetched: 5
2025-04-16 00:59:28 [abdullateef] INFO  com.example.tailormaster.controller.dashboard.DashboardController - Top customers fetched: 5
2025-04-16 01:00:07 [] INFO  org.springframework.boot.web.embedded.tomcat.GracefulShutdown - Commencing graceful shutdown. Waiting for active requests to complete
2025-04-16 01:00:08 [] INFO  org.springframework.boot.web.embedded.tomcat.GracefulShutdown - Graceful shutdown complete
2025-04-16 01:00:10 [] INFO  org.springframework.orm.jpa.LocalContainerEntityManagerFactoryBean - Closing JPA EntityManagerFactory for persistence unit 'default'
2025-04-16 01:00:10 [] INFO  com.zaxxer.hikari.HikariDataSource - HikariPool-1 - Shutdown initiated...
2025-04-16 01:00:10 [] INFO  com.zaxxer.hikari.HikariDataSource - HikariPool-1 - Shutdown completed.
2025-04-16 01:00:16 [] INFO  org.hibernate.validator.internal.util.Version - HV000001: Hibernate Validator 8.0.2.Final
2025-04-16 01:00:17 [] INFO  com.example.tailormaster.TailorMasterAppApplication - Starting TailorMasterAppApplication using Java 17.0.2 with PID 8308 (E:\Development-Workspaces\tailor-master-app\tailor-master-app\target\classes started by wajiz.pk in E:\Development-Workspaces\tailor-master-app\tailor-master-app)
2025-04-16 01:00:17 [] INFO  com.example.tailormaster.TailorMasterAppApplication - No active profile set, falling back to 1 default profile: "default"
2025-04-16 01:00:17 [] INFO  org.springframework.boot.devtools.env.DevToolsPropertyDefaultsPostProcessor - Devtools property defaults active! Set 'spring.devtools.add-properties' to 'false' to disable
2025-04-16 01:00:17 [] INFO  org.springframework.boot.devtools.env.DevToolsPropertyDefaultsPostProcessor - For additional web related logging consider setting the 'logging.level.web' property to 'DEBUG'
2025-04-16 01:00:18 [] INFO  org.springframework.data.repository.config.RepositoryConfigurationDelegate - Bootstrapping Spring Data JPA repositories in DEFAULT mode.
2025-04-16 01:00:18 [] INFO  org.springframework.data.repository.config.RepositoryConfigurationDelegate - Finished Spring Data repository scanning in 155 ms. Found 7 JPA repository interfaces.
2025-04-16 01:00:20 [] INFO  org.springframework.boot.web.embedded.tomcat.TomcatWebServer - Tomcat initialized with port 8080 (http)
2025-04-16 01:00:20 [] INFO  org.apache.coyote.http11.Http11NioProtocol - Initializing ProtocolHandler ["http-nio-8080"]
2025-04-16 01:00:20 [] INFO  org.apache.catalina.core.StandardService - Starting service [Tomcat]
2025-04-16 01:00:20 [] INFO  org.apache.catalina.core.StandardEngine - Starting Servlet engine: [Apache Tomcat/10.1.40]
2025-04-16 01:00:20 [] INFO  org.apache.catalina.core.ContainerBase.[Tomcat].[localhost].[/tailor-master] - Initializing Spring embedded WebApplicationContext
2025-04-16 01:00:20 [] INFO  org.springframework.boot.web.servlet.context.ServletWebServerApplicationContext - Root WebApplicationContext: initialization completed in 3405 ms
2025-04-16 01:00:20 [] INFO  org.hibernate.jpa.internal.util.LogHelper - HHH000204: Processing PersistenceUnitInfo [name: default]
2025-04-16 01:00:20 [] INFO  org.hibernate.Version - HHH000412: Hibernate ORM core version 6.6.4.Final
2025-04-16 01:00:21 [] INFO  org.hibernate.cache.internal.RegionFactoryInitiator - HHH000026: Second-level cache disabled
2025-04-16 01:00:21 [] INFO  org.springframework.orm.jpa.persistenceunit.SpringPersistenceUnitInfo - No LoadTimeWeaver setup: ignoring JPA class transformer
2025-04-16 01:00:21 [] INFO  com.zaxxer.hikari.HikariDataSource - HikariPool-1 - Starting...
2025-04-16 01:00:22 [] INFO  com.zaxxer.hikari.pool.HikariPool - HikariPool-1 - Added connection com.mysql.cj.jdbc.ConnectionImpl@1b29d
2025-04-16 01:00:22 [] INFO  com.zaxxer.hikari.HikariDataSource - HikariPool-1 - Start completed.
2025-04-16 01:00:22 [] INFO  org.hibernate.orm.connections.pooling - HHH10001005: Database info:
	Database JDBC URL [Connecting through datasource 'HikariDataSource (HikariPool-1)']
	Database driver: undefined/unknown
	Database version: 8.0.28
	Autocommit mode: undefined/unknown
	Isolation level: undefined/unknown
	Minimum pool size: undefined/unknown
	Maximum pool size: undefined/unknown
2025-04-16 01:00:24 [] INFO  org.hibernate.engine.transaction.jta.platform.internal.JtaPlatformInitiator - HHH000489: No JTA platform available (set 'hibernate.transaction.jta.platform' to enable JTA platform integration)
2025-04-16 01:00:24 [] INFO  org.springframework.orm.jpa.LocalContainerEntityManagerFactoryBean - Initialized JPA EntityManagerFactory for persistence unit 'default'
2025-04-16 01:00:25 [] INFO  org.springframework.data.jpa.repository.query.QueryEnhancerFactory - Hibernate is in classpath; If applicable, HQL parser will be used.
2025-04-16 01:00:28 [] WARN  org.springframework.boot.autoconfigure.orm.jpa.JpaBaseConfiguration$JpaWebConfiguration - spring.jpa.open-in-view is enabled by default. Therefore, database queries may be performed during view rendering. Explicitly configure spring.jpa.open-in-view to disable this warning
2025-04-16 01:00:28 [] INFO  org.springframework.security.config.annotation.authentication.configuration.InitializeAuthenticationProviderBeanManagerConfigurer$InitializeAuthenticationProviderManagerConfigurer - Global AuthenticationManager configured with AuthenticationProvider bean with name authenticationProvider
2025-04-16 01:00:28 [] WARN  org.springframework.security.config.annotation.authentication.configuration.InitializeUserDetailsBeanManagerConfigurer$InitializeUserDetailsManagerConfigurer - Global AuthenticationManager configured with an AuthenticationProvider bean. UserDetailsService beans will not be used by Spring Security for automatically configuring username/password login. Consider removing the AuthenticationProvider bean. Alternatively, consider using the UserDetailsService in a manually instantiated DaoAuthenticationProvider. If the current configuration is intentional, to turn off this warning, increase the logging level of 'org.springframework.security.config.annotation.authentication.configuration.InitializeUserDetailsBeanManagerConfigurer' to ERROR
2025-04-16 01:00:30 [] INFO  org.springframework.boot.devtools.autoconfigure.OptionalLiveReloadServer - LiveReload server is running on port 35729
2025-04-16 01:00:30 [] INFO  org.apache.coyote.http11.Http11NioProtocol - Starting ProtocolHandler ["http-nio-8080"]
2025-04-16 01:00:30 [] INFO  org.springframework.boot.web.embedded.tomcat.TomcatWebServer - Tomcat started on port 8080 (http) with context path '/tailor-master'
2025-04-16 01:00:30 [] INFO  com.example.tailormaster.TailorMasterAppApplication - Started TailorMasterAppApplication in 14.272 seconds (process running for 16.583)
2025-04-16 01:00:34 [] INFO  org.apache.catalina.core.ContainerBase.[Tomcat].[localhost].[/tailor-master] - Initializing Spring DispatcherServlet 'dispatcherServlet'
2025-04-16 01:00:34 [] INFO  org.springframework.web.servlet.DispatcherServlet - Initializing Servlet 'dispatcherServlet'
2025-04-16 01:00:34 [] INFO  org.springframework.web.servlet.DispatcherServlet - Completed initialization in 1 ms
2025-04-16 01:00:34 [abdullateef] INFO  com.example.tailormaster.filter.LoggingInterceptor - User 'abdullateef' is requesting: GET /tailor-master/dashboard
2025-04-16 01:07:45 [] WARN  com.zaxxer.hikari.pool.HikariPool - HikariPool-1 - Thread starvation or clock leap detected (housekeeper delta=7m23s57ms865µs600ns).
2025-04-16 01:07:45 [abdullateef] INFO  com.example.tailormaster.controller.HomeController - User 'abdullateef' accessed the dashboard
2025-04-16 01:07:45 [] INFO  org.springframework.boot.web.embedded.tomcat.GracefulShutdown - Commencing graceful shutdown. Waiting for active requests to complete
2025-04-16 01:07:46 [] INFO  org.springframework.boot.web.embedded.tomcat.GracefulShutdown - Graceful shutdown complete
2025-04-16 01:07:46 [] INFO  org.springframework.orm.jpa.LocalContainerEntityManagerFactoryBean - Closing JPA EntityManagerFactory for persistence unit 'default'
2025-04-16 01:07:46 [] INFO  com.zaxxer.hikari.HikariDataSource - HikariPool-1 - Shutdown initiated...
2025-04-16 01:07:46 [] INFO  com.zaxxer.hikari.HikariDataSource - HikariPool-1 - Shutdown completed.
2025-04-16 01:07:59 [] INFO  org.hibernate.validator.internal.util.Version - HV000001: Hibernate Validator 8.0.2.Final
2025-04-16 01:07:59 [] INFO  com.example.tailormaster.TailorMasterAppApplication - Starting TailorMasterAppApplication using Java 17.0.2 with PID 13748 (E:\Development-Workspaces\tailor-master-app\tailor-master-app\target\classes started by wajiz.pk in E:\Development-Workspaces\tailor-master-app\tailor-master-app)
2025-04-16 01:07:59 [] INFO  com.example.tailormaster.TailorMasterAppApplication - No active profile set, falling back to 1 default profile: "default"
2025-04-16 01:07:59 [] INFO  org.springframework.boot.devtools.env.DevToolsPropertyDefaultsPostProcessor - Devtools property defaults active! Set 'spring.devtools.add-properties' to 'false' to disable
2025-04-16 01:07:59 [] INFO  org.springframework.boot.devtools.env.DevToolsPropertyDefaultsPostProcessor - For additional web related logging consider setting the 'logging.level.web' property to 'DEBUG'
2025-04-16 01:08:01 [] INFO  org.springframework.data.repository.config.RepositoryConfigurationDelegate - Bootstrapping Spring Data JPA repositories in DEFAULT mode.
2025-04-16 01:08:01 [] INFO  org.springframework.data.repository.config.RepositoryConfigurationDelegate - Finished Spring Data repository scanning in 156 ms. Found 7 JPA repository interfaces.
2025-04-16 01:08:02 [] INFO  org.springframework.boot.web.embedded.tomcat.TomcatWebServer - Tomcat initialized with port 8080 (http)
2025-04-16 01:08:02 [] INFO  org.apache.coyote.http11.Http11NioProtocol - Initializing ProtocolHandler ["http-nio-8080"]
2025-04-16 01:08:02 [] INFO  org.apache.catalina.core.StandardService - Starting service [Tomcat]
2025-04-16 01:08:02 [] INFO  org.apache.catalina.core.StandardEngine - Starting Servlet engine: [Apache Tomcat/10.1.40]
2025-04-16 01:08:02 [] INFO  org.apache.catalina.core.ContainerBase.[Tomcat].[localhost].[/tailor-master] - Initializing Spring embedded WebApplicationContext
2025-04-16 01:08:02 [] INFO  org.springframework.boot.web.servlet.context.ServletWebServerApplicationContext - Root WebApplicationContext: initialization completed in 3080 ms
2025-04-16 01:08:03 [] INFO  org.hibernate.jpa.internal.util.LogHelper - HHH000204: Processing PersistenceUnitInfo [name: default]
2025-04-16 01:08:03 [] INFO  org.hibernate.Version - HHH000412: Hibernate ORM core version 6.6.4.Final
2025-04-16 01:08:03 [] INFO  org.hibernate.cache.internal.RegionFactoryInitiator - HHH000026: Second-level cache disabled
2025-04-16 01:08:04 [] INFO  org.springframework.orm.jpa.persistenceunit.SpringPersistenceUnitInfo - No LoadTimeWeaver setup: ignoring JPA class transformer
2025-04-16 01:08:04 [] INFO  com.zaxxer.hikari.HikariDataSource - HikariPool-1 - Starting...
2025-04-16 01:08:04 [] INFO  com.zaxxer.hikari.pool.HikariPool - HikariPool-1 - Added connection com.mysql.cj.jdbc.ConnectionImpl@730791f4
2025-04-16 01:08:04 [] INFO  com.zaxxer.hikari.HikariDataSource - HikariPool-1 - Start completed.
2025-04-16 01:08:04 [] INFO  org.hibernate.orm.connections.pooling - HHH10001005: Database info:
	Database JDBC URL [Connecting through datasource 'HikariDataSource (HikariPool-1)']
	Database driver: undefined/unknown
	Database version: 8.0.28
	Autocommit mode: undefined/unknown
	Isolation level: undefined/unknown
	Minimum pool size: undefined/unknown
	Maximum pool size: undefined/unknown
2025-04-16 01:08:07 [] INFO  org.hibernate.engine.transaction.jta.platform.internal.JtaPlatformInitiator - HHH000489: No JTA platform available (set 'hibernate.transaction.jta.platform' to enable JTA platform integration)
2025-04-16 01:08:07 [] INFO  org.springframework.orm.jpa.LocalContainerEntityManagerFactoryBean - Initialized JPA EntityManagerFactory for persistence unit 'default'
2025-04-16 01:08:07 [] INFO  org.springframework.data.jpa.repository.query.QueryEnhancerFactory - Hibernate is in classpath; If applicable, HQL parser will be used.
2025-04-16 01:08:10 [] WARN  org.springframework.boot.autoconfigure.orm.jpa.JpaBaseConfiguration$JpaWebConfiguration - spring.jpa.open-in-view is enabled by default. Therefore, database queries may be performed during view rendering. Explicitly configure spring.jpa.open-in-view to disable this warning
2025-04-16 01:08:10 [] INFO  org.springframework.security.config.annotation.authentication.configuration.InitializeAuthenticationProviderBeanManagerConfigurer$InitializeAuthenticationProviderManagerConfigurer - Global AuthenticationManager configured with AuthenticationProvider bean with name authenticationProvider
2025-04-16 01:08:10 [] WARN  org.springframework.security.config.annotation.authentication.configuration.InitializeUserDetailsBeanManagerConfigurer$InitializeUserDetailsManagerConfigurer - Global AuthenticationManager configured with an AuthenticationProvider bean. UserDetailsService beans will not be used by Spring Security for automatically configuring username/password login. Consider removing the AuthenticationProvider bean. Alternatively, consider using the UserDetailsService in a manually instantiated DaoAuthenticationProvider. If the current configuration is intentional, to turn off this warning, increase the logging level of 'org.springframework.security.config.annotation.authentication.configuration.InitializeUserDetailsBeanManagerConfigurer' to ERROR
2025-04-16 01:08:11 [] INFO  org.springframework.boot.devtools.autoconfigure.OptionalLiveReloadServer - LiveReload server is running on port 35729
2025-04-16 01:08:11 [] INFO  org.apache.coyote.http11.Http11NioProtocol - Starting ProtocolHandler ["http-nio-8080"]
2025-04-16 01:08:11 [] INFO  org.springframework.boot.web.embedded.tomcat.TomcatWebServer - Tomcat started on port 8080 (http) with context path '/tailor-master'
2025-04-16 01:08:11 [] INFO  com.example.tailormaster.TailorMasterAppApplication - Started TailorMasterAppApplication in 13.039 seconds (process running for 15.406)
2025-04-16 01:08:51 [] INFO  org.apache.catalina.core.ContainerBase.[Tomcat].[localhost].[/tailor-master] - Initializing Spring DispatcherServlet 'dispatcherServlet'
2025-04-16 01:08:51 [] INFO  org.springframework.web.servlet.DispatcherServlet - Initializing Servlet 'dispatcherServlet'
2025-04-16 01:08:51 [] INFO  org.springframework.web.servlet.DispatcherServlet - Completed initialization in 0 ms
2025-04-16 01:08:51 [abdullateef] INFO  com.example.tailormaster.filter.LoggingInterceptor - User 'abdullateef' is requesting: GET /tailor-master/dashboard
2025-04-16 01:09:11 [abdullateef] INFO  com.example.tailormaster.controller.HomeController - User 'abdullateef' accessed the dashboard
2025-04-16 01:09:12 [abdullateef] INFO  com.example.tailormaster.filter.LoggingInterceptor - User 'abdullateef' is requesting: GET /tailor-master/dashboard/notifications/upcoming-deliveries
2025-04-16 01:09:12 [abdullateef] INFO  com.example.tailormaster.filter.LoggingInterceptor - User 'abdullateef' is requesting: GET /tailor-master/dashboard/total-orders
2025-04-16 01:09:12 [abdullateef] INFO  com.example.tailormaster.filter.LoggingInterceptor - User 'abdullateef' is requesting: GET /tailor-master/dashboard/pending-payments
2025-04-16 01:09:12 [abdullateef] INFO  com.example.tailormaster.filter.LoggingInterceptor - User 'abdullateef' is requesting: GET /tailor-master/dashboard/total-customers
2025-04-16 01:09:12 [abdullateef] INFO  com.example.tailormaster.filter.LoggingInterceptor - User 'abdullateef' is requesting: GET /tailor-master/dashboard/revenue-this-month
2025-04-16 01:09:12 [abdullateef] INFO  com.example.tailormaster.filter.LoggingInterceptor - User 'abdullateef' is requesting: GET /tailor-master/dashboard/monthly-revenue-trends
2025-04-16 01:09:28 [abdullateef] INFO  com.example.tailormaster.controller.dashboard.DashboardController - Requested revenue-this-month.
2025-04-16 01:09:28 [abdullateef] INFO  com.example.tailormaster.controller.dashboard.DashboardController - Requested total customers.
2025-04-16 01:09:28 [abdullateef] INFO  com.example.tailormaster.controller.dashboard.DashboardController - Requested pending payments.
2025-04-16 01:09:28 [abdullateef] INFO  com.example.tailormaster.service.dashboard.DashboardService - Total pending payments: 7
2025-04-16 01:09:28 [abdullateef] INFO  com.example.tailormaster.controller.dashboard.DashboardController - Pending payments: 7
2025-04-16 01:09:28 [abdullateef] INFO  com.example.tailormaster.service.dashboard.DashboardService - Revenue this month: 264000.00
2025-04-16 01:09:28 [abdullateef] INFO  com.example.tailormaster.controller.dashboard.DashboardController - Revenue this month: 264000.00
2025-04-16 01:09:28 [abdullateef] INFO  com.example.tailormaster.controller.dashboard.DashboardController - Requested total orders.
2025-04-16 01:09:28 [abdullateef] INFO  com.example.tailormaster.controller.dashboard.DashboardController - Requested upcoming deliveries.
2025-04-16 01:09:29 [abdullateef] INFO  com.example.tailormaster.controller.dashboard.DashboardController - Requested monthly-revenue-trends.
2025-04-16 01:09:29 [abdullateef] INFO  com.example.tailormaster.service.dashboard.DashboardService - Upcoming deliveries fetched: 10
2025-04-16 01:09:29 [abdullateef] INFO  com.example.tailormaster.controller.dashboard.DashboardController - Upcoming deliveries fetched: 10
2025-04-16 01:09:29 [abdullateef] INFO  com.example.tailormaster.service.dashboard.DashboardService - Monthly revenue trends fetched successfully
2025-04-16 01:09:29 [abdullateef] INFO  com.example.tailormaster.filter.LoggingInterceptor - User 'abdullateef' is requesting: GET /tailor-master/dashboard/order-status-counts
2025-04-16 01:09:29 [abdullateef] INFO  com.example.tailormaster.filter.LoggingInterceptor - User 'abdullateef' is requesting: GET /tailor-master/dashboard/recent-orders
2025-04-16 01:09:30 [abdullateef] INFO  com.example.tailormaster.filter.LoggingInterceptor - User 'abdullateef' is requesting: GET /tailor-master/dashboard/customers/top
2025-04-16 01:09:30 [abdullateef] INFO  com.example.tailormaster.service.dashboard.DashboardService - Total customers: 32
2025-04-16 01:09:30 [abdullateef] INFO  com.example.tailormaster.controller.dashboard.DashboardController - Total customers: 32
2025-04-16 01:09:30 [abdullateef] INFO  com.example.tailormaster.service.dashboard.DashboardService - Total orders: 55
2025-04-16 01:09:30 [abdullateef] INFO  com.example.tailormaster.controller.dashboard.DashboardController - Total orders: 55
2025-04-16 01:09:31 [abdullateef] INFO  com.example.tailormaster.controller.dashboard.DashboardController - Requested order-status-counts.
2025-04-16 01:09:31 [abdullateef] INFO  com.example.tailormaster.controller.dashboard.DashboardController - Requested top customers.
2025-04-16 01:09:31 [abdullateef] INFO  com.example.tailormaster.controller.dashboard.DashboardController - Requested recent-orders.
2025-04-16 01:09:31 [abdullateef] INFO  com.example.tailormaster.service.dashboard.DashboardService - Top customers fetched: 5
2025-04-16 01:09:31 [abdullateef] INFO  com.example.tailormaster.controller.dashboard.DashboardController - Top customers fetched: 5
2025-04-16 01:09:31 [abdullateef] INFO  com.example.tailormaster.service.dashboard.DashboardService - Recent orders fetched: 5 orders
2025-04-16 01:09:31 [abdullateef] INFO  com.example.tailormaster.controller.dashboard.DashboardController - Recent orders fetched: 5
2025-04-16 01:09:31 [abdullateef] INFO  com.example.tailormaster.service.dashboard.DashboardService - Order status counts: {Pending=8, InProgress=3, Completed=43, Ready for Pickup=5}
2025-04-16 01:09:31 [abdullateef] INFO  com.example.tailormaster.controller.dashboard.DashboardController - Order status counts: {Pending=8, InProgress=3, Completed=43, Ready for Pickup=5}
2025-04-16 01:09:48 [abdullateef] INFO  com.example.tailormaster.filter.LoggingInterceptor - User 'abdullateef' is requesting: GET /tailor-master/dashboard
2025-04-16 01:09:48 [abdullateef] INFO  com.example.tailormaster.controller.HomeController - User 'abdullateef' accessed the dashboard
2025-04-16 01:09:49 [abdullateef] INFO  com.example.tailormaster.filter.LoggingInterceptor - User 'abdullateef' is requesting: GET /tailor-master/dashboard/total-customers
2025-04-16 01:09:49 [abdullateef] INFO  com.example.tailormaster.filter.LoggingInterceptor - User 'abdullateef' is requesting: GET /tailor-master/dashboard/notifications/upcoming-deliveries
2025-04-16 01:09:49 [abdullateef] INFO  com.example.tailormaster.controller.dashboard.DashboardController - Requested upcoming deliveries.
2025-04-16 01:09:49 [abdullateef] INFO  com.example.tailormaster.controller.dashboard.DashboardController - Requested total customers.
2025-04-16 01:09:49 [abdullateef] INFO  com.example.tailormaster.filter.LoggingInterceptor - User 'abdullateef' is requesting: GET /tailor-master/dashboard/total-orders
2025-04-16 01:09:49 [abdullateef] INFO  com.example.tailormaster.filter.LoggingInterceptor - User 'abdullateef' is requesting: GET /tailor-master/dashboard/pending-payments
2025-04-16 01:09:49 [abdullateef] INFO  com.example.tailormaster.controller.dashboard.DashboardController - Requested pending payments.
2025-04-16 01:09:49 [abdullateef] INFO  com.example.tailormaster.service.dashboard.DashboardService - Total pending payments: 7
2025-04-16 01:09:49 [abdullateef] INFO  com.example.tailormaster.controller.dashboard.DashboardController - Pending payments: 7
2025-04-16 01:09:49 [abdullateef] INFO  com.example.tailormaster.filter.LoggingInterceptor - User 'abdullateef' is requesting: GET /tailor-master/dashboard/revenue-this-month
2025-04-16 01:09:49 [abdullateef] INFO  com.example.tailormaster.service.dashboard.DashboardService - Upcoming deliveries fetched: 10
2025-04-16 01:09:49 [abdullateef] INFO  com.example.tailormaster.controller.dashboard.DashboardController - Upcoming deliveries fetched: 10
2025-04-16 01:09:49 [abdullateef] INFO  com.example.tailormaster.controller.dashboard.DashboardController - Requested total orders.
2025-04-16 01:09:49 [abdullateef] INFO  com.example.tailormaster.controller.dashboard.DashboardController - Requested revenue-this-month.
2025-04-16 01:09:49 [abdullateef] INFO  com.example.tailormaster.service.dashboard.DashboardService - Revenue this month: 264000.00
2025-04-16 01:09:49 [abdullateef] INFO  com.example.tailormaster.controller.dashboard.DashboardController - Revenue this month: 264000.00
2025-04-16 01:09:49 [abdullateef] INFO  com.example.tailormaster.filter.LoggingInterceptor - User 'abdullateef' is requesting: GET /tailor-master/dashboard/monthly-revenue-trends
2025-04-16 01:09:49 [abdullateef] INFO  com.example.tailormaster.filter.LoggingInterceptor - User 'abdullateef' is requesting: GET /tailor-master/dashboard/order-status-counts
2025-04-16 01:09:49 [abdullateef] INFO  com.example.tailormaster.controller.dashboard.DashboardController - Requested monthly-revenue-trends.
2025-04-16 01:09:49 [abdullateef] INFO  com.example.tailormaster.controller.dashboard.DashboardController - Requested order-status-counts.
2025-04-16 01:09:49 [abdullateef] INFO  com.example.tailormaster.service.dashboard.DashboardService - Order status counts: {Pending=8, InProgress=3, Completed=43, Ready for Pickup=5}
2025-04-16 01:09:49 [abdullateef] INFO  com.example.tailormaster.controller.dashboard.DashboardController - Order status counts: {Pending=8, InProgress=3, Completed=43, Ready for Pickup=5}
2025-04-16 01:09:49 [abdullateef] INFO  com.example.tailormaster.filter.LoggingInterceptor - User 'abdullateef' is requesting: GET /tailor-master/dashboard/customers/top
2025-04-16 01:09:49 [abdullateef] INFO  com.example.tailormaster.filter.LoggingInterceptor - User 'abdullateef' is requesting: GET /tailor-master/dashboard/recent-orders
2025-04-16 01:09:49 [abdullateef] INFO  com.example.tailormaster.controller.dashboard.DashboardController - Requested top customers.
2025-04-16 01:09:49 [abdullateef] INFO  com.example.tailormaster.service.dashboard.DashboardService - Top customers fetched: 5
2025-04-16 01:09:49 [abdullateef] INFO  com.example.tailormaster.controller.dashboard.DashboardController - Top customers fetched: 5
2025-04-16 01:09:49 [abdullateef] INFO  com.example.tailormaster.controller.dashboard.DashboardController - Requested recent-orders.
2025-04-16 01:09:49 [abdullateef] INFO  com.example.tailormaster.service.dashboard.DashboardService - Total customers: 32
2025-04-16 01:09:49 [abdullateef] INFO  com.example.tailormaster.controller.dashboard.DashboardController - Total customers: 32
2025-04-16 01:09:49 [abdullateef] INFO  com.example.tailormaster.service.dashboard.DashboardService - Total orders: 55
2025-04-16 01:09:49 [abdullateef] INFO  com.example.tailormaster.controller.dashboard.DashboardController - Total orders: 55
2025-04-16 01:09:49 [abdullateef] INFO  com.example.tailormaster.service.dashboard.DashboardService - Recent orders fetched: 5 orders
2025-04-16 01:09:49 [abdullateef] INFO  com.example.tailormaster.controller.dashboard.DashboardController - Recent orders fetched: 5
2025-04-16 01:09:49 [abdullateef] INFO  com.example.tailormaster.service.dashboard.DashboardService - Monthly revenue trends fetched successfully
2025-04-16 01:11:43 [] INFO  org.springframework.boot.web.embedded.tomcat.GracefulShutdown - Commencing graceful shutdown. Waiting for active requests to complete
2025-04-16 01:11:44 [] INFO  org.springframework.boot.web.embedded.tomcat.GracefulShutdown - Graceful shutdown complete
2025-04-16 01:11:45 [] INFO  org.springframework.orm.jpa.LocalContainerEntityManagerFactoryBean - Closing JPA EntityManagerFactory for persistence unit 'default'
2025-04-16 01:11:45 [] INFO  com.zaxxer.hikari.HikariDataSource - HikariPool-1 - Shutdown initiated...
2025-04-16 01:11:45 [] INFO  com.zaxxer.hikari.HikariDataSource - HikariPool-1 - Shutdown completed.
2025-04-16 01:11:52 [] INFO  org.hibernate.validator.internal.util.Version - HV000001: Hibernate Validator 8.0.2.Final
2025-04-16 01:11:52 [] INFO  com.example.tailormaster.TailorMasterAppApplication - Starting TailorMasterAppApplication using Java 17.0.2 with PID 17600 (E:\Development-Workspaces\tailor-master-app\tailor-master-app\target\classes started by wajiz.pk in E:\Development-Workspaces\tailor-master-app\tailor-master-app)
2025-04-16 01:11:52 [] INFO  com.example.tailormaster.TailorMasterAppApplication - No active profile set, falling back to 1 default profile: "default"
2025-04-16 01:11:53 [] INFO  org.springframework.boot.devtools.env.DevToolsPropertyDefaultsPostProcessor - Devtools property defaults active! Set 'spring.devtools.add-properties' to 'false' to disable
2025-04-16 01:11:53 [] INFO  org.springframework.boot.devtools.env.DevToolsPropertyDefaultsPostProcessor - For additional web related logging consider setting the 'logging.level.web' property to 'DEBUG'
2025-04-16 01:11:54 [] INFO  org.springframework.data.repository.config.RepositoryConfigurationDelegate - Bootstrapping Spring Data JPA repositories in DEFAULT mode.
2025-04-16 01:11:55 [] INFO  org.springframework.data.repository.config.RepositoryConfigurationDelegate - Finished Spring Data repository scanning in 187 ms. Found 7 JPA repository interfaces.
2025-04-16 01:11:56 [] INFO  org.springframework.boot.web.embedded.tomcat.TomcatWebServer - Tomcat initialized with port 8080 (http)
2025-04-16 01:11:56 [] INFO  org.apache.coyote.http11.Http11NioProtocol - Initializing ProtocolHandler ["http-nio-8080"]
2025-04-16 01:11:56 [] INFO  org.apache.catalina.core.StandardService - Starting service [Tomcat]
2025-04-16 01:11:56 [] INFO  org.apache.catalina.core.StandardEngine - Starting Servlet engine: [Apache Tomcat/10.1.40]
2025-04-16 01:11:56 [] INFO  org.apache.catalina.core.ContainerBase.[Tomcat].[localhost].[/tailor-master] - Initializing Spring embedded WebApplicationContext
2025-04-16 01:11:56 [] INFO  org.springframework.boot.web.servlet.context.ServletWebServerApplicationContext - Root WebApplicationContext: initialization completed in 3259 ms
2025-04-16 01:11:56 [] INFO  org.hibernate.jpa.internal.util.LogHelper - HHH000204: Processing PersistenceUnitInfo [name: default]
2025-04-16 01:11:56 [] INFO  org.hibernate.Version - HHH000412: Hibernate ORM core version 6.6.4.Final
2025-04-16 01:11:56 [] INFO  org.hibernate.cache.internal.RegionFactoryInitiator - HHH000026: Second-level cache disabled
2025-04-16 01:11:57 [] INFO  org.springframework.orm.jpa.persistenceunit.SpringPersistenceUnitInfo - No LoadTimeWeaver setup: ignoring JPA class transformer
2025-04-16 01:11:57 [] INFO  com.zaxxer.hikari.HikariDataSource - HikariPool-1 - Starting...
2025-04-16 01:11:57 [] INFO  com.zaxxer.hikari.pool.HikariPool - HikariPool-1 - Added connection com.mysql.cj.jdbc.ConnectionImpl@e5d2a68
2025-04-16 01:11:57 [] INFO  com.zaxxer.hikari.HikariDataSource - HikariPool-1 - Start completed.
2025-04-16 01:11:57 [] INFO  org.hibernate.orm.connections.pooling - HHH10001005: Database info:
	Database JDBC URL [Connecting through datasource 'HikariDataSource (HikariPool-1)']
	Database driver: undefined/unknown
	Database version: 8.0.28
	Autocommit mode: undefined/unknown
	Isolation level: undefined/unknown
	Minimum pool size: undefined/unknown
	Maximum pool size: undefined/unknown
2025-04-16 01:11:59 [] INFO  org.hibernate.engine.transaction.jta.platform.internal.JtaPlatformInitiator - HHH000489: No JTA platform available (set 'hibernate.transaction.jta.platform' to enable JTA platform integration)
2025-04-16 01:11:59 [] INFO  org.springframework.orm.jpa.LocalContainerEntityManagerFactoryBean - Initialized JPA EntityManagerFactory for persistence unit 'default'
2025-04-16 01:12:00 [] INFO  org.springframework.data.jpa.repository.query.QueryEnhancerFactory - Hibernate is in classpath; If applicable, HQL parser will be used.
2025-04-16 01:12:03 [] WARN  org.springframework.boot.autoconfigure.orm.jpa.JpaBaseConfiguration$JpaWebConfiguration - spring.jpa.open-in-view is enabled by default. Therefore, database queries may be performed during view rendering. Explicitly configure spring.jpa.open-in-view to disable this warning
2025-04-16 01:12:03 [] INFO  org.springframework.security.config.annotation.authentication.configuration.InitializeAuthenticationProviderBeanManagerConfigurer$InitializeAuthenticationProviderManagerConfigurer - Global AuthenticationManager configured with AuthenticationProvider bean with name authenticationProvider
2025-04-16 01:12:03 [] WARN  org.springframework.security.config.annotation.authentication.configuration.InitializeUserDetailsBeanManagerConfigurer$InitializeUserDetailsManagerConfigurer - Global AuthenticationManager configured with an AuthenticationProvider bean. UserDetailsService beans will not be used by Spring Security for automatically configuring username/password login. Consider removing the AuthenticationProvider bean. Alternatively, consider using the UserDetailsService in a manually instantiated DaoAuthenticationProvider. If the current configuration is intentional, to turn off this warning, increase the logging level of 'org.springframework.security.config.annotation.authentication.configuration.InitializeUserDetailsBeanManagerConfigurer' to ERROR
2025-04-16 01:12:04 [] INFO  org.springframework.boot.devtools.autoconfigure.OptionalLiveReloadServer - LiveReload server is running on port 35729
2025-04-16 01:12:04 [] INFO  org.apache.coyote.http11.Http11NioProtocol - Starting ProtocolHandler ["http-nio-8080"]
2025-04-16 01:12:04 [] INFO  org.springframework.boot.web.embedded.tomcat.TomcatWebServer - Tomcat started on port 8080 (http) with context path '/tailor-master'
2025-04-16 01:12:04 [] INFO  com.example.tailormaster.TailorMasterAppApplication - Started TailorMasterAppApplication in 12.41 seconds (process running for 14.831)
2025-04-16 01:12:13 [] INFO  org.apache.catalina.core.ContainerBase.[Tomcat].[localhost].[/tailor-master] - Initializing Spring DispatcherServlet 'dispatcherServlet'
2025-04-16 01:12:13 [] INFO  org.springframework.web.servlet.DispatcherServlet - Initializing Servlet 'dispatcherServlet'
2025-04-16 01:12:13 [] INFO  org.springframework.web.servlet.DispatcherServlet - Completed initialization in 0 ms
2025-04-16 01:12:13 [abdullateef] INFO  com.example.tailormaster.filter.LoggingInterceptor - User 'abdullateef' is requesting: GET /tailor-master/dashboard
2025-04-16 01:12:13 [abdullateef] INFO  com.example.tailormaster.controller.HomeController - User 'abdullateef' accessed the dashboard
2025-04-16 01:12:15 [abdullateef] INFO  com.example.tailormaster.filter.LoggingInterceptor - User 'abdullateef' is requesting: GET /tailor-master/dashboard/notifications/upcoming-deliveries
2025-04-16 01:12:15 [abdullateef] INFO  com.example.tailormaster.filter.LoggingInterceptor - User 'abdullateef' is requesting: GET /tailor-master/dashboard/total-customers
2025-04-16 01:12:15 [abdullateef] INFO  com.example.tailormaster.filter.LoggingInterceptor - User 'abdullateef' is requesting: GET /tailor-master/dashboard/total-orders
2025-04-16 01:12:15 [abdullateef] INFO  com.example.tailormaster.controller.dashboard.DashboardController - Requested total orders.
2025-04-16 01:12:15 [abdullateef] INFO  com.example.tailormaster.controller.dashboard.DashboardController - Requested upcoming deliveries.
2025-04-16 01:12:15 [abdullateef] INFO  com.example.tailormaster.controller.dashboard.DashboardController - Requested total customers.
2025-04-16 01:12:15 [abdullateef] INFO  com.example.tailormaster.filter.LoggingInterceptor - User 'abdullateef' is requesting: GET /tailor-master/dashboard/pending-payments
2025-04-16 01:12:15 [abdullateef] INFO  com.example.tailormaster.controller.dashboard.DashboardController - Requested pending payments.
2025-04-16 01:12:15 [abdullateef] INFO  com.example.tailormaster.service.dashboard.DashboardService - Total pending payments: 7
2025-04-16 01:12:15 [abdullateef] INFO  com.example.tailormaster.controller.dashboard.DashboardController - Pending payments: 7
2025-04-16 01:12:15 [abdullateef] INFO  com.example.tailormaster.filter.LoggingInterceptor - User 'abdullateef' is requesting: GET /tailor-master/dashboard/revenue-this-month
2025-04-16 01:12:15 [abdullateef] INFO  com.example.tailormaster.service.dashboard.DashboardService - Upcoming deliveries fetched: 10
2025-04-16 01:12:15 [abdullateef] INFO  com.example.tailormaster.controller.dashboard.DashboardController - Upcoming deliveries fetched: 10
2025-04-16 01:12:15 [abdullateef] INFO  com.example.tailormaster.filter.LoggingInterceptor - User 'abdullateef' is requesting: GET /tailor-master/dashboard/monthly-revenue-trends
2025-04-16 01:12:15 [abdullateef] INFO  com.example.tailormaster.controller.dashboard.DashboardController - Requested revenue-this-month.
2025-04-16 01:12:15 [abdullateef] INFO  com.example.tailormaster.controller.dashboard.DashboardController - Requested monthly-revenue-trends.
2025-04-16 01:12:15 [abdullateef] INFO  com.example.tailormaster.service.dashboard.DashboardService - Revenue this month: 264000.00
2025-04-16 01:12:15 [abdullateef] INFO  com.example.tailormaster.controller.dashboard.DashboardController - Revenue this month: 264000.00
2025-04-16 01:12:15 [abdullateef] INFO  com.example.tailormaster.filter.LoggingInterceptor - User 'abdullateef' is requesting: GET /tailor-master/dashboard/order-status-counts
2025-04-16 01:12:15 [abdullateef] INFO  com.example.tailormaster.controller.dashboard.DashboardController - Requested order-status-counts.
2025-04-16 01:12:15 [abdullateef] INFO  com.example.tailormaster.filter.LoggingInterceptor - User 'abdullateef' is requesting: GET /tailor-master/dashboard/recent-orders
2025-04-16 01:12:15 [abdullateef] INFO  com.example.tailormaster.controller.dashboard.DashboardController - Requested recent-orders.
2025-04-16 01:12:15 [abdullateef] INFO  com.example.tailormaster.service.dashboard.DashboardService - Order status counts: {Pending=8, InProgress=3, Completed=43, Ready for Pickup=5}
2025-04-16 01:12:15 [abdullateef] INFO  com.example.tailormaster.controller.dashboard.DashboardController - Order status counts: {Pending=8, InProgress=3, Completed=43, Ready for Pickup=5}
2025-04-16 01:12:15 [abdullateef] INFO  com.example.tailormaster.service.dashboard.DashboardService - Recent orders fetched: 5 orders
2025-04-16 01:12:15 [abdullateef] INFO  com.example.tailormaster.controller.dashboard.DashboardController - Recent orders fetched: 5
2025-04-16 01:12:15 [abdullateef] INFO  com.example.tailormaster.filter.LoggingInterceptor - User 'abdullateef' is requesting: GET /tailor-master/dashboard/customers/top
2025-04-16 01:12:15 [abdullateef] INFO  com.example.tailormaster.controller.dashboard.DashboardController - Requested top customers.
2025-04-16 01:12:15 [abdullateef] INFO  com.example.tailormaster.service.dashboard.DashboardService - Top customers fetched: 5
2025-04-16 01:12:15 [abdullateef] INFO  com.example.tailormaster.controller.dashboard.DashboardController - Top customers fetched: 5
2025-04-16 01:12:15 [abdullateef] INFO  com.example.tailormaster.service.dashboard.DashboardService - Monthly revenue trends fetched successfully
2025-04-16 01:12:15 [abdullateef] INFO  com.example.tailormaster.service.dashboard.DashboardService - Total orders: 55
2025-04-16 01:12:15 [abdullateef] INFO  com.example.tailormaster.controller.dashboard.DashboardController - Total orders: 55
2025-04-16 01:12:15 [abdullateef] INFO  com.example.tailormaster.service.dashboard.DashboardService - Total customers: 32
2025-04-16 01:12:15 [abdullateef] INFO  com.example.tailormaster.controller.dashboard.DashboardController - Total customers: 32
2025-04-16 01:13:37 [] INFO  org.springframework.boot.web.embedded.tomcat.GracefulShutdown - Commencing graceful shutdown. Waiting for active requests to complete
2025-04-16 01:13:38 [] INFO  org.springframework.boot.web.embedded.tomcat.GracefulShutdown - Graceful shutdown complete
2025-04-16 01:13:38 [] INFO  org.springframework.orm.jpa.LocalContainerEntityManagerFactoryBean - Closing JPA EntityManagerFactory for persistence unit 'default'
2025-04-16 01:13:38 [] INFO  com.zaxxer.hikari.HikariDataSource - HikariPool-1 - Shutdown initiated...
2025-04-16 01:13:38 [] INFO  com.zaxxer.hikari.HikariDataSource - HikariPool-1 - Shutdown completed.
2025-04-16 01:13:47 [] INFO  org.hibernate.validator.internal.util.Version - HV000001: Hibernate Validator 8.0.2.Final
2025-04-16 01:13:47 [] INFO  com.example.tailormaster.TailorMasterAppApplication - Starting TailorMasterAppApplication using Java 17.0.2 with PID 9852 (E:\Development-Workspaces\tailor-master-app\tailor-master-app\target\classes started by wajiz.pk in E:\Development-Workspaces\tailor-master-app\tailor-master-app)
2025-04-16 01:13:47 [] INFO  com.example.tailormaster.TailorMasterAppApplication - No active profile set, falling back to 1 default profile: "default"
2025-04-16 01:13:47 [] INFO  org.springframework.boot.devtools.env.DevToolsPropertyDefaultsPostProcessor - Devtools property defaults active! Set 'spring.devtools.add-properties' to 'false' to disable
2025-04-16 01:13:47 [] INFO  org.springframework.boot.devtools.env.DevToolsPropertyDefaultsPostProcessor - For additional web related logging consider setting the 'logging.level.web' property to 'DEBUG'
2025-04-16 01:13:49 [] INFO  org.springframework.data.repository.config.RepositoryConfigurationDelegate - Bootstrapping Spring Data JPA repositories in DEFAULT mode.
2025-04-16 01:13:49 [] INFO  org.springframework.data.repository.config.RepositoryConfigurationDelegate - Finished Spring Data repository scanning in 179 ms. Found 7 JPA repository interfaces.
2025-04-16 01:13:51 [] INFO  org.springframework.boot.web.embedded.tomcat.TomcatWebServer - Tomcat initialized with port 8080 (http)
2025-04-16 01:13:51 [] INFO  org.apache.coyote.http11.Http11NioProtocol - Initializing ProtocolHandler ["http-nio-8080"]
2025-04-16 01:13:51 [] INFO  org.apache.catalina.core.StandardService - Starting service [Tomcat]
2025-04-16 01:13:51 [] INFO  org.apache.catalina.core.StandardEngine - Starting Servlet engine: [Apache Tomcat/10.1.40]
2025-04-16 01:13:51 [] INFO  org.apache.catalina.core.ContainerBase.[Tomcat].[localhost].[/tailor-master] - Initializing Spring embedded WebApplicationContext
2025-04-16 01:13:51 [] INFO  org.springframework.boot.web.servlet.context.ServletWebServerApplicationContext - Root WebApplicationContext: initialization completed in 3622 ms
2025-04-16 01:13:51 [] INFO  org.hibernate.jpa.internal.util.LogHelper - HHH000204: Processing PersistenceUnitInfo [name: default]
2025-04-16 01:13:51 [] INFO  org.hibernate.Version - HHH000412: Hibernate ORM core version 6.6.4.Final
2025-04-16 01:13:51 [] INFO  org.hibernate.cache.internal.RegionFactoryInitiator - HHH000026: Second-level cache disabled
2025-04-16 01:13:52 [] INFO  org.springframework.orm.jpa.persistenceunit.SpringPersistenceUnitInfo - No LoadTimeWeaver setup: ignoring JPA class transformer
2025-04-16 01:13:52 [] INFO  com.zaxxer.hikari.HikariDataSource - HikariPool-1 - Starting...
2025-04-16 01:13:53 [] INFO  com.zaxxer.hikari.pool.HikariPool - HikariPool-1 - Added connection com.mysql.cj.jdbc.ConnectionImpl@5a666d7f
2025-04-16 01:13:53 [] INFO  com.zaxxer.hikari.HikariDataSource - HikariPool-1 - Start completed.
2025-04-16 01:13:53 [] INFO  org.hibernate.orm.connections.pooling - HHH10001005: Database info:
	Database JDBC URL [Connecting through datasource 'HikariDataSource (HikariPool-1)']
	Database driver: undefined/unknown
	Database version: 8.0.28
	Autocommit mode: undefined/unknown
	Isolation level: undefined/unknown
	Minimum pool size: undefined/unknown
	Maximum pool size: undefined/unknown
2025-04-16 01:13:56 [] INFO  org.hibernate.engine.transaction.jta.platform.internal.JtaPlatformInitiator - HHH000489: No JTA platform available (set 'hibernate.transaction.jta.platform' to enable JTA platform integration)
2025-04-16 01:13:56 [] INFO  org.springframework.orm.jpa.LocalContainerEntityManagerFactoryBean - Initialized JPA EntityManagerFactory for persistence unit 'default'
2025-04-16 01:13:57 [] INFO  org.springframework.data.jpa.repository.query.QueryEnhancerFactory - Hibernate is in classpath; If applicable, HQL parser will be used.
2025-04-16 01:14:02 [] WARN  org.springframework.boot.autoconfigure.orm.jpa.JpaBaseConfiguration$JpaWebConfiguration - spring.jpa.open-in-view is enabled by default. Therefore, database queries may be performed during view rendering. Explicitly configure spring.jpa.open-in-view to disable this warning
2025-04-16 01:14:02 [] INFO  org.springframework.security.config.annotation.authentication.configuration.InitializeAuthenticationProviderBeanManagerConfigurer$InitializeAuthenticationProviderManagerConfigurer - Global AuthenticationManager configured with AuthenticationProvider bean with name authenticationProvider
2025-04-16 01:14:02 [] WARN  org.springframework.security.config.annotation.authentication.configuration.InitializeUserDetailsBeanManagerConfigurer$InitializeUserDetailsManagerConfigurer - Global AuthenticationManager configured with an AuthenticationProvider bean. UserDetailsService beans will not be used by Spring Security for automatically configuring username/password login. Consider removing the AuthenticationProvider bean. Alternatively, consider using the UserDetailsService in a manually instantiated DaoAuthenticationProvider. If the current configuration is intentional, to turn off this warning, increase the logging level of 'org.springframework.security.config.annotation.authentication.configuration.InitializeUserDetailsBeanManagerConfigurer' to ERROR
2025-04-16 01:14:03 [] INFO  org.springframework.boot.devtools.autoconfigure.OptionalLiveReloadServer - LiveReload server is running on port 35729
2025-04-16 01:14:03 [] INFO  org.apache.coyote.http11.Http11NioProtocol - Starting ProtocolHandler ["http-nio-8080"]
2025-04-16 01:14:03 [] INFO  org.springframework.boot.web.embedded.tomcat.TomcatWebServer - Tomcat started on port 8080 (http) with context path '/tailor-master'
2025-04-16 01:14:03 [] INFO  com.example.tailormaster.TailorMasterAppApplication - Started TailorMasterAppApplication in 16.81 seconds (process running for 19.23)
2025-04-16 01:14:07 [] INFO  org.apache.catalina.core.ContainerBase.[Tomcat].[localhost].[/tailor-master] - Initializing Spring DispatcherServlet 'dispatcherServlet'
2025-04-16 01:14:07 [] INFO  org.springframework.web.servlet.DispatcherServlet - Initializing Servlet 'dispatcherServlet'
2025-04-16 01:14:07 [] INFO  org.springframework.web.servlet.DispatcherServlet - Completed initialization in 2 ms
2025-04-16 01:14:07 [abdullateef] INFO  com.example.tailormaster.filter.LoggingInterceptor - User 'abdullateef' is requesting: GET /tailor-master/dashboard
2025-04-16 01:14:07 [abdullateef] INFO  com.example.tailormaster.controller.HomeController - User 'abdullateef' accessed the dashboard
2025-04-16 01:14:08 [abdullateef] INFO  com.example.tailormaster.filter.LoggingInterceptor - User 'abdullateef' is requesting: GET /tailor-master/dashboard/notifications/upcoming-deliveries
2025-04-16 01:14:08 [abdullateef] INFO  com.example.tailormaster.filter.LoggingInterceptor - User 'abdullateef' is requesting: GET /tailor-master/dashboard/total-customers
2025-04-16 01:14:08 [abdullateef] INFO  com.example.tailormaster.filter.LoggingInterceptor - User 'abdullateef' is requesting: GET /tailor-master/dashboard/total-orders
2025-04-16 01:14:08 [abdullateef] INFO  com.example.tailormaster.filter.LoggingInterceptor - User 'abdullateef' is requesting: GET /tailor-master/dashboard/pending-payments
2025-04-16 01:14:08 [abdullateef] INFO  com.example.tailormaster.controller.dashboard.DashboardController - Requested upcoming deliveries.
2025-04-16 01:14:08 [abdullateef] INFO  com.example.tailormaster.controller.dashboard.DashboardController - Requested total orders.
2025-04-16 01:14:08 [abdullateef] INFO  com.example.tailormaster.controller.dashboard.DashboardController - Requested pending payments.
2025-04-16 01:14:08 [abdullateef] INFO  com.example.tailormaster.service.dashboard.DashboardService - Total pending payments: 7
2025-04-16 01:14:08 [abdullateef] INFO  com.example.tailormaster.controller.dashboard.DashboardController - Pending payments: 7
2025-04-16 01:14:08 [abdullateef] INFO  com.example.tailormaster.filter.LoggingInterceptor - User 'abdullateef' is requesting: GET /tailor-master/dashboard/revenue-this-month
2025-04-16 01:14:08 [abdullateef] INFO  com.example.tailormaster.controller.dashboard.DashboardController - Requested total customers.
2025-04-16 01:14:08 [abdullateef] INFO  com.example.tailormaster.controller.dashboard.DashboardController - Requested revenue-this-month.
2025-04-16 01:14:08 [abdullateef] INFO  com.example.tailormaster.service.dashboard.DashboardService - Revenue this month: 264000.00
2025-04-16 01:14:08 [abdullateef] INFO  com.example.tailormaster.controller.dashboard.DashboardController - Revenue this month: 264000.00
2025-04-16 01:14:08 [abdullateef] INFO  com.example.tailormaster.filter.LoggingInterceptor - User 'abdullateef' is requesting: GET /tailor-master/dashboard/monthly-revenue-trends
2025-04-16 01:14:08 [abdullateef] INFO  com.example.tailormaster.filter.LoggingInterceptor - User 'abdullateef' is requesting: GET /tailor-master/dashboard/order-status-counts
2025-04-16 01:14:08 [abdullateef] INFO  com.example.tailormaster.service.dashboard.DashboardService - Upcoming deliveries fetched: 10
2025-04-16 01:14:08 [abdullateef] INFO  com.example.tailormaster.controller.dashboard.DashboardController - Upcoming deliveries fetched: 10
2025-04-16 01:14:08 [abdullateef] INFO  com.example.tailormaster.controller.dashboard.DashboardController - Requested order-status-counts.
2025-04-16 01:14:08 [abdullateef] INFO  com.example.tailormaster.controller.dashboard.DashboardController - Requested monthly-revenue-trends.
2025-04-16 01:14:08 [abdullateef] INFO  com.example.tailormaster.service.dashboard.DashboardService - Order status counts: {Pending=8, InProgress=3, Completed=43, Ready for Pickup=5}
2025-04-16 01:14:08 [abdullateef] INFO  com.example.tailormaster.controller.dashboard.DashboardController - Order status counts: {Pending=8, InProgress=3, Completed=43, Ready for Pickup=5}
2025-04-16 01:14:08 [abdullateef] INFO  com.example.tailormaster.filter.LoggingInterceptor - User 'abdullateef' is requesting: GET /tailor-master/dashboard/recent-orders
2025-04-16 01:14:08 [abdullateef] INFO  com.example.tailormaster.controller.dashboard.DashboardController - Requested recent-orders.
2025-04-16 01:14:08 [abdullateef] INFO  com.example.tailormaster.filter.LoggingInterceptor - User 'abdullateef' is requesting: GET /tailor-master/dashboard/customers/top
2025-04-16 01:14:08 [abdullateef] INFO  com.example.tailormaster.controller.dashboard.DashboardController - Requested top customers.
2025-04-16 01:14:08 [abdullateef] INFO  com.example.tailormaster.service.dashboard.DashboardService - Top customers fetched: 5
2025-04-16 01:14:08 [abdullateef] INFO  com.example.tailormaster.controller.dashboard.DashboardController - Top customers fetched: 5
2025-04-16 01:14:08 [abdullateef] INFO  com.example.tailormaster.service.dashboard.DashboardService - Recent orders fetched: 5 orders
2025-04-16 01:14:08 [abdullateef] INFO  com.example.tailormaster.controller.dashboard.DashboardController - Recent orders fetched: 5
2025-04-16 01:14:08 [abdullateef] INFO  com.example.tailormaster.service.dashboard.DashboardService - Total orders: 55
2025-04-16 01:14:08 [abdullateef] INFO  com.example.tailormaster.controller.dashboard.DashboardController - Total orders: 55
2025-04-16 01:14:08 [abdullateef] INFO  com.example.tailormaster.service.dashboard.DashboardService - Monthly revenue trends fetched successfully
2025-04-16 01:14:08 [abdullateef] INFO  com.example.tailormaster.service.dashboard.DashboardService - Total customers: 32
2025-04-16 01:14:08 [abdullateef] INFO  com.example.tailormaster.controller.dashboard.DashboardController - Total customers: 32
2025-04-16 01:15:20 [] INFO  org.springframework.boot.web.embedded.tomcat.GracefulShutdown - Commencing graceful shutdown. Waiting for active requests to complete
2025-04-16 01:15:21 [] INFO  org.springframework.boot.web.embedded.tomcat.GracefulShutdown - Graceful shutdown complete
2025-04-16 01:15:21 [] INFO  org.springframework.orm.jpa.LocalContainerEntityManagerFactoryBean - Closing JPA EntityManagerFactory for persistence unit 'default'
2025-04-16 01:15:21 [] INFO  com.zaxxer.hikari.HikariDataSource - HikariPool-1 - Shutdown initiated...
2025-04-16 01:15:21 [] INFO  com.zaxxer.hikari.HikariDataSource - HikariPool-1 - Shutdown completed.
2025-04-16 01:15:28 [] INFO  org.hibernate.validator.internal.util.Version - HV000001: Hibernate Validator 8.0.2.Final
2025-04-16 01:15:28 [] INFO  com.example.tailormaster.TailorMasterAppApplication - Starting TailorMasterAppApplication using Java 17.0.2 with PID 2800 (E:\Development-Workspaces\tailor-master-app\tailor-master-app\target\classes started by wajiz.pk in E:\Development-Workspaces\tailor-master-app\tailor-master-app)
2025-04-16 01:15:28 [] INFO  com.example.tailormaster.TailorMasterAppApplication - No active profile set, falling back to 1 default profile: "default"
2025-04-16 01:15:28 [] INFO  org.springframework.boot.devtools.env.DevToolsPropertyDefaultsPostProcessor - Devtools property defaults active! Set 'spring.devtools.add-properties' to 'false' to disable
2025-04-16 01:15:28 [] INFO  org.springframework.boot.devtools.env.DevToolsPropertyDefaultsPostProcessor - For additional web related logging consider setting the 'logging.level.web' property to 'DEBUG'
2025-04-16 01:15:30 [] INFO  org.springframework.data.repository.config.RepositoryConfigurationDelegate - Bootstrapping Spring Data JPA repositories in DEFAULT mode.
2025-04-16 01:15:30 [] INFO  org.springframework.data.repository.config.RepositoryConfigurationDelegate - Finished Spring Data repository scanning in 140 ms. Found 7 JPA repository interfaces.
2025-04-16 01:15:31 [] INFO  org.springframework.boot.web.embedded.tomcat.TomcatWebServer - Tomcat initialized with port 8080 (http)
2025-04-16 01:15:31 [] INFO  org.apache.coyote.http11.Http11NioProtocol - Initializing ProtocolHandler ["http-nio-8080"]
2025-04-16 01:15:31 [] INFO  org.apache.catalina.core.StandardService - Starting service [Tomcat]
2025-04-16 01:15:31 [] INFO  org.apache.catalina.core.StandardEngine - Starting Servlet engine: [Apache Tomcat/10.1.40]
2025-04-16 01:15:31 [] INFO  org.apache.catalina.core.ContainerBase.[Tomcat].[localhost].[/tailor-master] - Initializing Spring embedded WebApplicationContext
2025-04-16 01:15:31 [] INFO  org.springframework.boot.web.servlet.context.ServletWebServerApplicationContext - Root WebApplicationContext: initialization completed in 2810 ms
2025-04-16 01:15:31 [] INFO  org.hibernate.jpa.internal.util.LogHelper - HHH000204: Processing PersistenceUnitInfo [name: default]
2025-04-16 01:15:31 [] INFO  org.hibernate.Version - HHH000412: Hibernate ORM core version 6.6.4.Final
2025-04-16 01:15:31 [] INFO  org.hibernate.cache.internal.RegionFactoryInitiator - HHH000026: Second-level cache disabled
2025-04-16 01:15:32 [] INFO  org.springframework.orm.jpa.persistenceunit.SpringPersistenceUnitInfo - No LoadTimeWeaver setup: ignoring JPA class transformer
2025-04-16 01:15:32 [] INFO  com.zaxxer.hikari.HikariDataSource - HikariPool-1 - Starting...
2025-04-16 01:15:32 [] INFO  com.zaxxer.hikari.pool.HikariPool - HikariPool-1 - Added connection com.mysql.cj.jdbc.ConnectionImpl@5a666d7f
2025-04-16 01:15:32 [] INFO  com.zaxxer.hikari.HikariDataSource - HikariPool-1 - Start completed.
2025-04-16 01:15:32 [] INFO  org.hibernate.orm.connections.pooling - HHH10001005: Database info:
	Database JDBC URL [Connecting through datasource 'HikariDataSource (HikariPool-1)']
	Database driver: undefined/unknown
	Database version: 8.0.28
	Autocommit mode: undefined/unknown
	Isolation level: undefined/unknown
	Minimum pool size: undefined/unknown
	Maximum pool size: undefined/unknown
2025-04-16 01:15:34 [] INFO  org.hibernate.engine.transaction.jta.platform.internal.JtaPlatformInitiator - HHH000489: No JTA platform available (set 'hibernate.transaction.jta.platform' to enable JTA platform integration)
2025-04-16 01:15:34 [] INFO  org.springframework.orm.jpa.LocalContainerEntityManagerFactoryBean - Initialized JPA EntityManagerFactory for persistence unit 'default'
2025-04-16 01:15:35 [] INFO  org.springframework.data.jpa.repository.query.QueryEnhancerFactory - Hibernate is in classpath; If applicable, HQL parser will be used.
2025-04-16 01:15:38 [] WARN  org.springframework.boot.autoconfigure.orm.jpa.JpaBaseConfiguration$JpaWebConfiguration - spring.jpa.open-in-view is enabled by default. Therefore, database queries may be performed during view rendering. Explicitly configure spring.jpa.open-in-view to disable this warning
2025-04-16 01:15:38 [] INFO  org.springframework.security.config.annotation.authentication.configuration.InitializeAuthenticationProviderBeanManagerConfigurer$InitializeAuthenticationProviderManagerConfigurer - Global AuthenticationManager configured with AuthenticationProvider bean with name authenticationProvider
2025-04-16 01:15:38 [] WARN  org.springframework.security.config.annotation.authentication.configuration.InitializeUserDetailsBeanManagerConfigurer$InitializeUserDetailsManagerConfigurer - Global AuthenticationManager configured with an AuthenticationProvider bean. UserDetailsService beans will not be used by Spring Security for automatically configuring username/password login. Consider removing the AuthenticationProvider bean. Alternatively, consider using the UserDetailsService in a manually instantiated DaoAuthenticationProvider. If the current configuration is intentional, to turn off this warning, increase the logging level of 'org.springframework.security.config.annotation.authentication.configuration.InitializeUserDetailsBeanManagerConfigurer' to ERROR
2025-04-16 01:15:39 [] INFO  org.springframework.boot.devtools.autoconfigure.OptionalLiveReloadServer - LiveReload server is running on port 35729
2025-04-16 01:15:39 [] INFO  org.apache.coyote.http11.Http11NioProtocol - Starting ProtocolHandler ["http-nio-8080"]
2025-04-16 01:15:39 [] INFO  org.springframework.boot.web.embedded.tomcat.TomcatWebServer - Tomcat started on port 8080 (http) with context path '/tailor-master'
2025-04-16 01:15:39 [] INFO  com.example.tailormaster.TailorMasterAppApplication - Started TailorMasterAppApplication in 11.83 seconds (process running for 14.046)
2025-04-16 01:16:08 [] INFO  org.apache.catalina.core.ContainerBase.[Tomcat].[localhost].[/tailor-master] - Initializing Spring DispatcherServlet 'dispatcherServlet'
2025-04-16 01:16:08 [] INFO  org.springframework.web.servlet.DispatcherServlet - Initializing Servlet 'dispatcherServlet'
2025-04-16 01:16:08 [] INFO  org.springframework.web.servlet.DispatcherServlet - Completed initialization in 3 ms
2025-04-16 01:16:08 [abdullateef] INFO  com.example.tailormaster.filter.LoggingInterceptor - User 'abdullateef' is requesting: GET /tailor-master/dashboard
2025-04-16 01:16:08 [abdullateef] INFO  com.example.tailormaster.controller.HomeController - User 'abdullateef' accessed the dashboard
2025-04-16 01:16:09 [abdullateef] INFO  com.example.tailormaster.filter.LoggingInterceptor - User 'abdullateef' is requesting: GET /tailor-master/dashboard/notifications/upcoming-deliveries
2025-04-16 01:16:09 [abdullateef] INFO  com.example.tailormaster.filter.LoggingInterceptor - User 'abdullateef' is requesting: GET /tailor-master/dashboard/total-customers
2025-04-16 01:16:09 [abdullateef] INFO  com.example.tailormaster.filter.LoggingInterceptor - User 'abdullateef' is requesting: GET /tailor-master/dashboard/total-orders
2025-04-16 01:16:09 [abdullateef] INFO  com.example.tailormaster.controller.dashboard.DashboardController - Requested upcoming deliveries.
2025-04-16 01:16:09 [abdullateef] INFO  com.example.tailormaster.controller.dashboard.DashboardController - Requested total customers.
2025-04-16 01:16:09 [abdullateef] INFO  com.example.tailormaster.filter.LoggingInterceptor - User 'abdullateef' is requesting: GET /tailor-master/dashboard/pending-payments
2025-04-16 01:16:10 [abdullateef] INFO  com.example.tailormaster.controller.dashboard.DashboardController - Requested pending payments.
2025-04-16 01:16:10 [abdullateef] INFO  com.example.tailormaster.controller.dashboard.DashboardController - Requested total orders.
2025-04-16 01:16:10 [abdullateef] INFO  com.example.tailormaster.filter.LoggingInterceptor - User 'abdullateef' is requesting: GET /tailor-master/dashboard/revenue-this-month
2025-04-16 01:16:10 [abdullateef] INFO  com.example.tailormaster.service.dashboard.DashboardService - Total pending payments: 7
2025-04-16 01:16:10 [abdullateef] INFO  com.example.tailormaster.controller.dashboard.DashboardController - Pending payments: 7
2025-04-16 01:16:10 [abdullateef] INFO  com.example.tailormaster.filter.LoggingInterceptor - User 'abdullateef' is requesting: GET /tailor-master/dashboard/monthly-revenue-trends
2025-04-16 01:16:10 [abdullateef] INFO  com.example.tailormaster.controller.dashboard.DashboardController - Requested revenue-this-month.
2025-04-16 01:16:10 [abdullateef] INFO  com.example.tailormaster.service.dashboard.DashboardService - Revenue this month: 264000.00
2025-04-16 01:16:10 [abdullateef] INFO  com.example.tailormaster.controller.dashboard.DashboardController - Revenue this month: 264000.00
2025-04-16 01:16:10 [abdullateef] INFO  com.example.tailormaster.controller.dashboard.DashboardController - Requested monthly-revenue-trends.
2025-04-16 01:16:10 [abdullateef] INFO  com.example.tailormaster.service.dashboard.DashboardService - Upcoming deliveries fetched: 10
2025-04-16 01:16:10 [abdullateef] INFO  com.example.tailormaster.controller.dashboard.DashboardController - Upcoming deliveries fetched: 10
2025-04-16 01:16:10 [abdullateef] INFO  com.example.tailormaster.filter.LoggingInterceptor - User 'abdullateef' is requesting: GET /tailor-master/dashboard/order-status-counts
2025-04-16 01:16:10 [abdullateef] INFO  com.example.tailormaster.controller.dashboard.DashboardController - Requested order-status-counts.
2025-04-16 01:16:10 [abdullateef] INFO  com.example.tailormaster.service.dashboard.DashboardService - Order status counts: {Pending=8, InProgress=3, Completed=43, Ready for Pickup=5}
2025-04-16 01:16:10 [abdullateef] INFO  com.example.tailormaster.controller.dashboard.DashboardController - Order status counts: {Pending=8, InProgress=3, Completed=43, Ready for Pickup=5}
2025-04-16 01:16:10 [abdullateef] INFO  com.example.tailormaster.filter.LoggingInterceptor - User 'abdullateef' is requesting: GET /tailor-master/dashboard/recent-orders
2025-04-16 01:16:10 [abdullateef] INFO  com.example.tailormaster.controller.dashboard.DashboardController - Requested recent-orders.
2025-04-16 01:16:10 [abdullateef] INFO  com.example.tailormaster.filter.LoggingInterceptor - User 'abdullateef' is requesting: GET /tailor-master/dashboard/customers/top
2025-04-16 01:16:10 [abdullateef] INFO  com.example.tailormaster.service.dashboard.DashboardService - Recent orders fetched: 5 orders
2025-04-16 01:16:10 [abdullateef] INFO  com.example.tailormaster.controller.dashboard.DashboardController - Recent orders fetched: 5
2025-04-16 01:16:10 [abdullateef] INFO  com.example.tailormaster.service.dashboard.DashboardService - Monthly revenue trends fetched successfully
2025-04-16 01:16:10 [abdullateef] INFO  com.example.tailormaster.controller.dashboard.DashboardController - Requested top customers.
2025-04-16 01:16:10 [abdullateef] INFO  com.example.tailormaster.service.dashboard.DashboardService - Top customers fetched: 5
2025-04-16 01:16:10 [abdullateef] INFO  com.example.tailormaster.controller.dashboard.DashboardController - Top customers fetched: 5
2025-04-16 01:16:10 [abdullateef] INFO  com.example.tailormaster.service.dashboard.DashboardService - Total customers: 32
2025-04-16 01:16:10 [abdullateef] INFO  com.example.tailormaster.controller.dashboard.DashboardController - Total customers: 32
2025-04-16 01:16:10 [abdullateef] INFO  com.example.tailormaster.service.dashboard.DashboardService - Total orders: 55
2025-04-16 01:16:10 [abdullateef] INFO  com.example.tailormaster.controller.dashboard.DashboardController - Total orders: 55
2025-04-16 01:18:40 [] INFO  org.springframework.boot.web.embedded.tomcat.GracefulShutdown - Commencing graceful shutdown. Waiting for active requests to complete
2025-04-16 01:18:41 [] INFO  org.springframework.boot.web.embedded.tomcat.GracefulShutdown - Graceful shutdown complete
2025-04-16 01:18:42 [] INFO  org.springframework.orm.jpa.LocalContainerEntityManagerFactoryBean - Closing JPA EntityManagerFactory for persistence unit 'default'
2025-04-16 01:18:42 [] INFO  com.zaxxer.hikari.HikariDataSource - HikariPool-1 - Shutdown initiated...
2025-04-16 01:18:42 [] INFO  com.zaxxer.hikari.HikariDataSource - HikariPool-1 - Shutdown completed.
2025-04-16 01:18:53 [] INFO  org.hibernate.validator.internal.util.Version - HV000001: Hibernate Validator 8.0.2.Final
2025-04-16 01:18:53 [] INFO  com.example.tailormaster.TailorMasterAppApplication - Starting TailorMasterAppApplication using Java 17.0.2 with PID 14768 (E:\Development-Workspaces\tailor-master-app\tailor-master-app\target\classes started by wajiz.pk in E:\Development-Workspaces\tailor-master-app\tailor-master-app)
2025-04-16 01:18:53 [] INFO  com.example.tailormaster.TailorMasterAppApplication - No active profile set, falling back to 1 default profile: "default"
2025-04-16 01:18:54 [] INFO  org.springframework.boot.devtools.env.DevToolsPropertyDefaultsPostProcessor - Devtools property defaults active! Set 'spring.devtools.add-properties' to 'false' to disable
2025-04-16 01:18:54 [] INFO  org.springframework.boot.devtools.env.DevToolsPropertyDefaultsPostProcessor - For additional web related logging consider setting the 'logging.level.web' property to 'DEBUG'
2025-04-16 01:18:56 [] INFO  org.springframework.data.repository.config.RepositoryConfigurationDelegate - Bootstrapping Spring Data JPA repositories in DEFAULT mode.
2025-04-16 01:18:56 [] INFO  org.springframework.data.repository.config.RepositoryConfigurationDelegate - Finished Spring Data repository scanning in 181 ms. Found 7 JPA repository interfaces.
2025-04-16 01:18:57 [] INFO  org.springframework.boot.web.embedded.tomcat.TomcatWebServer - Tomcat initialized with port 8080 (http)
2025-04-16 01:18:57 [] INFO  org.apache.coyote.http11.Http11NioProtocol - Initializing ProtocolHandler ["http-nio-8080"]
2025-04-16 01:18:57 [] INFO  org.apache.catalina.core.StandardService - Starting service [Tomcat]
2025-04-16 01:18:57 [] INFO  org.apache.catalina.core.StandardEngine - Starting Servlet engine: [Apache Tomcat/10.1.40]
2025-04-16 01:18:57 [] INFO  org.apache.catalina.core.ContainerBase.[Tomcat].[localhost].[/tailor-master] - Initializing Spring embedded WebApplicationContext
2025-04-16 01:18:57 [] INFO  org.springframework.boot.web.servlet.context.ServletWebServerApplicationContext - Root WebApplicationContext: initialization completed in 3425 ms
2025-04-16 01:18:57 [] INFO  org.hibernate.jpa.internal.util.LogHelper - HHH000204: Processing PersistenceUnitInfo [name: default]
2025-04-16 01:18:57 [] INFO  org.hibernate.Version - HHH000412: Hibernate ORM core version 6.6.4.Final
2025-04-16 01:18:57 [] INFO  org.hibernate.cache.internal.RegionFactoryInitiator - HHH000026: Second-level cache disabled
2025-04-16 01:18:58 [] INFO  org.springframework.orm.jpa.persistenceunit.SpringPersistenceUnitInfo - No LoadTimeWeaver setup: ignoring JPA class transformer
2025-04-16 01:18:58 [] INFO  com.zaxxer.hikari.HikariDataSource - HikariPool-1 - Starting...
2025-04-16 01:18:58 [] INFO  com.zaxxer.hikari.pool.HikariPool - HikariPool-1 - Added connection com.mysql.cj.jdbc.ConnectionImpl@119c7ed3
2025-04-16 01:18:58 [] INFO  com.zaxxer.hikari.HikariDataSource - HikariPool-1 - Start completed.
2025-04-16 01:18:59 [] INFO  org.hibernate.orm.connections.pooling - HHH10001005: Database info:
	Database JDBC URL [Connecting through datasource 'HikariDataSource (HikariPool-1)']
	Database driver: undefined/unknown
	Database version: 8.0.28
	Autocommit mode: undefined/unknown
	Isolation level: undefined/unknown
	Minimum pool size: undefined/unknown
	Maximum pool size: undefined/unknown
2025-04-16 01:19:01 [] INFO  org.hibernate.engine.transaction.jta.platform.internal.JtaPlatformInitiator - HHH000489: No JTA platform available (set 'hibernate.transaction.jta.platform' to enable JTA platform integration)
2025-04-16 01:19:01 [] INFO  org.springframework.orm.jpa.LocalContainerEntityManagerFactoryBean - Initialized JPA EntityManagerFactory for persistence unit 'default'
2025-04-16 01:19:01 [] INFO  org.springframework.data.jpa.repository.query.QueryEnhancerFactory - Hibernate is in classpath; If applicable, HQL parser will be used.
2025-04-16 01:19:04 [] WARN  org.springframework.boot.autoconfigure.orm.jpa.JpaBaseConfiguration$JpaWebConfiguration - spring.jpa.open-in-view is enabled by default. Therefore, database queries may be performed during view rendering. Explicitly configure spring.jpa.open-in-view to disable this warning
2025-04-16 01:19:04 [] INFO  org.springframework.security.config.annotation.authentication.configuration.InitializeAuthenticationProviderBeanManagerConfigurer$InitializeAuthenticationProviderManagerConfigurer - Global AuthenticationManager configured with AuthenticationProvider bean with name authenticationProvider
2025-04-16 01:19:04 [] WARN  org.springframework.security.config.annotation.authentication.configuration.InitializeUserDetailsBeanManagerConfigurer$InitializeUserDetailsManagerConfigurer - Global AuthenticationManager configured with an AuthenticationProvider bean. UserDetailsService beans will not be used by Spring Security for automatically configuring username/password login. Consider removing the AuthenticationProvider bean. Alternatively, consider using the UserDetailsService in a manually instantiated DaoAuthenticationProvider. If the current configuration is intentional, to turn off this warning, increase the logging level of 'org.springframework.security.config.annotation.authentication.configuration.InitializeUserDetailsBeanManagerConfigurer' to ERROR
2025-04-16 01:19:05 [] INFO  org.springframework.boot.devtools.autoconfigure.OptionalLiveReloadServer - LiveReload server is running on port 35729
2025-04-16 01:19:05 [] INFO  org.apache.coyote.http11.Http11NioProtocol - Starting ProtocolHandler ["http-nio-8080"]
2025-04-16 01:19:05 [] INFO  org.springframework.boot.web.embedded.tomcat.TomcatWebServer - Tomcat started on port 8080 (http) with context path '/tailor-master'
2025-04-16 01:19:05 [] INFO  com.example.tailormaster.TailorMasterAppApplication - Started TailorMasterAppApplication in 12.785 seconds (process running for 15.309)
2025-04-16 01:19:09 [] INFO  org.apache.catalina.core.ContainerBase.[Tomcat].[localhost].[/tailor-master] - Initializing Spring DispatcherServlet 'dispatcherServlet'
2025-04-16 01:19:09 [] INFO  org.springframework.web.servlet.DispatcherServlet - Initializing Servlet 'dispatcherServlet'
2025-04-16 01:19:09 [] INFO  org.springframework.web.servlet.DispatcherServlet - Completed initialization in 1 ms
2025-04-16 01:19:09 [abdullateef] INFO  com.example.tailormaster.filter.LoggingInterceptor - User 'abdullateef' is requesting: GET /tailor-master/dashboard
2025-04-16 01:19:09 [abdullateef] INFO  com.example.tailormaster.controller.HomeController - User 'abdullateef' accessed the dashboard
2025-04-16 01:19:10 [abdullateef] ERROR org.thymeleaf.TemplateEngine - [THYMELEAF][http-nio-8080-exec-1] Exception processing template "dashboard": An error happened during template parsing (template: "class path resource [templates/dashboard.html]")
org.thymeleaf.exceptions.TemplateInputException: An error happened during template parsing (template: "class path resource [templates/dashboard.html]")
	at org.thymeleaf.templateparser.markup.AbstractMarkupTemplateParser.parse(AbstractMarkupTemplateParser.java:241) ~[thymeleaf-3.1.3.RELEASE.jar:3.1.3.RELEASE]
	at org.thymeleaf.templateparser.markup.AbstractMarkupTemplateParser.parseStandalone(AbstractMarkupTemplateParser.java:100) ~[thymeleaf-3.1.3.RELEASE.jar:3.1.3.RELEASE]
	at org.thymeleaf.engine.TemplateManager.parseAndProcess(TemplateManager.java:666) ~[thymeleaf-3.1.3.RELEASE.jar:3.1.3.RELEASE]
	at org.thymeleaf.TemplateEngine.process(TemplateEngine.java:1103) ~[thymeleaf-3.1.3.RELEASE.jar:3.1.3.RELEASE]
	at org.thymeleaf.TemplateEngine.process(TemplateEngine.java:1077) ~[thymeleaf-3.1.3.RELEASE.jar:3.1.3.RELEASE]
	at org.thymeleaf.spring6.view.ThymeleafView.renderFragment(ThymeleafView.java:372) ~[thymeleaf-spring6-3.1.3.RELEASE.jar:3.1.3.RELEASE]
	at org.thymeleaf.spring6.view.ThymeleafView.render(ThymeleafView.java:192) ~[thymeleaf-spring6-3.1.3.RELEASE.jar:3.1.3.RELEASE]
	at org.springframework.web.servlet.DispatcherServlet.render(DispatcherServlet.java:1435) ~[spring-webmvc-6.2.1.jar:6.2.1]
	at org.springframework.web.servlet.DispatcherServlet.processDispatchResult(DispatcherServlet.java:1167) ~[spring-webmvc-6.2.1.jar:6.2.1]
	at org.springframework.web.servlet.DispatcherServlet.doDispatch(DispatcherServlet.java:1105) ~[spring-webmvc-6.2.1.jar:6.2.1]
	at org.springframework.web.servlet.DispatcherServlet.doService(DispatcherServlet.java:978) ~[spring-webmvc-6.2.1.jar:6.2.1]
	at org.springframework.web.servlet.FrameworkServlet.processRequest(FrameworkServlet.java:1014) ~[spring-webmvc-6.2.1.jar:6.2.1]
	at org.springframework.web.servlet.FrameworkServlet.doGet(FrameworkServlet.java:903) ~[spring-webmvc-6.2.1.jar:6.2.1]
	at jakarta.servlet.http.HttpServlet.service(HttpServlet.java:564) ~[tomcat-embed-core-10.1.40.jar:6.0]
	at org.springframework.web.servlet.FrameworkServlet.service(FrameworkServlet.java:885) ~[spring-webmvc-6.2.1.jar:6.2.1]
	at jakarta.servlet.http.HttpServlet.service(HttpServlet.java:658) ~[tomcat-embed-core-10.1.40.jar:6.0]
	at org.apache.catalina.core.ApplicationFilterChain.internalDoFilter(ApplicationFilterChain.java:195) ~[tomcat-embed-core-10.1.40.jar:10.1.40]
	at org.apache.catalina.core.ApplicationFilterChain.doFilter(ApplicationFilterChain.java:140) ~[tomcat-embed-core-10.1.40.jar:10.1.40]
	at org.apache.tomcat.websocket.server.WsFilter.doFilter(WsFilter.java:51) ~[tomcat-embed-websocket-10.1.40.jar:10.1.40]
	at org.apache.catalina.core.ApplicationFilterChain.internalDoFilter(ApplicationFilterChain.java:164) ~[tomcat-embed-core-10.1.40.jar:10.1.40]
	at org.apache.catalina.core.ApplicationFilterChain.doFilter(ApplicationFilterChain.java:140) ~[tomcat-embed-core-10.1.40.jar:10.1.40]
	at com.example.tailormaster.filter.LoggingMDCFilter.doFilter(LoggingMDCFilter.java:30) ~[classes/:?]
	at org.apache.catalina.core.ApplicationFilterChain.internalDoFilter(ApplicationFilterChain.java:164) ~[tomcat-embed-core-10.1.40.jar:10.1.40]
	at org.apache.catalina.core.ApplicationFilterChain.doFilter(ApplicationFilterChain.java:140) ~[tomcat-embed-core-10.1.40.jar:10.1.40]
	at org.springframework.web.filter.CompositeFilter$VirtualFilterChain.doFilter(CompositeFilter.java:108) ~[spring-web-6.2.1.jar:6.2.1]
	at org.springframework.security.web.FilterChainProxy.lambda$doFilterInternal$3(FilterChainProxy.java:231) ~[spring-security-web-6.4.2.jar:6.4.2]
	at org.springframework.security.web.FilterChainProxy$VirtualFilterChain.doFilter(FilterChainProxy.java:365) ~[spring-security-web-6.4.2.jar:6.4.2]
	at org.springframework.security.web.access.intercept.AuthorizationFilter.doFilter(AuthorizationFilter.java:101) ~[spring-security-web-6.4.2.jar:6.4.2]
	at org.springframework.security.web.FilterChainProxy$VirtualFilterChain.doFilter(FilterChainProxy.java:374) ~[spring-security-web-6.4.2.jar:6.4.2]
	at org.springframework.security.web.access.ExceptionTranslationFilter.doFilter(ExceptionTranslationFilter.java:126) ~[spring-security-web-6.4.2.jar:6.4.2]
	at org.springframework.security.web.access.ExceptionTranslationFilter.doFilter(ExceptionTranslationFilter.java:120) ~[spring-security-web-6.4.2.jar:6.4.2]
	at org.springframework.security.web.FilterChainProxy$VirtualFilterChain.doFilter(FilterChainProxy.java:374) ~[spring-security-web-6.4.2.jar:6.4.2]
	at org.springframework.security.web.authentication.AnonymousAuthenticationFilter.doFilter(AnonymousAuthenticationFilter.java:100) ~[spring-security-web-6.4.2.jar:6.4.2]
	at org.springframework.security.web.FilterChainProxy$VirtualFilterChain.doFilter(FilterChainProxy.java:374) ~[spring-security-web-6.4.2.jar:6.4.2]
	at org.springframework.security.web.servletapi.SecurityContextHolderAwareRequestFilter.doFilter(SecurityContextHolderAwareRequestFilter.java:179) ~[spring-security-web-6.4.2.jar:6.4.2]
	at org.springframework.security.web.FilterChainProxy$VirtualFilterChain.doFilter(FilterChainProxy.java:374) ~[spring-security-web-6.4.2.jar:6.4.2]
	at org.springframework.security.web.savedrequest.RequestCacheAwareFilter.doFilter(RequestCacheAwareFilter.java:63) ~[spring-security-web-6.4.2.jar:6.4.2]
	at org.springframework.security.web.FilterChainProxy$VirtualFilterChain.doFilter(FilterChainProxy.java:374) ~[spring-security-web-6.4.2.jar:6.4.2]
	at org.springframework.security.web.authentication.AbstractAuthenticationProcessingFilter.doFilter(AbstractAuthenticationProcessingFilter.java:227) ~[spring-security-web-6.4.2.jar:6.4.2]
	at org.springframework.security.web.authentication.AbstractAuthenticationProcessingFilter.doFilter(AbstractAuthenticationProcessingFilter.java:221) ~[spring-security-web-6.4.2.jar:6.4.2]
	at org.springframework.security.web.FilterChainProxy$VirtualFilterChain.doFilter(FilterChainProxy.java:374) ~[spring-security-web-6.4.2.jar:6.4.2]
	at org.springframework.security.web.authentication.logout.LogoutFilter.doFilter(LogoutFilter.java:107) ~[spring-security-web-6.4.2.jar:6.4.2]
	at org.springframework.security.web.authentication.logout.LogoutFilter.doFilter(LogoutFilter.java:93) ~[spring-security-web-6.4.2.jar:6.4.2]
	at org.springframework.security.web.FilterChainProxy$VirtualFilterChain.doFilter(FilterChainProxy.java:374) ~[spring-security-web-6.4.2.jar:6.4.2]
	at org.springframework.security.web.csrf.CsrfFilter.doFilterInternal(CsrfFilter.java:117) ~[spring-security-web-6.4.2.jar:6.4.2]
	at org.springframework.web.filter.OncePerRequestFilter.doFilter(OncePerRequestFilter.java:116) ~[spring-web-6.2.1.jar:6.2.1]
	at org.springframework.security.web.FilterChainProxy$VirtualFilterChain.doFilter(FilterChainProxy.java:374) ~[spring-security-web-6.4.2.jar:6.4.2]
	at org.springframework.security.web.header.HeaderWriterFilter.doHeadersAfter(HeaderWriterFilter.java:90) ~[spring-security-web-6.4.2.jar:6.4.2]
	at org.springframework.security.web.header.HeaderWriterFilter.doFilterInternal(HeaderWriterFilter.java:75) ~[spring-security-web-6.4.2.jar:6.4.2]
	at org.springframework.web.filter.OncePerRequestFilter.doFilter(OncePerRequestFilter.java:116) ~[spring-web-6.2.1.jar:6.2.1]
	at org.springframework.security.web.FilterChainProxy$VirtualFilterChain.doFilter(FilterChainProxy.java:374) ~[spring-security-web-6.4.2.jar:6.4.2]
	at org.springframework.security.web.context.SecurityContextHolderFilter.doFilter(SecurityContextHolderFilter.java:82) ~[spring-security-web-6.4.2.jar:6.4.2]
	at org.springframework.security.web.context.SecurityContextHolderFilter.doFilter(SecurityContextHolderFilter.java:69) ~[spring-security-web-6.4.2.jar:6.4.2]
	at org.springframework.security.web.FilterChainProxy$VirtualFilterChain.doFilter(FilterChainProxy.java:374) ~[spring-security-web-6.4.2.jar:6.4.2]
	at org.springframework.security.web.context.request.async.WebAsyncManagerIntegrationFilter.doFilterInternal(WebAsyncManagerIntegrationFilter.java:62) ~[spring-security-web-6.4.2.jar:6.4.2]
	at org.springframework.web.filter.OncePerRequestFilter.doFilter(OncePerRequestFilter.java:116) ~[spring-web-6.2.1.jar:6.2.1]
	at org.springframework.security.web.FilterChainProxy$VirtualFilterChain.doFilter(FilterChainProxy.java:374) ~[spring-security-web-6.4.2.jar:6.4.2]
	at org.springframework.security.web.session.DisableEncodeUrlFilter.doFilterInternal(DisableEncodeUrlFilter.java:42) ~[spring-security-web-6.4.2.jar:6.4.2]
	at org.springframework.web.filter.OncePerRequestFilter.doFilter(OncePerRequestFilter.java:116) ~[spring-web-6.2.1.jar:6.2.1]
	at org.springframework.security.web.FilterChainProxy$VirtualFilterChain.doFilter(FilterChainProxy.java:374) ~[spring-security-web-6.4.2.jar:6.4.2]
	at org.springframework.security.web.FilterChainProxy.doFilterInternal(FilterChainProxy.java:233) ~[spring-security-web-6.4.2.jar:6.4.2]
	at org.springframework.security.web.FilterChainProxy.doFilter(FilterChainProxy.java:191) ~[spring-security-web-6.4.2.jar:6.4.2]
	at org.springframework.web.filter.CompositeFilter$VirtualFilterChain.doFilter(CompositeFilter.java:113) ~[spring-web-6.2.1.jar:6.2.1]
	at org.springframework.web.servlet.handler.HandlerMappingIntrospector.lambda$createCacheFilter$3(HandlerMappingIntrospector.java:243) ~[spring-webmvc-6.2.1.jar:6.2.1]
	at org.springframework.web.filter.CompositeFilter$VirtualFilterChain.doFilter(CompositeFilter.java:113) [spring-web-6.2.1.jar:6.2.1]
	at org.springframework.web.filter.CompositeFilter.doFilter(CompositeFilter.java:74) [spring-web-6.2.1.jar:6.2.1]
	at org.springframework.security.config.annotation.web.configuration.WebMvcSecurityConfiguration$CompositeFilterChainProxy.doFilter(WebMvcSecurityConfiguration.java:238) [spring-security-config-6.4.2.jar:6.4.2]
	at org.springframework.web.filter.DelegatingFilterProxy.invokeDelegate(DelegatingFilterProxy.java:362) [spring-web-6.2.1.jar:6.2.1]
	at org.springframework.web.filter.DelegatingFilterProxy.doFilter(DelegatingFilterProxy.java:278) [spring-web-6.2.1.jar:6.2.1]
	at org.apache.catalina.core.ApplicationFilterChain.internalDoFilter(ApplicationFilterChain.java:164) [tomcat-embed-core-10.1.40.jar:10.1.40]
	at org.apache.catalina.core.ApplicationFilterChain.doFilter(ApplicationFilterChain.java:140) [tomcat-embed-core-10.1.40.jar:10.1.40]
	at org.springframework.web.filter.RequestContextFilter.doFilterInternal(RequestContextFilter.java:100) [spring-web-6.2.1.jar:6.2.1]
	at org.springframework.web.filter.OncePerRequestFilter.doFilter(OncePerRequestFilter.java:116) [spring-web-6.2.1.jar:6.2.1]
	at org.apache.catalina.core.ApplicationFilterChain.internalDoFilter(ApplicationFilterChain.java:164) [tomcat-embed-core-10.1.40.jar:10.1.40]
	at org.apache.catalina.core.ApplicationFilterChain.doFilter(ApplicationFilterChain.java:140) [tomcat-embed-core-10.1.40.jar:10.1.40]
	at org.springframework.web.filter.FormContentFilter.doFilterInternal(FormContentFilter.java:93) [spring-web-6.2.1.jar:6.2.1]
	at org.springframework.web.filter.OncePerRequestFilter.doFilter(OncePerRequestFilter.java:116) [spring-web-6.2.1.jar:6.2.1]
	at org.apache.catalina.core.ApplicationFilterChain.internalDoFilter(ApplicationFilterChain.java:164) [tomcat-embed-core-10.1.40.jar:10.1.40]
	at org.apache.catalina.core.ApplicationFilterChain.doFilter(ApplicationFilterChain.java:140) [tomcat-embed-core-10.1.40.jar:10.1.40]
	at org.springframework.web.filter.CharacterEncodingFilter.doFilterInternal(CharacterEncodingFilter.java:201) [spring-web-6.2.1.jar:6.2.1]
	at org.springframework.web.filter.OncePerRequestFilter.doFilter(OncePerRequestFilter.java:116) [spring-web-6.2.1.jar:6.2.1]
	at org.apache.catalina.core.ApplicationFilterChain.internalDoFilter(ApplicationFilterChain.java:164) [tomcat-embed-core-10.1.40.jar:10.1.40]
	at org.apache.catalina.core.ApplicationFilterChain.doFilter(ApplicationFilterChain.java:140) [tomcat-embed-core-10.1.40.jar:10.1.40]
	at org.apache.catalina.core.StandardWrapperValve.invoke(StandardWrapperValve.java:167) [tomcat-embed-core-10.1.40.jar:10.1.40]
	at org.apache.catalina.core.StandardContextValve.invoke(StandardContextValve.java:90) [tomcat-embed-core-10.1.40.jar:10.1.40]
	at org.apache.catalina.authenticator.AuthenticatorBase.invoke(AuthenticatorBase.java:483) [tomcat-embed-core-10.1.40.jar:10.1.40]
	at org.apache.catalina.core.StandardHostValve.invoke(StandardHostValve.java:116) [tomcat-embed-core-10.1.40.jar:10.1.40]
	at org.apache.catalina.valves.ErrorReportValve.invoke(ErrorReportValve.java:93) [tomcat-embed-core-10.1.40.jar:10.1.40]
	at org.apache.catalina.core.StandardEngineValve.invoke(StandardEngineValve.java:74) [tomcat-embed-core-10.1.40.jar:10.1.40]
	at org.apache.catalina.connector.CoyoteAdapter.service(CoyoteAdapter.java:344) [tomcat-embed-core-10.1.40.jar:10.1.40]
	at org.apache.coyote.http11.Http11Processor.service(Http11Processor.java:398) [tomcat-embed-core-10.1.40.jar:10.1.40]
	at org.apache.coyote.AbstractProcessorLight.process(AbstractProcessorLight.java:63) [tomcat-embed-core-10.1.40.jar:10.1.40]
	at org.apache.coyote.AbstractProtocol$ConnectionHandler.process(AbstractProtocol.java:903) [tomcat-embed-core-10.1.40.jar:10.1.40]
	at org.apache.tomcat.util.net.NioEndpoint$SocketProcessor.doRun(NioEndpoint.java:1740) [tomcat-embed-core-10.1.40.jar:10.1.40]
	at org.apache.tomcat.util.net.SocketProcessorBase.run(SocketProcessorBase.java:52) [tomcat-embed-core-10.1.40.jar:10.1.40]
	at org.apache.tomcat.util.threads.ThreadPoolExecutor.runWorker(ThreadPoolExecutor.java:1189) [tomcat-embed-core-10.1.40.jar:10.1.40]
	at org.apache.tomcat.util.threads.ThreadPoolExecutor$Worker.run(ThreadPoolExecutor.java:658) [tomcat-embed-core-10.1.40.jar:10.1.40]
	at org.apache.tomcat.util.threads.TaskThread$WrappingRunnable.run(TaskThread.java:63) [tomcat-embed-core-10.1.40.jar:10.1.40]
	at java.base/java.lang.Thread.run(Thread.java:833) [?:?]
Caused by: org.attoparser.ParseException: Exception evaluating SpringEL expression: "user.logo != null" (template: "fragments/sidebar" - line 8, col 18)
	at org.attoparser.MarkupParser.parseDocument(MarkupParser.java:393) ~[attoparser-2.0.7.RELEASE.jar:2.0.7.RELEASE]
	at org.attoparser.MarkupParser.parse(MarkupParser.java:257) ~[attoparser-2.0.7.RELEASE.jar:2.0.7.RELEASE]
	at org.thymeleaf.templateparser.markup.AbstractMarkupTemplateParser.parse(AbstractMarkupTemplateParser.java:230) ~[thymeleaf-3.1.3.RELEASE.jar:3.1.3.RELEASE]
	... 98 more
Caused by: org.thymeleaf.exceptions.TemplateProcessingException: Exception evaluating SpringEL expression: "user.logo != null" (template: "fragments/sidebar" - line 8, col 18)
	at org.thymeleaf.spring6.expression.SPELVariableExpressionEvaluator.evaluate(SPELVariableExpressionEvaluator.java:292) ~[thymeleaf-spring6-3.1.3.RELEASE.jar:3.1.3.RELEASE]
	at org.thymeleaf.standard.expression.VariableExpression.executeVariableExpression(VariableExpression.java:166) ~[thymeleaf-3.1.3.RELEASE.jar:3.1.3.RELEASE]
	at org.thymeleaf.standard.expression.SimpleExpression.executeSimple(SimpleExpression.java:66) ~[thymeleaf-3.1.3.RELEASE.jar:3.1.3.RELEASE]
	at org.thymeleaf.standard.expression.Expression.execute(Expression.java:109) ~[thymeleaf-3.1.3.RELEASE.jar:3.1.3.RELEASE]
	at org.thymeleaf.standard.expression.Expression.execute(Expression.java:138) ~[thymeleaf-3.1.3.RELEASE.jar:3.1.3.RELEASE]
	at org.thymeleaf.standard.expression.Expression.execute(Expression.java:125) ~[thymeleaf-3.1.3.RELEASE.jar:3.1.3.RELEASE]
	at org.thymeleaf.standard.processor.StandardIfTagProcessor.isVisible(StandardIfTagProcessor.java:59) ~[thymeleaf-3.1.3.RELEASE.jar:3.1.3.RELEASE]
	at org.thymeleaf.standard.processor.AbstractStandardConditionalVisibilityTagProcessor.doProcess(AbstractStandardConditionalVisibilityTagProcessor.java:61) ~[thymeleaf-3.1.3.RELEASE.jar:3.1.3.RELEASE]
	at org.thymeleaf.processor.element.AbstractAttributeTagProcessor.doProcess(AbstractAttributeTagProcessor.java:74) ~[thymeleaf-3.1.3.RELEASE.jar:3.1.3.RELEASE]
	at org.thymeleaf.processor.element.AbstractElementTagProcessor.process(AbstractElementTagProcessor.java:95) ~[thymeleaf-3.1.3.RELEASE.jar:3.1.3.RELEASE]
	at org.thymeleaf.util.ProcessorConfigurationUtils$ElementTagProcessorWrapper.process(ProcessorConfigurationUtils.java:633) ~[thymeleaf-3.1.3.RELEASE.jar:3.1.3.RELEASE]
	at org.thymeleaf.engine.ProcessorTemplateHandler.handleOpenElement(ProcessorTemplateHandler.java:1314) ~[thymeleaf-3.1.3.RELEASE.jar:3.1.3.RELEASE]
	at org.thymeleaf.engine.OpenElementTag.beHandled(OpenElementTag.java:205) ~[thymeleaf-3.1.3.RELEASE.jar:3.1.3.RELEASE]
	at org.thymeleaf.engine.Model.process(Model.java:282) ~[thymeleaf-3.1.3.RELEASE.jar:3.1.3.RELEASE]
	at org.thymeleaf.engine.ProcessorTemplateHandler.handleOpenElement(ProcessorTemplateHandler.java:1587) ~[thymeleaf-3.1.3.RELEASE.jar:3.1.3.RELEASE]
	at org.thymeleaf.engine.TemplateHandlerAdapterMarkupHandler.handleOpenElementEnd(TemplateHandlerAdapterMarkupHandler.java:304) ~[thymeleaf-3.1.3.RELEASE.jar:3.1.3.RELEASE]
	at org.thymeleaf.templateparser.markup.InlinedOutputExpressionMarkupHandler$InlineMarkupAdapterPreProcessorHandler.handleOpenElementEnd(InlinedOutputExpressionMarkupHandler.java:278) ~[thymeleaf-3.1.3.RELEASE.jar:3.1.3.RELEASE]
	at org.thymeleaf.standard.inline.OutputExpressionInlinePreProcessorHandler.handleOpenElementEnd(OutputExpressionInlinePreProcessorHandler.java:186) ~[thymeleaf-3.1.3.RELEASE.jar:3.1.3.RELEASE]
	at org.thymeleaf.templateparser.markup.InlinedOutputExpressionMarkupHandler.handleOpenElementEnd(InlinedOutputExpressionMarkupHandler.java:124) ~[thymeleaf-3.1.3.RELEASE.jar:3.1.3.RELEASE]
	at org.attoparser.HtmlElement.handleOpenElementEnd(HtmlElement.java:109) ~[attoparser-2.0.7.RELEASE.jar:2.0.7.RELEASE]
	at org.attoparser.HtmlMarkupHandler.handleOpenElementEnd(HtmlMarkupHandler.java:297) ~[attoparser-2.0.7.RELEASE.jar:2.0.7.RELEASE]
	at org.attoparser.MarkupEventProcessorHandler.handleOpenElementEnd(MarkupEventProcessorHandler.java:402) ~[attoparser-2.0.7.RELEASE.jar:2.0.7.RELEASE]
	at org.attoparser.ParsingElementMarkupUtil.parseOpenElement(ParsingElementMarkupUtil.java:159) ~[attoparser-2.0.7.RELEASE.jar:2.0.7.RELEASE]
	at org.attoparser.MarkupParser.parseBuffer(MarkupParser.java:710) ~[attoparser-2.0.7.RELEASE.jar:2.0.7.RELEASE]
	at org.attoparser.MarkupParser.parseDocument(MarkupParser.java:301) ~[attoparser-2.0.7.RELEASE.jar:2.0.7.RELEASE]
	at org.attoparser.MarkupParser.parse(MarkupParser.java:257) ~[attoparser-2.0.7.RELEASE.jar:2.0.7.RELEASE]
	at org.thymeleaf.templateparser.markup.AbstractMarkupTemplateParser.parse(AbstractMarkupTemplateParser.java:230) ~[thymeleaf-3.1.3.RELEASE.jar:3.1.3.RELEASE]
	... 98 more
Caused by: org.springframework.expression.spel.SpelEvaluationException: EL1008E: Property or field 'logo' cannot be found on object of type 'java.util.Optional' - maybe not public or not valid?
	at org.springframework.expression.spel.ast.PropertyOrFieldReference.readProperty(PropertyOrFieldReference.java:229) ~[spring-expression-6.2.1.jar:6.2.1]
	at org.springframework.expression.spel.ast.PropertyOrFieldReference.getValueInternal(PropertyOrFieldReference.java:112) ~[spring-expression-6.2.1.jar:6.2.1]
	at org.springframework.expression.spel.ast.PropertyOrFieldReference$AccessorValueRef.getValue(PropertyOrFieldReference.java:376) ~[spring-expression-6.2.1.jar:6.2.1]
	at org.springframework.expression.spel.ast.CompoundExpression.getValueInternal(CompoundExpression.java:97) ~[spring-expression-6.2.1.jar:6.2.1]
	at org.springframework.expression.spel.ast.OpNE.getValueInternal(OpNE.java:43) ~[spring-expression-6.2.1.jar:6.2.1]
	at org.springframework.expression.spel.ast.OpNE.getValueInternal(OpNE.java:33) ~[spring-expression-6.2.1.jar:6.2.1]
	at org.springframework.expression.spel.ast.SpelNodeImpl.getValue(SpelNodeImpl.java:116) ~[spring-expression-6.2.1.jar:6.2.1]
	at org.springframework.expression.spel.standard.SpelExpression.getValue(SpelExpression.java:338) ~[spring-expression-6.2.1.jar:6.2.1]
	at org.thymeleaf.spring6.expression.SPELVariableExpressionEvaluator.evaluate(SPELVariableExpressionEvaluator.java:265) ~[thymeleaf-spring6-3.1.3.RELEASE.jar:3.1.3.RELEASE]
	at org.thymeleaf.standard.expression.VariableExpression.executeVariableExpression(VariableExpression.java:166) ~[thymeleaf-3.1.3.RELEASE.jar:3.1.3.RELEASE]
	at org.thymeleaf.standard.expression.SimpleExpression.executeSimple(SimpleExpression.java:66) ~[thymeleaf-3.1.3.RELEASE.jar:3.1.3.RELEASE]
	at org.thymeleaf.standard.expression.Expression.execute(Expression.java:109) ~[thymeleaf-3.1.3.RELEASE.jar:3.1.3.RELEASE]
	at org.thymeleaf.standard.expression.Expression.execute(Expression.java:138) ~[thymeleaf-3.1.3.RELEASE.jar:3.1.3.RELEASE]
	at org.thymeleaf.standard.expression.Expression.execute(Expression.java:125) ~[thymeleaf-3.1.3.RELEASE.jar:3.1.3.RELEASE]
	at org.thymeleaf.standard.processor.StandardIfTagProcessor.isVisible(StandardIfTagProcessor.java:59) ~[thymeleaf-3.1.3.RELEASE.jar:3.1.3.RELEASE]
	at org.thymeleaf.standard.processor.AbstractStandardConditionalVisibilityTagProcessor.doProcess(AbstractStandardConditionalVisibilityTagProcessor.java:61) ~[thymeleaf-3.1.3.RELEASE.jar:3.1.3.RELEASE]
	at org.thymeleaf.processor.element.AbstractAttributeTagProcessor.doProcess(AbstractAttributeTagProcessor.java:74) ~[thymeleaf-3.1.3.RELEASE.jar:3.1.3.RELEASE]
	at org.thymeleaf.processor.element.AbstractElementTagProcessor.process(AbstractElementTagProcessor.java:95) ~[thymeleaf-3.1.3.RELEASE.jar:3.1.3.RELEASE]
	at org.thymeleaf.util.ProcessorConfigurationUtils$ElementTagProcessorWrapper.process(ProcessorConfigurationUtils.java:633) ~[thymeleaf-3.1.3.RELEASE.jar:3.1.3.RELEASE]
	at org.thymeleaf.engine.ProcessorTemplateHandler.handleOpenElement(ProcessorTemplateHandler.java:1314) ~[thymeleaf-3.1.3.RELEASE.jar:3.1.3.RELEASE]
	at org.thymeleaf.engine.OpenElementTag.beHandled(OpenElementTag.java:205) ~[thymeleaf-3.1.3.RELEASE.jar:3.1.3.RELEASE]
	at org.thymeleaf.engine.Model.process(Model.java:282) ~[thymeleaf-3.1.3.RELEASE.jar:3.1.3.RELEASE]
	at org.thymeleaf.engine.ProcessorTemplateHandler.handleOpenElement(ProcessorTemplateHandler.java:1587) ~[thymeleaf-3.1.3.RELEASE.jar:3.1.3.RELEASE]
	at org.thymeleaf.engine.TemplateHandlerAdapterMarkupHandler.handleOpenElementEnd(TemplateHandlerAdapterMarkupHandler.java:304) ~[thymeleaf-3.1.3.RELEASE.jar:3.1.3.RELEASE]
	at org.thymeleaf.templateparser.markup.InlinedOutputExpressionMarkupHandler$InlineMarkupAdapterPreProcessorHandler.handleOpenElementEnd(InlinedOutputExpressionMarkupHandler.java:278) ~[thymeleaf-3.1.3.RELEASE.jar:3.1.3.RELEASE]
	at org.thymeleaf.standard.inline.OutputExpressionInlinePreProcessorHandler.handleOpenElementEnd(OutputExpressionInlinePreProcessorHandler.java:186) ~[thymeleaf-3.1.3.RELEASE.jar:3.1.3.RELEASE]
	at org.thymeleaf.templateparser.markup.InlinedOutputExpressionMarkupHandler.handleOpenElementEnd(InlinedOutputExpressionMarkupHandler.java:124) ~[thymeleaf-3.1.3.RELEASE.jar:3.1.3.RELEASE]
	at org.attoparser.HtmlElement.handleOpenElementEnd(HtmlElement.java:109) ~[attoparser-2.0.7.RELEASE.jar:2.0.7.RELEASE]
	at org.attoparser.HtmlMarkupHandler.handleOpenElementEnd(HtmlMarkupHandler.java:297) ~[attoparser-2.0.7.RELEASE.jar:2.0.7.RELEASE]
	at org.attoparser.MarkupEventProcessorHandler.handleOpenElementEnd(MarkupEventProcessorHandler.java:402) ~[attoparser-2.0.7.RELEASE.jar:2.0.7.RELEASE]
	at org.attoparser.ParsingElementMarkupUtil.parseOpenElement(ParsingElementMarkupUtil.java:159) ~[attoparser-2.0.7.RELEASE.jar:2.0.7.RELEASE]
	at org.attoparser.MarkupParser.parseBuffer(MarkupParser.java:710) ~[attoparser-2.0.7.RELEASE.jar:2.0.7.RELEASE]
	at org.attoparser.MarkupParser.parseDocument(MarkupParser.java:301) ~[attoparser-2.0.7.RELEASE.jar:2.0.7.RELEASE]
	at org.attoparser.MarkupParser.parse(MarkupParser.java:257) ~[attoparser-2.0.7.RELEASE.jar:2.0.7.RELEASE]
	at org.thymeleaf.templateparser.markup.AbstractMarkupTemplateParser.parse(AbstractMarkupTemplateParser.java:230) ~[thymeleaf-3.1.3.RELEASE.jar:3.1.3.RELEASE]
	... 98 more
2025-04-16 01:19:10 [] ERROR org.apache.catalina.core.ContainerBase.[Tomcat].[localhost].[/tailor-master].[dispatcherServlet] - Servlet.service() for servlet [dispatcherServlet] in context with path [/tailor-master] threw exception [Request processing failed: org.thymeleaf.exceptions.TemplateInputException: An error happened during template parsing (template: "class path resource [templates/dashboard.html]")] with root cause
org.springframework.expression.spel.SpelEvaluationException: EL1008E: Property or field 'logo' cannot be found on object of type 'java.util.Optional' - maybe not public or not valid?
	at org.springframework.expression.spel.ast.PropertyOrFieldReference.readProperty(PropertyOrFieldReference.java:229) ~[spring-expression-6.2.1.jar:6.2.1]
	at org.springframework.expression.spel.ast.PropertyOrFieldReference.getValueInternal(PropertyOrFieldReference.java:112) ~[spring-expression-6.2.1.jar:6.2.1]
	at org.springframework.expression.spel.ast.PropertyOrFieldReference$AccessorValueRef.getValue(PropertyOrFieldReference.java:376) ~[spring-expression-6.2.1.jar:6.2.1]
	at org.springframework.expression.spel.ast.CompoundExpression.getValueInternal(CompoundExpression.java:97) ~[spring-expression-6.2.1.jar:6.2.1]
	at org.springframework.expression.spel.ast.OpNE.getValueInternal(OpNE.java:43) ~[spring-expression-6.2.1.jar:6.2.1]
	at org.springframework.expression.spel.ast.OpNE.getValueInternal(OpNE.java:33) ~[spring-expression-6.2.1.jar:6.2.1]
	at org.springframework.expression.spel.ast.SpelNodeImpl.getValue(SpelNodeImpl.java:116) ~[spring-expression-6.2.1.jar:6.2.1]
	at org.springframework.expression.spel.standard.SpelExpression.getValue(SpelExpression.java:338) ~[spring-expression-6.2.1.jar:6.2.1]
	at org.thymeleaf.spring6.expression.SPELVariableExpressionEvaluator.evaluate(SPELVariableExpressionEvaluator.java:265) ~[thymeleaf-spring6-3.1.3.RELEASE.jar:3.1.3.RELEASE]
	at org.thymeleaf.standard.expression.VariableExpression.executeVariableExpression(VariableExpression.java:166) ~[thymeleaf-3.1.3.RELEASE.jar:3.1.3.RELEASE]
	at org.thymeleaf.standard.expression.SimpleExpression.executeSimple(SimpleExpression.java:66) ~[thymeleaf-3.1.3.RELEASE.jar:3.1.3.RELEASE]
	at org.thymeleaf.standard.expression.Expression.execute(Expression.java:109) ~[thymeleaf-3.1.3.RELEASE.jar:3.1.3.RELEASE]
	at org.thymeleaf.standard.expression.Expression.execute(Expression.java:138) ~[thymeleaf-3.1.3.RELEASE.jar:3.1.3.RELEASE]
	at org.thymeleaf.standard.expression.Expression.execute(Expression.java:125) ~[thymeleaf-3.1.3.RELEASE.jar:3.1.3.RELEASE]
	at org.thymeleaf.standard.processor.StandardIfTagProcessor.isVisible(StandardIfTagProcessor.java:59) ~[thymeleaf-3.1.3.RELEASE.jar:3.1.3.RELEASE]
	at org.thymeleaf.standard.processor.AbstractStandardConditionalVisibilityTagProcessor.doProcess(AbstractStandardConditionalVisibilityTagProcessor.java:61) ~[thymeleaf-3.1.3.RELEASE.jar:3.1.3.RELEASE]
	at org.thymeleaf.processor.element.AbstractAttributeTagProcessor.doProcess(AbstractAttributeTagProcessor.java:74) ~[thymeleaf-3.1.3.RELEASE.jar:3.1.3.RELEASE]
	at org.thymeleaf.processor.element.AbstractElementTagProcessor.process(AbstractElementTagProcessor.java:95) ~[thymeleaf-3.1.3.RELEASE.jar:3.1.3.RELEASE]
	at org.thymeleaf.util.ProcessorConfigurationUtils$ElementTagProcessorWrapper.process(ProcessorConfigurationUtils.java:633) ~[thymeleaf-3.1.3.RELEASE.jar:3.1.3.RELEASE]
	at org.thymeleaf.engine.ProcessorTemplateHandler.handleOpenElement(ProcessorTemplateHandler.java:1314) ~[thymeleaf-3.1.3.RELEASE.jar:3.1.3.RELEASE]
	at org.thymeleaf.engine.OpenElementTag.beHandled(OpenElementTag.java:205) ~[thymeleaf-3.1.3.RELEASE.jar:3.1.3.RELEASE]
	at org.thymeleaf.engine.Model.process(Model.java:282) ~[thymeleaf-3.1.3.RELEASE.jar:3.1.3.RELEASE]
	at org.thymeleaf.engine.ProcessorTemplateHandler.handleOpenElement(ProcessorTemplateHandler.java:1587) ~[thymeleaf-3.1.3.RELEASE.jar:3.1.3.RELEASE]
	at org.thymeleaf.engine.TemplateHandlerAdapterMarkupHandler.handleOpenElementEnd(TemplateHandlerAdapterMarkupHandler.java:304) ~[thymeleaf-3.1.3.RELEASE.jar:3.1.3.RELEASE]
	at org.thymeleaf.templateparser.markup.InlinedOutputExpressionMarkupHandler$InlineMarkupAdapterPreProcessorHandler.handleOpenElementEnd(InlinedOutputExpressionMarkupHandler.java:278) ~[thymeleaf-3.1.3.RELEASE.jar:3.1.3.RELEASE]
	at org.thymeleaf.standard.inline.OutputExpressionInlinePreProcessorHandler.handleOpenElementEnd(OutputExpressionInlinePreProcessorHandler.java:186) ~[thymeleaf-3.1.3.RELEASE.jar:3.1.3.RELEASE]
	at org.thymeleaf.templateparser.markup.InlinedOutputExpressionMarkupHandler.handleOpenElementEnd(InlinedOutputExpressionMarkupHandler.java:124) ~[thymeleaf-3.1.3.RELEASE.jar:3.1.3.RELEASE]
	at org.attoparser.HtmlElement.handleOpenElementEnd(HtmlElement.java:109) ~[attoparser-2.0.7.RELEASE.jar:2.0.7.RELEASE]
	at org.attoparser.HtmlMarkupHandler.handleOpenElementEnd(HtmlMarkupHandler.java:297) ~[attoparser-2.0.7.RELEASE.jar:2.0.7.RELEASE]
	at org.attoparser.MarkupEventProcessorHandler.handleOpenElementEnd(MarkupEventProcessorHandler.java:402) ~[attoparser-2.0.7.RELEASE.jar:2.0.7.RELEASE]
	at org.attoparser.ParsingElementMarkupUtil.parseOpenElement(ParsingElementMarkupUtil.java:159) ~[attoparser-2.0.7.RELEASE.jar:2.0.7.RELEASE]
	at org.attoparser.MarkupParser.parseBuffer(MarkupParser.java:710) ~[attoparser-2.0.7.RELEASE.jar:2.0.7.RELEASE]
	at org.attoparser.MarkupParser.parseDocument(MarkupParser.java:301) ~[attoparser-2.0.7.RELEASE.jar:2.0.7.RELEASE]
	at org.attoparser.MarkupParser.parse(MarkupParser.java:257) ~[attoparser-2.0.7.RELEASE.jar:2.0.7.RELEASE]
	at org.thymeleaf.templateparser.markup.AbstractMarkupTemplateParser.parse(AbstractMarkupTemplateParser.java:230) ~[thymeleaf-3.1.3.RELEASE.jar:3.1.3.RELEASE]
	at org.thymeleaf.templateparser.markup.AbstractMarkupTemplateParser.parseStandalone(AbstractMarkupTemplateParser.java:100) ~[thymeleaf-3.1.3.RELEASE.jar:3.1.3.RELEASE]
	at org.thymeleaf.engine.TemplateManager.parseAndProcess(TemplateManager.java:666) ~[thymeleaf-3.1.3.RELEASE.jar:3.1.3.RELEASE]
	at org.thymeleaf.TemplateEngine.process(TemplateEngine.java:1103) ~[thymeleaf-3.1.3.RELEASE.jar:3.1.3.RELEASE]
	at org.thymeleaf.TemplateEngine.process(TemplateEngine.java:1077) ~[thymeleaf-3.1.3.RELEASE.jar:3.1.3.RELEASE]
	at org.thymeleaf.spring6.view.ThymeleafView.renderFragment(ThymeleafView.java:372) ~[thymeleaf-spring6-3.1.3.RELEASE.jar:3.1.3.RELEASE]
	at org.thymeleaf.spring6.view.ThymeleafView.render(ThymeleafView.java:192) ~[thymeleaf-spring6-3.1.3.RELEASE.jar:3.1.3.RELEASE]
	at org.springframework.web.servlet.DispatcherServlet.render(DispatcherServlet.java:1435) ~[spring-webmvc-6.2.1.jar:6.2.1]
	at org.springframework.web.servlet.DispatcherServlet.processDispatchResult(DispatcherServlet.java:1167) ~[spring-webmvc-6.2.1.jar:6.2.1]
	at org.springframework.web.servlet.DispatcherServlet.doDispatch(DispatcherServlet.java:1105) ~[spring-webmvc-6.2.1.jar:6.2.1]
	at org.springframework.web.servlet.DispatcherServlet.doService(DispatcherServlet.java:978) ~[spring-webmvc-6.2.1.jar:6.2.1]
	at org.springframework.web.servlet.FrameworkServlet.processRequest(FrameworkServlet.java:1014) ~[spring-webmvc-6.2.1.jar:6.2.1]
	at org.springframework.web.servlet.FrameworkServlet.doGet(FrameworkServlet.java:903) ~[spring-webmvc-6.2.1.jar:6.2.1]
	at jakarta.servlet.http.HttpServlet.service(HttpServlet.java:564) ~[tomcat-embed-core-10.1.40.jar:6.0]
	at org.springframework.web.servlet.FrameworkServlet.service(FrameworkServlet.java:885) ~[spring-webmvc-6.2.1.jar:6.2.1]
	at jakarta.servlet.http.HttpServlet.service(HttpServlet.java:658) ~[tomcat-embed-core-10.1.40.jar:6.0]
	at org.apache.catalina.core.ApplicationFilterChain.internalDoFilter(ApplicationFilterChain.java:195) ~[tomcat-embed-core-10.1.40.jar:10.1.40]
	at org.apache.catalina.core.ApplicationFilterChain.doFilter(ApplicationFilterChain.java:140) ~[tomcat-embed-core-10.1.40.jar:10.1.40]
	at org.apache.tomcat.websocket.server.WsFilter.doFilter(WsFilter.java:51) ~[tomcat-embed-websocket-10.1.40.jar:10.1.40]
	at org.apache.catalina.core.ApplicationFilterChain.internalDoFilter(ApplicationFilterChain.java:164) ~[tomcat-embed-core-10.1.40.jar:10.1.40]
	at org.apache.catalina.core.ApplicationFilterChain.doFilter(ApplicationFilterChain.java:140) ~[tomcat-embed-core-10.1.40.jar:10.1.40]
	at com.example.tailormaster.filter.LoggingMDCFilter.doFilter(LoggingMDCFilter.java:30) ~[classes/:?]
	at org.apache.catalina.core.ApplicationFilterChain.internalDoFilter(ApplicationFilterChain.java:164) ~[tomcat-embed-core-10.1.40.jar:10.1.40]
	at org.apache.catalina.core.ApplicationFilterChain.doFilter(ApplicationFilterChain.java:140) ~[tomcat-embed-core-10.1.40.jar:10.1.40]
	at org.springframework.web.filter.CompositeFilter$VirtualFilterChain.doFilter(CompositeFilter.java:108) ~[spring-web-6.2.1.jar:6.2.1]
	at org.springframework.security.web.FilterChainProxy.lambda$doFilterInternal$3(FilterChainProxy.java:231) ~[spring-security-web-6.4.2.jar:6.4.2]
	at org.springframework.security.web.FilterChainProxy$VirtualFilterChain.doFilter(FilterChainProxy.java:365) ~[spring-security-web-6.4.2.jar:6.4.2]
	at org.springframework.security.web.access.intercept.AuthorizationFilter.doFilter(AuthorizationFilter.java:101) ~[spring-security-web-6.4.2.jar:6.4.2]
	at org.springframework.security.web.FilterChainProxy$VirtualFilterChain.doFilter(FilterChainProxy.java:374) ~[spring-security-web-6.4.2.jar:6.4.2]
	at org.springframework.security.web.access.ExceptionTranslationFilter.doFilter(ExceptionTranslationFilter.java:126) ~[spring-security-web-6.4.2.jar:6.4.2]
	at org.springframework.security.web.access.ExceptionTranslationFilter.doFilter(ExceptionTranslationFilter.java:120) ~[spring-security-web-6.4.2.jar:6.4.2]
	at org.springframework.security.web.FilterChainProxy$VirtualFilterChain.doFilter(FilterChainProxy.java:374) ~[spring-security-web-6.4.2.jar:6.4.2]
	at org.springframework.security.web.authentication.AnonymousAuthenticationFilter.doFilter(AnonymousAuthenticationFilter.java:100) ~[spring-security-web-6.4.2.jar:6.4.2]
	at org.springframework.security.web.FilterChainProxy$VirtualFilterChain.doFilter(FilterChainProxy.java:374) ~[spring-security-web-6.4.2.jar:6.4.2]
	at org.springframework.security.web.servletapi.SecurityContextHolderAwareRequestFilter.doFilter(SecurityContextHolderAwareRequestFilter.java:179) ~[spring-security-web-6.4.2.jar:6.4.2]
	at org.springframework.security.web.FilterChainProxy$VirtualFilterChain.doFilter(FilterChainProxy.java:374) ~[spring-security-web-6.4.2.jar:6.4.2]
	at org.springframework.security.web.savedrequest.RequestCacheAwareFilter.doFilter(RequestCacheAwareFilter.java:63) ~[spring-security-web-6.4.2.jar:6.4.2]
	at org.springframework.security.web.FilterChainProxy$VirtualFilterChain.doFilter(FilterChainProxy.java:374) ~[spring-security-web-6.4.2.jar:6.4.2]
	at org.springframework.security.web.authentication.AbstractAuthenticationProcessingFilter.doFilter(AbstractAuthenticationProcessingFilter.java:227) ~[spring-security-web-6.4.2.jar:6.4.2]
	at org.springframework.security.web.authentication.AbstractAuthenticationProcessingFilter.doFilter(AbstractAuthenticationProcessingFilter.java:221) ~[spring-security-web-6.4.2.jar:6.4.2]
	at org.springframework.security.web.FilterChainProxy$VirtualFilterChain.doFilter(FilterChainProxy.java:374) ~[spring-security-web-6.4.2.jar:6.4.2]
	at org.springframework.security.web.authentication.logout.LogoutFilter.doFilter(LogoutFilter.java:107) ~[spring-security-web-6.4.2.jar:6.4.2]
	at org.springframework.security.web.authentication.logout.LogoutFilter.doFilter(LogoutFilter.java:93) ~[spring-security-web-6.4.2.jar:6.4.2]
	at org.springframework.security.web.FilterChainProxy$VirtualFilterChain.doFilter(FilterChainProxy.java:374) ~[spring-security-web-6.4.2.jar:6.4.2]
	at org.springframework.security.web.csrf.CsrfFilter.doFilterInternal(CsrfFilter.java:117) ~[spring-security-web-6.4.2.jar:6.4.2]
	at org.springframework.web.filter.OncePerRequestFilter.doFilter(OncePerRequestFilter.java:116) ~[spring-web-6.2.1.jar:6.2.1]
	at org.springframework.security.web.FilterChainProxy$VirtualFilterChain.doFilter(FilterChainProxy.java:374) ~[spring-security-web-6.4.2.jar:6.4.2]
	at org.springframework.security.web.header.HeaderWriterFilter.doHeadersAfter(HeaderWriterFilter.java:90) ~[spring-security-web-6.4.2.jar:6.4.2]
	at org.springframework.security.web.header.HeaderWriterFilter.doFilterInternal(HeaderWriterFilter.java:75) ~[spring-security-web-6.4.2.jar:6.4.2]
	at org.springframework.web.filter.OncePerRequestFilter.doFilter(OncePerRequestFilter.java:116) ~[spring-web-6.2.1.jar:6.2.1]
	at org.springframework.security.web.FilterChainProxy$VirtualFilterChain.doFilter(FilterChainProxy.java:374) ~[spring-security-web-6.4.2.jar:6.4.2]
	at org.springframework.security.web.context.SecurityContextHolderFilter.doFilter(SecurityContextHolderFilter.java:82) ~[spring-security-web-6.4.2.jar:6.4.2]
	at org.springframework.security.web.context.SecurityContextHolderFilter.doFilter(SecurityContextHolderFilter.java:69) ~[spring-security-web-6.4.2.jar:6.4.2]
	at org.springframework.security.web.FilterChainProxy$VirtualFilterChain.doFilter(FilterChainProxy.java:374) ~[spring-security-web-6.4.2.jar:6.4.2]
	at org.springframework.security.web.context.request.async.WebAsyncManagerIntegrationFilter.doFilterInternal(WebAsyncManagerIntegrationFilter.java:62) ~[spring-security-web-6.4.2.jar:6.4.2]
	at org.springframework.web.filter.OncePerRequestFilter.doFilter(OncePerRequestFilter.java:116) ~[spring-web-6.2.1.jar:6.2.1]
	at org.springframework.security.web.FilterChainProxy$VirtualFilterChain.doFilter(FilterChainProxy.java:374) ~[spring-security-web-6.4.2.jar:6.4.2]
	at org.springframework.security.web.session.DisableEncodeUrlFilter.doFilterInternal(DisableEncodeUrlFilter.java:42) ~[spring-security-web-6.4.2.jar:6.4.2]
	at org.springframework.web.filter.OncePerRequestFilter.doFilter(OncePerRequestFilter.java:116) ~[spring-web-6.2.1.jar:6.2.1]
	at org.springframework.security.web.FilterChainProxy$VirtualFilterChain.doFilter(FilterChainProxy.java:374) ~[spring-security-web-6.4.2.jar:6.4.2]
	at org.springframework.security.web.FilterChainProxy.doFilterInternal(FilterChainProxy.java:233) ~[spring-security-web-6.4.2.jar:6.4.2]
	at org.springframework.security.web.FilterChainProxy.doFilter(FilterChainProxy.java:191) ~[spring-security-web-6.4.2.jar:6.4.2]
	at org.springframework.web.filter.CompositeFilter$VirtualFilterChain.doFilter(CompositeFilter.java:113) ~[spring-web-6.2.1.jar:6.2.1]
	at org.springframework.web.servlet.handler.HandlerMappingIntrospector.lambda$createCacheFilter$3(HandlerMappingIntrospector.java:243) ~[spring-webmvc-6.2.1.jar:6.2.1]
	at org.springframework.web.filter.CompositeFilter$VirtualFilterChain.doFilter(CompositeFilter.java:113) ~[spring-web-6.2.1.jar:6.2.1]
	at org.springframework.web.filter.CompositeFilter.doFilter(CompositeFilter.java:74) ~[spring-web-6.2.1.jar:6.2.1]
	at org.springframework.security.config.annotation.web.configuration.WebMvcSecurityConfiguration$CompositeFilterChainProxy.doFilter(WebMvcSecurityConfiguration.java:238) ~[spring-security-config-6.4.2.jar:6.4.2]
	at org.springframework.web.filter.DelegatingFilterProxy.invokeDelegate(DelegatingFilterProxy.java:362) ~[spring-web-6.2.1.jar:6.2.1]
	at org.springframework.web.filter.DelegatingFilterProxy.doFilter(DelegatingFilterProxy.java:278) ~[spring-web-6.2.1.jar:6.2.1]
	at org.apache.catalina.core.ApplicationFilterChain.internalDoFilter(ApplicationFilterChain.java:164) ~[tomcat-embed-core-10.1.40.jar:10.1.40]
	at org.apache.catalina.core.ApplicationFilterChain.doFilter(ApplicationFilterChain.java:140) ~[tomcat-embed-core-10.1.40.jar:10.1.40]
	at org.springframework.web.filter.RequestContextFilter.doFilterInternal(RequestContextFilter.java:100) ~[spring-web-6.2.1.jar:6.2.1]
	at org.springframework.web.filter.OncePerRequestFilter.doFilter(OncePerRequestFilter.java:116) ~[spring-web-6.2.1.jar:6.2.1]
	at org.apache.catalina.core.ApplicationFilterChain.internalDoFilter(ApplicationFilterChain.java:164) ~[tomcat-embed-core-10.1.40.jar:10.1.40]
	at org.apache.catalina.core.ApplicationFilterChain.doFilter(ApplicationFilterChain.java:140) ~[tomcat-embed-core-10.1.40.jar:10.1.40]
	at org.springframework.web.filter.FormContentFilter.doFilterInternal(FormContentFilter.java:93) ~[spring-web-6.2.1.jar:6.2.1]
	at org.springframework.web.filter.OncePerRequestFilter.doFilter(OncePerRequestFilter.java:116) ~[spring-web-6.2.1.jar:6.2.1]
	at org.apache.catalina.core.ApplicationFilterChain.internalDoFilter(ApplicationFilterChain.java:164) ~[tomcat-embed-core-10.1.40.jar:10.1.40]
	at org.apache.catalina.core.ApplicationFilterChain.doFilter(ApplicationFilterChain.java:140) ~[tomcat-embed-core-10.1.40.jar:10.1.40]
	at org.springframework.web.filter.CharacterEncodingFilter.doFilterInternal(CharacterEncodingFilter.java:201) ~[spring-web-6.2.1.jar:6.2.1]
	at org.springframework.web.filter.OncePerRequestFilter.doFilter(OncePerRequestFilter.java:116) ~[spring-web-6.2.1.jar:6.2.1]
	at org.apache.catalina.core.ApplicationFilterChain.internalDoFilter(ApplicationFilterChain.java:164) ~[tomcat-embed-core-10.1.40.jar:10.1.40]
	at org.apache.catalina.core.ApplicationFilterChain.doFilter(ApplicationFilterChain.java:140) ~[tomcat-embed-core-10.1.40.jar:10.1.40]
	at org.apache.catalina.core.StandardWrapperValve.invoke(StandardWrapperValve.java:167) [tomcat-embed-core-10.1.40.jar:10.1.40]
	at org.apache.catalina.core.StandardContextValve.invoke(StandardContextValve.java:90) [tomcat-embed-core-10.1.40.jar:10.1.40]
	at org.apache.catalina.authenticator.AuthenticatorBase.invoke(AuthenticatorBase.java:483) [tomcat-embed-core-10.1.40.jar:10.1.40]
	at org.apache.catalina.core.StandardHostValve.invoke(StandardHostValve.java:116) [tomcat-embed-core-10.1.40.jar:10.1.40]
	at org.apache.catalina.valves.ErrorReportValve.invoke(ErrorReportValve.java:93) [tomcat-embed-core-10.1.40.jar:10.1.40]
	at org.apache.catalina.core.StandardEngineValve.invoke(StandardEngineValve.java:74) [tomcat-embed-core-10.1.40.jar:10.1.40]
	at org.apache.catalina.connector.CoyoteAdapter.service(CoyoteAdapter.java:344) [tomcat-embed-core-10.1.40.jar:10.1.40]
	at org.apache.coyote.http11.Http11Processor.service(Http11Processor.java:398) [tomcat-embed-core-10.1.40.jar:10.1.40]
	at org.apache.coyote.AbstractProcessorLight.process(AbstractProcessorLight.java:63) [tomcat-embed-core-10.1.40.jar:10.1.40]
	at org.apache.coyote.AbstractProtocol$ConnectionHandler.process(AbstractProtocol.java:903) [tomcat-embed-core-10.1.40.jar:10.1.40]
	at org.apache.tomcat.util.net.NioEndpoint$SocketProcessor.doRun(NioEndpoint.java:1740) [tomcat-embed-core-10.1.40.jar:10.1.40]
	at org.apache.tomcat.util.net.SocketProcessorBase.run(SocketProcessorBase.java:52) [tomcat-embed-core-10.1.40.jar:10.1.40]
	at org.apache.tomcat.util.threads.ThreadPoolExecutor.runWorker(ThreadPoolExecutor.java:1189) [tomcat-embed-core-10.1.40.jar:10.1.40]
	at org.apache.tomcat.util.threads.ThreadPoolExecutor$Worker.run(ThreadPoolExecutor.java:658) [tomcat-embed-core-10.1.40.jar:10.1.40]
	at org.apache.tomcat.util.threads.TaskThread$WrappingRunnable.run(TaskThread.java:63) [tomcat-embed-core-10.1.40.jar:10.1.40]
	at java.base/java.lang.Thread.run(Thread.java:833) [?:?]
2025-04-16 01:19:10 [] INFO  com.example.tailormaster.filter.LoggingInterceptor - User 'null' is requesting: GET /tailor-master/error
2025-04-16 01:20:06 [] INFO  org.springframework.boot.web.embedded.tomcat.GracefulShutdown - Commencing graceful shutdown. Waiting for active requests to complete
2025-04-16 01:20:07 [] INFO  org.springframework.boot.web.embedded.tomcat.GracefulShutdown - Graceful shutdown complete
2025-04-16 01:20:08 [] INFO  org.springframework.orm.jpa.LocalContainerEntityManagerFactoryBean - Closing JPA EntityManagerFactory for persistence unit 'default'
2025-04-16 01:20:08 [] INFO  com.zaxxer.hikari.HikariDataSource - HikariPool-1 - Shutdown initiated...
2025-04-16 01:20:08 [] INFO  com.zaxxer.hikari.HikariDataSource - HikariPool-1 - Shutdown completed.
2025-04-16 01:20:20 [] INFO  org.hibernate.validator.internal.util.Version - HV000001: Hibernate Validator 8.0.2.Final
2025-04-16 01:20:20 [] INFO  com.example.tailormaster.TailorMasterAppApplication - Starting TailorMasterAppApplication using Java 17.0.2 with PID 11816 (E:\Development-Workspaces\tailor-master-app\tailor-master-app\target\classes started by wajiz.pk in E:\Development-Workspaces\tailor-master-app\tailor-master-app)
2025-04-16 01:20:20 [] INFO  com.example.tailormaster.TailorMasterAppApplication - No active profile set, falling back to 1 default profile: "default"
2025-04-16 01:20:20 [] INFO  org.springframework.boot.devtools.env.DevToolsPropertyDefaultsPostProcessor - Devtools property defaults active! Set 'spring.devtools.add-properties' to 'false' to disable
2025-04-16 01:20:20 [] INFO  org.springframework.boot.devtools.env.DevToolsPropertyDefaultsPostProcessor - For additional web related logging consider setting the 'logging.level.web' property to 'DEBUG'
2025-04-16 01:20:22 [] INFO  org.springframework.data.repository.config.RepositoryConfigurationDelegate - Bootstrapping Spring Data JPA repositories in DEFAULT mode.
2025-04-16 01:20:22 [] INFO  org.springframework.data.repository.config.RepositoryConfigurationDelegate - Finished Spring Data repository scanning in 176 ms. Found 7 JPA repository interfaces.
2025-04-16 01:20:24 [] INFO  org.springframework.boot.web.embedded.tomcat.TomcatWebServer - Tomcat initialized with port 8080 (http)
2025-04-16 01:20:24 [] INFO  org.apache.coyote.http11.Http11NioProtocol - Initializing ProtocolHandler ["http-nio-8080"]
2025-04-16 01:20:24 [] INFO  org.apache.catalina.core.StandardService - Starting service [Tomcat]
2025-04-16 01:20:24 [] INFO  org.apache.catalina.core.StandardEngine - Starting Servlet engine: [Apache Tomcat/10.1.40]
2025-04-16 01:20:24 [] INFO  org.apache.catalina.core.ContainerBase.[Tomcat].[localhost].[/tailor-master] - Initializing Spring embedded WebApplicationContext
2025-04-16 01:20:24 [] INFO  org.springframework.boot.web.servlet.context.ServletWebServerApplicationContext - Root WebApplicationContext: initialization completed in 3315 ms
2025-04-16 01:20:24 [] INFO  org.hibernate.jpa.internal.util.LogHelper - HHH000204: Processing PersistenceUnitInfo [name: default]
2025-04-16 01:20:24 [] INFO  org.hibernate.Version - HHH000412: Hibernate ORM core version 6.6.4.Final
2025-04-16 01:20:24 [] INFO  org.hibernate.cache.internal.RegionFactoryInitiator - HHH000026: Second-level cache disabled
2025-04-16 01:20:25 [] INFO  org.springframework.orm.jpa.persistenceunit.SpringPersistenceUnitInfo - No LoadTimeWeaver setup: ignoring JPA class transformer
2025-04-16 01:20:25 [] INFO  com.zaxxer.hikari.HikariDataSource - HikariPool-1 - Starting...
2025-04-16 01:20:25 [] INFO  com.zaxxer.hikari.pool.HikariPool - HikariPool-1 - Added connection com.mysql.cj.jdbc.ConnectionImpl@69be69be
2025-04-16 01:20:25 [] INFO  com.zaxxer.hikari.HikariDataSource - HikariPool-1 - Start completed.
2025-04-16 01:20:25 [] INFO  org.hibernate.orm.connections.pooling - HHH10001005: Database info:
	Database JDBC URL [Connecting through datasource 'HikariDataSource (HikariPool-1)']
	Database driver: undefined/unknown
	Database version: 8.0.28
	Autocommit mode: undefined/unknown
	Isolation level: undefined/unknown
	Minimum pool size: undefined/unknown
	Maximum pool size: undefined/unknown
2025-04-16 01:20:27 [] INFO  org.hibernate.engine.transaction.jta.platform.internal.JtaPlatformInitiator - HHH000489: No JTA platform available (set 'hibernate.transaction.jta.platform' to enable JTA platform integration)
2025-04-16 01:20:27 [] INFO  org.springframework.orm.jpa.LocalContainerEntityManagerFactoryBean - Initialized JPA EntityManagerFactory for persistence unit 'default'
2025-04-16 01:20:28 [] INFO  org.springframework.data.jpa.repository.query.QueryEnhancerFactory - Hibernate is in classpath; If applicable, HQL parser will be used.
2025-04-16 01:20:31 [] WARN  org.springframework.boot.autoconfigure.orm.jpa.JpaBaseConfiguration$JpaWebConfiguration - spring.jpa.open-in-view is enabled by default. Therefore, database queries may be performed during view rendering. Explicitly configure spring.jpa.open-in-view to disable this warning
2025-04-16 01:20:31 [] INFO  org.springframework.security.config.annotation.authentication.configuration.InitializeAuthenticationProviderBeanManagerConfigurer$InitializeAuthenticationProviderManagerConfigurer - Global AuthenticationManager configured with AuthenticationProvider bean with name authenticationProvider
2025-04-16 01:20:31 [] WARN  org.springframework.security.config.annotation.authentication.configuration.InitializeUserDetailsBeanManagerConfigurer$InitializeUserDetailsManagerConfigurer - Global AuthenticationManager configured with an AuthenticationProvider bean. UserDetailsService beans will not be used by Spring Security for automatically configuring username/password login. Consider removing the AuthenticationProvider bean. Alternatively, consider using the UserDetailsService in a manually instantiated DaoAuthenticationProvider. If the current configuration is intentional, to turn off this warning, increase the logging level of 'org.springframework.security.config.annotation.authentication.configuration.InitializeUserDetailsBeanManagerConfigurer' to ERROR
2025-04-16 01:20:31 [] INFO  org.springframework.boot.devtools.autoconfigure.OptionalLiveReloadServer - LiveReload server is running on port 35729
2025-04-16 01:20:31 [] INFO  org.apache.coyote.http11.Http11NioProtocol - Starting ProtocolHandler ["http-nio-8080"]
2025-04-16 01:20:32 [] INFO  org.springframework.boot.web.embedded.tomcat.TomcatWebServer - Tomcat started on port 8080 (http) with context path '/tailor-master'
2025-04-16 01:20:32 [] INFO  com.example.tailormaster.TailorMasterAppApplication - Started TailorMasterAppApplication in 12.4 seconds (process running for 15.196)
2025-04-16 01:20:38 [] INFO  org.apache.catalina.core.ContainerBase.[Tomcat].[localhost].[/tailor-master] - Initializing Spring DispatcherServlet 'dispatcherServlet'
2025-04-16 01:20:38 [] INFO  org.springframework.web.servlet.DispatcherServlet - Initializing Servlet 'dispatcherServlet'
2025-04-16 01:20:38 [] INFO  org.springframework.web.servlet.DispatcherServlet - Completed initialization in 1 ms
2025-04-16 01:20:38 [abdullateef] INFO  com.example.tailormaster.filter.LoggingInterceptor - User 'abdullateef' is requesting: GET /tailor-master/dashboard
2025-04-16 01:20:38 [abdullateef] INFO  com.example.tailormaster.controller.HomeController - User 'abdullateef' accessed the dashboard
2025-04-16 01:20:39 [abdullateef] INFO  com.example.tailormaster.filter.LoggingInterceptor - User 'abdullateef' is requesting: GET /tailor-master/dashboard/notifications/upcoming-deliveries
2025-04-16 01:20:39 [abdullateef] INFO  com.example.tailormaster.filter.LoggingInterceptor - User 'abdullateef' is requesting: GET /tailor-master/dashboard/total-customers
2025-04-16 01:20:39 [abdullateef] INFO  com.example.tailormaster.filter.LoggingInterceptor - User 'abdullateef' is requesting: GET /tailor-master/dashboard/total-orders
2025-04-16 01:20:39 [abdullateef] INFO  com.example.tailormaster.filter.LoggingInterceptor - User 'abdullateef' is requesting: GET /tailor-master/dashboard/pending-payments
2025-04-16 01:20:39 [abdullateef] INFO  com.example.tailormaster.filter.LoggingInterceptor - User 'abdullateef' is requesting: GET /tailor-master/dashboard/revenue-this-month
2025-04-16 01:20:39 [abdullateef] INFO  com.example.tailormaster.controller.dashboard.DashboardController - Requested pending payments.
2025-04-16 01:20:39 [abdullateef] INFO  com.example.tailormaster.controller.dashboard.DashboardController - Requested total customers.
2025-04-16 01:20:39 [abdullateef] INFO  com.example.tailormaster.controller.dashboard.DashboardController - Requested revenue-this-month.
2025-04-16 01:20:39 [abdullateef] INFO  com.example.tailormaster.service.dashboard.DashboardService - Total pending payments: 7
2025-04-16 01:20:39 [abdullateef] INFO  com.example.tailormaster.controller.dashboard.DashboardController - Pending payments: 7
2025-04-16 01:20:39 [abdullateef] INFO  com.example.tailormaster.service.dashboard.DashboardService - Revenue this month: 264000.00
2025-04-16 01:20:39 [abdullateef] INFO  com.example.tailormaster.controller.dashboard.DashboardController - Revenue this month: 264000.00
2025-04-16 01:20:39 [abdullateef] INFO  com.example.tailormaster.controller.dashboard.DashboardController - Requested upcoming deliveries.
2025-04-16 01:20:39 [abdullateef] INFO  com.example.tailormaster.controller.dashboard.DashboardController - Requested total orders.
2025-04-16 01:20:39 [abdullateef] INFO  com.example.tailormaster.filter.LoggingInterceptor - User 'abdullateef' is requesting: GET /tailor-master/dashboard/monthly-revenue-trends
2025-04-16 01:20:39 [abdullateef] INFO  com.example.tailormaster.controller.dashboard.DashboardController - Requested monthly-revenue-trends.
2025-04-16 01:20:39 [abdullateef] INFO  com.example.tailormaster.service.dashboard.DashboardService - Upcoming deliveries fetched: 10
2025-04-16 01:20:39 [abdullateef] INFO  com.example.tailormaster.controller.dashboard.DashboardController - Upcoming deliveries fetched: 10
2025-04-16 01:20:39 [abdullateef] INFO  com.example.tailormaster.filter.LoggingInterceptor - User 'abdullateef' is requesting: GET /tailor-master/dashboard/order-status-counts
2025-04-16 01:20:39 [abdullateef] INFO  com.example.tailormaster.controller.dashboard.DashboardController - Requested order-status-counts.
2025-04-16 01:20:39 [abdullateef] INFO  com.example.tailormaster.service.dashboard.DashboardService - Total orders: 55
2025-04-16 01:20:39 [abdullateef] INFO  com.example.tailormaster.controller.dashboard.DashboardController - Total orders: 55
2025-04-16 01:20:39 [abdullateef] INFO  com.example.tailormaster.service.dashboard.DashboardService - Total customers: 32
2025-04-16 01:20:39 [abdullateef] INFO  com.example.tailormaster.controller.dashboard.DashboardController - Total customers: 32
2025-04-16 01:20:39 [abdullateef] INFO  com.example.tailormaster.service.dashboard.DashboardService - Order status counts: {Pending=8, InProgress=3, Completed=43, Ready for Pickup=5}
2025-04-16 01:20:39 [abdullateef] INFO  com.example.tailormaster.controller.dashboard.DashboardController - Order status counts: {Pending=8, InProgress=3, Completed=43, Ready for Pickup=5}
2025-04-16 01:20:39 [abdullateef] INFO  com.example.tailormaster.filter.LoggingInterceptor - User 'abdullateef' is requesting: GET /tailor-master/dashboard/recent-orders
2025-04-16 01:20:39 [abdullateef] INFO  com.example.tailormaster.filter.LoggingInterceptor - User 'abdullateef' is requesting: GET /tailor-master/dashboard/customers/top
2025-04-16 01:20:39 [abdullateef] INFO  com.example.tailormaster.controller.dashboard.DashboardController - Requested recent-orders.
2025-04-16 01:20:40 [abdullateef] INFO  com.example.tailormaster.service.dashboard.DashboardService - Monthly revenue trends fetched successfully
2025-04-16 01:20:40 [abdullateef] INFO  com.example.tailormaster.controller.dashboard.DashboardController - Requested top customers.
2025-04-16 01:20:40 [abdullateef] INFO  com.example.tailormaster.service.dashboard.DashboardService - Top customers fetched: 5
2025-04-16 01:20:40 [abdullateef] INFO  com.example.tailormaster.controller.dashboard.DashboardController - Top customers fetched: 5
2025-04-16 01:20:40 [abdullateef] INFO  com.example.tailormaster.service.dashboard.DashboardService - Recent orders fetched: 5 orders
2025-04-16 01:20:40 [abdullateef] INFO  com.example.tailormaster.controller.dashboard.DashboardController - Recent orders fetched: 5
2025-04-16 01:20:49 [abdullateef] INFO  com.example.tailormaster.filter.LoggingInterceptor - User 'abdullateef' is requesting: GET /tailor-master/logout
2025-04-16 01:20:49 [abdullateef] INFO  com.example.tailormaster.controller.HomeController - Logout endpoint hit — redirecting to login with logout param
2025-04-16 01:20:49 [abdullateef] INFO  com.example.tailormaster.filter.LoggingInterceptor - User 'abdullateef' is requesting: GET /tailor-master/login
2025-04-16 01:20:49 [abdullateef] INFO  com.example.tailormaster.controller.HomeController - Accessed login page
2025-04-16 01:20:57 [] WARN  org.apache.catalina.util.SessionIdGeneratorBase - Creation of SecureRandom instance for session ID generation using [SHA1PRNG] took [142] milliseconds.
2025-04-16 01:20:57 [logouser] INFO  com.example.tailormaster.filter.LoggingInterceptor - User 'logouser' is requesting: GET /tailor-master/dashboard
2025-04-16 01:20:57 [logouser] INFO  com.example.tailormaster.controller.HomeController - User 'logouser' accessed the dashboard
2025-04-16 01:20:57 [logouser] INFO  com.example.tailormaster.filter.LoggingInterceptor - User 'logouser' is requesting: GET /tailor-master/dashboard/notifications/upcoming-deliveries
2025-04-16 01:20:57 [logouser] INFO  com.example.tailormaster.filter.LoggingInterceptor - User 'logouser' is requesting: GET /tailor-master/dashboard/total-customers
2025-04-16 01:20:57 [logouser] INFO  com.example.tailormaster.filter.LoggingInterceptor - User 'logouser' is requesting: GET /tailor-master/dashboard/total-orders
2025-04-16 01:20:57 [logouser] INFO  com.example.tailormaster.filter.LoggingInterceptor - User 'logouser' is requesting: GET /tailor-master/dashboard/pending-payments
2025-04-16 01:20:57 [logouser] INFO  com.example.tailormaster.controller.dashboard.DashboardController - Requested upcoming deliveries.
2025-04-16 01:20:57 [logouser] INFO  com.example.tailormaster.filter.LoggingInterceptor - User 'logouser' is requesting: GET /tailor-master/dashboard/revenue-this-month
2025-04-16 01:20:57 [logouser] INFO  com.example.tailormaster.service.dashboard.DashboardService - Upcoming deliveries fetched: 10
2025-04-16 01:20:57 [logouser] INFO  com.example.tailormaster.controller.dashboard.DashboardController - Upcoming deliveries fetched: 10
2025-04-16 01:20:57 [logouser] INFO  com.example.tailormaster.controller.dashboard.DashboardController - Requested pending payments.
2025-04-16 01:20:57 [logouser] INFO  com.example.tailormaster.filter.LoggingInterceptor - User 'logouser' is requesting: GET /tailor-master/dashboard/monthly-revenue-trends
2025-04-16 01:20:57 [logouser] INFO  com.example.tailormaster.service.dashboard.DashboardService - Total pending payments: 7
2025-04-16 01:20:57 [logouser] INFO  com.example.tailormaster.controller.dashboard.DashboardController - Requested total orders.
2025-04-16 01:20:57 [logouser] INFO  com.example.tailormaster.controller.dashboard.DashboardController - Pending payments: 7
2025-04-16 01:20:57 [logouser] INFO  com.example.tailormaster.filter.LoggingInterceptor - User 'logouser' is requesting: GET /tailor-master/dashboard/recent-orders
2025-04-16 01:20:57 [logouser] INFO  com.example.tailormaster.filter.LoggingInterceptor - User 'logouser' is requesting: GET /tailor-master/dashboard/order-status-counts
2025-04-16 01:20:57 [logouser] INFO  com.example.tailormaster.controller.dashboard.DashboardController - Requested monthly-revenue-trends.
2025-04-16 01:20:58 [logouser] INFO  com.example.tailormaster.controller.dashboard.DashboardController - Requested recent-orders.
2025-04-16 01:20:58 [logouser] INFO  com.example.tailormaster.controller.dashboard.DashboardController - Requested order-status-counts.
2025-04-16 01:20:58 [logouser] INFO  com.example.tailormaster.service.dashboard.DashboardService - Order status counts: {Pending=8, InProgress=3, Completed=43, Ready for Pickup=5}
2025-04-16 01:20:58 [logouser] INFO  com.example.tailormaster.controller.dashboard.DashboardController - Order status counts: {Pending=8, InProgress=3, Completed=43, Ready for Pickup=5}
2025-04-16 01:20:58 [logouser] INFO  com.example.tailormaster.service.dashboard.DashboardService - Total orders: 55
2025-04-16 01:20:58 [logouser] INFO  com.example.tailormaster.controller.dashboard.DashboardController - Total orders: 55
2025-04-16 01:20:58 [logouser] INFO  com.example.tailormaster.service.dashboard.DashboardService - Recent orders fetched: 5 orders
2025-04-16 01:20:58 [logouser] INFO  com.example.tailormaster.controller.dashboard.DashboardController - Recent orders fetched: 5
2025-04-16 01:20:58 [logouser] INFO  com.example.tailormaster.controller.dashboard.DashboardController - Requested revenue-this-month.
2025-04-16 01:20:58 [logouser] INFO  com.example.tailormaster.service.dashboard.DashboardService - Revenue this month: 264000.00
2025-04-16 01:20:58 [logouser] INFO  com.example.tailormaster.controller.dashboard.DashboardController - Revenue this month: 264000.00
2025-04-16 01:20:58 [logouser] INFO  com.example.tailormaster.controller.dashboard.DashboardController - Requested total customers.
2025-04-16 01:20:58 [logouser] INFO  com.example.tailormaster.service.dashboard.DashboardService - Monthly revenue trends fetched successfully
2025-04-16 01:20:58 [logouser] INFO  com.example.tailormaster.filter.LoggingInterceptor - User 'logouser' is requesting: GET /tailor-master/dashboard/customers/top
2025-04-16 01:20:58 [logouser] INFO  com.example.tailormaster.service.dashboard.DashboardService - Total customers: 32
2025-04-16 01:20:58 [logouser] INFO  com.example.tailormaster.controller.dashboard.DashboardController - Total customers: 32
2025-04-16 01:20:58 [logouser] INFO  com.example.tailormaster.controller.dashboard.DashboardController - Requested top customers.
2025-04-16 01:20:58 [logouser] INFO  com.example.tailormaster.service.dashboard.DashboardService - Top customers fetched: 5
2025-04-16 01:20:58 [logouser] INFO  com.example.tailormaster.controller.dashboard.DashboardController - Top customers fetched: 5
2025-04-16 01:21:12 [logouser] INFO  com.example.tailormaster.filter.LoggingInterceptor - User 'logouser' is requesting: GET /tailor-master/logout
2025-04-16 01:21:12 [logouser] INFO  com.example.tailormaster.controller.HomeController - Logout endpoint hit — redirecting to login with logout param
2025-04-16 01:21:12 [logouser] INFO  com.example.tailormaster.filter.LoggingInterceptor - User 'logouser' is requesting: GET /tailor-master/login
2025-04-16 01:21:12 [logouser] INFO  com.example.tailormaster.controller.HomeController - Accessed login page
2025-04-16 01:21:19 [abdullateef] INFO  com.example.tailormaster.filter.LoggingInterceptor - User 'abdullateef' is requesting: GET /tailor-master/dashboard
2025-04-16 01:21:19 [abdullateef] INFO  com.example.tailormaster.controller.HomeController - User 'abdullateef' accessed the dashboard
2025-04-16 01:21:19 [abdullateef] INFO  com.example.tailormaster.filter.LoggingInterceptor - User 'abdullateef' is requesting: GET /tailor-master/dashboard/notifications/upcoming-deliveries
2025-04-16 01:21:19 [abdullateef] INFO  com.example.tailormaster.filter.LoggingInterceptor - User 'abdullateef' is requesting: GET /tailor-master/dashboard/total-customers
2025-04-16 01:21:19 [abdullateef] INFO  com.example.tailormaster.filter.LoggingInterceptor - User 'abdullateef' is requesting: GET /tailor-master/dashboard/total-orders
2025-04-16 01:21:19 [abdullateef] INFO  com.example.tailormaster.controller.dashboard.DashboardController - Requested total orders.
2025-04-16 01:21:19 [abdullateef] INFO  com.example.tailormaster.controller.dashboard.DashboardController - Requested upcoming deliveries.
2025-04-16 01:21:19 [abdullateef] INFO  com.example.tailormaster.controller.dashboard.DashboardController - Requested total customers.
2025-04-16 01:21:19 [abdullateef] INFO  com.example.tailormaster.filter.LoggingInterceptor - User 'abdullateef' is requesting: GET /tailor-master/dashboard/pending-payments
2025-04-16 01:21:19 [abdullateef] INFO  com.example.tailormaster.controller.dashboard.DashboardController - Requested pending payments.
2025-04-16 01:21:19 [abdullateef] INFO  com.example.tailormaster.service.dashboard.DashboardService - Total pending payments: 7
2025-04-16 01:21:19 [abdullateef] INFO  com.example.tailormaster.controller.dashboard.DashboardController - Pending payments: 7
2025-04-16 01:21:19 [abdullateef] INFO  com.example.tailormaster.service.dashboard.DashboardService - Upcoming deliveries fetched: 10
2025-04-16 01:21:19 [abdullateef] INFO  com.example.tailormaster.controller.dashboard.DashboardController - Upcoming deliveries fetched: 10
2025-04-16 01:21:19 [abdullateef] INFO  com.example.tailormaster.filter.LoggingInterceptor - User 'abdullateef' is requesting: GET /tailor-master/dashboard/revenue-this-month
2025-04-16 01:21:19 [abdullateef] INFO  com.example.tailormaster.filter.LoggingInterceptor - User 'abdullateef' is requesting: GET /tailor-master/dashboard/monthly-revenue-trends
2025-04-16 01:21:19 [abdullateef] INFO  com.example.tailormaster.filter.LoggingInterceptor - User 'abdullateef' is requesting: GET /tailor-master/dashboard/order-status-counts
2025-04-16 01:21:19 [abdullateef] INFO  com.example.tailormaster.controller.dashboard.DashboardController - Requested revenue-this-month.
2025-04-16 01:21:19 [abdullateef] INFO  com.example.tailormaster.service.dashboard.DashboardService - Revenue this month: 264000.00
2025-04-16 01:21:19 [abdullateef] INFO  com.example.tailormaster.controller.dashboard.DashboardController - Revenue this month: 264000.00
2025-04-16 01:21:19 [abdullateef] INFO  com.example.tailormaster.controller.dashboard.DashboardController - Requested order-status-counts.
2025-04-16 01:21:19 [abdullateef] INFO  com.example.tailormaster.service.dashboard.DashboardService - Order status counts: {Pending=8, InProgress=3, Completed=43, Ready for Pickup=5}
2025-04-16 01:21:19 [abdullateef] INFO  com.example.tailormaster.controller.dashboard.DashboardController - Order status counts: {Pending=8, InProgress=3, Completed=43, Ready for Pickup=5}
2025-04-16 01:21:19 [abdullateef] INFO  com.example.tailormaster.controller.dashboard.DashboardController - Requested monthly-revenue-trends.
2025-04-16 01:21:19 [abdullateef] INFO  com.example.tailormaster.filter.LoggingInterceptor - User 'abdullateef' is requesting: GET /tailor-master/dashboard/recent-orders
2025-04-16 01:21:19 [abdullateef] INFO  com.example.tailormaster.controller.dashboard.DashboardController - Requested recent-orders.
2025-04-16 01:21:19 [abdullateef] INFO  com.example.tailormaster.service.dashboard.DashboardService - Recent orders fetched: 5 orders
2025-04-16 01:21:19 [abdullateef] INFO  com.example.tailormaster.controller.dashboard.DashboardController - Recent orders fetched: 5
2025-04-16 01:21:19 [abdullateef] INFO  com.example.tailormaster.filter.LoggingInterceptor - User 'abdullateef' is requesting: GET /tailor-master/dashboard/customers/top
2025-04-16 01:21:19 [abdullateef] INFO  com.example.tailormaster.controller.dashboard.DashboardController - Requested top customers.
2025-04-16 01:21:19 [abdullateef] INFO  com.example.tailormaster.service.dashboard.DashboardService - Top customers fetched: 5
2025-04-16 01:21:19 [abdullateef] INFO  com.example.tailormaster.controller.dashboard.DashboardController - Top customers fetched: 5
2025-04-16 01:21:19 [abdullateef] INFO  com.example.tailormaster.service.dashboard.DashboardService - Monthly revenue trends fetched successfully
2025-04-16 01:21:20 [abdullateef] INFO  com.example.tailormaster.service.dashboard.DashboardService - Total orders: 55
2025-04-16 01:21:20 [abdullateef] INFO  com.example.tailormaster.controller.dashboard.DashboardController - Total orders: 55
2025-04-16 01:21:20 [abdullateef] INFO  com.example.tailormaster.service.dashboard.DashboardService - Total customers: 32
2025-04-16 01:21:20 [abdullateef] INFO  com.example.tailormaster.controller.dashboard.DashboardController - Total customers: 32
2025-04-16 01:21:24 [abdullateef] INFO  com.example.tailormaster.filter.LoggingInterceptor - User 'abdullateef' is requesting: GET /tailor-master/users/profile
2025-04-16 01:21:24 [abdullateef] INFO  com.example.tailormaster.controller.RegisterController - Displaying user profile: abdullateef
2025-04-16 01:21:25 [abdullateef] INFO  com.example.tailormaster.filter.LoggingInterceptor - User 'abdullateef' is requesting: GET /tailor-master/dashboard/notifications/upcoming-deliveries
2025-04-16 01:21:25 [abdullateef] INFO  com.example.tailormaster.controller.dashboard.DashboardController - Requested upcoming deliveries.
2025-04-16 01:21:25 [abdullateef] INFO  com.example.tailormaster.service.dashboard.DashboardService - Upcoming deliveries fetched: 10
2025-04-16 01:21:25 [abdullateef] INFO  com.example.tailormaster.controller.dashboard.DashboardController - Upcoming deliveries fetched: 10
2025-04-16 01:21:32 [abdullateef] INFO  com.example.tailormaster.filter.LoggingInterceptor - User 'abdullateef' is requesting: GET /tailor-master/users/profile/edit
2025-04-16 01:21:32 [abdullateef] INFO  com.example.tailormaster.controller.RegisterController - Displaying edit user profile page for: abdullateef
2025-04-16 01:21:33 [abdullateef] INFO  com.example.tailormaster.filter.LoggingInterceptor - User 'abdullateef' is requesting: GET /tailor-master/dashboard/notifications/upcoming-deliveries
2025-04-16 01:21:33 [abdullateef] INFO  com.example.tailormaster.controller.dashboard.DashboardController - Requested upcoming deliveries.
2025-04-16 01:21:33 [abdullateef] INFO  com.example.tailormaster.service.dashboard.DashboardService - Upcoming deliveries fetched: 10
2025-04-16 01:21:33 [abdullateef] INFO  com.example.tailormaster.controller.dashboard.DashboardController - Upcoming deliveries fetched: 10
2025-04-16 01:22:01 [abdullateef] INFO  com.example.tailormaster.filter.LoggingInterceptor - User 'abdullateef' is requesting: POST /tailor-master/users/profile/update
2025-04-16 01:22:01 [abdullateef] INFO  com.example.tailormaster.controller.RegisterController - Attempting to update user profile for user: null
2025-04-16 01:22:01 [abdullateef] WARN  com.example.tailormaster.controller.RegisterController - Validation errors during profile update: [Field error in object 'user' on field 'logo': rejected value [org.springframework.web.multipart.support.StandardMultipartHttpServletRequest$StandardMultipartFile@26cf6203]; codes [typeMismatch.user.logo,typeMismatch.logo,typeMismatch.[B,typeMismatch]; arguments [org.springframework.context.support.DefaultMessageSourceResolvable: codes [user.logo,logo]; arguments []; default message [logo]]; default message [Failed to convert property value of type 'org.springframework.web.multipart.support.StandardMultipartHttpServletRequest$StandardMultipartFile' to required type 'byte[]' for property 'logo'; Cannot convert value of type 'org.springframework.web.multipart.support.StandardMultipartHttpServletRequest$StandardMultipartFile' to required type 'byte' for property 'logo[0]': PropertyEditor [org.springframework.beans.propertyeditors.CustomNumberEditor] returned inappropriate value of type 'org.springframework.web.multipart.support.StandardMultipartHttpServletRequest$StandardMultipartFile']]
2025-04-16 01:22:02 [abdullateef] INFO  com.example.tailormaster.filter.LoggingInterceptor - User 'abdullateef' is requesting: GET /tailor-master/users/logo/null
2025-04-16 01:22:02 [abdullateef] INFO  com.example.tailormaster.controller.RegisterController - Fetching logo for user: null
2025-04-16 01:22:02 [abdullateef] WARN  com.example.tailormaster.controller.RegisterController - User not found while fetching logo: null
2025-04-16 01:22:02 [abdullateef] INFO  com.example.tailormaster.filter.LoggingInterceptor - User 'abdullateef' is requesting: GET /tailor-master/dashboard/notifications/upcoming-deliveries
2025-04-16 01:22:02 [abdullateef] INFO  com.example.tailormaster.controller.dashboard.DashboardController - Requested upcoming deliveries.
2025-04-16 01:22:02 [abdullateef] INFO  com.example.tailormaster.service.dashboard.DashboardService - Upcoming deliveries fetched: 10
2025-04-16 01:22:02 [abdullateef] INFO  com.example.tailormaster.controller.dashboard.DashboardController - Upcoming deliveries fetched: 10
2025-04-16 01:27:01 [] INFO  org.springframework.boot.web.embedded.tomcat.GracefulShutdown - Commencing graceful shutdown. Waiting for active requests to complete
2025-04-16 01:27:02 [] INFO  org.springframework.boot.web.embedded.tomcat.GracefulShutdown - Graceful shutdown complete
2025-04-16 01:27:02 [] INFO  org.springframework.orm.jpa.LocalContainerEntityManagerFactoryBean - Closing JPA EntityManagerFactory for persistence unit 'default'
2025-04-16 01:27:02 [] INFO  com.zaxxer.hikari.HikariDataSource - HikariPool-1 - Shutdown initiated...
2025-04-16 01:27:02 [] INFO  com.zaxxer.hikari.HikariDataSource - HikariPool-1 - Shutdown completed.
2025-04-16 01:27:17 [] INFO  org.hibernate.validator.internal.util.Version - HV000001: Hibernate Validator 8.0.2.Final
2025-04-16 01:27:17 [] INFO  com.example.tailormaster.TailorMasterAppApplication - Starting TailorMasterAppApplication using Java 17.0.2 with PID 2452 (E:\Development-Workspaces\tailor-master-app\tailor-master-app\target\classes started by wajiz.pk in E:\Development-Workspaces\tailor-master-app\tailor-master-app)
2025-04-16 01:27:17 [] INFO  com.example.tailormaster.TailorMasterAppApplication - No active profile set, falling back to 1 default profile: "default"
2025-04-16 01:27:18 [] INFO  org.springframework.boot.devtools.env.DevToolsPropertyDefaultsPostProcessor - Devtools property defaults active! Set 'spring.devtools.add-properties' to 'false' to disable
2025-04-16 01:27:18 [] INFO  org.springframework.boot.devtools.env.DevToolsPropertyDefaultsPostProcessor - For additional web related logging consider setting the 'logging.level.web' property to 'DEBUG'
2025-04-16 01:27:19 [] INFO  org.springframework.data.repository.config.RepositoryConfigurationDelegate - Bootstrapping Spring Data JPA repositories in DEFAULT mode.
2025-04-16 01:27:20 [] INFO  org.springframework.data.repository.config.RepositoryConfigurationDelegate - Finished Spring Data repository scanning in 197 ms. Found 7 JPA repository interfaces.
2025-04-16 01:27:21 [] INFO  org.springframework.boot.web.embedded.tomcat.TomcatWebServer - Tomcat initialized with port 8080 (http)
2025-04-16 01:27:21 [] INFO  org.apache.coyote.http11.Http11NioProtocol - Initializing ProtocolHandler ["http-nio-8080"]
2025-04-16 01:27:21 [] INFO  org.apache.catalina.core.StandardService - Starting service [Tomcat]
2025-04-16 01:27:21 [] INFO  org.apache.catalina.core.StandardEngine - Starting Servlet engine: [Apache Tomcat/10.1.40]
2025-04-16 01:27:21 [] INFO  org.apache.catalina.core.ContainerBase.[Tomcat].[localhost].[/tailor-master] - Initializing Spring embedded WebApplicationContext
2025-04-16 01:27:21 [] INFO  org.springframework.boot.web.servlet.context.ServletWebServerApplicationContext - Root WebApplicationContext: initialization completed in 3214 ms
2025-04-16 01:27:21 [] INFO  org.hibernate.jpa.internal.util.LogHelper - HHH000204: Processing PersistenceUnitInfo [name: default]
2025-04-16 01:27:21 [] INFO  org.hibernate.Version - HHH000412: Hibernate ORM core version 6.6.4.Final
2025-04-16 01:27:21 [] INFO  org.hibernate.cache.internal.RegionFactoryInitiator - HHH000026: Second-level cache disabled
2025-04-16 01:27:22 [] INFO  org.springframework.orm.jpa.persistenceunit.SpringPersistenceUnitInfo - No LoadTimeWeaver setup: ignoring JPA class transformer
2025-04-16 01:27:22 [] INFO  com.zaxxer.hikari.HikariDataSource - HikariPool-1 - Starting...
2025-04-16 01:27:23 [] INFO  com.zaxxer.hikari.pool.HikariPool - HikariPool-1 - Added connection com.mysql.cj.jdbc.ConnectionImpl@2459695a
2025-04-16 01:27:23 [] INFO  com.zaxxer.hikari.HikariDataSource - HikariPool-1 - Start completed.
2025-04-16 01:27:23 [] INFO  org.hibernate.orm.connections.pooling - HHH10001005: Database info:
	Database JDBC URL [Connecting through datasource 'HikariDataSource (HikariPool-1)']
	Database driver: undefined/unknown
	Database version: 8.0.28
	Autocommit mode: undefined/unknown
	Isolation level: undefined/unknown
	Minimum pool size: undefined/unknown
	Maximum pool size: undefined/unknown
2025-04-16 01:27:26 [] INFO  org.hibernate.engine.transaction.jta.platform.internal.JtaPlatformInitiator - HHH000489: No JTA platform available (set 'hibernate.transaction.jta.platform' to enable JTA platform integration)
2025-04-16 01:27:26 [] INFO  org.springframework.orm.jpa.LocalContainerEntityManagerFactoryBean - Initialized JPA EntityManagerFactory for persistence unit 'default'
2025-04-16 01:27:27 [] INFO  org.springframework.data.jpa.repository.query.QueryEnhancerFactory - Hibernate is in classpath; If applicable, HQL parser will be used.
2025-04-16 01:27:32 [] WARN  org.springframework.boot.autoconfigure.orm.jpa.JpaBaseConfiguration$JpaWebConfiguration - spring.jpa.open-in-view is enabled by default. Therefore, database queries may be performed during view rendering. Explicitly configure spring.jpa.open-in-view to disable this warning
2025-04-16 01:27:32 [] INFO  org.springframework.security.config.annotation.authentication.configuration.InitializeAuthenticationProviderBeanManagerConfigurer$InitializeAuthenticationProviderManagerConfigurer - Global AuthenticationManager configured with AuthenticationProvider bean with name authenticationProvider
2025-04-16 01:27:32 [] WARN  org.springframework.security.config.annotation.authentication.configuration.InitializeUserDetailsBeanManagerConfigurer$InitializeUserDetailsManagerConfigurer - Global AuthenticationManager configured with an AuthenticationProvider bean. UserDetailsService beans will not be used by Spring Security for automatically configuring username/password login. Consider removing the AuthenticationProvider bean. Alternatively, consider using the UserDetailsService in a manually instantiated DaoAuthenticationProvider. If the current configuration is intentional, to turn off this warning, increase the logging level of 'org.springframework.security.config.annotation.authentication.configuration.InitializeUserDetailsBeanManagerConfigurer' to ERROR
2025-04-16 01:27:33 [] INFO  org.springframework.boot.devtools.autoconfigure.OptionalLiveReloadServer - LiveReload server is running on port 35729
2025-04-16 01:27:33 [] INFO  org.apache.coyote.http11.Http11NioProtocol - Starting ProtocolHandler ["http-nio-8080"]
2025-04-16 01:27:33 [] INFO  org.springframework.boot.web.embedded.tomcat.TomcatWebServer - Tomcat started on port 8080 (http) with context path '/tailor-master'
2025-04-16 01:27:33 [] INFO  com.example.tailormaster.TailorMasterAppApplication - Started TailorMasterAppApplication in 17.019 seconds (process running for 19.516)
2025-04-16 01:27:38 [] INFO  org.apache.catalina.core.ContainerBase.[Tomcat].[localhost].[/tailor-master] - Initializing Spring DispatcherServlet 'dispatcherServlet'
2025-04-16 01:27:38 [] INFO  org.springframework.web.servlet.DispatcherServlet - Initializing Servlet 'dispatcherServlet'
2025-04-16 01:27:38 [] INFO  org.springframework.web.servlet.DispatcherServlet - Completed initialization in 1 ms
2025-04-16 01:27:38 [abdullateef] INFO  com.example.tailormaster.filter.LoggingInterceptor - User 'abdullateef' is requesting: GET /tailor-master/dashboard
2025-04-16 01:27:38 [abdullateef] INFO  com.example.tailormaster.controller.HomeController - User 'abdullateef' accessed the dashboard
2025-04-16 01:27:39 [abdullateef] INFO  com.example.tailormaster.filter.LoggingInterceptor - User 'abdullateef' is requesting: GET /tailor-master/dashboard/notifications/upcoming-deliveries
2025-04-16 01:27:39 [abdullateef] INFO  com.example.tailormaster.filter.LoggingInterceptor - User 'abdullateef' is requesting: GET /tailor-master/dashboard/total-customers
2025-04-16 01:27:39 [abdullateef] INFO  com.example.tailormaster.filter.LoggingInterceptor - User 'abdullateef' is requesting: GET /tailor-master/dashboard/total-orders
2025-04-16 01:27:39 [abdullateef] INFO  com.example.tailormaster.controller.dashboard.DashboardController - Requested upcoming deliveries.
2025-04-16 01:27:39 [abdullateef] INFO  com.example.tailormaster.controller.dashboard.DashboardController - Requested total orders.
2025-04-16 01:27:39 [abdullateef] INFO  com.example.tailormaster.controller.dashboard.DashboardController - Requested total customers.
2025-04-16 01:27:39 [abdullateef] INFO  com.example.tailormaster.filter.LoggingInterceptor - User 'abdullateef' is requesting: GET /tailor-master/dashboard/pending-payments
2025-04-16 01:27:39 [abdullateef] INFO  com.example.tailormaster.controller.dashboard.DashboardController - Requested pending payments.
2025-04-16 01:27:39 [abdullateef] INFO  com.example.tailormaster.service.dashboard.DashboardService - Total pending payments: 7
2025-04-16 01:27:39 [abdullateef] INFO  com.example.tailormaster.controller.dashboard.DashboardController - Pending payments: 7
2025-04-16 01:27:39 [abdullateef] INFO  com.example.tailormaster.service.dashboard.DashboardService - Upcoming deliveries fetched: 10
2025-04-16 01:27:39 [abdullateef] INFO  com.example.tailormaster.controller.dashboard.DashboardController - Upcoming deliveries fetched: 10
2025-04-16 01:27:39 [abdullateef] INFO  com.example.tailormaster.filter.LoggingInterceptor - User 'abdullateef' is requesting: GET /tailor-master/dashboard/revenue-this-month
2025-04-16 01:27:39 [abdullateef] INFO  com.example.tailormaster.filter.LoggingInterceptor - User 'abdullateef' is requesting: GET /tailor-master/dashboard/monthly-revenue-trends
2025-04-16 01:27:39 [abdullateef] INFO  com.example.tailormaster.controller.dashboard.DashboardController - Requested revenue-this-month.
2025-04-16 01:27:39 [abdullateef] INFO  com.example.tailormaster.controller.dashboard.DashboardController - Requested monthly-revenue-trends.
2025-04-16 01:27:39 [abdullateef] INFO  com.example.tailormaster.service.dashboard.DashboardService - Revenue this month: 264000.00
2025-04-16 01:27:39 [abdullateef] INFO  com.example.tailormaster.controller.dashboard.DashboardController - Revenue this month: 264000.00
2025-04-16 01:27:39 [abdullateef] INFO  com.example.tailormaster.filter.LoggingInterceptor - User 'abdullateef' is requesting: GET /tailor-master/dashboard/order-status-counts
2025-04-16 01:27:39 [abdullateef] INFO  com.example.tailormaster.filter.LoggingInterceptor - User 'abdullateef' is requesting: GET /tailor-master/dashboard/recent-orders
2025-04-16 01:27:39 [abdullateef] INFO  com.example.tailormaster.controller.dashboard.DashboardController - Requested order-status-counts.
2025-04-16 01:27:39 [abdullateef] INFO  com.example.tailormaster.controller.dashboard.DashboardController - Requested recent-orders.
2025-04-16 01:27:39 [abdullateef] INFO  com.example.tailormaster.service.dashboard.DashboardService - Order status counts: {Pending=8, InProgress=3, Completed=43, Ready for Pickup=5}
2025-04-16 01:27:39 [abdullateef] INFO  com.example.tailormaster.controller.dashboard.DashboardController - Order status counts: {Pending=8, InProgress=3, Completed=43, Ready for Pickup=5}
2025-04-16 01:27:39 [abdullateef] INFO  com.example.tailormaster.filter.LoggingInterceptor - User 'abdullateef' is requesting: GET /tailor-master/dashboard/customers/top
2025-04-16 01:27:39 [abdullateef] INFO  com.example.tailormaster.service.dashboard.DashboardService - Recent orders fetched: 5 orders
2025-04-16 01:27:39 [abdullateef] INFO  com.example.tailormaster.controller.dashboard.DashboardController - Recent orders fetched: 5
2025-04-16 01:27:39 [abdullateef] INFO  com.example.tailormaster.controller.dashboard.DashboardController - Requested top customers.
2025-04-16 01:27:39 [abdullateef] INFO  com.example.tailormaster.service.dashboard.DashboardService - Top customers fetched: 5
2025-04-16 01:27:39 [abdullateef] INFO  com.example.tailormaster.controller.dashboard.DashboardController - Top customers fetched: 5
2025-04-16 01:27:39 [abdullateef] INFO  com.example.tailormaster.service.dashboard.DashboardService - Monthly revenue trends fetched successfully
2025-04-16 01:27:39 [abdullateef] INFO  com.example.tailormaster.service.dashboard.DashboardService - Total customers: 32
2025-04-16 01:27:39 [abdullateef] INFO  com.example.tailormaster.service.dashboard.DashboardService - Total orders: 55
2025-04-16 01:27:39 [abdullateef] INFO  com.example.tailormaster.controller.dashboard.DashboardController - Total customers: 32
2025-04-16 01:27:39 [abdullateef] INFO  com.example.tailormaster.controller.dashboard.DashboardController - Total orders: 55
2025-04-16 01:27:42 [abdullateef] INFO  com.example.tailormaster.filter.LoggingInterceptor - User 'abdullateef' is requesting: GET /tailor-master/users/profile
2025-04-16 01:27:42 [abdullateef] INFO  com.example.tailormaster.controller.RegisterController - Displaying user profile: abdullateef
2025-04-16 01:27:42 [abdullateef] INFO  com.example.tailormaster.filter.LoggingInterceptor - User 'abdullateef' is requesting: GET /tailor-master/dashboard/notifications/upcoming-deliveries
2025-04-16 01:27:42 [abdullateef] INFO  com.example.tailormaster.controller.dashboard.DashboardController - Requested upcoming deliveries.
2025-04-16 01:27:42 [abdullateef] INFO  com.example.tailormaster.service.dashboard.DashboardService - Upcoming deliveries fetched: 10
2025-04-16 01:27:42 [abdullateef] INFO  com.example.tailormaster.controller.dashboard.DashboardController - Upcoming deliveries fetched: 10
2025-04-16 01:27:48 [abdullateef] INFO  com.example.tailormaster.filter.LoggingInterceptor - User 'abdullateef' is requesting: GET /tailor-master/users/profile/edit
2025-04-16 01:27:48 [abdullateef] INFO  com.example.tailormaster.controller.RegisterController - Displaying edit user profile page for: abdullateef
2025-04-16 01:27:48 [abdullateef] INFO  com.example.tailormaster.filter.LoggingInterceptor - User 'abdullateef' is requesting: GET /tailor-master/dashboard/notifications/upcoming-deliveries
2025-04-16 01:27:49 [abdullateef] INFO  com.example.tailormaster.controller.dashboard.DashboardController - Requested upcoming deliveries.
2025-04-16 01:27:49 [abdullateef] INFO  com.example.tailormaster.service.dashboard.DashboardService - Upcoming deliveries fetched: 10
2025-04-16 01:27:49 [abdullateef] INFO  com.example.tailormaster.controller.dashboard.DashboardController - Upcoming deliveries fetched: 10
2025-04-16 01:27:56 [abdullateef] INFO  com.example.tailormaster.filter.LoggingInterceptor - User 'abdullateef' is requesting: POST /tailor-master/users/profile/update
2025-04-16 01:27:56 [abdullateef] INFO  com.example.tailormaster.controller.RegisterController - Attempting to update user profile for user: null
2025-04-16 01:27:56 [abdullateef] INFO  com.example.tailormaster.controller.RegisterController - User profile updated successfully for user: null
2025-04-16 01:27:56 [abdullateef] INFO  com.example.tailormaster.filter.LoggingInterceptor - User 'abdullateef' is requesting: GET /tailor-master/users/profile
2025-04-16 01:27:56 [abdullateef] INFO  com.example.tailormaster.controller.RegisterController - Displaying user profile: abdullateef
2025-04-16 01:27:56 [abdullateef] INFO  com.example.tailormaster.filter.LoggingInterceptor - User 'abdullateef' is requesting: GET /tailor-master/users/logo/abdullateef
2025-04-16 01:27:56 [abdullateef] INFO  com.example.tailormaster.controller.RegisterController - Fetching logo for user: abdullateef
2025-04-16 01:27:56 [abdullateef] INFO  com.example.tailormaster.filter.LoggingInterceptor - User 'abdullateef' is requesting: GET /tailor-master/dashboard/notifications/upcoming-deliveries
2025-04-16 01:27:56 [abdullateef] INFO  com.example.tailormaster.controller.dashboard.DashboardController - Requested upcoming deliveries.
2025-04-16 01:27:56 [abdullateef] INFO  com.example.tailormaster.service.dashboard.DashboardService - Upcoming deliveries fetched: 10
2025-04-16 01:27:56 [abdullateef] INFO  com.example.tailormaster.controller.dashboard.DashboardController - Upcoming deliveries fetched: 10
2025-04-16 01:28:02 [abdullateef] INFO  com.example.tailormaster.filter.LoggingInterceptor - User 'abdullateef' is requesting: GET /tailor-master/orders
2025-04-16 01:28:02 [abdullateef] INFO  com.example.tailormaster.controller.OrderController - User accessed the orders list page.
2025-04-16 01:28:02 [abdullateef] INFO  com.example.tailormaster.filter.LoggingInterceptor - User 'abdullateef' is requesting: GET /tailor-master/dashboard/notifications/upcoming-deliveries
2025-04-16 01:28:02 [abdullateef] INFO  com.example.tailormaster.controller.dashboard.DashboardController - Requested upcoming deliveries.
2025-04-16 01:28:03 [abdullateef] INFO  com.example.tailormaster.service.dashboard.DashboardService - Upcoming deliveries fetched: 10
2025-04-16 01:28:03 [abdullateef] INFO  com.example.tailormaster.controller.dashboard.DashboardController - Upcoming deliveries fetched: 10
2025-04-16 01:28:03 [abdullateef] INFO  com.example.tailormaster.filter.LoggingInterceptor - User 'abdullateef' is requesting: GET /tailor-master/orders/datatable
2025-04-16 01:28:03 [abdullateef] INFO  com.example.tailormaster.controller.OrderController - Fetching paginated orders for datatable - draw: 1, start: 0, length: 10, search: , column: 0, direction: asc, startDate: null, endDate: null
2025-04-16 01:28:04 [abdullateef] INFO  com.example.tailormaster.filter.LoggingInterceptor - User 'abdullateef' is requesting: GET /tailor-master/orders/details/r6snjAAl3ny_0IFXwdZK3R_ysGKGnd3LmX2eRJDyrQk=
2025-04-16 01:28:04 [abdullateef] INFO  com.example.tailormaster.controller.OrderController - Displaying order details for ID: r6snjAAl3ny_0IFXwdZK3R_ysGKGnd3LmX2eRJDyrQk=
2025-04-16 01:28:04 [abdullateef] INFO  com.example.tailormaster.filter.LoggingInterceptor - User 'abdullateef' is requesting: GET /tailor-master/dashboard/notifications/upcoming-deliveries
2025-04-16 01:28:05 [abdullateef] INFO  com.example.tailormaster.controller.dashboard.DashboardController - Requested upcoming deliveries.
2025-04-16 01:28:05 [abdullateef] INFO  com.example.tailormaster.service.dashboard.DashboardService - Upcoming deliveries fetched: 10
2025-04-16 01:28:05 [abdullateef] INFO  com.example.tailormaster.controller.dashboard.DashboardController - Upcoming deliveries fetched: 10
2025-04-16 01:28:06 [abdullateef] INFO  com.example.tailormaster.filter.LoggingInterceptor - User 'abdullateef' is requesting: GET /tailor-master/orders/generate-receipt/6Kqx-C1WTtKATPW5pWkOKtWdDxWkILsop4MqIN6g434=
2025-04-16 01:28:06 [abdullateef] INFO  com.example.tailormaster.controller.ReceiptController - Attempting to generate receipt of type 'customer' for order ID: 6Kqx-C1WTtKATPW5pWkOKtWdDxWkILsop4MqIN6g434=
2025-04-16 01:28:06 [abdullateef] INFO  com.example.tailormaster.filter.LoggingInterceptor - User 'abdullateef' is requesting: GET /tailor-master/users/logo/abdullateef
2025-04-16 01:28:06 [abdullateef] INFO  com.example.tailormaster.controller.RegisterController - Fetching logo for user: abdullateef
2025-04-16 01:28:16 [abdullateef] INFO  com.example.tailormaster.filter.LoggingInterceptor - User 'abdullateef' is requesting: GET /tailor-master/orders/details/POzwbxDVKfHhvxDEbl4pJC_dhDS_UnBISgK1UzleM6E=
2025-04-16 01:28:16 [abdullateef] INFO  com.example.tailormaster.controller.OrderController - Displaying order details for ID: POzwbxDVKfHhvxDEbl4pJC_dhDS_UnBISgK1UzleM6E=
2025-04-16 01:28:16 [abdullateef] INFO  com.example.tailormaster.filter.LoggingInterceptor - User 'abdullateef' is requesting: GET /tailor-master/dashboard/notifications/upcoming-deliveries
2025-04-16 01:28:16 [abdullateef] INFO  com.example.tailormaster.controller.dashboard.DashboardController - Requested upcoming deliveries.
2025-04-16 01:28:16 [abdullateef] INFO  com.example.tailormaster.service.dashboard.DashboardService - Upcoming deliveries fetched: 10
2025-04-16 01:28:16 [abdullateef] INFO  com.example.tailormaster.controller.dashboard.DashboardController - Upcoming deliveries fetched: 10
2025-04-16 01:28:24 [abdullateef] INFO  com.example.tailormaster.filter.LoggingInterceptor - User 'abdullateef' is requesting: GET /tailor-master/dashboard
2025-04-16 01:28:24 [abdullateef] INFO  com.example.tailormaster.controller.HomeController - User 'abdullateef' accessed the dashboard
2025-04-16 01:28:24 [abdullateef] INFO  com.example.tailormaster.filter.LoggingInterceptor - User 'abdullateef' is requesting: GET /tailor-master/dashboard/notifications/upcoming-deliveries
2025-04-16 01:28:24 [abdullateef] INFO  com.example.tailormaster.filter.LoggingInterceptor - User 'abdullateef' is requesting: GET /tailor-master/dashboard/total-customers
2025-04-16 01:28:24 [abdullateef] INFO  com.example.tailormaster.controller.dashboard.DashboardController - Requested total customers.
2025-04-16 01:28:24 [abdullateef] INFO  com.example.tailormaster.controller.dashboard.DashboardController - Requested upcoming deliveries.
2025-04-16 01:28:24 [abdullateef] INFO  com.example.tailormaster.filter.LoggingInterceptor - User 'abdullateef' is requesting: GET /tailor-master/dashboard/total-orders
2025-04-16 01:28:24 [abdullateef] INFO  com.example.tailormaster.filter.LoggingInterceptor - User 'abdullateef' is requesting: GET /tailor-master/dashboard/pending-payments
2025-04-16 01:28:24 [abdullateef] INFO  com.example.tailormaster.controller.dashboard.DashboardController - Requested total orders.
2025-04-16 01:28:24 [abdullateef] INFO  com.example.tailormaster.controller.dashboard.DashboardController - Requested pending payments.
2025-04-16 01:28:24 [abdullateef] INFO  com.example.tailormaster.service.dashboard.DashboardService - Total pending payments: 7
2025-04-16 01:28:24 [abdullateef] INFO  com.example.tailormaster.controller.dashboard.DashboardController - Pending payments: 7
2025-04-16 01:28:24 [abdullateef] INFO  com.example.tailormaster.filter.LoggingInterceptor - User 'abdullateef' is requesting: GET /tailor-master/dashboard/monthly-revenue-trends
2025-04-16 01:28:24 [abdullateef] INFO  com.example.tailormaster.filter.LoggingInterceptor - User 'abdullateef' is requesting: GET /tailor-master/dashboard/revenue-this-month
2025-04-16 01:28:24 [abdullateef] INFO  com.example.tailormaster.service.dashboard.DashboardService - Upcoming deliveries fetched: 10
2025-04-16 01:28:24 [abdullateef] INFO  com.example.tailormaster.controller.dashboard.DashboardController - Upcoming deliveries fetched: 10
2025-04-16 01:28:24 [abdullateef] INFO  com.example.tailormaster.controller.dashboard.DashboardController - Requested revenue-this-month.
2025-04-16 01:28:24 [abdullateef] INFO  com.example.tailormaster.controller.dashboard.DashboardController - Requested monthly-revenue-trends.
2025-04-16 01:28:24 [abdullateef] INFO  com.example.tailormaster.service.dashboard.DashboardService - Revenue this month: 264000.00
2025-04-16 01:28:24 [abdullateef] INFO  com.example.tailormaster.controller.dashboard.DashboardController - Revenue this month: 264000.00
2025-04-16 01:28:24 [abdullateef] INFO  com.example.tailormaster.filter.LoggingInterceptor - User 'abdullateef' is requesting: GET /tailor-master/dashboard/recent-orders
2025-04-16 01:28:24 [abdullateef] INFO  com.example.tailormaster.filter.LoggingInterceptor - User 'abdullateef' is requesting: GET /tailor-master/dashboard/order-status-counts
2025-04-16 01:28:24 [abdullateef] INFO  com.example.tailormaster.filter.LoggingInterceptor - User 'abdullateef' is requesting: GET /tailor-master/dashboard/customers/top
2025-04-16 01:28:24 [abdullateef] INFO  com.example.tailormaster.controller.dashboard.DashboardController - Requested order-status-counts.
2025-04-16 01:28:24 [abdullateef] INFO  com.example.tailormaster.service.dashboard.DashboardService - Order status counts: {Pending=8, InProgress=3, Completed=43, Ready for Pickup=5}
2025-04-16 01:28:24 [abdullateef] INFO  com.example.tailormaster.controller.dashboard.DashboardController - Order status counts: {Pending=8, InProgress=3, Completed=43, Ready for Pickup=5}
2025-04-16 01:28:24 [abdullateef] INFO  com.example.tailormaster.controller.dashboard.DashboardController - Requested recent-orders.
2025-04-16 01:28:24 [abdullateef] INFO  com.example.tailormaster.controller.dashboard.DashboardController - Requested top customers.
2025-04-16 01:28:24 [abdullateef] INFO  com.example.tailormaster.service.dashboard.DashboardService - Top customers fetched: 5
2025-04-16 01:28:24 [abdullateef] INFO  com.example.tailormaster.controller.dashboard.DashboardController - Top customers fetched: 5
2025-04-16 01:28:24 [abdullateef] INFO  com.example.tailormaster.service.dashboard.DashboardService - Recent orders fetched: 5 orders
2025-04-16 01:28:24 [abdullateef] INFO  com.example.tailormaster.controller.dashboard.DashboardController - Recent orders fetched: 5
2025-04-16 01:28:24 [abdullateef] INFO  com.example.tailormaster.service.dashboard.DashboardService - Monthly revenue trends fetched successfully
2025-04-16 01:28:24 [abdullateef] INFO  com.example.tailormaster.service.dashboard.DashboardService - Total customers: 32
2025-04-16 01:28:24 [abdullateef] INFO  com.example.tailormaster.controller.dashboard.DashboardController - Total customers: 32
2025-04-16 01:28:24 [abdullateef] INFO  com.example.tailormaster.service.dashboard.DashboardService - Total orders: 55
2025-04-16 01:28:24 [abdullateef] INFO  com.example.tailormaster.controller.dashboard.DashboardController - Total orders: 55
2025-04-16 01:30:21 [] INFO  org.springframework.boot.web.embedded.tomcat.GracefulShutdown - Commencing graceful shutdown. Waiting for active requests to complete
2025-04-16 01:30:22 [] INFO  org.springframework.boot.web.embedded.tomcat.GracefulShutdown - Graceful shutdown complete
2025-04-16 01:30:23 [] INFO  org.springframework.orm.jpa.LocalContainerEntityManagerFactoryBean - Closing JPA EntityManagerFactory for persistence unit 'default'
2025-04-16 01:30:23 [] INFO  com.zaxxer.hikari.HikariDataSource - HikariPool-1 - Shutdown initiated...
2025-04-16 01:30:23 [] INFO  com.zaxxer.hikari.HikariDataSource - HikariPool-1 - Shutdown completed.
2025-04-16 01:30:31 [] INFO  org.hibernate.validator.internal.util.Version - HV000001: Hibernate Validator 8.0.2.Final
2025-04-16 01:30:31 [] INFO  com.example.tailormaster.TailorMasterAppApplication - Starting TailorMasterAppApplication using Java 17.0.2 with PID 7972 (E:\Development-Workspaces\tailor-master-app\tailor-master-app\target\classes started by wajiz.pk in E:\Development-Workspaces\tailor-master-app\tailor-master-app)
2025-04-16 01:30:31 [] INFO  com.example.tailormaster.TailorMasterAppApplication - No active profile set, falling back to 1 default profile: "default"
2025-04-16 01:30:31 [] INFO  org.springframework.boot.devtools.env.DevToolsPropertyDefaultsPostProcessor - Devtools property defaults active! Set 'spring.devtools.add-properties' to 'false' to disable
2025-04-16 01:30:31 [] INFO  org.springframework.boot.devtools.env.DevToolsPropertyDefaultsPostProcessor - For additional web related logging consider setting the 'logging.level.web' property to 'DEBUG'
2025-04-16 01:30:33 [] INFO  org.springframework.data.repository.config.RepositoryConfigurationDelegate - Bootstrapping Spring Data JPA repositories in DEFAULT mode.
2025-04-16 01:30:33 [] INFO  org.springframework.data.repository.config.RepositoryConfigurationDelegate - Finished Spring Data repository scanning in 143 ms. Found 7 JPA repository interfaces.
2025-04-16 01:30:34 [] INFO  org.springframework.boot.web.embedded.tomcat.TomcatWebServer - Tomcat initialized with port 8080 (http)
2025-04-16 01:30:34 [] INFO  org.apache.coyote.http11.Http11NioProtocol - Initializing ProtocolHandler ["http-nio-8080"]
2025-04-16 01:30:34 [] INFO  org.apache.catalina.core.StandardService - Starting service [Tomcat]
2025-04-16 01:30:34 [] INFO  org.apache.catalina.core.StandardEngine - Starting Servlet engine: [Apache Tomcat/10.1.40]
2025-04-16 01:30:34 [] INFO  org.apache.catalina.core.ContainerBase.[Tomcat].[localhost].[/tailor-master] - Initializing Spring embedded WebApplicationContext
2025-04-16 01:30:34 [] INFO  org.springframework.boot.web.servlet.context.ServletWebServerApplicationContext - Root WebApplicationContext: initialization completed in 3087 ms
2025-04-16 01:30:35 [] INFO  org.hibernate.jpa.internal.util.LogHelper - HHH000204: Processing PersistenceUnitInfo [name: default]
2025-04-16 01:30:35 [] INFO  org.hibernate.Version - HHH000412: Hibernate ORM core version 6.6.4.Final
2025-04-16 01:30:35 [] INFO  org.hibernate.cache.internal.RegionFactoryInitiator - HHH000026: Second-level cache disabled
2025-04-16 01:30:36 [] INFO  org.springframework.orm.jpa.persistenceunit.SpringPersistenceUnitInfo - No LoadTimeWeaver setup: ignoring JPA class transformer
2025-04-16 01:30:36 [] INFO  com.zaxxer.hikari.HikariDataSource - HikariPool-1 - Starting...
2025-04-16 01:30:36 [] INFO  com.zaxxer.hikari.pool.HikariPool - HikariPool-1 - Added connection com.mysql.cj.jdbc.ConnectionImpl@769948bf
2025-04-16 01:30:36 [] INFO  com.zaxxer.hikari.HikariDataSource - HikariPool-1 - Start completed.
2025-04-16 01:30:36 [] INFO  org.hibernate.orm.connections.pooling - HHH10001005: Database info:
	Database JDBC URL [Connecting through datasource 'HikariDataSource (HikariPool-1)']
	Database driver: undefined/unknown
	Database version: 8.0.28
	Autocommit mode: undefined/unknown
	Isolation level: undefined/unknown
	Minimum pool size: undefined/unknown
	Maximum pool size: undefined/unknown
2025-04-16 01:30:39 [] INFO  org.hibernate.engine.transaction.jta.platform.internal.JtaPlatformInitiator - HHH000489: No JTA platform available (set 'hibernate.transaction.jta.platform' to enable JTA platform integration)
2025-04-16 01:30:39 [] INFO  org.springframework.orm.jpa.LocalContainerEntityManagerFactoryBean - Initialized JPA EntityManagerFactory for persistence unit 'default'
2025-04-16 01:30:39 [] INFO  org.springframework.data.jpa.repository.query.QueryEnhancerFactory - Hibernate is in classpath; If applicable, HQL parser will be used.
2025-04-16 01:30:42 [] WARN  org.springframework.boot.autoconfigure.orm.jpa.JpaBaseConfiguration$JpaWebConfiguration - spring.jpa.open-in-view is enabled by default. Therefore, database queries may be performed during view rendering. Explicitly configure spring.jpa.open-in-view to disable this warning
2025-04-16 01:30:42 [] INFO  org.springframework.security.config.annotation.authentication.configuration.InitializeAuthenticationProviderBeanManagerConfigurer$InitializeAuthenticationProviderManagerConfigurer - Global AuthenticationManager configured with AuthenticationProvider bean with name authenticationProvider
2025-04-16 01:30:42 [] WARN  org.springframework.security.config.annotation.authentication.configuration.InitializeUserDetailsBeanManagerConfigurer$InitializeUserDetailsManagerConfigurer - Global AuthenticationManager configured with an AuthenticationProvider bean. UserDetailsService beans will not be used by Spring Security for automatically configuring username/password login. Consider removing the AuthenticationProvider bean. Alternatively, consider using the UserDetailsService in a manually instantiated DaoAuthenticationProvider. If the current configuration is intentional, to turn off this warning, increase the logging level of 'org.springframework.security.config.annotation.authentication.configuration.InitializeUserDetailsBeanManagerConfigurer' to ERROR
2025-04-16 01:30:43 [] INFO  org.springframework.boot.devtools.autoconfigure.OptionalLiveReloadServer - LiveReload server is running on port 35729
2025-04-16 01:30:43 [] INFO  org.apache.coyote.http11.Http11NioProtocol - Starting ProtocolHandler ["http-nio-8080"]
2025-04-16 01:30:43 [] INFO  org.springframework.boot.web.embedded.tomcat.TomcatWebServer - Tomcat started on port 8080 (http) with context path '/tailor-master'
2025-04-16 01:30:43 [] INFO  com.example.tailormaster.TailorMasterAppApplication - Started TailorMasterAppApplication in 13.079 seconds (process running for 15.563)
2025-04-16 01:31:04 [] INFO  org.apache.catalina.core.ContainerBase.[Tomcat].[localhost].[/tailor-master] - Initializing Spring DispatcherServlet 'dispatcherServlet'
2025-04-16 01:31:04 [] INFO  org.springframework.web.servlet.DispatcherServlet - Initializing Servlet 'dispatcherServlet'
2025-04-16 01:31:04 [] INFO  org.springframework.web.servlet.DispatcherServlet - Completed initialization in 0 ms
2025-04-16 01:31:04 [abdullateef] INFO  com.example.tailormaster.filter.LoggingInterceptor - User 'abdullateef' is requesting: GET /tailor-master/dashboard
2025-04-16 01:31:04 [abdullateef] INFO  com.example.tailormaster.controller.HomeController - User 'abdullateef' accessed the dashboard
2025-04-16 01:31:06 [abdullateef] INFO  com.example.tailormaster.filter.LoggingInterceptor - User 'abdullateef' is requesting: GET /tailor-master/dashboard/notifications/upcoming-deliveries
2025-04-16 01:31:06 [abdullateef] INFO  com.example.tailormaster.filter.LoggingInterceptor - User 'abdullateef' is requesting: GET /tailor-master/dashboard/total-orders
2025-04-16 01:31:06 [abdullateef] INFO  com.example.tailormaster.filter.LoggingInterceptor - User 'abdullateef' is requesting: GET /tailor-master/dashboard/total-customers
2025-04-16 01:31:06 [abdullateef] INFO  com.example.tailormaster.controller.dashboard.DashboardController - Requested total customers.
2025-04-16 01:31:06 [abdullateef] INFO  com.example.tailormaster.controller.dashboard.DashboardController - Requested total orders.
2025-04-16 01:31:06 [abdullateef] INFO  com.example.tailormaster.filter.LoggingInterceptor - User 'abdullateef' is requesting: GET /tailor-master/dashboard/pending-payments
2025-04-16 01:31:06 [abdullateef] INFO  com.example.tailormaster.controller.dashboard.DashboardController - Requested upcoming deliveries.
2025-04-16 01:31:06 [abdullateef] INFO  com.example.tailormaster.controller.dashboard.DashboardController - Requested pending payments.
2025-04-16 01:31:06 [abdullateef] INFO  com.example.tailormaster.service.dashboard.DashboardService - Total pending payments: 7
2025-04-16 01:31:06 [abdullateef] INFO  com.example.tailormaster.controller.dashboard.DashboardController - Pending payments: 7
2025-04-16 01:31:06 [abdullateef] INFO  com.example.tailormaster.filter.LoggingInterceptor - User 'abdullateef' is requesting: GET /tailor-master/dashboard/revenue-this-month
2025-04-16 01:31:06 [abdullateef] INFO  com.example.tailormaster.filter.LoggingInterceptor - User 'abdullateef' is requesting: GET /tailor-master/dashboard/monthly-revenue-trends
2025-04-16 01:31:06 [abdullateef] INFO  com.example.tailormaster.controller.dashboard.DashboardController - Requested revenue-this-month.
2025-04-16 01:31:06 [abdullateef] INFO  com.example.tailormaster.controller.dashboard.DashboardController - Requested monthly-revenue-trends.
2025-04-16 01:31:06 [abdullateef] INFO  com.example.tailormaster.service.dashboard.DashboardService - Revenue this month: 264000.00
2025-04-16 01:31:06 [abdullateef] INFO  com.example.tailormaster.controller.dashboard.DashboardController - Revenue this month: 264000.00
2025-04-16 01:31:06 [abdullateef] INFO  com.example.tailormaster.service.dashboard.DashboardService - Upcoming deliveries fetched: 10
2025-04-16 01:31:06 [abdullateef] INFO  com.example.tailormaster.controller.dashboard.DashboardController - Upcoming deliveries fetched: 10
2025-04-16 01:31:06 [abdullateef] INFO  com.example.tailormaster.filter.LoggingInterceptor - User 'abdullateef' is requesting: GET /tailor-master/dashboard/order-status-counts
2025-04-16 01:31:06 [abdullateef] INFO  com.example.tailormaster.controller.dashboard.DashboardController - Requested order-status-counts.
2025-04-16 01:31:06 [abdullateef] INFO  com.example.tailormaster.service.dashboard.DashboardService - Order status counts: {Pending=8, InProgress=3, Completed=43, Ready for Pickup=5}
2025-04-16 01:31:06 [abdullateef] INFO  com.example.tailormaster.controller.dashboard.DashboardController - Order status counts: {Pending=8, InProgress=3, Completed=43, Ready for Pickup=5}
2025-04-16 01:31:06 [abdullateef] INFO  com.example.tailormaster.filter.LoggingInterceptor - User 'abdullateef' is requesting: GET /tailor-master/dashboard/recent-orders
2025-04-16 01:31:06 [abdullateef] INFO  com.example.tailormaster.filter.LoggingInterceptor - User 'abdullateef' is requesting: GET /tailor-master/dashboard/customers/top
2025-04-16 01:31:06 [abdullateef] INFO  com.example.tailormaster.controller.dashboard.DashboardController - Requested recent-orders.
2025-04-16 01:31:06 [abdullateef] INFO  com.example.tailormaster.controller.dashboard.DashboardController - Requested top customers.
2025-04-16 01:31:06 [abdullateef] INFO  com.example.tailormaster.service.dashboard.DashboardService - Monthly revenue trends fetched successfully
2025-04-16 01:31:06 [abdullateef] INFO  com.example.tailormaster.service.dashboard.DashboardService - Top customers fetched: 5
2025-04-16 01:31:06 [abdullateef] INFO  com.example.tailormaster.controller.dashboard.DashboardController - Top customers fetched: 5
2025-04-16 01:31:06 [abdullateef] INFO  com.example.tailormaster.service.dashboard.DashboardService - Recent orders fetched: 5 orders
2025-04-16 01:31:06 [abdullateef] INFO  com.example.tailormaster.controller.dashboard.DashboardController - Recent orders fetched: 5
2025-04-16 01:31:06 [abdullateef] INFO  com.example.tailormaster.service.dashboard.DashboardService - Total customers: 32
2025-04-16 01:31:06 [abdullateef] INFO  com.example.tailormaster.service.dashboard.DashboardService - Total orders: 55
2025-04-16 01:31:06 [abdullateef] INFO  com.example.tailormaster.controller.dashboard.DashboardController - Total orders: 55
2025-04-16 01:31:06 [abdullateef] INFO  com.example.tailormaster.controller.dashboard.DashboardController - Total customers: 32
2025-04-16 01:31:17 [abdullateef] INFO  com.example.tailormaster.filter.LoggingInterceptor - User 'abdullateef' is requesting: GET /tailor-master/products
2025-04-16 01:31:17 [abdullateef] INFO  com.example.tailormaster.controller.ProductController - User accessed the product list page.
2025-04-16 01:31:17 [abdullateef] INFO  com.example.tailormaster.service.product.ProductService - Fetching all products.
2025-04-16 01:31:17 [abdullateef] INFO  com.example.tailormaster.controller.ProductController - Retrieved 6 products for the list.
2025-04-16 01:31:17 [abdullateef] INFO  com.example.tailormaster.filter.LoggingInterceptor - User 'abdullateef' is requesting: GET /tailor-master/dashboard/notifications/upcoming-deliveries
2025-04-16 01:31:17 [abdullateef] INFO  com.example.tailormaster.controller.dashboard.DashboardController - Requested upcoming deliveries.
2025-04-16 01:31:17 [abdullateef] INFO  com.example.tailormaster.service.dashboard.DashboardService - Upcoming deliveries fetched: 10
2025-04-16 01:31:17 [abdullateef] INFO  com.example.tailormaster.controller.dashboard.DashboardController - Upcoming deliveries fetched: 10
2025-04-16 01:31:19 [abdullateef] INFO  com.example.tailormaster.filter.LoggingInterceptor - User 'abdullateef' is requesting: GET /tailor-master/customers
2025-04-16 01:31:19 [abdullateef] INFO  com.example.tailormaster.filter.LoggingInterceptor - User 'abdullateef' is requesting: GET /tailor-master/dashboard/notifications/upcoming-deliveries
2025-04-16 01:31:19 [abdullateef] INFO  com.example.tailormaster.controller.dashboard.DashboardController - Requested upcoming deliveries.
2025-04-16 01:31:19 [abdullateef] INFO  com.example.tailormaster.service.dashboard.DashboardService - Upcoming deliveries fetched: 10
2025-04-16 01:31:19 [abdullateef] INFO  com.example.tailormaster.controller.dashboard.DashboardController - Upcoming deliveries fetched: 10
2025-04-16 01:31:19 [abdullateef] INFO  com.example.tailormaster.filter.LoggingInterceptor - User 'abdullateef' is requesting: GET /tailor-master/customers/datatable
2025-04-16 01:31:19 [abdullateef] INFO  com.example.tailormaster.controller.CustomerController - Fetching customers data with search value: , sort direction: asc, start date: null, end date: null
2025-04-16 01:31:51 [] INFO  org.springframework.boot.web.embedded.tomcat.GracefulShutdown - Commencing graceful shutdown. Waiting for active requests to complete
2025-04-16 01:31:52 [] INFO  org.springframework.boot.web.embedded.tomcat.GracefulShutdown - Graceful shutdown complete
2025-04-16 01:31:52 [] INFO  org.springframework.orm.jpa.LocalContainerEntityManagerFactoryBean - Closing JPA EntityManagerFactory for persistence unit 'default'
2025-04-16 01:31:52 [] INFO  com.zaxxer.hikari.HikariDataSource - HikariPool-1 - Shutdown initiated...
2025-04-16 01:31:52 [] INFO  com.zaxxer.hikari.HikariDataSource - HikariPool-1 - Shutdown completed.
2025-04-16 01:31:59 [] INFO  org.hibernate.validator.internal.util.Version - HV000001: Hibernate Validator 8.0.2.Final
2025-04-16 01:31:59 [] INFO  com.example.tailormaster.TailorMasterAppApplication - Starting TailorMasterAppApplication using Java 17.0.2 with PID 15712 (E:\Development-Workspaces\tailor-master-app\tailor-master-app\target\classes started by wajiz.pk in E:\Development-Workspaces\tailor-master-app\tailor-master-app)
2025-04-16 01:31:59 [] INFO  com.example.tailormaster.TailorMasterAppApplication - No active profile set, falling back to 1 default profile: "default"
2025-04-16 01:31:59 [] INFO  org.springframework.boot.devtools.env.DevToolsPropertyDefaultsPostProcessor - Devtools property defaults active! Set 'spring.devtools.add-properties' to 'false' to disable
2025-04-16 01:31:59 [] INFO  org.springframework.boot.devtools.env.DevToolsPropertyDefaultsPostProcessor - For additional web related logging consider setting the 'logging.level.web' property to 'DEBUG'
2025-04-16 01:32:01 [] INFO  org.springframework.data.repository.config.RepositoryConfigurationDelegate - Bootstrapping Spring Data JPA repositories in DEFAULT mode.
2025-04-16 01:32:01 [] INFO  org.springframework.data.repository.config.RepositoryConfigurationDelegate - Finished Spring Data repository scanning in 137 ms. Found 7 JPA repository interfaces.
2025-04-16 01:32:02 [] INFO  org.springframework.boot.web.embedded.tomcat.TomcatWebServer - Tomcat initialized with port 8080 (http)
2025-04-16 01:32:02 [] INFO  org.apache.coyote.http11.Http11NioProtocol - Initializing ProtocolHandler ["http-nio-8080"]
2025-04-16 01:32:02 [] INFO  org.apache.catalina.core.StandardService - Starting service [Tomcat]
2025-04-16 01:32:02 [] INFO  org.apache.catalina.core.StandardEngine - Starting Servlet engine: [Apache Tomcat/10.1.40]
2025-04-16 01:32:02 [] INFO  org.apache.catalina.core.ContainerBase.[Tomcat].[localhost].[/tailor-master] - Initializing Spring embedded WebApplicationContext
2025-04-16 01:32:02 [] INFO  org.springframework.boot.web.servlet.context.ServletWebServerApplicationContext - Root WebApplicationContext: initialization completed in 2939 ms
2025-04-16 01:32:03 [] INFO  org.hibernate.jpa.internal.util.LogHelper - HHH000204: Processing PersistenceUnitInfo [name: default]
2025-04-16 01:32:03 [] INFO  org.hibernate.Version - HHH000412: Hibernate ORM core version 6.6.4.Final
2025-04-16 01:32:03 [] INFO  org.hibernate.cache.internal.RegionFactoryInitiator - HHH000026: Second-level cache disabled
2025-04-16 01:32:03 [] INFO  org.springframework.orm.jpa.persistenceunit.SpringPersistenceUnitInfo - No LoadTimeWeaver setup: ignoring JPA class transformer
2025-04-16 01:32:03 [] INFO  com.zaxxer.hikari.HikariDataSource - HikariPool-1 - Starting...
2025-04-16 01:32:04 [] INFO  com.zaxxer.hikari.pool.HikariPool - HikariPool-1 - Added connection com.mysql.cj.jdbc.ConnectionImpl@359f481e
2025-04-16 01:32:04 [] INFO  com.zaxxer.hikari.HikariDataSource - HikariPool-1 - Start completed.
2025-04-16 01:32:04 [] INFO  org.hibernate.orm.connections.pooling - HHH10001005: Database info:
	Database JDBC URL [Connecting through datasource 'HikariDataSource (HikariPool-1)']
	Database driver: undefined/unknown
	Database version: 8.0.28
	Autocommit mode: undefined/unknown
	Isolation level: undefined/unknown
	Minimum pool size: undefined/unknown
	Maximum pool size: undefined/unknown
2025-04-16 01:32:06 [] INFO  org.hibernate.engine.transaction.jta.platform.internal.JtaPlatformInitiator - HHH000489: No JTA platform available (set 'hibernate.transaction.jta.platform' to enable JTA platform integration)
2025-04-16 01:32:06 [] INFO  org.springframework.orm.jpa.LocalContainerEntityManagerFactoryBean - Initialized JPA EntityManagerFactory for persistence unit 'default'
2025-04-16 01:32:07 [] INFO  org.springframework.data.jpa.repository.query.QueryEnhancerFactory - Hibernate is in classpath; If applicable, HQL parser will be used.
2025-04-16 01:32:10 [] WARN  org.springframework.boot.autoconfigure.orm.jpa.JpaBaseConfiguration$JpaWebConfiguration - spring.jpa.open-in-view is enabled by default. Therefore, database queries may be performed during view rendering. Explicitly configure spring.jpa.open-in-view to disable this warning
2025-04-16 01:32:10 [] INFO  org.springframework.security.config.annotation.authentication.configuration.InitializeAuthenticationProviderBeanManagerConfigurer$InitializeAuthenticationProviderManagerConfigurer - Global AuthenticationManager configured with AuthenticationProvider bean with name authenticationProvider
2025-04-16 01:32:10 [] WARN  org.springframework.security.config.annotation.authentication.configuration.InitializeUserDetailsBeanManagerConfigurer$InitializeUserDetailsManagerConfigurer - Global AuthenticationManager configured with an AuthenticationProvider bean. UserDetailsService beans will not be used by Spring Security for automatically configuring username/password login. Consider removing the AuthenticationProvider bean. Alternatively, consider using the UserDetailsService in a manually instantiated DaoAuthenticationProvider. If the current configuration is intentional, to turn off this warning, increase the logging level of 'org.springframework.security.config.annotation.authentication.configuration.InitializeUserDetailsBeanManagerConfigurer' to ERROR
2025-04-16 01:32:11 [] INFO  org.springframework.boot.devtools.autoconfigure.OptionalLiveReloadServer - LiveReload server is running on port 35729
2025-04-16 01:32:11 [] INFO  org.apache.coyote.http11.Http11NioProtocol - Starting ProtocolHandler ["http-nio-8080"]
2025-04-16 01:32:11 [] INFO  org.springframework.boot.web.embedded.tomcat.TomcatWebServer - Tomcat started on port 8080 (http) with context path '/tailor-master'
2025-04-16 01:32:11 [] INFO  com.example.tailormaster.TailorMasterAppApplication - Started TailorMasterAppApplication in 12.773 seconds (process running for 15.052)
2025-04-16 01:32:17 [] INFO  org.apache.catalina.core.ContainerBase.[Tomcat].[localhost].[/tailor-master] - Initializing Spring DispatcherServlet 'dispatcherServlet'
2025-04-16 01:32:17 [] INFO  org.springframework.web.servlet.DispatcherServlet - Initializing Servlet 'dispatcherServlet'
2025-04-16 01:32:17 [] INFO  org.springframework.web.servlet.DispatcherServlet - Completed initialization in 2 ms
2025-04-16 01:32:17 [abdullateef] INFO  com.example.tailormaster.filter.LoggingInterceptor - User 'abdullateef' is requesting: GET /tailor-master/customers
2025-04-16 01:32:19 [abdullateef] INFO  com.example.tailormaster.filter.LoggingInterceptor - User 'abdullateef' is requesting: GET /tailor-master/dashboard/notifications/upcoming-deliveries
2025-04-16 01:32:19 [abdullateef] INFO  com.example.tailormaster.controller.dashboard.DashboardController - Requested upcoming deliveries.
2025-04-16 01:32:19 [abdullateef] INFO  com.example.tailormaster.filter.LoggingInterceptor - User 'abdullateef' is requesting: GET /tailor-master/customers/datatable
2025-04-16 01:32:19 [abdullateef] INFO  com.example.tailormaster.controller.CustomerController - Fetching customers data with search value: , sort direction: asc, start date: null, end date: null
2025-04-16 01:32:19 [abdullateef] INFO  com.example.tailormaster.service.dashboard.DashboardService - Upcoming deliveries fetched: 10
2025-04-16 01:32:19 [abdullateef] INFO  com.example.tailormaster.controller.dashboard.DashboardController - Upcoming deliveries fetched: 10
2025-04-16 01:32:20 [abdullateef] INFO  com.example.tailormaster.filter.LoggingInterceptor - User 'abdullateef' is requesting: GET /tailor-master/dashboard
2025-04-16 01:32:20 [abdullateef] INFO  com.example.tailormaster.controller.HomeController - User 'abdullateef' accessed the dashboard
2025-04-16 01:32:20 [abdullateef] INFO  com.example.tailormaster.filter.LoggingInterceptor - User 'abdullateef' is requesting: GET /tailor-master/dashboard/notifications/upcoming-deliveries
2025-04-16 01:32:20 [abdullateef] INFO  com.example.tailormaster.filter.LoggingInterceptor - User 'abdullateef' is requesting: GET /tailor-master/dashboard/total-customers
2025-04-16 01:32:20 [abdullateef] INFO  com.example.tailormaster.filter.LoggingInterceptor - User 'abdullateef' is requesting: GET /tailor-master/dashboard/total-orders
2025-04-16 01:32:20 [abdullateef] INFO  com.example.tailormaster.filter.LoggingInterceptor - User 'abdullateef' is requesting: GET /tailor-master/dashboard/pending-payments
2025-04-16 01:32:20 [abdullateef] INFO  com.example.tailormaster.controller.dashboard.DashboardController - Requested total customers.
2025-04-16 01:32:20 [abdullateef] INFO  com.example.tailormaster.controller.dashboard.DashboardController - Requested total orders.
2025-04-16 01:32:20 [abdullateef] INFO  com.example.tailormaster.controller.dashboard.DashboardController - Requested upcoming deliveries.
2025-04-16 01:32:20 [abdullateef] INFO  com.example.tailormaster.filter.LoggingInterceptor - User 'abdullateef' is requesting: GET /tailor-master/dashboard/monthly-revenue-trends
2025-04-16 01:32:20 [abdullateef] INFO  com.example.tailormaster.filter.LoggingInterceptor - User 'abdullateef' is requesting: GET /tailor-master/dashboard/revenue-this-month
2025-04-16 01:32:20 [abdullateef] INFO  com.example.tailormaster.controller.dashboard.DashboardController - Requested monthly-revenue-trends.
2025-04-16 01:32:20 [abdullateef] INFO  com.example.tailormaster.controller.dashboard.DashboardController - Requested pending payments.
2025-04-16 01:32:20 [abdullateef] INFO  com.example.tailormaster.controller.dashboard.DashboardController - Requested revenue-this-month.
2025-04-16 01:32:20 [abdullateef] INFO  com.example.tailormaster.service.dashboard.DashboardService - Total pending payments: 7
2025-04-16 01:32:20 [abdullateef] INFO  com.example.tailormaster.controller.dashboard.DashboardController - Pending payments: 7
2025-04-16 01:32:20 [abdullateef] INFO  com.example.tailormaster.service.dashboard.DashboardService - Upcoming deliveries fetched: 10
2025-04-16 01:32:20 [abdullateef] INFO  com.example.tailormaster.controller.dashboard.DashboardController - Upcoming deliveries fetched: 10
2025-04-16 01:32:20 [abdullateef] INFO  com.example.tailormaster.service.dashboard.DashboardService - Revenue this month: 264000.00
2025-04-16 01:32:20 [abdullateef] INFO  com.example.tailormaster.controller.dashboard.DashboardController - Revenue this month: 264000.00
2025-04-16 01:32:21 [abdullateef] INFO  com.example.tailormaster.filter.LoggingInterceptor - User 'abdullateef' is requesting: GET /tailor-master/dashboard/order-status-counts
2025-04-16 01:32:21 [abdullateef] INFO  com.example.tailormaster.filter.LoggingInterceptor - User 'abdullateef' is requesting: GET /tailor-master/dashboard/recent-orders
2025-04-16 01:32:21 [abdullateef] INFO  com.example.tailormaster.controller.dashboard.DashboardController - Requested order-status-counts.
2025-04-16 01:32:21 [abdullateef] INFO  com.example.tailormaster.controller.dashboard.DashboardController - Requested recent-orders.
2025-04-16 01:32:21 [abdullateef] INFO  com.example.tailormaster.filter.LoggingInterceptor - User 'abdullateef' is requesting: GET /tailor-master/dashboard/customers/top
2025-04-16 01:32:21 [abdullateef] INFO  com.example.tailormaster.service.dashboard.DashboardService - Order status counts: {Pending=8, InProgress=3, Completed=43, Ready for Pickup=5}
2025-04-16 01:32:21 [abdullateef] INFO  com.example.tailormaster.controller.dashboard.DashboardController - Order status counts: {Pending=8, InProgress=3, Completed=43, Ready for Pickup=5}
2025-04-16 01:32:21 [abdullateef] INFO  com.example.tailormaster.controller.dashboard.DashboardController - Requested top customers.
2025-04-16 01:32:21 [abdullateef] INFO  com.example.tailormaster.service.dashboard.DashboardService - Recent orders fetched: 5 orders
2025-04-16 01:32:21 [abdullateef] INFO  com.example.tailormaster.controller.dashboard.DashboardController - Recent orders fetched: 5
2025-04-16 01:32:21 [abdullateef] INFO  com.example.tailormaster.service.dashboard.DashboardService - Top customers fetched: 5
2025-04-16 01:32:21 [abdullateef] INFO  com.example.tailormaster.controller.dashboard.DashboardController - Top customers fetched: 5
2025-04-16 01:32:21 [abdullateef] INFO  com.example.tailormaster.service.dashboard.DashboardService - Total customers: 32
2025-04-16 01:32:21 [abdullateef] INFO  com.example.tailormaster.controller.dashboard.DashboardController - Total customers: 32
2025-04-16 01:32:21 [abdullateef] INFO  com.example.tailormaster.service.dashboard.DashboardService - Total orders: 55
2025-04-16 01:32:21 [abdullateef] INFO  com.example.tailormaster.controller.dashboard.DashboardController - Total orders: 55
2025-04-16 01:32:21 [abdullateef] INFO  com.example.tailormaster.service.dashboard.DashboardService - Monthly revenue trends fetched successfully
2025-04-16 01:32:22 [abdullateef] INFO  com.example.tailormaster.filter.LoggingInterceptor - User 'abdullateef' is requesting: GET /tailor-master/products
2025-04-16 01:32:22 [abdullateef] INFO  com.example.tailormaster.controller.ProductController - User accessed the product list page.
2025-04-16 01:32:22 [abdullateef] INFO  com.example.tailormaster.service.product.ProductService - Fetching all products.
2025-04-16 01:32:22 [abdullateef] INFO  com.example.tailormaster.controller.ProductController - Retrieved 6 products for the list.
2025-04-16 01:32:22 [abdullateef] INFO  com.example.tailormaster.filter.LoggingInterceptor - User 'abdullateef' is requesting: GET /tailor-master/dashboard/notifications/upcoming-deliveries
2025-04-16 01:32:22 [abdullateef] INFO  com.example.tailormaster.controller.dashboard.DashboardController - Requested upcoming deliveries.
2025-04-16 01:32:22 [abdullateef] INFO  com.example.tailormaster.service.dashboard.DashboardService - Upcoming deliveries fetched: 10
2025-04-16 01:32:22 [abdullateef] INFO  com.example.tailormaster.controller.dashboard.DashboardController - Upcoming deliveries fetched: 10
2025-04-16 01:32:33 [abdullateef] INFO  com.example.tailormaster.filter.LoggingInterceptor - User 'abdullateef' is requesting: GET /tailor-master/customers
2025-04-16 01:32:33 [abdullateef] INFO  com.example.tailormaster.filter.LoggingInterceptor - User 'abdullateef' is requesting: GET /tailor-master/dashboard/notifications/upcoming-deliveries
2025-04-16 01:32:33 [abdullateef] INFO  com.example.tailormaster.controller.dashboard.DashboardController - Requested upcoming deliveries.
2025-04-16 01:32:33 [abdullateef] INFO  com.example.tailormaster.filter.LoggingInterceptor - User 'abdullateef' is requesting: GET /tailor-master/customers/datatable
2025-04-16 01:32:33 [abdullateef] INFO  com.example.tailormaster.service.dashboard.DashboardService - Upcoming deliveries fetched: 10
2025-04-16 01:32:33 [abdullateef] INFO  com.example.tailormaster.controller.dashboard.DashboardController - Upcoming deliveries fetched: 10
2025-04-16 01:32:33 [abdullateef] INFO  com.example.tailormaster.controller.CustomerController - Fetching customers data with search value: , sort direction: asc, start date: null, end date: null
2025-04-16 01:32:34 [abdullateef] INFO  com.example.tailormaster.filter.LoggingInterceptor - User 'abdullateef' is requesting: GET /tailor-master/orders
2025-04-16 01:32:34 [abdullateef] INFO  com.example.tailormaster.controller.OrderController - User accessed the orders list page.
2025-04-16 01:32:34 [abdullateef] INFO  com.example.tailormaster.filter.LoggingInterceptor - User 'abdullateef' is requesting: GET /tailor-master/dashboard/notifications/upcoming-deliveries
2025-04-16 01:32:34 [abdullateef] INFO  com.example.tailormaster.controller.dashboard.DashboardController - Requested upcoming deliveries.
2025-04-16 01:32:34 [abdullateef] INFO  com.example.tailormaster.filter.LoggingInterceptor - User 'abdullateef' is requesting: GET /tailor-master/orders/datatable
2025-04-16 01:32:34 [abdullateef] INFO  com.example.tailormaster.service.dashboard.DashboardService - Upcoming deliveries fetched: 10
2025-04-16 01:32:34 [abdullateef] INFO  com.example.tailormaster.controller.dashboard.DashboardController - Upcoming deliveries fetched: 10
2025-04-16 01:32:34 [abdullateef] INFO  com.example.tailormaster.controller.OrderController - Fetching paginated orders for datatable - draw: 1, start: 0, length: 10, search: , column: 0, direction: asc, startDate: null, endDate: null
2025-04-16 01:32:37 [abdullateef] INFO  com.example.tailormaster.filter.LoggingInterceptor - User 'abdullateef' is requesting: GET /tailor-master/orders/datatable
2025-04-16 01:32:37 [abdullateef] INFO  com.example.tailormaster.controller.OrderController - Fetching paginated orders for datatable - draw: 2, start: 50, length: 10, search: , column: 0, direction: asc, startDate: null, endDate: null
2025-04-16 01:32:38 [abdullateef] INFO  com.example.tailormaster.filter.LoggingInterceptor - User 'abdullateef' is requesting: GET /tailor-master/orders/details/RJmSyun50-nJfKOgsIe2uA66S0B5ffKv4RLpshfESl8=
2025-04-16 01:32:38 [abdullateef] INFO  com.example.tailormaster.controller.OrderController - Displaying order details for ID: RJmSyun50-nJfKOgsIe2uA66S0B5ffKv4RLpshfESl8=
2025-04-16 01:32:38 [abdullateef] INFO  com.example.tailormaster.filter.LoggingInterceptor - User 'abdullateef' is requesting: GET /tailor-master/dashboard/notifications/upcoming-deliveries
2025-04-16 01:32:38 [abdullateef] INFO  com.example.tailormaster.controller.dashboard.DashboardController - Requested upcoming deliveries.
2025-04-16 01:32:38 [abdullateef] INFO  com.example.tailormaster.service.dashboard.DashboardService - Upcoming deliveries fetched: 10
2025-04-16 01:32:38 [abdullateef] INFO  com.example.tailormaster.controller.dashboard.DashboardController - Upcoming deliveries fetched: 10
2025-04-16 01:32:41 [abdullateef] INFO  com.example.tailormaster.filter.LoggingInterceptor - User 'abdullateef' is requesting: GET /tailor-master/orders/generate-receipt/_Iqb8d0Lry2Y3A2F4VhwC87jw4VWBBzSXe4o1Ri3H9A=
2025-04-16 01:32:41 [abdullateef] INFO  com.example.tailormaster.controller.ReceiptController - Attempting to generate receipt of type 'customer' for order ID: _Iqb8d0Lry2Y3A2F4VhwC87jw4VWBBzSXe4o1Ri3H9A=
2025-04-16 01:32:41 [abdullateef] INFO  com.example.tailormaster.filter.LoggingInterceptor - User 'abdullateef' is requesting: GET /tailor-master/users/logo/abdullateef
2025-04-16 01:32:41 [abdullateef] INFO  com.example.tailormaster.controller.RegisterController - Fetching logo for user: abdullateef
2025-04-16 01:32:47 [abdullateef] INFO  com.example.tailormaster.filter.LoggingInterceptor - User 'abdullateef' is requesting: GET /tailor-master/orders/details/XNqPUcCfd452DxHEKoc_UTlRCqLKDKTcquQ30bfOp-4=
2025-04-16 01:32:47 [abdullateef] INFO  com.example.tailormaster.controller.OrderController - Displaying order details for ID: XNqPUcCfd452DxHEKoc_UTlRCqLKDKTcquQ30bfOp-4=
2025-04-16 01:32:47 [abdullateef] INFO  com.example.tailormaster.filter.LoggingInterceptor - User 'abdullateef' is requesting: GET /tailor-master/dashboard/notifications/upcoming-deliveries
2025-04-16 01:32:47 [abdullateef] INFO  com.example.tailormaster.controller.dashboard.DashboardController - Requested upcoming deliveries.
2025-04-16 01:32:47 [abdullateef] INFO  com.example.tailormaster.service.dashboard.DashboardService - Upcoming deliveries fetched: 10
2025-04-16 01:32:47 [abdullateef] INFO  com.example.tailormaster.controller.dashboard.DashboardController - Upcoming deliveries fetched: 10
2025-04-16 01:32:51 [abdullateef] INFO  com.example.tailormaster.filter.LoggingInterceptor - User 'abdullateef' is requesting: GET /tailor-master/logout
2025-04-16 01:32:51 [abdullateef] INFO  com.example.tailormaster.controller.HomeController - Logout endpoint hit — redirecting to login with logout param
2025-04-16 01:32:51 [abdullateef] INFO  com.example.tailormaster.filter.LoggingInterceptor - User 'abdullateef' is requesting: GET /tailor-master/login
2025-04-16 01:32:51 [abdullateef] INFO  com.example.tailormaster.controller.HomeController - Accessed login page
2025-04-16 01:32:57 [] WARN  org.apache.catalina.util.SessionIdGeneratorBase - Creation of SecureRandom instance for session ID generation using [SHA1PRNG] took [116] milliseconds.
2025-04-16 01:32:57 [logouser] INFO  com.example.tailormaster.filter.LoggingInterceptor - User 'logouser' is requesting: GET /tailor-master/dashboard
2025-04-16 01:32:57 [logouser] INFO  com.example.tailormaster.controller.HomeController - User 'logouser' accessed the dashboard
2025-04-16 01:32:57 [logouser] INFO  com.example.tailormaster.filter.LoggingInterceptor - User 'logouser' is requesting: GET /tailor-master/dashboard/notifications/upcoming-deliveries
2025-04-16 01:32:57 [logouser] INFO  com.example.tailormaster.filter.LoggingInterceptor - User 'logouser' is requesting: GET /tailor-master/dashboard/total-customers
2025-04-16 01:32:57 [logouser] INFO  com.example.tailormaster.filter.LoggingInterceptor - User 'logouser' is requesting: GET /tailor-master/dashboard/pending-payments
2025-04-16 01:32:57 [logouser] INFO  com.example.tailormaster.filter.LoggingInterceptor - User 'logouser' is requesting: GET /tailor-master/dashboard/total-orders
2025-04-16 01:32:57 [logouser] INFO  com.example.tailormaster.filter.LoggingInterceptor - User 'logouser' is requesting: GET /tailor-master/dashboard/revenue-this-month
2025-04-16 01:32:57 [logouser] INFO  com.example.tailormaster.controller.dashboard.DashboardController - Requested pending payments.
2025-04-16 01:32:57 [logouser] INFO  com.example.tailormaster.controller.dashboard.DashboardController - Requested upcoming deliveries.
2025-04-16 01:32:57 [logouser] INFO  com.example.tailormaster.service.dashboard.DashboardService - Total pending payments: 7
2025-04-16 01:32:57 [logouser] INFO  com.example.tailormaster.controller.dashboard.DashboardController - Pending payments: 7
2025-04-16 01:32:57 [logouser] INFO  com.example.tailormaster.filter.LoggingInterceptor - User 'logouser' is requesting: GET /tailor-master/dashboard/monthly-revenue-trends
2025-04-16 01:32:57 [logouser] INFO  com.example.tailormaster.service.dashboard.DashboardService - Upcoming deliveries fetched: 10
2025-04-16 01:32:57 [logouser] INFO  com.example.tailormaster.controller.dashboard.DashboardController - Upcoming deliveries fetched: 10
2025-04-16 01:32:57 [logouser] INFO  com.example.tailormaster.controller.dashboard.DashboardController - Requested total orders.
2025-04-16 01:32:57 [logouser] INFO  com.example.tailormaster.controller.dashboard.DashboardController - Requested revenue-this-month.
2025-04-16 01:32:57 [logouser] INFO  com.example.tailormaster.service.dashboard.DashboardService - Revenue this month: 264000.00
2025-04-16 01:32:57 [logouser] INFO  com.example.tailormaster.controller.dashboard.DashboardController - Revenue this month: 264000.00
2025-04-16 01:32:57 [logouser] INFO  com.example.tailormaster.controller.dashboard.DashboardController - Requested monthly-revenue-trends.
2025-04-16 01:32:57 [logouser] INFO  com.example.tailormaster.filter.LoggingInterceptor - User 'logouser' is requesting: GET /tailor-master/dashboard/order-status-counts
2025-04-16 01:32:57 [logouser] INFO  com.example.tailormaster.filter.LoggingInterceptor - User 'logouser' is requesting: GET /tailor-master/dashboard/recent-orders
2025-04-16 01:32:57 [logouser] INFO  com.example.tailormaster.filter.LoggingInterceptor - User 'logouser' is requesting: GET /tailor-master/dashboard/customers/top
2025-04-16 01:32:57 [logouser] INFO  com.example.tailormaster.controller.dashboard.DashboardController - Requested top customers.
2025-04-16 01:32:57 [logouser] INFO  com.example.tailormaster.service.dashboard.DashboardService - Top customers fetched: 5
2025-04-16 01:32:57 [logouser] INFO  com.example.tailormaster.controller.dashboard.DashboardController - Top customers fetched: 5
2025-04-16 01:32:57 [logouser] INFO  com.example.tailormaster.controller.dashboard.DashboardController - Requested order-status-counts.
2025-04-16 01:32:57 [logouser] INFO  com.example.tailormaster.service.dashboard.DashboardService - Order status counts: {Pending=8, InProgress=3, Completed=43, Ready for Pickup=5}
2025-04-16 01:32:57 [logouser] INFO  com.example.tailormaster.controller.dashboard.DashboardController - Order status counts: {Pending=8, InProgress=3, Completed=43, Ready for Pickup=5}
2025-04-16 01:32:58 [logouser] INFO  com.example.tailormaster.service.dashboard.DashboardService - Monthly revenue trends fetched successfully
2025-04-16 01:32:58 [logouser] INFO  com.example.tailormaster.controller.dashboard.DashboardController - Requested total customers.
2025-04-16 01:32:58 [logouser] INFO  com.example.tailormaster.controller.dashboard.DashboardController - Requested recent-orders.
2025-04-16 01:32:58 [logouser] INFO  com.example.tailormaster.service.dashboard.DashboardService - Total orders: 55
2025-04-16 01:32:58 [logouser] INFO  com.example.tailormaster.controller.dashboard.DashboardController - Total orders: 55
2025-04-16 01:32:58 [logouser] INFO  com.example.tailormaster.service.dashboard.DashboardService - Recent orders fetched: 5 orders
2025-04-16 01:32:58 [logouser] INFO  com.example.tailormaster.controller.dashboard.DashboardController - Recent orders fetched: 5
2025-04-16 01:32:58 [logouser] INFO  com.example.tailormaster.service.dashboard.DashboardService - Total customers: 32
2025-04-16 01:32:58 [logouser] INFO  com.example.tailormaster.controller.dashboard.DashboardController - Total customers: 32
2025-04-16 01:33:02 [logouser] INFO  com.example.tailormaster.filter.LoggingInterceptor - User 'logouser' is requesting: GET /tailor-master/users/profile
2025-04-16 01:33:02 [logouser] INFO  com.example.tailormaster.controller.RegisterController - Displaying user profile: logouser
2025-04-16 01:33:02 [logouser] INFO  com.example.tailormaster.filter.LoggingInterceptor - User 'logouser' is requesting: GET /tailor-master/users/logo/logouser
2025-04-16 01:33:02 [logouser] INFO  com.example.tailormaster.controller.RegisterController - Fetching logo for user: logouser
2025-04-16 01:33:02 [logouser] INFO  com.example.tailormaster.filter.LoggingInterceptor - User 'logouser' is requesting: GET /tailor-master/dashboard/notifications/upcoming-deliveries
2025-04-16 01:33:02 [logouser] INFO  com.example.tailormaster.controller.dashboard.DashboardController - Requested upcoming deliveries.
2025-04-16 01:33:02 [logouser] INFO  com.example.tailormaster.service.dashboard.DashboardService - Upcoming deliveries fetched: 10
2025-04-16 01:33:02 [logouser] INFO  com.example.tailormaster.controller.dashboard.DashboardController - Upcoming deliveries fetched: 10
2025-04-16 01:33:05 [logouser] INFO  com.example.tailormaster.filter.LoggingInterceptor - User 'logouser' is requesting: GET /tailor-master/users/profile/edit
2025-04-16 01:33:05 [logouser] INFO  com.example.tailormaster.controller.RegisterController - Displaying edit user profile page for: logouser
2025-04-16 01:33:06 [logouser] INFO  com.example.tailormaster.filter.LoggingInterceptor - User 'logouser' is requesting: GET /tailor-master/users/logo/logouser
2025-04-16 01:33:06 [logouser] INFO  com.example.tailormaster.controller.RegisterController - Fetching logo for user: logouser
2025-04-16 01:33:06 [logouser] INFO  com.example.tailormaster.filter.LoggingInterceptor - User 'logouser' is requesting: GET /tailor-master/dashboard/notifications/upcoming-deliveries
2025-04-16 01:33:06 [logouser] INFO  com.example.tailormaster.controller.dashboard.DashboardController - Requested upcoming deliveries.
2025-04-16 01:33:06 [logouser] INFO  com.example.tailormaster.service.dashboard.DashboardService - Upcoming deliveries fetched: 10
2025-04-16 01:33:06 [logouser] INFO  com.example.tailormaster.controller.dashboard.DashboardController - Upcoming deliveries fetched: 10
2025-04-16 01:33:22 [logouser] INFO  com.example.tailormaster.filter.LoggingInterceptor - User 'logouser' is requesting: GET /tailor-master/users/profile
2025-04-16 01:33:22 [logouser] INFO  com.example.tailormaster.controller.RegisterController - Displaying user profile: logouser
2025-04-16 01:33:22 [logouser] INFO  com.example.tailormaster.filter.LoggingInterceptor - User 'logouser' is requesting: GET /tailor-master/users/logo/logouser
2025-04-16 01:33:22 [logouser] INFO  com.example.tailormaster.controller.RegisterController - Fetching logo for user: logouser
2025-04-16 01:33:22 [logouser] INFO  com.example.tailormaster.filter.LoggingInterceptor - User 'logouser' is requesting: GET /tailor-master/dashboard/notifications/upcoming-deliveries
2025-04-16 01:33:22 [logouser] INFO  com.example.tailormaster.controller.dashboard.DashboardController - Requested upcoming deliveries.
2025-04-16 01:33:22 [logouser] INFO  com.example.tailormaster.service.dashboard.DashboardService - Upcoming deliveries fetched: 10
2025-04-16 01:33:22 [logouser] INFO  com.example.tailormaster.controller.dashboard.DashboardController - Upcoming deliveries fetched: 10
2025-04-16 01:33:26 [logouser] INFO  com.example.tailormaster.filter.LoggingInterceptor - User 'logouser' is requesting: GET /tailor-master/products
2025-04-16 01:33:26 [logouser] INFO  com.example.tailormaster.controller.ProductController - User accessed the product list page.
2025-04-16 01:33:26 [logouser] INFO  com.example.tailormaster.service.product.ProductService - Fetching all products.
2025-04-16 01:33:26 [logouser] INFO  com.example.tailormaster.controller.ProductController - Retrieved 6 products for the list.
2025-04-16 01:33:26 [logouser] INFO  com.example.tailormaster.filter.LoggingInterceptor - User 'logouser' is requesting: GET /tailor-master/dashboard/notifications/upcoming-deliveries
2025-04-16 01:33:26 [logouser] INFO  com.example.tailormaster.controller.dashboard.DashboardController - Requested upcoming deliveries.
2025-04-16 01:33:26 [logouser] INFO  com.example.tailormaster.service.dashboard.DashboardService - Upcoming deliveries fetched: 10
2025-04-16 01:33:26 [logouser] INFO  com.example.tailormaster.controller.dashboard.DashboardController - Upcoming deliveries fetched: 10
2025-04-16 01:33:27 [logouser] INFO  com.example.tailormaster.filter.LoggingInterceptor - User 'logouser' is requesting: GET /tailor-master/dashboard
2025-04-16 01:33:27 [logouser] INFO  com.example.tailormaster.controller.HomeController - User 'logouser' accessed the dashboard
2025-04-16 01:33:27 [logouser] INFO  com.example.tailormaster.filter.LoggingInterceptor - User 'logouser' is requesting: GET /tailor-master/dashboard/notifications/upcoming-deliveries
2025-04-16 01:33:27 [logouser] INFO  com.example.tailormaster.filter.LoggingInterceptor - User 'logouser' is requesting: GET /tailor-master/dashboard/total-customers
2025-04-16 01:33:27 [logouser] INFO  com.example.tailormaster.filter.LoggingInterceptor - User 'logouser' is requesting: GET /tailor-master/dashboard/total-orders
2025-04-16 01:33:28 [logouser] INFO  com.example.tailormaster.controller.dashboard.DashboardController - Requested upcoming deliveries.
2025-04-16 01:33:28 [logouser] INFO  com.example.tailormaster.filter.LoggingInterceptor - User 'logouser' is requesting: GET /tailor-master/dashboard/pending-payments
2025-04-16 01:33:28 [logouser] INFO  com.example.tailormaster.controller.dashboard.DashboardController - Requested total customers.
2025-04-16 01:33:28 [logouser] INFO  com.example.tailormaster.filter.LoggingInterceptor - User 'logouser' is requesting: GET /tailor-master/dashboard/revenue-this-month
2025-04-16 01:33:28 [logouser] INFO  com.example.tailormaster.service.dashboard.DashboardService - Upcoming deliveries fetched: 10
2025-04-16 01:33:28 [logouser] INFO  com.example.tailormaster.controller.dashboard.DashboardController - Upcoming deliveries fetched: 10
2025-04-16 01:33:28 [logouser] INFO  com.example.tailormaster.controller.dashboard.DashboardController - Requested total orders.
2025-04-16 01:33:28 [logouser] INFO  com.example.tailormaster.filter.LoggingInterceptor - User 'logouser' is requesting: GET /tailor-master/dashboard/monthly-revenue-trends
2025-04-16 01:33:28 [logouser] INFO  com.example.tailormaster.filter.LoggingInterceptor - User 'logouser' is requesting: GET /tailor-master/dashboard/order-status-counts
2025-04-16 01:33:28 [logouser] INFO  com.example.tailormaster.controller.dashboard.DashboardController - Requested revenue-this-month.
2025-04-16 01:33:28 [logouser] INFO  com.example.tailormaster.service.dashboard.DashboardService - Revenue this month: 264000.00
2025-04-16 01:33:28 [logouser] INFO  com.example.tailormaster.controller.dashboard.DashboardController - Revenue this month: 264000.00
2025-04-16 01:33:28 [logouser] INFO  com.example.tailormaster.filter.LoggingInterceptor - User 'logouser' is requesting: GET /tailor-master/dashboard/recent-orders
2025-04-16 01:33:28 [logouser] INFO  com.example.tailormaster.controller.dashboard.DashboardController - Requested monthly-revenue-trends.
2025-04-16 01:33:28 [logouser] INFO  com.example.tailormaster.controller.dashboard.DashboardController - Requested order-status-counts.
2025-04-16 01:33:28 [logouser] INFO  com.example.tailormaster.service.dashboard.DashboardService - Order status counts: {Pending=8, InProgress=3, Completed=43, Ready for Pickup=5}
2025-04-16 01:33:28 [logouser] INFO  com.example.tailormaster.controller.dashboard.DashboardController - Order status counts: {Pending=8, InProgress=3, Completed=43, Ready for Pickup=5}
2025-04-16 01:33:28 [logouser] INFO  com.example.tailormaster.filter.LoggingInterceptor - User 'logouser' is requesting: GET /tailor-master/dashboard/customers/top
2025-04-16 01:33:28 [logouser] INFO  com.example.tailormaster.controller.dashboard.DashboardController - Requested recent-orders.
2025-04-16 01:33:28 [logouser] INFO  com.example.tailormaster.service.dashboard.DashboardService - Recent orders fetched: 5 orders
2025-04-16 01:33:28 [logouser] INFO  com.example.tailormaster.controller.dashboard.DashboardController - Recent orders fetched: 5
2025-04-16 01:33:28 [logouser] INFO  com.example.tailormaster.service.dashboard.DashboardService - Monthly revenue trends fetched successfully
2025-04-16 01:33:28 [logouser] INFO  com.example.tailormaster.controller.dashboard.DashboardController - Requested pending payments.
2025-04-16 01:33:28 [logouser] INFO  com.example.tailormaster.service.dashboard.DashboardService - Total pending payments: 7
2025-04-16 01:33:28 [logouser] INFO  com.example.tailormaster.controller.dashboard.DashboardController - Pending payments: 7
2025-04-16 01:33:28 [logouser] INFO  com.example.tailormaster.controller.dashboard.DashboardController - Requested top customers.
2025-04-16 01:33:28 [logouser] INFO  com.example.tailormaster.service.dashboard.DashboardService - Top customers fetched: 5
2025-04-16 01:33:28 [logouser] INFO  com.example.tailormaster.controller.dashboard.DashboardController - Top customers fetched: 5
2025-04-16 01:33:28 [logouser] INFO  com.example.tailormaster.service.dashboard.DashboardService - Total customers: 32
2025-04-16 01:33:28 [logouser] INFO  com.example.tailormaster.controller.dashboard.DashboardController - Total customers: 32
2025-04-16 01:33:28 [logouser] INFO  com.example.tailormaster.service.dashboard.DashboardService - Total orders: 55
2025-04-16 01:33:28 [logouser] INFO  com.example.tailormaster.controller.dashboard.DashboardController - Total orders: 55
2025-04-16 01:33:38 [logouser] INFO  com.example.tailormaster.filter.LoggingInterceptor - User 'logouser' is requesting: GET /tailor-master/logout
2025-04-16 01:33:38 [logouser] INFO  com.example.tailormaster.controller.HomeController - Logout endpoint hit — redirecting to login with logout param
2025-04-16 01:33:38 [logouser] INFO  com.example.tailormaster.filter.LoggingInterceptor - User 'logouser' is requesting: GET /tailor-master/login
2025-04-16 01:33:38 [logouser] INFO  com.example.tailormaster.controller.HomeController - Accessed login page
2025-04-16 01:33:49 [] INFO  org.springframework.boot.web.embedded.tomcat.GracefulShutdown - Commencing graceful shutdown. Waiting for active requests to complete
2025-04-16 01:33:49 [] INFO  org.springframework.boot.web.embedded.tomcat.GracefulShutdown - Graceful shutdown complete
2025-04-16 01:33:49 [] INFO  org.springframework.orm.jpa.LocalContainerEntityManagerFactoryBean - Closing JPA EntityManagerFactory for persistence unit 'default'
2025-04-16 01:33:49 [] INFO  com.zaxxer.hikari.HikariDataSource - HikariPool-1 - Shutdown initiated...
2025-04-16 01:33:49 [] INFO  com.zaxxer.hikari.HikariDataSource - HikariPool-1 - Shutdown completed.
2025-04-16 22:16:20 [] INFO  org.hibernate.validator.internal.util.Version - HV000001: Hibernate Validator 8.0.2.Final
2025-04-16 22:16:20 [] INFO  com.example.tailormaster.TailorMasterAppApplication - Starting TailorMasterAppApplication using Java 17.0.2 with PID 7788 (E:\Development-Workspaces\tailor-master-app\tailor-master-app\target\classes started by wajiz.pk in E:\Development-Workspaces\tailor-master-app\tailor-master-app)
2025-04-16 22:16:20 [] INFO  com.example.tailormaster.TailorMasterAppApplication - No active profile set, falling back to 1 default profile: "default"
2025-04-16 22:16:20 [] INFO  org.springframework.boot.devtools.env.DevToolsPropertyDefaultsPostProcessor - Devtools property defaults active! Set 'spring.devtools.add-properties' to 'false' to disable
2025-04-16 22:16:20 [] INFO  org.springframework.boot.devtools.env.DevToolsPropertyDefaultsPostProcessor - For additional web related logging consider setting the 'logging.level.web' property to 'DEBUG'
2025-04-16 22:16:23 [] INFO  org.springframework.data.repository.config.RepositoryConfigurationDelegate - Bootstrapping Spring Data JPA repositories in DEFAULT mode.
2025-04-16 22:16:23 [] INFO  org.springframework.data.repository.config.RepositoryConfigurationDelegate - Finished Spring Data repository scanning in 181 ms. Found 7 JPA repository interfaces.
2025-04-16 22:16:24 [] INFO  org.springframework.boot.web.embedded.tomcat.TomcatWebServer - Tomcat initialized with port 8080 (http)
2025-04-16 22:16:24 [] INFO  org.apache.coyote.http11.Http11NioProtocol - Initializing ProtocolHandler ["http-nio-8080"]
2025-04-16 22:16:24 [] INFO  org.apache.catalina.core.StandardService - Starting service [Tomcat]
2025-04-16 22:16:24 [] INFO  org.apache.catalina.core.StandardEngine - Starting Servlet engine: [Apache Tomcat/10.1.40]
2025-04-16 22:16:24 [] INFO  org.apache.catalina.core.ContainerBase.[Tomcat].[localhost].[/tailor-master] - Initializing Spring embedded WebApplicationContext
2025-04-16 22:16:24 [] INFO  org.springframework.boot.web.servlet.context.ServletWebServerApplicationContext - Root WebApplicationContext: initialization completed in 3983 ms
2025-04-16 22:16:25 [] INFO  org.hibernate.jpa.internal.util.LogHelper - HHH000204: Processing PersistenceUnitInfo [name: default]
2025-04-16 22:16:25 [] INFO  org.hibernate.Version - HHH000412: Hibernate ORM core version 6.6.4.Final
2025-04-16 22:16:25 [] INFO  org.hibernate.cache.internal.RegionFactoryInitiator - HHH000026: Second-level cache disabled
2025-04-16 22:16:25 [] INFO  org.springframework.orm.jpa.persistenceunit.SpringPersistenceUnitInfo - No LoadTimeWeaver setup: ignoring JPA class transformer
2025-04-16 22:16:26 [] INFO  com.zaxxer.hikari.HikariDataSource - HikariPool-1 - Starting...
2025-04-16 22:16:26 [] INFO  com.zaxxer.hikari.pool.HikariPool - HikariPool-1 - Added connection com.mysql.cj.jdbc.ConnectionImpl@327bb58f
2025-04-16 22:16:26 [] INFO  com.zaxxer.hikari.HikariDataSource - HikariPool-1 - Start completed.
2025-04-16 22:16:27 [] INFO  org.hibernate.orm.connections.pooling - HHH10001005: Database info:
	Database JDBC URL [Connecting through datasource 'HikariDataSource (HikariPool-1)']
	Database driver: undefined/unknown
	Database version: 8.0.28
	Autocommit mode: undefined/unknown
	Isolation level: undefined/unknown
	Minimum pool size: undefined/unknown
	Maximum pool size: undefined/unknown
2025-04-16 22:16:30 [] INFO  org.hibernate.engine.transaction.jta.platform.internal.JtaPlatformInitiator - HHH000489: No JTA platform available (set 'hibernate.transaction.jta.platform' to enable JTA platform integration)
2025-04-16 22:16:31 [] INFO  org.springframework.orm.jpa.LocalContainerEntityManagerFactoryBean - Initialized JPA EntityManagerFactory for persistence unit 'default'
2025-04-16 22:16:35 [] INFO  org.springframework.data.jpa.repository.query.QueryEnhancerFactory - Hibernate is in classpath; If applicable, HQL parser will be used.
2025-04-16 22:16:43 [] WARN  org.springframework.boot.autoconfigure.orm.jpa.JpaBaseConfiguration$JpaWebConfiguration - spring.jpa.open-in-view is enabled by default. Therefore, database queries may be performed during view rendering. Explicitly configure spring.jpa.open-in-view to disable this warning
2025-04-16 22:16:43 [] INFO  org.springframework.security.config.annotation.authentication.configuration.InitializeAuthenticationProviderBeanManagerConfigurer$InitializeAuthenticationProviderManagerConfigurer - Global AuthenticationManager configured with AuthenticationProvider bean with name authenticationProvider
2025-04-16 22:16:43 [] WARN  org.springframework.security.config.annotation.authentication.configuration.InitializeUserDetailsBeanManagerConfigurer$InitializeUserDetailsManagerConfigurer - Global AuthenticationManager configured with an AuthenticationProvider bean. UserDetailsService beans will not be used by Spring Security for automatically configuring username/password login. Consider removing the AuthenticationProvider bean. Alternatively, consider using the UserDetailsService in a manually instantiated DaoAuthenticationProvider. If the current configuration is intentional, to turn off this warning, increase the logging level of 'org.springframework.security.config.annotation.authentication.configuration.InitializeUserDetailsBeanManagerConfigurer' to ERROR
2025-04-16 22:16:46 [] INFO  org.springframework.boot.devtools.autoconfigure.OptionalLiveReloadServer - LiveReload server is running on port 35729
2025-04-16 22:16:46 [] INFO  org.apache.coyote.http11.Http11NioProtocol - Starting ProtocolHandler ["http-nio-8080"]
2025-04-16 22:16:46 [] INFO  org.springframework.boot.web.embedded.tomcat.TomcatWebServer - Tomcat started on port 8080 (http) with context path '/tailor-master'
2025-04-16 22:16:46 [] INFO  com.example.tailormaster.TailorMasterAppApplication - Started TailorMasterAppApplication in 27.249 seconds (process running for 33.81)
2025-04-16 22:16:46 [] INFO  org.apache.catalina.core.ContainerBase.[Tomcat].[localhost].[/tailor-master] - Initializing Spring DispatcherServlet 'dispatcherServlet'
2025-04-16 22:16:46 [] INFO  org.springframework.web.servlet.DispatcherServlet - Initializing Servlet 'dispatcherServlet'
2025-04-16 22:16:46 [] INFO  org.springframework.web.servlet.DispatcherServlet - Completed initialization in 0 ms
2025-04-16 22:16:46 [ANONYMOUS] INFO  com.example.tailormaster.filter.LoggingInterceptor - User 'ANONYMOUS' is requesting: GET /tailor-master/login
2025-04-16 22:16:47 [ANONYMOUS] INFO  com.example.tailormaster.controller.HomeController - Accessed login page
2025-04-16 22:16:48 [ANONYMOUS] WARN  org.apache.catalina.util.SessionIdGeneratorBase - Creation of SecureRandom instance for session ID generation using [SHA1PRNG] took [150] milliseconds.
2025-04-16 22:17:02 [ANONYMOUS] INFO  com.example.tailormaster.filter.LoggingInterceptor - User 'ANONYMOUS' is requesting: GET /tailor-master/login
2025-04-16 22:17:02 [ANONYMOUS] INFO  com.example.tailormaster.controller.HomeController - Accessed login page
2025-04-16 22:17:05 [ANONYMOUS] INFO  com.example.tailormaster.filter.LoggingInterceptor - User 'ANONYMOUS' is requesting: GET /tailor-master/login
2025-04-16 22:17:05 [ANONYMOUS] INFO  com.example.tailormaster.controller.HomeController - Accessed login page
2025-04-16 22:17:06 [ANONYMOUS] INFO  com.example.tailormaster.filter.LoggingInterceptor - User 'ANONYMOUS' is requesting: GET /tailor-master/login
2025-04-16 22:17:06 [ANONYMOUS] INFO  com.example.tailormaster.controller.HomeController - Accessed login page
2025-04-16 22:17:08 [ANONYMOUS] INFO  com.example.tailormaster.filter.LoggingInterceptor - User 'ANONYMOUS' is requesting: GET /tailor-master/login
2025-04-16 22:17:08 [ANONYMOUS] INFO  com.example.tailormaster.controller.HomeController - Accessed login page
2025-04-16 22:17:09 [ANONYMOUS] INFO  com.example.tailormaster.filter.LoggingInterceptor - User 'ANONYMOUS' is requesting: GET /tailor-master/login
2025-04-16 22:17:09 [ANONYMOUS] INFO  com.example.tailormaster.controller.HomeController - Accessed login page
2025-04-16 22:17:28 [ANONYMOUS] INFO  com.example.tailormaster.filter.LoggingInterceptor - User 'ANONYMOUS' is requesting: GET /tailor-master/login
2025-04-16 22:17:28 [ANONYMOUS] INFO  com.example.tailormaster.controller.HomeController - Accessed login page
2025-04-16 22:19:16 [ANONYMOUS] INFO  com.example.tailormaster.filter.LoggingInterceptor - User 'ANONYMOUS' is requesting: GET /tailor-master/login
2025-04-16 22:19:16 [ANONYMOUS] INFO  com.example.tailormaster.controller.HomeController - Accessed login page
2025-04-16 22:19:17 [ANONYMOUS] INFO  com.example.tailormaster.filter.LoggingInterceptor - User 'ANONYMOUS' is requesting: GET /tailor-master/login
2025-04-16 22:19:17 [ANONYMOUS] INFO  com.example.tailormaster.controller.HomeController - Accessed login page
2025-04-16 22:19:18 [ANONYMOUS] INFO  com.example.tailormaster.filter.LoggingInterceptor - User 'ANONYMOUS' is requesting: GET /tailor-master/login
2025-04-16 22:19:18 [ANONYMOUS] INFO  com.example.tailormaster.controller.HomeController - Accessed login page
2025-04-16 22:37:16 [] INFO  org.springframework.boot.web.embedded.tomcat.GracefulShutdown - Commencing graceful shutdown. Waiting for active requests to complete
2025-04-16 22:37:17 [] INFO  org.springframework.boot.web.embedded.tomcat.GracefulShutdown - Graceful shutdown complete
2025-04-16 22:37:17 [] INFO  org.springframework.orm.jpa.LocalContainerEntityManagerFactoryBean - Closing JPA EntityManagerFactory for persistence unit 'default'
2025-04-16 22:37:17 [] INFO  com.zaxxer.hikari.HikariDataSource - HikariPool-1 - Shutdown initiated...
2025-04-16 22:37:17 [] INFO  com.zaxxer.hikari.HikariDataSource - HikariPool-1 - Shutdown completed.
2025-04-16 22:37:41 [] INFO  org.hibernate.validator.internal.util.Version - HV000001: Hibernate Validator 8.0.2.Final
2025-04-16 22:37:41 [] INFO  com.example.tailormaster.TailorMasterAppApplication - Starting TailorMasterAppApplication using Java 17.0.2 with PID 1968 (E:\Development-Workspaces\tailor-master-app\tailor-master-app\target\classes started by wajiz.pk in E:\Development-Workspaces\tailor-master-app\tailor-master-app)
2025-04-16 22:37:41 [] INFO  com.example.tailormaster.TailorMasterAppApplication - No active profile set, falling back to 1 default profile: "default"
2025-04-16 22:37:41 [] INFO  org.springframework.boot.devtools.env.DevToolsPropertyDefaultsPostProcessor - Devtools property defaults active! Set 'spring.devtools.add-properties' to 'false' to disable
2025-04-16 22:37:41 [] INFO  org.springframework.boot.devtools.env.DevToolsPropertyDefaultsPostProcessor - For additional web related logging consider setting the 'logging.level.web' property to 'DEBUG'
2025-04-16 22:37:43 [] INFO  org.springframework.data.repository.config.RepositoryConfigurationDelegate - Bootstrapping Spring Data JPA repositories in DEFAULT mode.
2025-04-16 22:37:43 [] INFO  org.springframework.data.repository.config.RepositoryConfigurationDelegate - Finished Spring Data repository scanning in 166 ms. Found 7 JPA repository interfaces.
2025-04-16 22:37:44 [] INFO  org.springframework.boot.web.embedded.tomcat.TomcatWebServer - Tomcat initialized with port 8080 (http)
2025-04-16 22:37:44 [] INFO  org.apache.coyote.http11.Http11NioProtocol - Initializing ProtocolHandler ["http-nio-8080"]
2025-04-16 22:37:44 [] INFO  org.apache.catalina.core.StandardService - Starting service [Tomcat]
2025-04-16 22:37:44 [] INFO  org.apache.catalina.core.StandardEngine - Starting Servlet engine: [Apache Tomcat/10.1.40]
2025-04-16 22:37:44 [] INFO  org.apache.catalina.core.ContainerBase.[Tomcat].[localhost].[/tailor-master] - Initializing Spring embedded WebApplicationContext
2025-04-16 22:37:44 [] INFO  org.springframework.boot.web.servlet.context.ServletWebServerApplicationContext - Root WebApplicationContext: initialization completed in 3087 ms
2025-04-16 22:37:45 [] INFO  org.hibernate.jpa.internal.util.LogHelper - HHH000204: Processing PersistenceUnitInfo [name: default]
2025-04-16 22:37:45 [] INFO  org.hibernate.Version - HHH000412: Hibernate ORM core version 6.6.4.Final
2025-04-16 22:37:45 [] INFO  org.hibernate.cache.internal.RegionFactoryInitiator - HHH000026: Second-level cache disabled
2025-04-16 22:37:46 [] INFO  org.springframework.orm.jpa.persistenceunit.SpringPersistenceUnitInfo - No LoadTimeWeaver setup: ignoring JPA class transformer
2025-04-16 22:37:46 [] INFO  com.zaxxer.hikari.HikariDataSource - HikariPool-1 - Starting...
2025-04-16 22:37:46 [] INFO  com.zaxxer.hikari.pool.HikariPool - HikariPool-1 - Added connection com.mysql.cj.jdbc.ConnectionImpl@6fb6083d
2025-04-16 22:37:46 [] INFO  com.zaxxer.hikari.HikariDataSource - HikariPool-1 - Start completed.
2025-04-16 22:37:47 [] INFO  org.hibernate.orm.connections.pooling - HHH10001005: Database info:
	Database JDBC URL [Connecting through datasource 'HikariDataSource (HikariPool-1)']
	Database driver: undefined/unknown
	Database version: 8.0.28
	Autocommit mode: undefined/unknown
	Isolation level: undefined/unknown
	Minimum pool size: undefined/unknown
	Maximum pool size: undefined/unknown
2025-04-16 22:37:49 [] INFO  org.hibernate.engine.transaction.jta.platform.internal.JtaPlatformInitiator - HHH000489: No JTA platform available (set 'hibernate.transaction.jta.platform' to enable JTA platform integration)
2025-04-16 22:37:49 [] INFO  org.springframework.orm.jpa.LocalContainerEntityManagerFactoryBean - Initialized JPA EntityManagerFactory for persistence unit 'default'
2025-04-16 22:37:50 [] INFO  org.springframework.data.jpa.repository.query.QueryEnhancerFactory - Hibernate is in classpath; If applicable, HQL parser will be used.
2025-04-16 22:37:54 [] WARN  org.springframework.boot.autoconfigure.orm.jpa.JpaBaseConfiguration$JpaWebConfiguration - spring.jpa.open-in-view is enabled by default. Therefore, database queries may be performed during view rendering. Explicitly configure spring.jpa.open-in-view to disable this warning
2025-04-16 22:37:54 [] INFO  org.springframework.security.config.annotation.authentication.configuration.InitializeAuthenticationProviderBeanManagerConfigurer$InitializeAuthenticationProviderManagerConfigurer - Global AuthenticationManager configured with AuthenticationProvider bean with name authenticationProvider
2025-04-16 22:37:54 [] WARN  org.springframework.security.config.annotation.authentication.configuration.InitializeUserDetailsBeanManagerConfigurer$InitializeUserDetailsManagerConfigurer - Global AuthenticationManager configured with an AuthenticationProvider bean. UserDetailsService beans will not be used by Spring Security for automatically configuring username/password login. Consider removing the AuthenticationProvider bean. Alternatively, consider using the UserDetailsService in a manually instantiated DaoAuthenticationProvider. If the current configuration is intentional, to turn off this warning, increase the logging level of 'org.springframework.security.config.annotation.authentication.configuration.InitializeUserDetailsBeanManagerConfigurer' to ERROR
2025-04-16 22:37:55 [] INFO  org.springframework.boot.devtools.autoconfigure.OptionalLiveReloadServer - LiveReload server is running on port 35729
2025-04-16 22:37:55 [] INFO  org.apache.coyote.http11.Http11NioProtocol - Starting ProtocolHandler ["http-nio-8080"]
2025-04-16 22:37:55 [] INFO  org.springframework.boot.web.embedded.tomcat.TomcatWebServer - Tomcat started on port 8080 (http) with context path '/tailor-master'
2025-04-16 22:37:55 [] INFO  com.example.tailormaster.TailorMasterAppApplication - Started TailorMasterAppApplication in 14.701 seconds (process running for 17.534)
2025-04-16 22:38:15 [] INFO  org.apache.catalina.core.ContainerBase.[Tomcat].[localhost].[/tailor-master] - Initializing Spring DispatcherServlet 'dispatcherServlet'
2025-04-16 22:38:15 [] INFO  org.springframework.web.servlet.DispatcherServlet - Initializing Servlet 'dispatcherServlet'
2025-04-16 22:38:15 [] INFO  org.springframework.web.servlet.DispatcherServlet - Completed initialization in 1 ms
2025-04-16 22:38:15 [ANONYMOUS] INFO  com.example.tailormaster.filter.LoggingInterceptor - User 'ANONYMOUS' is requesting: GET /tailor-master/login
2025-04-16 22:38:15 [ANONYMOUS] INFO  com.example.tailormaster.controller.HomeController - Accessed login page
2025-04-16 22:38:19 [ANONYMOUS] INFO  com.example.tailormaster.filter.LoggingInterceptor - User 'ANONYMOUS' is requesting: GET /tailor-master/users/register
2025-04-16 22:38:19 [ANONYMOUS] INFO  com.example.tailormaster.controller.RegisterController - Displaying registration page.
2025-04-16 22:38:30 [] INFO  org.springframework.boot.web.embedded.tomcat.GracefulShutdown - Commencing graceful shutdown. Waiting for active requests to complete
2025-04-16 22:38:31 [] INFO  org.springframework.boot.web.embedded.tomcat.GracefulShutdown - Graceful shutdown complete
2025-04-16 22:38:31 [] INFO  org.springframework.orm.jpa.LocalContainerEntityManagerFactoryBean - Closing JPA EntityManagerFactory for persistence unit 'default'
2025-04-16 22:38:31 [] INFO  com.zaxxer.hikari.HikariDataSource - HikariPool-1 - Shutdown initiated...
2025-04-16 22:38:31 [] INFO  com.zaxxer.hikari.HikariDataSource - HikariPool-1 - Shutdown completed.
2025-04-16 22:38:44 [] INFO  org.hibernate.validator.internal.util.Version - HV000001: Hibernate Validator 8.0.2.Final
2025-04-16 22:38:44 [] INFO  com.example.tailormaster.TailorMasterAppApplication - Starting TailorMasterAppApplication using Java 17.0.2 with PID 14664 (E:\Development-Workspaces\tailor-master-app\tailor-master-app\target\classes started by wajiz.pk in E:\Development-Workspaces\tailor-master-app\tailor-master-app)
2025-04-16 22:38:44 [] INFO  com.example.tailormaster.TailorMasterAppApplication - No active profile set, falling back to 1 default profile: "default"
2025-04-16 22:38:44 [] INFO  org.springframework.boot.devtools.env.DevToolsPropertyDefaultsPostProcessor - Devtools property defaults active! Set 'spring.devtools.add-properties' to 'false' to disable
2025-04-16 22:38:44 [] INFO  org.springframework.boot.devtools.env.DevToolsPropertyDefaultsPostProcessor - For additional web related logging consider setting the 'logging.level.web' property to 'DEBUG'
2025-04-16 22:38:46 [] INFO  org.springframework.data.repository.config.RepositoryConfigurationDelegate - Bootstrapping Spring Data JPA repositories in DEFAULT mode.
2025-04-16 22:38:46 [] INFO  org.springframework.data.repository.config.RepositoryConfigurationDelegate - Finished Spring Data repository scanning in 132 ms. Found 7 JPA repository interfaces.
2025-04-16 22:38:47 [] INFO  org.springframework.boot.web.embedded.tomcat.TomcatWebServer - Tomcat initialized with port 8080 (http)
2025-04-16 22:38:47 [] INFO  org.apache.coyote.http11.Http11NioProtocol - Initializing ProtocolHandler ["http-nio-8080"]
2025-04-16 22:38:47 [] INFO  org.apache.catalina.core.StandardService - Starting service [Tomcat]
2025-04-16 22:38:47 [] INFO  org.apache.catalina.core.StandardEngine - Starting Servlet engine: [Apache Tomcat/10.1.40]
2025-04-16 22:38:47 [] INFO  org.apache.catalina.core.ContainerBase.[Tomcat].[localhost].[/tailor-master] - Initializing Spring embedded WebApplicationContext
2025-04-16 22:38:47 [] INFO  org.springframework.boot.web.servlet.context.ServletWebServerApplicationContext - Root WebApplicationContext: initialization completed in 2960 ms
2025-04-16 22:38:47 [] INFO  org.hibernate.jpa.internal.util.LogHelper - HHH000204: Processing PersistenceUnitInfo [name: default]
2025-04-16 22:38:47 [] INFO  org.hibernate.Version - HHH000412: Hibernate ORM core version 6.6.4.Final
2025-04-16 22:38:47 [] INFO  org.hibernate.cache.internal.RegionFactoryInitiator - HHH000026: Second-level cache disabled
2025-04-16 22:38:48 [] INFO  org.springframework.orm.jpa.persistenceunit.SpringPersistenceUnitInfo - No LoadTimeWeaver setup: ignoring JPA class transformer
2025-04-16 22:38:48 [] INFO  com.zaxxer.hikari.HikariDataSource - HikariPool-1 - Starting...
2025-04-16 22:38:48 [] INFO  com.zaxxer.hikari.pool.HikariPool - HikariPool-1 - Added connection com.mysql.cj.jdbc.ConnectionImpl@5b9587c2
2025-04-16 22:38:48 [] INFO  com.zaxxer.hikari.HikariDataSource - HikariPool-1 - Start completed.
2025-04-16 22:38:49 [] INFO  org.hibernate.orm.connections.pooling - HHH10001005: Database info:
	Database JDBC URL [Connecting through datasource 'HikariDataSource (HikariPool-1)']
	Database driver: undefined/unknown
	Database version: 8.0.28
	Autocommit mode: undefined/unknown
	Isolation level: undefined/unknown
	Minimum pool size: undefined/unknown
	Maximum pool size: undefined/unknown
2025-04-16 22:38:51 [] INFO  org.hibernate.engine.transaction.jta.platform.internal.JtaPlatformInitiator - HHH000489: No JTA platform available (set 'hibernate.transaction.jta.platform' to enable JTA platform integration)
2025-04-16 22:38:51 [] INFO  org.springframework.orm.jpa.LocalContainerEntityManagerFactoryBean - Initialized JPA EntityManagerFactory for persistence unit 'default'
2025-04-16 22:38:52 [] INFO  org.springframework.data.jpa.repository.query.QueryEnhancerFactory - Hibernate is in classpath; If applicable, HQL parser will be used.
2025-04-16 22:38:54 [] WARN  org.springframework.boot.autoconfigure.orm.jpa.JpaBaseConfiguration$JpaWebConfiguration - spring.jpa.open-in-view is enabled by default. Therefore, database queries may be performed during view rendering. Explicitly configure spring.jpa.open-in-view to disable this warning
2025-04-16 22:38:54 [] INFO  org.springframework.security.config.annotation.authentication.configuration.InitializeAuthenticationProviderBeanManagerConfigurer$InitializeAuthenticationProviderManagerConfigurer - Global AuthenticationManager configured with AuthenticationProvider bean with name authenticationProvider
2025-04-16 22:38:54 [] WARN  org.springframework.security.config.annotation.authentication.configuration.InitializeUserDetailsBeanManagerConfigurer$InitializeUserDetailsManagerConfigurer - Global AuthenticationManager configured with an AuthenticationProvider bean. UserDetailsService beans will not be used by Spring Security for automatically configuring username/password login. Consider removing the AuthenticationProvider bean. Alternatively, consider using the UserDetailsService in a manually instantiated DaoAuthenticationProvider. If the current configuration is intentional, to turn off this warning, increase the logging level of 'org.springframework.security.config.annotation.authentication.configuration.InitializeUserDetailsBeanManagerConfigurer' to ERROR
2025-04-16 22:38:55 [] INFO  org.springframework.boot.devtools.autoconfigure.OptionalLiveReloadServer - LiveReload server is running on port 35729
2025-04-16 22:38:55 [] INFO  org.apache.coyote.http11.Http11NioProtocol - Starting ProtocolHandler ["http-nio-8080"]
2025-04-16 22:38:55 [] INFO  org.springframework.boot.web.embedded.tomcat.TomcatWebServer - Tomcat started on port 8080 (http) with context path '/tailor-master'
2025-04-16 22:38:55 [] INFO  com.example.tailormaster.TailorMasterAppApplication - Started TailorMasterAppApplication in 12.529 seconds (process running for 15.102)
2025-04-16 22:50:16 [] INFO  org.apache.catalina.core.ContainerBase.[Tomcat].[localhost].[/tailor-master] - Initializing Spring DispatcherServlet 'dispatcherServlet'
2025-04-16 22:50:16 [] INFO  org.springframework.web.servlet.DispatcherServlet - Initializing Servlet 'dispatcherServlet'
2025-04-16 22:50:16 [] INFO  org.springframework.web.servlet.DispatcherServlet - Completed initialization in 1 ms
2025-04-16 22:50:16 [ANONYMOUS] INFO  com.example.tailormaster.filter.LoggingInterceptor - User 'ANONYMOUS' is requesting: GET /tailor-master/login
2025-04-16 22:50:16 [ANONYMOUS] INFO  com.example.tailormaster.controller.HomeController - Accessed login page
2025-04-16 22:50:19 [ANONYMOUS] INFO  com.example.tailormaster.filter.LoggingInterceptor - User 'ANONYMOUS' is requesting: GET /tailor-master/login
2025-04-16 22:50:19 [ANONYMOUS] INFO  com.example.tailormaster.controller.HomeController - Accessed login page
2025-04-16 22:50:20 [ANONYMOUS] INFO  com.example.tailormaster.filter.LoggingInterceptor - User 'ANONYMOUS' is requesting: GET /tailor-master/login
2025-04-16 22:50:20 [ANONYMOUS] INFO  com.example.tailormaster.controller.HomeController - Accessed login page
2025-04-16 22:50:22 [ANONYMOUS] INFO  com.example.tailormaster.filter.LoggingInterceptor - User 'ANONYMOUS' is requesting: GET /tailor-master/login
2025-04-16 22:50:22 [ANONYMOUS] INFO  com.example.tailormaster.controller.HomeController - Accessed login page
2025-04-16 22:50:32 [] INFO  org.springframework.boot.web.embedded.tomcat.GracefulShutdown - Commencing graceful shutdown. Waiting for active requests to complete
2025-04-16 22:50:33 [] INFO  org.springframework.boot.web.embedded.tomcat.GracefulShutdown - Graceful shutdown complete
2025-04-16 22:50:33 [] INFO  org.springframework.orm.jpa.LocalContainerEntityManagerFactoryBean - Closing JPA EntityManagerFactory for persistence unit 'default'
2025-04-16 22:50:33 [] INFO  com.zaxxer.hikari.HikariDataSource - HikariPool-1 - Shutdown initiated...
2025-04-16 22:50:33 [] INFO  com.zaxxer.hikari.HikariDataSource - HikariPool-1 - Shutdown completed.
2025-04-16 22:50:45 [] INFO  org.hibernate.validator.internal.util.Version - HV000001: Hibernate Validator 8.0.2.Final
2025-04-16 22:50:45 [] INFO  com.example.tailormaster.TailorMasterAppApplication - Starting TailorMasterAppApplication using Java 17.0.2 with PID 3152 (E:\Development-Workspaces\tailor-master-app\tailor-master-app\target\classes started by wajiz.pk in E:\Development-Workspaces\tailor-master-app\tailor-master-app)
2025-04-16 22:50:45 [] INFO  com.example.tailormaster.TailorMasterAppApplication - No active profile set, falling back to 1 default profile: "default"
2025-04-16 22:50:45 [] INFO  org.springframework.boot.devtools.env.DevToolsPropertyDefaultsPostProcessor - Devtools property defaults active! Set 'spring.devtools.add-properties' to 'false' to disable
2025-04-16 22:50:45 [] INFO  org.springframework.boot.devtools.env.DevToolsPropertyDefaultsPostProcessor - For additional web related logging consider setting the 'logging.level.web' property to 'DEBUG'
2025-04-16 22:50:47 [] INFO  org.springframework.data.repository.config.RepositoryConfigurationDelegate - Bootstrapping Spring Data JPA repositories in DEFAULT mode.
2025-04-16 22:50:47 [] INFO  org.springframework.data.repository.config.RepositoryConfigurationDelegate - Finished Spring Data repository scanning in 140 ms. Found 7 JPA repository interfaces.
2025-04-16 22:50:48 [] INFO  org.springframework.boot.web.embedded.tomcat.TomcatWebServer - Tomcat initialized with port 8080 (http)
2025-04-16 22:50:48 [] INFO  org.apache.coyote.http11.Http11NioProtocol - Initializing ProtocolHandler ["http-nio-8080"]
2025-04-16 22:50:48 [] INFO  org.apache.catalina.core.StandardService - Starting service [Tomcat]
2025-04-16 22:50:48 [] INFO  org.apache.catalina.core.StandardEngine - Starting Servlet engine: [Apache Tomcat/10.1.40]
2025-04-16 22:50:48 [] INFO  org.apache.catalina.core.ContainerBase.[Tomcat].[localhost].[/tailor-master] - Initializing Spring embedded WebApplicationContext
2025-04-16 22:50:48 [] INFO  org.springframework.boot.web.servlet.context.ServletWebServerApplicationContext - Root WebApplicationContext: initialization completed in 2993 ms
2025-04-16 22:50:48 [] INFO  org.hibernate.jpa.internal.util.LogHelper - HHH000204: Processing PersistenceUnitInfo [name: default]
2025-04-16 22:50:49 [] INFO  org.hibernate.Version - HHH000412: Hibernate ORM core version 6.6.4.Final
2025-04-16 22:50:49 [] INFO  org.hibernate.cache.internal.RegionFactoryInitiator - HHH000026: Second-level cache disabled
2025-04-16 22:50:49 [] INFO  org.springframework.orm.jpa.persistenceunit.SpringPersistenceUnitInfo - No LoadTimeWeaver setup: ignoring JPA class transformer
2025-04-16 22:50:49 [] INFO  com.zaxxer.hikari.HikariDataSource - HikariPool-1 - Starting...
2025-04-16 22:50:50 [] INFO  com.zaxxer.hikari.pool.HikariPool - HikariPool-1 - Added connection com.mysql.cj.jdbc.ConnectionImpl@24dd7bab
2025-04-16 22:50:50 [] INFO  com.zaxxer.hikari.HikariDataSource - HikariPool-1 - Start completed.
2025-04-16 22:50:50 [] INFO  org.hibernate.orm.connections.pooling - HHH10001005: Database info:
	Database JDBC URL [Connecting through datasource 'HikariDataSource (HikariPool-1)']
	Database driver: undefined/unknown
	Database version: 8.0.28
	Autocommit mode: undefined/unknown
	Isolation level: undefined/unknown
	Minimum pool size: undefined/unknown
	Maximum pool size: undefined/unknown
2025-04-16 22:50:52 [] INFO  org.hibernate.engine.transaction.jta.platform.internal.JtaPlatformInitiator - HHH000489: No JTA platform available (set 'hibernate.transaction.jta.platform' to enable JTA platform integration)
2025-04-16 22:50:52 [] INFO  org.springframework.orm.jpa.LocalContainerEntityManagerFactoryBean - Initialized JPA EntityManagerFactory for persistence unit 'default'
2025-04-16 22:50:53 [] INFO  org.springframework.data.jpa.repository.query.QueryEnhancerFactory - Hibernate is in classpath; If applicable, HQL parser will be used.
2025-04-16 22:50:56 [] WARN  org.springframework.boot.autoconfigure.orm.jpa.JpaBaseConfiguration$JpaWebConfiguration - spring.jpa.open-in-view is enabled by default. Therefore, database queries may be performed during view rendering. Explicitly configure spring.jpa.open-in-view to disable this warning
2025-04-16 22:50:56 [] INFO  org.springframework.security.config.annotation.authentication.configuration.InitializeAuthenticationProviderBeanManagerConfigurer$InitializeAuthenticationProviderManagerConfigurer - Global AuthenticationManager configured with AuthenticationProvider bean with name authenticationProvider
2025-04-16 22:50:56 [] WARN  org.springframework.security.config.annotation.authentication.configuration.InitializeUserDetailsBeanManagerConfigurer$InitializeUserDetailsManagerConfigurer - Global AuthenticationManager configured with an AuthenticationProvider bean. UserDetailsService beans will not be used by Spring Security for automatically configuring username/password login. Consider removing the AuthenticationProvider bean. Alternatively, consider using the UserDetailsService in a manually instantiated DaoAuthenticationProvider. If the current configuration is intentional, to turn off this warning, increase the logging level of 'org.springframework.security.config.annotation.authentication.configuration.InitializeUserDetailsBeanManagerConfigurer' to ERROR
2025-04-16 22:50:57 [] INFO  org.springframework.boot.devtools.autoconfigure.OptionalLiveReloadServer - LiveReload server is running on port 35729
2025-04-16 22:50:57 [] INFO  org.apache.coyote.http11.Http11NioProtocol - Starting ProtocolHandler ["http-nio-8080"]
2025-04-16 22:50:57 [] INFO  org.springframework.boot.web.embedded.tomcat.TomcatWebServer - Tomcat started on port 8080 (http) with context path '/tailor-master'
2025-04-16 22:50:57 [] INFO  com.example.tailormaster.TailorMasterAppApplication - Started TailorMasterAppApplication in 13.137 seconds (process running for 15.65)
2025-04-16 22:51:02 [] INFO  org.apache.catalina.core.ContainerBase.[Tomcat].[localhost].[/tailor-master] - Initializing Spring DispatcherServlet 'dispatcherServlet'
2025-04-16 22:51:02 [] INFO  org.springframework.web.servlet.DispatcherServlet - Initializing Servlet 'dispatcherServlet'
2025-04-16 22:51:02 [] INFO  org.springframework.web.servlet.DispatcherServlet - Completed initialization in 5 ms
2025-04-16 22:51:02 [ANONYMOUS] INFO  com.example.tailormaster.filter.LoggingInterceptor - User 'ANONYMOUS' is requesting: GET /tailor-master/users/register
2025-04-16 22:51:02 [ANONYMOUS] INFO  com.example.tailormaster.controller.RegisterController - Displaying registration page.
2025-04-16 22:51:15 [ANONYMOUS] INFO  com.example.tailormaster.filter.LoggingInterceptor - User 'ANONYMOUS' is requesting: GET /tailor-master/login
2025-04-16 22:51:15 [ANONYMOUS] INFO  com.example.tailormaster.controller.HomeController - Accessed login page
2025-04-16 22:51:18 [ANONYMOUS] INFO  com.example.tailormaster.filter.LoggingInterceptor - User 'ANONYMOUS' is requesting: GET /tailor-master/users/register
2025-04-16 22:51:18 [ANONYMOUS] INFO  com.example.tailormaster.controller.RegisterController - Displaying registration page.
2025-04-16 22:51:21 [ANONYMOUS] INFO  com.example.tailormaster.filter.LoggingInterceptor - User 'ANONYMOUS' is requesting: GET /tailor-master/login
2025-04-16 22:51:21 [ANONYMOUS] INFO  com.example.tailormaster.controller.HomeController - Accessed login page
2025-04-16 22:51:28 [] WARN  org.apache.catalina.util.SessionIdGeneratorBase - Creation of SecureRandom instance for session ID generation using [SHA1PRNG] took [159] milliseconds.
2025-04-16 22:51:28 [abdullateef] INFO  com.example.tailormaster.filter.LoggingInterceptor - User 'abdullateef' is requesting: GET /tailor-master/dashboard
2025-04-16 22:51:28 [abdullateef] INFO  com.example.tailormaster.controller.HomeController - User 'abdullateef' accessed the dashboard
2025-04-16 22:51:30 [abdullateef] INFO  com.example.tailormaster.filter.LoggingInterceptor - User 'abdullateef' is requesting: GET /tailor-master/dashboard/total-customers
2025-04-16 22:51:30 [abdullateef] INFO  com.example.tailormaster.filter.LoggingInterceptor - User 'abdullateef' is requesting: GET /tailor-master/dashboard/notifications/upcoming-deliveries
2025-04-16 22:51:30 [abdullateef] INFO  com.example.tailormaster.filter.LoggingInterceptor - User 'abdullateef' is requesting: GET /tailor-master/dashboard/total-orders
2025-04-16 22:51:30 [abdullateef] INFO  com.example.tailormaster.controller.dashboard.DashboardController - Requested upcoming deliveries.
2025-04-16 22:51:30 [abdullateef] INFO  com.example.tailormaster.filter.LoggingInterceptor - User 'abdullateef' is requesting: GET /tailor-master/dashboard/pending-payments
2025-04-16 22:51:30 [abdullateef] INFO  com.example.tailormaster.controller.dashboard.DashboardController - Requested total customers.
2025-04-16 22:51:30 [abdullateef] INFO  com.example.tailormaster.controller.dashboard.DashboardController - Requested total orders.
2025-04-16 22:51:30 [abdullateef] INFO  com.example.tailormaster.filter.LoggingInterceptor - User 'abdullateef' is requesting: GET /tailor-master/dashboard/monthly-revenue-trends
2025-04-16 22:51:30 [abdullateef] INFO  com.example.tailormaster.filter.LoggingInterceptor - User 'abdullateef' is requesting: GET /tailor-master/dashboard/revenue-this-month
2025-04-16 22:51:30 [abdullateef] INFO  com.example.tailormaster.controller.dashboard.DashboardController - Requested monthly-revenue-trends.
2025-04-16 22:51:30 [abdullateef] INFO  com.example.tailormaster.controller.dashboard.DashboardController - Requested revenue-this-month.
2025-04-16 22:51:30 [abdullateef] INFO  com.example.tailormaster.controller.dashboard.DashboardController - Requested pending payments.
2025-04-16 22:51:30 [abdullateef] INFO  com.example.tailormaster.service.dashboard.DashboardService - Total pending payments: 7
2025-04-16 22:51:30 [abdullateef] INFO  com.example.tailormaster.controller.dashboard.DashboardController - Pending payments: 7
2025-04-16 22:51:30 [abdullateef] INFO  com.example.tailormaster.service.dashboard.DashboardService - Revenue this month: 264000.00
2025-04-16 22:51:30 [abdullateef] INFO  com.example.tailormaster.controller.dashboard.DashboardController - Revenue this month: 264000.00
2025-04-16 22:51:30 [abdullateef] INFO  com.example.tailormaster.service.dashboard.DashboardService - Upcoming deliveries fetched: 10
2025-04-16 22:51:30 [abdullateef] INFO  com.example.tailormaster.controller.dashboard.DashboardController - Upcoming deliveries fetched: 10
2025-04-16 22:51:30 [abdullateef] INFO  com.example.tailormaster.filter.LoggingInterceptor - User 'abdullateef' is requesting: GET /tailor-master/dashboard/order-status-counts
2025-04-16 22:51:30 [abdullateef] INFO  com.example.tailormaster.controller.dashboard.DashboardController - Requested order-status-counts.
2025-04-16 22:51:30 [abdullateef] INFO  com.example.tailormaster.service.dashboard.DashboardService - Order status counts: {Pending=8, InProgress=3, Completed=43, Ready for Pickup=5}
2025-04-16 22:51:30 [abdullateef] INFO  com.example.tailormaster.controller.dashboard.DashboardController - Order status counts: {Pending=8, InProgress=3, Completed=43, Ready for Pickup=5}
2025-04-16 22:51:30 [abdullateef] INFO  com.example.tailormaster.filter.LoggingInterceptor - User 'abdullateef' is requesting: GET /tailor-master/dashboard/recent-orders
2025-04-16 22:51:30 [abdullateef] INFO  com.example.tailormaster.filter.LoggingInterceptor - User 'abdullateef' is requesting: GET /tailor-master/dashboard/customers/top
2025-04-16 22:51:30 [abdullateef] INFO  com.example.tailormaster.service.dashboard.DashboardService - Monthly revenue trends fetched successfully
2025-04-16 22:51:30 [abdullateef] INFO  com.example.tailormaster.controller.dashboard.DashboardController - Requested recent-orders.
2025-04-16 22:51:30 [abdullateef] INFO  com.example.tailormaster.controller.dashboard.DashboardController - Requested top customers.
2025-04-16 22:51:30 [abdullateef] INFO  com.example.tailormaster.service.dashboard.DashboardService - Top customers fetched: 5
2025-04-16 22:51:30 [abdullateef] INFO  com.example.tailormaster.controller.dashboard.DashboardController - Top customers fetched: 5
2025-04-16 22:51:30 [abdullateef] INFO  com.example.tailormaster.service.dashboard.DashboardService - Recent orders fetched: 5 orders
2025-04-16 22:51:30 [abdullateef] INFO  com.example.tailormaster.controller.dashboard.DashboardController - Recent orders fetched: 5
2025-04-16 22:51:30 [abdullateef] INFO  com.example.tailormaster.service.dashboard.DashboardService - Total orders: 55
2025-04-16 22:51:30 [abdullateef] INFO  com.example.tailormaster.controller.dashboard.DashboardController - Total orders: 55
2025-04-16 22:51:30 [abdullateef] INFO  com.example.tailormaster.service.dashboard.DashboardService - Total customers: 32
2025-04-16 22:51:30 [abdullateef] INFO  com.example.tailormaster.controller.dashboard.DashboardController - Total customers: 32
2025-04-16 22:52:52 [abdullateef] INFO  com.example.tailormaster.filter.LoggingInterceptor - User 'abdullateef' is requesting: GET /tailor-master/orders
2025-04-16 22:52:52 [abdullateef] INFO  com.example.tailormaster.controller.OrderController - User accessed the orders list page.
2025-04-16 22:52:53 [abdullateef] INFO  com.example.tailormaster.filter.LoggingInterceptor - User 'abdullateef' is requesting: GET /tailor-master/dashboard/notifications/upcoming-deliveries
2025-04-16 22:52:53 [abdullateef] INFO  com.example.tailormaster.controller.dashboard.DashboardController - Requested upcoming deliveries.
2025-04-16 22:52:53 [abdullateef] INFO  com.example.tailormaster.service.dashboard.DashboardService - Upcoming deliveries fetched: 10
2025-04-16 22:52:53 [abdullateef] INFO  com.example.tailormaster.controller.dashboard.DashboardController - Upcoming deliveries fetched: 10
2025-04-16 22:52:53 [abdullateef] INFO  com.example.tailormaster.filter.LoggingInterceptor - User 'abdullateef' is requesting: GET /tailor-master/orders/datatable
2025-04-16 22:52:53 [abdullateef] INFO  com.example.tailormaster.controller.OrderController - Fetching paginated orders for datatable - draw: 1, start: 0, length: 10, search: , column: 0, direction: asc, startDate: null, endDate: null
2025-04-16 22:52:55 [abdullateef] INFO  com.example.tailormaster.filter.LoggingInterceptor - User 'abdullateef' is requesting: GET /tailor-master/orders/details/CaH3LMIuCyANBKphwC5YIyDq3mnuyzG5JFyy4x63PMk=
2025-04-16 22:52:55 [abdullateef] INFO  com.example.tailormaster.controller.OrderController - Displaying order details for ID: CaH3LMIuCyANBKphwC5YIyDq3mnuyzG5JFyy4x63PMk=
2025-04-16 22:52:56 [abdullateef] INFO  com.example.tailormaster.filter.LoggingInterceptor - User 'abdullateef' is requesting: GET /tailor-master/dashboard/notifications/upcoming-deliveries
2025-04-16 22:52:56 [abdullateef] INFO  com.example.tailormaster.controller.dashboard.DashboardController - Requested upcoming deliveries.
2025-04-16 22:52:56 [abdullateef] INFO  com.example.tailormaster.service.dashboard.DashboardService - Upcoming deliveries fetched: 10
2025-04-16 22:52:56 [abdullateef] INFO  com.example.tailormaster.controller.dashboard.DashboardController - Upcoming deliveries fetched: 10
2025-04-16 22:52:57 [abdullateef] INFO  com.example.tailormaster.filter.LoggingInterceptor - User 'abdullateef' is requesting: GET /tailor-master/orders/generate-receipt/lkN6gPDqeVwx71yampysoy0vWFZfMVWXui0KwvdL9Rs=
2025-04-16 22:52:57 [abdullateef] INFO  com.example.tailormaster.controller.ReceiptController - Attempting to generate receipt of type 'customer' for order ID: lkN6gPDqeVwx71yampysoy0vWFZfMVWXui0KwvdL9Rs=
2025-04-16 22:52:58 [abdullateef] INFO  com.example.tailormaster.filter.LoggingInterceptor - User 'abdullateef' is requesting: GET /tailor-master/users/logo/abdullateef
2025-04-16 22:52:58 [abdullateef] INFO  com.example.tailormaster.controller.RegisterController - Fetching logo for user: abdullateef
2025-04-16 22:53:03 [abdullateef] INFO  com.example.tailormaster.filter.LoggingInterceptor - User 'abdullateef' is requesting: GET /tailor-master/orders/details/7XbMoIXGiSpC9087LBPnhqNMfzXfJvORHFX6dBZfNDY=
2025-04-16 22:53:03 [abdullateef] INFO  com.example.tailormaster.controller.OrderController - Displaying order details for ID: 7XbMoIXGiSpC9087LBPnhqNMfzXfJvORHFX6dBZfNDY=
2025-04-16 22:53:03 [abdullateef] INFO  com.example.tailormaster.filter.LoggingInterceptor - User 'abdullateef' is requesting: GET /tailor-master/dashboard/notifications/upcoming-deliveries
2025-04-16 22:53:03 [abdullateef] INFO  com.example.tailormaster.controller.dashboard.DashboardController - Requested upcoming deliveries.
2025-04-16 22:53:03 [abdullateef] INFO  com.example.tailormaster.service.dashboard.DashboardService - Upcoming deliveries fetched: 10
2025-04-16 22:53:03 [abdullateef] INFO  com.example.tailormaster.controller.dashboard.DashboardController - Upcoming deliveries fetched: 10
2025-04-16 22:53:17 [abdullateef] INFO  com.example.tailormaster.filter.LoggingInterceptor - User 'abdullateef' is requesting: GET /tailor-master/dashboard
2025-04-16 22:53:17 [abdullateef] INFO  com.example.tailormaster.controller.HomeController - User 'abdullateef' accessed the dashboard
2025-04-16 22:53:17 [abdullateef] INFO  com.example.tailormaster.filter.LoggingInterceptor - User 'abdullateef' is requesting: GET /tailor-master/dashboard/notifications/upcoming-deliveries
2025-04-16 22:53:17 [abdullateef] INFO  com.example.tailormaster.filter.LoggingInterceptor - User 'abdullateef' is requesting: GET /tailor-master/dashboard/total-customers
2025-04-16 22:53:18 [abdullateef] INFO  com.example.tailormaster.controller.dashboard.DashboardController - Requested upcoming deliveries.
2025-04-16 22:53:18 [abdullateef] INFO  com.example.tailormaster.filter.LoggingInterceptor - User 'abdullateef' is requesting: GET /tailor-master/dashboard/total-orders
2025-04-16 22:53:18 [abdullateef] INFO  com.example.tailormaster.controller.dashboard.DashboardController - Requested total customers.
2025-04-16 22:53:18 [abdullateef] INFO  com.example.tailormaster.controller.dashboard.DashboardController - Requested total orders.
2025-04-16 22:53:18 [abdullateef] INFO  com.example.tailormaster.service.dashboard.DashboardService - Upcoming deliveries fetched: 10
2025-04-16 22:53:18 [abdullateef] INFO  com.example.tailormaster.controller.dashboard.DashboardController - Upcoming deliveries fetched: 10
2025-04-16 22:53:18 [abdullateef] INFO  com.example.tailormaster.filter.LoggingInterceptor - User 'abdullateef' is requesting: GET /tailor-master/dashboard/revenue-this-month
2025-04-16 22:53:18 [abdullateef] INFO  com.example.tailormaster.filter.LoggingInterceptor - User 'abdullateef' is requesting: GET /tailor-master/dashboard/pending-payments
2025-04-16 22:53:18 [abdullateef] INFO  com.example.tailormaster.filter.LoggingInterceptor - User 'abdullateef' is requesting: GET /tailor-master/dashboard/monthly-revenue-trends
2025-04-16 22:53:18 [abdullateef] INFO  com.example.tailormaster.controller.dashboard.DashboardController - Requested revenue-this-month.
2025-04-16 22:53:18 [abdullateef] INFO  com.example.tailormaster.service.dashboard.DashboardService - Revenue this month: 264000.00
2025-04-16 22:53:18 [abdullateef] INFO  com.example.tailormaster.controller.dashboard.DashboardController - Revenue this month: 264000.00
2025-04-16 22:53:18 [abdullateef] INFO  com.example.tailormaster.filter.LoggingInterceptor - User 'abdullateef' is requesting: GET /tailor-master/dashboard/order-status-counts
2025-04-16 22:53:18 [abdullateef] INFO  com.example.tailormaster.controller.dashboard.DashboardController - Requested pending payments.
2025-04-16 22:53:18 [abdullateef] INFO  com.example.tailormaster.service.dashboard.DashboardService - Total pending payments: 7
2025-04-16 22:53:18 [abdullateef] INFO  com.example.tailormaster.controller.dashboard.DashboardController - Pending payments: 7
2025-04-16 22:53:18 [abdullateef] INFO  com.example.tailormaster.filter.LoggingInterceptor - User 'abdullateef' is requesting: GET /tailor-master/dashboard/recent-orders
2025-04-16 22:53:18 [abdullateef] INFO  com.example.tailormaster.controller.dashboard.DashboardController - Requested monthly-revenue-trends.
2025-04-16 22:53:18 [abdullateef] INFO  com.example.tailormaster.filter.LoggingInterceptor - User 'abdullateef' is requesting: GET /tailor-master/dashboard/customers/top
2025-04-16 22:53:18 [abdullateef] INFO  com.example.tailormaster.controller.dashboard.DashboardController - Requested order-status-counts.
2025-04-16 22:53:18 [abdullateef] INFO  com.example.tailormaster.controller.dashboard.DashboardController - Requested top customers.
2025-04-16 22:53:18 [abdullateef] INFO  com.example.tailormaster.service.dashboard.DashboardService - Order status counts: {Pending=8, InProgress=3, Completed=43, Ready for Pickup=5}
2025-04-16 22:53:18 [abdullateef] INFO  com.example.tailormaster.controller.dashboard.DashboardController - Order status counts: {Pending=8, InProgress=3, Completed=43, Ready for Pickup=5}
2025-04-16 22:53:18 [abdullateef] INFO  com.example.tailormaster.service.dashboard.DashboardService - Top customers fetched: 5
2025-04-16 22:53:18 [abdullateef] INFO  com.example.tailormaster.controller.dashboard.DashboardController - Top customers fetched: 5
2025-04-16 22:53:18 [abdullateef] INFO  com.example.tailormaster.controller.dashboard.DashboardController - Requested recent-orders.
2025-04-16 22:53:18 [abdullateef] INFO  com.example.tailormaster.service.dashboard.DashboardService - Recent orders fetched: 5 orders
2025-04-16 22:53:18 [abdullateef] INFO  com.example.tailormaster.controller.dashboard.DashboardController - Recent orders fetched: 5
2025-04-16 22:53:18 [abdullateef] INFO  com.example.tailormaster.service.dashboard.DashboardService - Total customers: 32
2025-04-16 22:53:18 [abdullateef] INFO  com.example.tailormaster.controller.dashboard.DashboardController - Total customers: 32
2025-04-16 22:53:18 [abdullateef] INFO  com.example.tailormaster.service.dashboard.DashboardService - Total orders: 55
2025-04-16 22:53:18 [abdullateef] INFO  com.example.tailormaster.controller.dashboard.DashboardController - Total orders: 55
2025-04-16 22:53:18 [abdullateef] INFO  com.example.tailormaster.service.dashboard.DashboardService - Monthly revenue trends fetched successfully
2025-04-16 22:54:38 [abdullateef] INFO  com.example.tailormaster.filter.LoggingInterceptor - User 'abdullateef' is requesting: GET /tailor-master/customers
2025-04-16 22:54:40 [abdullateef] INFO  com.example.tailormaster.filter.LoggingInterceptor - User 'abdullateef' is requesting: GET /tailor-master/dashboard/notifications/upcoming-deliveries
2025-04-16 22:54:40 [abdullateef] INFO  com.example.tailormaster.controller.dashboard.DashboardController - Requested upcoming deliveries.
2025-04-16 22:54:40 [abdullateef] INFO  com.example.tailormaster.filter.LoggingInterceptor - User 'abdullateef' is requesting: GET /tailor-master/customers/datatable
2025-04-16 22:54:40 [abdullateef] INFO  com.example.tailormaster.service.dashboard.DashboardService - Upcoming deliveries fetched: 10
2025-04-16 22:54:40 [abdullateef] INFO  com.example.tailormaster.controller.dashboard.DashboardController - Upcoming deliveries fetched: 10
2025-04-16 22:54:40 [abdullateef] INFO  com.example.tailormaster.controller.CustomerController - Fetching customers data with search value: , sort direction: asc, start date: null, end date: null
2025-04-16 22:54:41 [abdullateef] INFO  com.example.tailormaster.filter.LoggingInterceptor - User 'abdullateef' is requesting: GET /tailor-master/customers/create
2025-04-16 22:54:41 [abdullateef] INFO  com.example.tailormaster.service.product.ProductService - Fetching all active products.
2025-04-16 22:54:41 [abdullateef] INFO  com.example.tailormaster.service.product.ProductService - Retrieved 2 active products.
2025-04-16 22:54:41 [abdullateef] INFO  com.example.tailormaster.filter.LoggingInterceptor - User 'abdullateef' is requesting: GET /tailor-master/dashboard/notifications/upcoming-deliveries
2025-04-16 22:54:41 [abdullateef] INFO  com.example.tailormaster.controller.dashboard.DashboardController - Requested upcoming deliveries.
2025-04-16 22:54:41 [abdullateef] INFO  com.example.tailormaster.service.dashboard.DashboardService - Upcoming deliveries fetched: 10
2025-04-16 22:54:41 [abdullateef] INFO  com.example.tailormaster.controller.dashboard.DashboardController - Upcoming deliveries fetched: 10
2025-04-16 22:55:39 [] INFO  org.springframework.boot.web.embedded.tomcat.GracefulShutdown - Commencing graceful shutdown. Waiting for active requests to complete
2025-04-16 22:55:40 [] INFO  org.springframework.boot.web.embedded.tomcat.GracefulShutdown - Graceful shutdown complete
2025-04-16 22:55:41 [] INFO  org.springframework.orm.jpa.LocalContainerEntityManagerFactoryBean - Closing JPA EntityManagerFactory for persistence unit 'default'
2025-04-16 22:55:41 [] INFO  com.zaxxer.hikari.HikariDataSource - HikariPool-1 - Shutdown initiated...
2025-04-16 22:55:41 [] INFO  com.zaxxer.hikari.HikariDataSource - HikariPool-1 - Shutdown completed.
