2025-05-04 00:01:50 [abdullateef] INFO  com.example.tailormaster.filter.LoggingInterceptor - User 'abdullateef' is requesting: GET /tailor-master/customers
2025-05-04 00:01:50 [abdullateef] INFO  com.example.tailormaster.filter.LoggingInterceptor - User 'abdullateef' is requesting: GET /tailor-master/dashboard/notifications/upcoming-deliveries
2025-05-04 00:01:51 [abdullateef] INFO  com.example.tailormaster.controller.dashboard.DashboardController - Requested upcoming deliveries.
2025-05-04 00:01:51 [abdullateef] INFO  com.example.tailormaster.service.dashboard.DashboardService - Upcoming deliveries fetched: 8
2025-05-04 00:01:51 [abdullateef] INFO  com.example.tailormaster.controller.dashboard.DashboardController - Upcoming deliveries fetched: 8
2025-05-04 00:01:51 [abdullateef] INFO  com.example.tailormaster.filter.LoggingInterceptor - User 'abdullateef' is requesting: GET /tailor-master/customers/datatable
2025-05-04 00:01:51 [abdullateef] INFO  com.example.tailormaster.controller.CustomerController - Fetching customers data with search value: , sort direction: asc, start date: null, end date: null
2025-05-04 00:02:47 [] INFO  org.springframework.boot.web.embedded.tomcat.GracefulShutdown - Commencing graceful shutdown. Waiting for active requests to complete
2025-05-04 00:02:48 [] INFO  org.springframework.boot.web.embedded.tomcat.GracefulShutdown - Graceful shutdown complete
2025-05-04 00:02:48 [] INFO  org.springframework.orm.jpa.LocalContainerEntityManagerFactoryBean - Closing JPA EntityManagerFactory for persistence unit 'default'
2025-05-04 00:02:48 [] INFO  com.zaxxer.hikari.HikariDataSource - HikariPool-1 - Shutdown initiated...
2025-05-04 00:02:48 [] INFO  com.zaxxer.hikari.HikariDataSource - HikariPool-1 - Shutdown completed.
2025-05-04 00:03:05 [] INFO  org.hibernate.validator.internal.util.Version - HV000001: Hibernate Validator 8.0.2.Final
2025-05-04 00:03:05 [] INFO  com.example.tailormaster.TailorMasterAppApplication - Starting TailorMasterAppApplication using Java 17.0.2 with PID 11196 (E:\Development-Workspaces\tailor-master-app\tailor-master-app\target\classes started by wajiz.pk in E:\Development-Workspaces\tailor-master-app\tailor-master-app)
2025-05-04 00:03:05 [] INFO  com.example.tailormaster.TailorMasterAppApplication - No active profile set, falling back to 1 default profile: "default"
2025-05-04 00:03:05 [] INFO  org.springframework.boot.devtools.env.DevToolsPropertyDefaultsPostProcessor - Devtools property defaults active! Set 'spring.devtools.add-properties' to 'false' to disable
2025-05-04 00:03:05 [] INFO  org.springframework.boot.devtools.env.DevToolsPropertyDefaultsPostProcessor - For additional web related logging consider setting the 'logging.level.web' property to 'DEBUG'
2025-05-04 00:03:07 [] INFO  org.springframework.data.repository.config.RepositoryConfigurationDelegate - Bootstrapping Spring Data JPA repositories in DEFAULT mode.
2025-05-04 00:03:08 [] INFO  org.springframework.data.repository.config.RepositoryConfigurationDelegate - Finished Spring Data repository scanning in 351 ms. Found 12 JPA repository interfaces.
2025-05-04 00:03:09 [] INFO  org.springframework.boot.web.embedded.tomcat.TomcatWebServer - Tomcat initialized with port 8080 (http)
2025-05-04 00:03:09 [] INFO  org.apache.coyote.http11.Http11NioProtocol - Initializing ProtocolHandler ["http-nio-8080"]
2025-05-04 00:03:09 [] INFO  org.apache.catalina.core.StandardService - Starting service [Tomcat]
2025-05-04 00:03:09 [] INFO  org.apache.catalina.core.StandardEngine - Starting Servlet engine: [Apache Tomcat/10.1.40]
2025-05-04 00:03:10 [] INFO  org.apache.catalina.core.ContainerBase.[Tomcat].[localhost].[/tailor-master] - Initializing Spring embedded WebApplicationContext
2025-05-04 00:03:10 [] INFO  org.springframework.boot.web.servlet.context.ServletWebServerApplicationContext - Root WebApplicationContext: initialization completed in 4448 ms
2025-05-04 00:03:10 [] INFO  org.hibernate.jpa.internal.util.LogHelper - HHH000204: Processing PersistenceUnitInfo [name: default]
2025-05-04 00:03:10 [] INFO  org.hibernate.Version - HHH000412: Hibernate ORM core version 6.6.4.Final
2025-05-04 00:03:10 [] INFO  org.hibernate.cache.internal.RegionFactoryInitiator - HHH000026: Second-level cache disabled
2025-05-04 00:03:11 [] INFO  org.springframework.orm.jpa.persistenceunit.SpringPersistenceUnitInfo - No LoadTimeWeaver setup: ignoring JPA class transformer
2025-05-04 00:03:11 [] INFO  com.zaxxer.hikari.HikariDataSource - HikariPool-1 - Starting...
2025-05-04 00:03:12 [] INFO  com.zaxxer.hikari.pool.HikariPool - HikariPool-1 - Added connection com.mysql.cj.jdbc.ConnectionImpl@2314c774
2025-05-04 00:03:12 [] INFO  com.zaxxer.hikari.HikariDataSource - HikariPool-1 - Start completed.
2025-05-04 00:03:12 [] INFO  org.hibernate.orm.connections.pooling - HHH10001005: Database info:
	Database JDBC URL [Connecting through datasource 'HikariDataSource (HikariPool-1)']
	Database driver: undefined/unknown
	Database version: 8.0.28
	Autocommit mode: undefined/unknown
	Isolation level: undefined/unknown
	Minimum pool size: undefined/unknown
	Maximum pool size: undefined/unknown
2025-05-04 00:03:16 [] INFO  org.hibernate.engine.transaction.jta.platform.internal.JtaPlatformInitiator - HHH000489: No JTA platform available (set 'hibernate.transaction.jta.platform' to enable JTA platform integration)
2025-05-04 00:03:16 [] INFO  org.springframework.orm.jpa.LocalContainerEntityManagerFactoryBean - Initialized JPA EntityManagerFactory for persistence unit 'default'
2025-05-04 00:03:17 [] INFO  org.springframework.data.jpa.repository.query.QueryEnhancerFactory - Hibernate is in classpath; If applicable, HQL parser will be used.
2025-05-04 00:03:25 [] WARN  org.springframework.boot.autoconfigure.orm.jpa.JpaBaseConfiguration$JpaWebConfiguration - spring.jpa.open-in-view is enabled by default. Therefore, database queries may be performed during view rendering. Explicitly configure spring.jpa.open-in-view to disable this warning
2025-05-04 00:03:25 [] INFO  org.springframework.security.config.annotation.authentication.configuration.InitializeAuthenticationProviderBeanManagerConfigurer$InitializeAuthenticationProviderManagerConfigurer - Global AuthenticationManager configured with AuthenticationProvider bean with name authenticationProvider
2025-05-04 00:03:25 [] WARN  org.springframework.security.config.annotation.authentication.configuration.InitializeUserDetailsBeanManagerConfigurer$InitializeUserDetailsManagerConfigurer - Global AuthenticationManager configured with an AuthenticationProvider bean. UserDetailsService beans will not be used by Spring Security for automatically configuring username/password login. Consider removing the AuthenticationProvider bean. Alternatively, consider using the UserDetailsService in a manually instantiated DaoAuthenticationProvider. If the current configuration is intentional, to turn off this warning, increase the logging level of 'org.springframework.security.config.annotation.authentication.configuration.InitializeUserDetailsBeanManagerConfigurer' to ERROR
2025-05-04 00:03:27 [] INFO  org.springframework.boot.devtools.autoconfigure.OptionalLiveReloadServer - LiveReload server is running on port 35729
2025-05-04 00:03:28 [] INFO  org.apache.coyote.http11.Http11NioProtocol - Starting ProtocolHandler ["http-nio-8080"]
2025-05-04 00:03:28 [] INFO  org.springframework.boot.web.embedded.tomcat.TomcatWebServer - Tomcat started on port 8080 (http) with context path '/tailor-master'
2025-05-04 00:03:28 [] INFO  com.example.tailormaster.TailorMasterAppApplication - Started TailorMasterAppApplication in 24.129 seconds (process running for 27.395)
2025-05-04 00:03:33 [] INFO  org.apache.catalina.core.ContainerBase.[Tomcat].[localhost].[/tailor-master] - Initializing Spring DispatcherServlet 'dispatcherServlet'
2025-05-04 00:03:33 [] INFO  org.springframework.web.servlet.DispatcherServlet - Initializing Servlet 'dispatcherServlet'
2025-05-04 00:03:33 [] INFO  org.springframework.web.servlet.DispatcherServlet - Completed initialization in 3 ms
2025-05-04 00:03:33 [abdullateef] INFO  com.example.tailormaster.filter.LoggingInterceptor - User 'abdullateef' is requesting: GET /tailor-master/labors
2025-05-04 00:03:35 [abdullateef] INFO  com.example.tailormaster.filter.LoggingInterceptor - User 'abdullateef' is requesting: GET /tailor-master/dashboard/notifications/upcoming-deliveries
2025-05-04 00:03:35 [abdullateef] INFO  com.example.tailormaster.controller.dashboard.DashboardController - Requested upcoming deliveries.
2025-05-04 00:03:35 [abdullateef] INFO  com.example.tailormaster.service.dashboard.DashboardService - Upcoming deliveries fetched: 8
2025-05-04 00:03:35 [abdullateef] INFO  com.example.tailormaster.controller.dashboard.DashboardController - Upcoming deliveries fetched: 8
2025-05-04 00:03:45 [abdullateef] INFO  com.example.tailormaster.filter.LoggingInterceptor - User 'abdullateef' is requesting: GET /tailor-master/customers
2025-05-04 00:03:45 [abdullateef] INFO  com.example.tailormaster.filter.LoggingInterceptor - User 'abdullateef' is requesting: GET /tailor-master/dashboard/notifications/upcoming-deliveries
2025-05-04 00:03:45 [abdullateef] INFO  com.example.tailormaster.controller.dashboard.DashboardController - Requested upcoming deliveries.
2025-05-04 00:03:45 [abdullateef] INFO  com.example.tailormaster.filter.LoggingInterceptor - User 'abdullateef' is requesting: GET /tailor-master/customers/datatable
2025-05-04 00:03:45 [abdullateef] INFO  com.example.tailormaster.service.dashboard.DashboardService - Upcoming deliveries fetched: 8
2025-05-04 00:03:45 [abdullateef] INFO  com.example.tailormaster.controller.dashboard.DashboardController - Upcoming deliveries fetched: 8
2025-05-04 00:03:45 [abdullateef] INFO  com.example.tailormaster.controller.CustomerController - Fetching customers data with search value: , sort direction: asc, start date: null, end date: null
2025-05-04 00:03:48 [abdullateef] INFO  com.example.tailormaster.filter.LoggingInterceptor - User 'abdullateef' is requesting: GET /tailor-master/labors
2025-05-04 00:03:48 [abdullateef] INFO  com.example.tailormaster.filter.LoggingInterceptor - User 'abdullateef' is requesting: GET /tailor-master/dashboard/notifications/upcoming-deliveries
2025-05-04 00:03:48 [abdullateef] INFO  com.example.tailormaster.controller.dashboard.DashboardController - Requested upcoming deliveries.
2025-05-04 00:03:48 [abdullateef] INFO  com.example.tailormaster.service.dashboard.DashboardService - Upcoming deliveries fetched: 8
2025-05-04 00:03:48 [abdullateef] INFO  com.example.tailormaster.controller.dashboard.DashboardController - Upcoming deliveries fetched: 8
2025-05-04 00:06:46 [] INFO  org.springframework.boot.web.embedded.tomcat.GracefulShutdown - Commencing graceful shutdown. Waiting for active requests to complete
2025-05-04 00:06:47 [] INFO  org.springframework.boot.web.embedded.tomcat.GracefulShutdown - Graceful shutdown complete
2025-05-04 00:06:49 [] INFO  org.springframework.orm.jpa.LocalContainerEntityManagerFactoryBean - Closing JPA EntityManagerFactory for persistence unit 'default'
2025-05-04 00:06:49 [] INFO  com.zaxxer.hikari.HikariDataSource - HikariPool-1 - Shutdown initiated...
2025-05-04 00:06:49 [] INFO  com.zaxxer.hikari.HikariDataSource - HikariPool-1 - Shutdown completed.
2025-05-04 00:06:58 [] INFO  org.hibernate.validator.internal.util.Version - HV000001: Hibernate Validator 8.0.2.Final
2025-05-04 00:06:58 [] INFO  com.example.tailormaster.TailorMasterAppApplication - Starting TailorMasterAppApplication using Java 17.0.2 with PID 10168 (E:\Development-Workspaces\tailor-master-app\tailor-master-app\target\classes started by wajiz.pk in E:\Development-Workspaces\tailor-master-app\tailor-master-app)
2025-05-04 00:06:58 [] INFO  com.example.tailormaster.TailorMasterAppApplication - No active profile set, falling back to 1 default profile: "default"
2025-05-04 00:06:58 [] INFO  org.springframework.boot.devtools.env.DevToolsPropertyDefaultsPostProcessor - Devtools property defaults active! Set 'spring.devtools.add-properties' to 'false' to disable
2025-05-04 00:06:58 [] INFO  org.springframework.boot.devtools.env.DevToolsPropertyDefaultsPostProcessor - For additional web related logging consider setting the 'logging.level.web' property to 'DEBUG'
2025-05-04 00:07:00 [] INFO  org.springframework.data.repository.config.RepositoryConfigurationDelegate - Bootstrapping Spring Data JPA repositories in DEFAULT mode.
2025-05-04 00:07:00 [] INFO  org.springframework.data.repository.config.RepositoryConfigurationDelegate - Finished Spring Data repository scanning in 189 ms. Found 12 JPA repository interfaces.
2025-05-04 00:07:01 [] INFO  org.springframework.boot.web.embedded.tomcat.TomcatWebServer - Tomcat initialized with port 8080 (http)
2025-05-04 00:07:01 [] INFO  org.apache.coyote.http11.Http11NioProtocol - Initializing ProtocolHandler ["http-nio-8080"]
2025-05-04 00:07:01 [] INFO  org.apache.catalina.core.StandardService - Starting service [Tomcat]
2025-05-04 00:07:01 [] INFO  org.apache.catalina.core.StandardEngine - Starting Servlet engine: [Apache Tomcat/10.1.40]
2025-05-04 00:07:01 [] INFO  org.apache.catalina.core.ContainerBase.[Tomcat].[localhost].[/tailor-master] - Initializing Spring embedded WebApplicationContext
2025-05-04 00:07:01 [] INFO  org.springframework.boot.web.servlet.context.ServletWebServerApplicationContext - Root WebApplicationContext: initialization completed in 3107 ms
2025-05-04 00:07:02 [] INFO  org.hibernate.jpa.internal.util.LogHelper - HHH000204: Processing PersistenceUnitInfo [name: default]
2025-05-04 00:07:02 [] INFO  org.hibernate.Version - HHH000412: Hibernate ORM core version 6.6.4.Final
2025-05-04 00:07:02 [] INFO  org.hibernate.cache.internal.RegionFactoryInitiator - HHH000026: Second-level cache disabled
2025-05-04 00:07:03 [] INFO  org.springframework.orm.jpa.persistenceunit.SpringPersistenceUnitInfo - No LoadTimeWeaver setup: ignoring JPA class transformer
2025-05-04 00:07:03 [] INFO  com.zaxxer.hikari.HikariDataSource - HikariPool-1 - Starting...
2025-05-04 00:07:04 [] INFO  com.zaxxer.hikari.pool.HikariPool - HikariPool-1 - Added connection com.mysql.cj.jdbc.ConnectionImpl@3fbaaa4
2025-05-04 00:07:04 [] INFO  com.zaxxer.hikari.HikariDataSource - HikariPool-1 - Start completed.
2025-05-04 00:07:04 [] INFO  org.hibernate.orm.connections.pooling - HHH10001005: Database info:
	Database JDBC URL [Connecting through datasource 'HikariDataSource (HikariPool-1)']
	Database driver: undefined/unknown
	Database version: 8.0.28
	Autocommit mode: undefined/unknown
	Isolation level: undefined/unknown
	Minimum pool size: undefined/unknown
	Maximum pool size: undefined/unknown
2025-05-04 00:07:07 [] INFO  org.hibernate.engine.transaction.jta.platform.internal.JtaPlatformInitiator - HHH000489: No JTA platform available (set 'hibernate.transaction.jta.platform' to enable JTA platform integration)
2025-05-04 00:07:07 [] INFO  org.springframework.orm.jpa.LocalContainerEntityManagerFactoryBean - Initialized JPA EntityManagerFactory for persistence unit 'default'
2025-05-04 00:07:08 [] INFO  org.springframework.data.jpa.repository.query.QueryEnhancerFactory - Hibernate is in classpath; If applicable, HQL parser will be used.
2025-05-04 00:07:11 [] WARN  org.springframework.boot.autoconfigure.orm.jpa.JpaBaseConfiguration$JpaWebConfiguration - spring.jpa.open-in-view is enabled by default. Therefore, database queries may be performed during view rendering. Explicitly configure spring.jpa.open-in-view to disable this warning
2025-05-04 00:07:11 [] INFO  org.springframework.security.config.annotation.authentication.configuration.InitializeAuthenticationProviderBeanManagerConfigurer$InitializeAuthenticationProviderManagerConfigurer - Global AuthenticationManager configured with AuthenticationProvider bean with name authenticationProvider
2025-05-04 00:07:11 [] WARN  org.springframework.security.config.annotation.authentication.configuration.InitializeUserDetailsBeanManagerConfigurer$InitializeUserDetailsManagerConfigurer - Global AuthenticationManager configured with an AuthenticationProvider bean. UserDetailsService beans will not be used by Spring Security for automatically configuring username/password login. Consider removing the AuthenticationProvider bean. Alternatively, consider using the UserDetailsService in a manually instantiated DaoAuthenticationProvider. If the current configuration is intentional, to turn off this warning, increase the logging level of 'org.springframework.security.config.annotation.authentication.configuration.InitializeUserDetailsBeanManagerConfigurer' to ERROR
2025-05-04 00:07:12 [] INFO  org.springframework.boot.devtools.autoconfigure.OptionalLiveReloadServer - LiveReload server is running on port 35729
2025-05-04 00:07:12 [] INFO  org.apache.coyote.http11.Http11NioProtocol - Starting ProtocolHandler ["http-nio-8080"]
2025-05-04 00:07:12 [] INFO  org.springframework.boot.web.embedded.tomcat.TomcatWebServer - Tomcat started on port 8080 (http) with context path '/tailor-master'
2025-05-04 00:07:12 [] INFO  com.example.tailormaster.TailorMasterAppApplication - Started TailorMasterAppApplication in 15.229 seconds (process running for 17.919)
2025-05-04 00:07:20 [] INFO  org.apache.catalina.core.ContainerBase.[Tomcat].[localhost].[/tailor-master] - Initializing Spring DispatcherServlet 'dispatcherServlet'
2025-05-04 00:07:20 [] INFO  org.springframework.web.servlet.DispatcherServlet - Initializing Servlet 'dispatcherServlet'
2025-05-04 00:07:20 [] INFO  org.springframework.web.servlet.DispatcherServlet - Completed initialization in 0 ms
2025-05-04 00:07:20 [abdullateef] INFO  com.example.tailormaster.filter.LoggingInterceptor - User 'abdullateef' is requesting: GET /tailor-master/labors
2025-05-04 00:07:21 [abdullateef] INFO  com.example.tailormaster.filter.LoggingInterceptor - User 'abdullateef' is requesting: GET /tailor-master/dashboard/notifications/upcoming-deliveries
2025-05-04 00:07:21 [abdullateef] INFO  com.example.tailormaster.controller.dashboard.DashboardController - Requested upcoming deliveries.
2025-05-04 00:07:21 [abdullateef] INFO  com.example.tailormaster.service.dashboard.DashboardService - Upcoming deliveries fetched: 8
2025-05-04 00:07:21 [abdullateef] INFO  com.example.tailormaster.controller.dashboard.DashboardController - Upcoming deliveries fetched: 8
2025-05-04 00:07:28 [abdullateef] INFO  com.example.tailormaster.filter.LoggingInterceptor - User 'abdullateef' is requesting: GET /tailor-master/labors/create
2025-05-04 00:07:29 [abdullateef] INFO  com.example.tailormaster.filter.LoggingInterceptor - User 'abdullateef' is requesting: GET /tailor-master/dashboard/notifications/upcoming-deliveries
2025-05-04 00:07:29 [abdullateef] INFO  com.example.tailormaster.controller.dashboard.DashboardController - Requested upcoming deliveries.
2025-05-04 00:07:29 [abdullateef] INFO  com.example.tailormaster.service.dashboard.DashboardService - Upcoming deliveries fetched: 8
2025-05-04 00:07:29 [abdullateef] INFO  com.example.tailormaster.controller.dashboard.DashboardController - Upcoming deliveries fetched: 8
2025-05-04 00:12:07 [] INFO  org.springframework.boot.web.embedded.tomcat.GracefulShutdown - Commencing graceful shutdown. Waiting for active requests to complete
2025-05-04 00:12:09 [] INFO  org.springframework.boot.web.embedded.tomcat.GracefulShutdown - Graceful shutdown complete
2025-05-04 00:12:09 [] INFO  org.springframework.orm.jpa.LocalContainerEntityManagerFactoryBean - Closing JPA EntityManagerFactory for persistence unit 'default'
2025-05-04 00:12:09 [] INFO  com.zaxxer.hikari.HikariDataSource - HikariPool-1 - Shutdown initiated...
2025-05-04 00:12:09 [] INFO  com.zaxxer.hikari.HikariDataSource - HikariPool-1 - Shutdown completed.
2025-05-04 00:12:20 [] INFO  org.hibernate.validator.internal.util.Version - HV000001: Hibernate Validator 8.0.2.Final
2025-05-04 00:12:21 [] INFO  com.example.tailormaster.TailorMasterAppApplication - Starting TailorMasterAppApplication using Java 17.0.2 with PID 776 (E:\Development-Workspaces\tailor-master-app\tailor-master-app\target\classes started by wajiz.pk in E:\Development-Workspaces\tailor-master-app\tailor-master-app)
2025-05-04 00:12:21 [] INFO  com.example.tailormaster.TailorMasterAppApplication - No active profile set, falling back to 1 default profile: "default"
2025-05-04 00:12:21 [] INFO  org.springframework.boot.devtools.env.DevToolsPropertyDefaultsPostProcessor - Devtools property defaults active! Set 'spring.devtools.add-properties' to 'false' to disable
2025-05-04 00:12:21 [] INFO  org.springframework.boot.devtools.env.DevToolsPropertyDefaultsPostProcessor - For additional web related logging consider setting the 'logging.level.web' property to 'DEBUG'
2025-05-04 00:12:23 [] INFO  org.springframework.data.repository.config.RepositoryConfigurationDelegate - Bootstrapping Spring Data JPA repositories in DEFAULT mode.
2025-05-04 00:12:23 [] INFO  org.springframework.data.repository.config.RepositoryConfigurationDelegate - Finished Spring Data repository scanning in 178 ms. Found 12 JPA repository interfaces.
2025-05-04 00:12:24 [] INFO  org.springframework.boot.web.embedded.tomcat.TomcatWebServer - Tomcat initialized with port 8080 (http)
2025-05-04 00:12:24 [] INFO  org.apache.coyote.http11.Http11NioProtocol - Initializing ProtocolHandler ["http-nio-8080"]
2025-05-04 00:12:24 [] INFO  org.apache.catalina.core.StandardService - Starting service [Tomcat]
2025-05-04 00:12:24 [] INFO  org.apache.catalina.core.StandardEngine - Starting Servlet engine: [Apache Tomcat/10.1.40]
2025-05-04 00:12:24 [] INFO  org.apache.catalina.core.ContainerBase.[Tomcat].[localhost].[/tailor-master] - Initializing Spring embedded WebApplicationContext
2025-05-04 00:12:24 [] INFO  org.springframework.boot.web.servlet.context.ServletWebServerApplicationContext - Root WebApplicationContext: initialization completed in 3148 ms
2025-05-04 00:12:24 [] INFO  org.hibernate.jpa.internal.util.LogHelper - HHH000204: Processing PersistenceUnitInfo [name: default]
2025-05-04 00:12:24 [] INFO  org.hibernate.Version - HHH000412: Hibernate ORM core version 6.6.4.Final
2025-05-04 00:12:24 [] INFO  org.hibernate.cache.internal.RegionFactoryInitiator - HHH000026: Second-level cache disabled
2025-05-04 00:12:25 [] INFO  org.springframework.orm.jpa.persistenceunit.SpringPersistenceUnitInfo - No LoadTimeWeaver setup: ignoring JPA class transformer
2025-05-04 00:12:25 [] INFO  com.zaxxer.hikari.HikariDataSource - HikariPool-1 - Starting...
2025-05-04 00:12:26 [] INFO  com.zaxxer.hikari.pool.HikariPool - HikariPool-1 - Added connection com.mysql.cj.jdbc.ConnectionImpl@286c0290
2025-05-04 00:12:26 [] INFO  com.zaxxer.hikari.HikariDataSource - HikariPool-1 - Start completed.
2025-05-04 00:12:26 [] INFO  org.hibernate.orm.connections.pooling - HHH10001005: Database info:
	Database JDBC URL [Connecting through datasource 'HikariDataSource (HikariPool-1)']
	Database driver: undefined/unknown
	Database version: 8.0.28
	Autocommit mode: undefined/unknown
	Isolation level: undefined/unknown
	Minimum pool size: undefined/unknown
	Maximum pool size: undefined/unknown
2025-05-04 00:12:28 [] INFO  org.hibernate.engine.transaction.jta.platform.internal.JtaPlatformInitiator - HHH000489: No JTA platform available (set 'hibernate.transaction.jta.platform' to enable JTA platform integration)
2025-05-04 00:12:28 [] INFO  org.springframework.orm.jpa.LocalContainerEntityManagerFactoryBean - Initialized JPA EntityManagerFactory for persistence unit 'default'
2025-05-04 00:12:29 [] INFO  org.springframework.data.jpa.repository.query.QueryEnhancerFactory - Hibernate is in classpath; If applicable, HQL parser will be used.
2025-05-04 00:12:32 [] WARN  org.springframework.boot.autoconfigure.orm.jpa.JpaBaseConfiguration$JpaWebConfiguration - spring.jpa.open-in-view is enabled by default. Therefore, database queries may be performed during view rendering. Explicitly configure spring.jpa.open-in-view to disable this warning
2025-05-04 00:12:32 [] INFO  org.springframework.security.config.annotation.authentication.configuration.InitializeAuthenticationProviderBeanManagerConfigurer$InitializeAuthenticationProviderManagerConfigurer - Global AuthenticationManager configured with AuthenticationProvider bean with name authenticationProvider
2025-05-04 00:12:32 [] WARN  org.springframework.security.config.annotation.authentication.configuration.InitializeUserDetailsBeanManagerConfigurer$InitializeUserDetailsManagerConfigurer - Global AuthenticationManager configured with an AuthenticationProvider bean. UserDetailsService beans will not be used by Spring Security for automatically configuring username/password login. Consider removing the AuthenticationProvider bean. Alternatively, consider using the UserDetailsService in a manually instantiated DaoAuthenticationProvider. If the current configuration is intentional, to turn off this warning, increase the logging level of 'org.springframework.security.config.annotation.authentication.configuration.InitializeUserDetailsBeanManagerConfigurer' to ERROR
2025-05-04 00:12:33 [] INFO  org.springframework.boot.devtools.autoconfigure.OptionalLiveReloadServer - LiveReload server is running on port 35729
2025-05-04 00:12:33 [] INFO  org.apache.coyote.http11.Http11NioProtocol - Starting ProtocolHandler ["http-nio-8080"]
2025-05-04 00:12:33 [] INFO  org.springframework.boot.web.embedded.tomcat.TomcatWebServer - Tomcat started on port 8080 (http) with context path '/tailor-master'
2025-05-04 00:12:33 [] INFO  com.example.tailormaster.TailorMasterAppApplication - Started TailorMasterAppApplication in 13.8 seconds (process running for 16.689)
2025-05-04 00:12:51 [] INFO  org.apache.catalina.core.ContainerBase.[Tomcat].[localhost].[/tailor-master] - Initializing Spring DispatcherServlet 'dispatcherServlet'
2025-05-04 00:12:51 [] INFO  org.springframework.web.servlet.DispatcherServlet - Initializing Servlet 'dispatcherServlet'
2025-05-04 00:12:51 [] INFO  org.springframework.web.servlet.DispatcherServlet - Completed initialization in 1 ms
2025-05-04 00:12:51 [abdullateef] INFO  com.example.tailormaster.filter.LoggingInterceptor - User 'abdullateef' is requesting: GET /tailor-master/labors/create
2025-05-04 00:12:53 [abdullateef] INFO  com.example.tailormaster.filter.LoggingInterceptor - User 'abdullateef' is requesting: GET /tailor-master/dashboard/notifications/upcoming-deliveries
2025-05-04 00:12:53 [abdullateef] INFO  com.example.tailormaster.controller.dashboard.DashboardController - Requested upcoming deliveries.
2025-05-04 00:12:53 [abdullateef] INFO  com.example.tailormaster.service.dashboard.DashboardService - Upcoming deliveries fetched: 8
2025-05-04 00:12:53 [abdullateef] INFO  com.example.tailormaster.controller.dashboard.DashboardController - Upcoming deliveries fetched: 8
2025-05-04 00:14:18 [] INFO  org.springframework.boot.web.embedded.tomcat.GracefulShutdown - Commencing graceful shutdown. Waiting for active requests to complete
2025-05-04 00:14:19 [] INFO  org.springframework.boot.web.embedded.tomcat.GracefulShutdown - Graceful shutdown complete
2025-05-04 00:14:19 [] INFO  org.springframework.orm.jpa.LocalContainerEntityManagerFactoryBean - Closing JPA EntityManagerFactory for persistence unit 'default'
2025-05-04 00:14:19 [] INFO  com.zaxxer.hikari.HikariDataSource - HikariPool-1 - Shutdown initiated...
2025-05-04 00:14:19 [] INFO  com.zaxxer.hikari.HikariDataSource - HikariPool-1 - Shutdown completed.
2025-05-04 00:14:27 [] INFO  org.hibernate.validator.internal.util.Version - HV000001: Hibernate Validator 8.0.2.Final
2025-05-04 00:14:27 [] INFO  com.example.tailormaster.TailorMasterAppApplication - Starting TailorMasterAppApplication using Java 17.0.2 with PID 17760 (E:\Development-Workspaces\tailor-master-app\tailor-master-app\target\classes started by wajiz.pk in E:\Development-Workspaces\tailor-master-app\tailor-master-app)
2025-05-04 00:14:27 [] INFO  com.example.tailormaster.TailorMasterAppApplication - No active profile set, falling back to 1 default profile: "default"
2025-05-04 00:14:27 [] INFO  org.springframework.boot.devtools.env.DevToolsPropertyDefaultsPostProcessor - Devtools property defaults active! Set 'spring.devtools.add-properties' to 'false' to disable
2025-05-04 00:14:27 [] INFO  org.springframework.boot.devtools.env.DevToolsPropertyDefaultsPostProcessor - For additional web related logging consider setting the 'logging.level.web' property to 'DEBUG'
2025-05-04 00:14:29 [] INFO  org.springframework.data.repository.config.RepositoryConfigurationDelegate - Bootstrapping Spring Data JPA repositories in DEFAULT mode.
2025-05-04 00:14:29 [] INFO  org.springframework.data.repository.config.RepositoryConfigurationDelegate - Finished Spring Data repository scanning in 184 ms. Found 12 JPA repository interfaces.
2025-05-04 00:14:30 [] INFO  org.springframework.boot.web.embedded.tomcat.TomcatWebServer - Tomcat initialized with port 8080 (http)
2025-05-04 00:14:30 [] INFO  org.apache.coyote.http11.Http11NioProtocol - Initializing ProtocolHandler ["http-nio-8080"]
2025-05-04 00:14:30 [] INFO  org.apache.catalina.core.StandardService - Starting service [Tomcat]
2025-05-04 00:14:30 [] INFO  org.apache.catalina.core.StandardEngine - Starting Servlet engine: [Apache Tomcat/10.1.40]
2025-05-04 00:14:30 [] INFO  org.apache.catalina.core.ContainerBase.[Tomcat].[localhost].[/tailor-master] - Initializing Spring embedded WebApplicationContext
2025-05-04 00:14:30 [] INFO  org.springframework.boot.web.servlet.context.ServletWebServerApplicationContext - Root WebApplicationContext: initialization completed in 2934 ms
2025-05-04 00:14:30 [] INFO  org.hibernate.jpa.internal.util.LogHelper - HHH000204: Processing PersistenceUnitInfo [name: default]
2025-05-04 00:14:30 [] INFO  org.hibernate.Version - HHH000412: Hibernate ORM core version 6.6.4.Final
2025-05-04 00:14:30 [] INFO  org.hibernate.cache.internal.RegionFactoryInitiator - HHH000026: Second-level cache disabled
2025-05-04 00:14:31 [] INFO  org.springframework.orm.jpa.persistenceunit.SpringPersistenceUnitInfo - No LoadTimeWeaver setup: ignoring JPA class transformer
2025-05-04 00:14:31 [] INFO  com.zaxxer.hikari.HikariDataSource - HikariPool-1 - Starting...
2025-05-04 00:14:31 [] INFO  com.zaxxer.hikari.pool.HikariPool - HikariPool-1 - Added connection com.mysql.cj.jdbc.ConnectionImpl@7d3601f2
2025-05-04 00:14:31 [] INFO  com.zaxxer.hikari.HikariDataSource - HikariPool-1 - Start completed.
2025-05-04 00:14:32 [] INFO  org.hibernate.orm.connections.pooling - HHH10001005: Database info:
	Database JDBC URL [Connecting through datasource 'HikariDataSource (HikariPool-1)']
	Database driver: undefined/unknown
	Database version: 8.0.28
	Autocommit mode: undefined/unknown
	Isolation level: undefined/unknown
	Minimum pool size: undefined/unknown
	Maximum pool size: undefined/unknown
2025-05-04 00:14:34 [] INFO  org.hibernate.engine.transaction.jta.platform.internal.JtaPlatformInitiator - HHH000489: No JTA platform available (set 'hibernate.transaction.jta.platform' to enable JTA platform integration)
2025-05-04 00:14:34 [] INFO  org.springframework.orm.jpa.LocalContainerEntityManagerFactoryBean - Initialized JPA EntityManagerFactory for persistence unit 'default'
2025-05-04 00:14:35 [] INFO  org.springframework.data.jpa.repository.query.QueryEnhancerFactory - Hibernate is in classpath; If applicable, HQL parser will be used.
2025-05-04 00:14:38 [] WARN  org.springframework.boot.autoconfigure.orm.jpa.JpaBaseConfiguration$JpaWebConfiguration - spring.jpa.open-in-view is enabled by default. Therefore, database queries may be performed during view rendering. Explicitly configure spring.jpa.open-in-view to disable this warning
2025-05-04 00:14:38 [] INFO  org.springframework.security.config.annotation.authentication.configuration.InitializeAuthenticationProviderBeanManagerConfigurer$InitializeAuthenticationProviderManagerConfigurer - Global AuthenticationManager configured with AuthenticationProvider bean with name authenticationProvider
2025-05-04 00:14:38 [] WARN  org.springframework.security.config.annotation.authentication.configuration.InitializeUserDetailsBeanManagerConfigurer$InitializeUserDetailsManagerConfigurer - Global AuthenticationManager configured with an AuthenticationProvider bean. UserDetailsService beans will not be used by Spring Security for automatically configuring username/password login. Consider removing the AuthenticationProvider bean. Alternatively, consider using the UserDetailsService in a manually instantiated DaoAuthenticationProvider. If the current configuration is intentional, to turn off this warning, increase the logging level of 'org.springframework.security.config.annotation.authentication.configuration.InitializeUserDetailsBeanManagerConfigurer' to ERROR
2025-05-04 00:14:39 [] INFO  org.springframework.boot.devtools.autoconfigure.OptionalLiveReloadServer - LiveReload server is running on port 35729
2025-05-04 00:14:39 [] INFO  org.apache.coyote.http11.Http11NioProtocol - Starting ProtocolHandler ["http-nio-8080"]
2025-05-04 00:14:39 [] INFO  org.springframework.boot.web.embedded.tomcat.TomcatWebServer - Tomcat started on port 8080 (http) with context path '/tailor-master'
2025-05-04 00:14:39 [] INFO  com.example.tailormaster.TailorMasterAppApplication - Started TailorMasterAppApplication in 13.25 seconds (process running for 15.661)
2025-05-04 00:37:17 [] WARN  com.zaxxer.hikari.pool.HikariPool - HikariPool-1 - Thread starvation or clock leap detected (housekeeper delta=2m15s55ms387µs800ns).
2025-05-04 00:37:18 [] INFO  org.apache.catalina.core.ContainerBase.[Tomcat].[localhost].[/tailor-master] - Initializing Spring DispatcherServlet 'dispatcherServlet'
2025-05-04 00:37:18 [] INFO  org.springframework.web.servlet.DispatcherServlet - Initializing Servlet 'dispatcherServlet'
2025-05-04 00:37:18 [] INFO  org.springframework.web.servlet.DispatcherServlet - Completed initialization in 16 ms
2025-05-04 00:37:18 [abdullateef] INFO  com.example.tailormaster.filter.LoggingInterceptor - User 'abdullateef' is requesting: GET /tailor-master/labors/create
2025-05-04 00:37:21 [abdullateef] INFO  com.example.tailormaster.filter.LoggingInterceptor - User 'abdullateef' is requesting: GET /tailor-master/dashboard/notifications/upcoming-deliveries
2025-05-04 00:37:21 [abdullateef] INFO  com.example.tailormaster.controller.dashboard.DashboardController - Requested upcoming deliveries.
2025-05-04 00:37:21 [abdullateef] INFO  com.example.tailormaster.service.dashboard.DashboardService - Upcoming deliveries fetched: 8
2025-05-04 00:37:21 [abdullateef] INFO  com.example.tailormaster.controller.dashboard.DashboardController - Upcoming deliveries fetched: 8
2025-05-04 00:37:25 [abdullateef] INFO  com.example.tailormaster.filter.LoggingInterceptor - User 'abdullateef' is requesting: GET /tailor-master/labors
2025-05-04 00:37:25 [abdullateef] INFO  com.example.tailormaster.filter.LoggingInterceptor - User 'abdullateef' is requesting: GET /tailor-master/dashboard/notifications/upcoming-deliveries
2025-05-04 00:37:25 [abdullateef] INFO  com.example.tailormaster.controller.dashboard.DashboardController - Requested upcoming deliveries.
2025-05-04 00:37:26 [abdullateef] INFO  com.example.tailormaster.service.dashboard.DashboardService - Upcoming deliveries fetched: 8
2025-05-04 00:37:26 [abdullateef] INFO  com.example.tailormaster.controller.dashboard.DashboardController - Upcoming deliveries fetched: 8
2025-05-04 00:37:27 [abdullateef] INFO  com.example.tailormaster.filter.LoggingInterceptor - User 'abdullateef' is requesting: GET /tailor-master/labors/create
2025-05-04 00:37:28 [abdullateef] INFO  com.example.tailormaster.filter.LoggingInterceptor - User 'abdullateef' is requesting: GET /tailor-master/dashboard/notifications/upcoming-deliveries
2025-05-04 00:37:28 [abdullateef] INFO  com.example.tailormaster.controller.dashboard.DashboardController - Requested upcoming deliveries.
2025-05-04 00:37:28 [abdullateef] INFO  com.example.tailormaster.service.dashboard.DashboardService - Upcoming deliveries fetched: 8
2025-05-04 00:37:28 [abdullateef] INFO  com.example.tailormaster.controller.dashboard.DashboardController - Upcoming deliveries fetched: 8
2025-05-04 00:38:00 [] INFO  org.springframework.boot.web.embedded.tomcat.GracefulShutdown - Commencing graceful shutdown. Waiting for active requests to complete
2025-05-04 00:38:02 [] INFO  org.springframework.boot.web.embedded.tomcat.GracefulShutdown - Graceful shutdown complete
2025-05-04 00:38:02 [] INFO  org.springframework.orm.jpa.LocalContainerEntityManagerFactoryBean - Closing JPA EntityManagerFactory for persistence unit 'default'
2025-05-04 00:38:02 [] INFO  com.zaxxer.hikari.HikariDataSource - HikariPool-1 - Shutdown initiated...
2025-05-04 00:38:02 [] INFO  com.zaxxer.hikari.HikariDataSource - HikariPool-1 - Shutdown completed.
2025-05-04 00:38:12 [] INFO  org.hibernate.validator.internal.util.Version - HV000001: Hibernate Validator 8.0.2.Final
2025-05-04 00:38:12 [] INFO  com.example.tailormaster.TailorMasterAppApplication - Starting TailorMasterAppApplication using Java 17.0.2 with PID 18180 (E:\Development-Workspaces\tailor-master-app\tailor-master-app\target\classes started by wajiz.pk in E:\Development-Workspaces\tailor-master-app\tailor-master-app)
2025-05-04 00:38:12 [] INFO  com.example.tailormaster.TailorMasterAppApplication - No active profile set, falling back to 1 default profile: "default"
2025-05-04 00:38:12 [] INFO  org.springframework.boot.devtools.env.DevToolsPropertyDefaultsPostProcessor - Devtools property defaults active! Set 'spring.devtools.add-properties' to 'false' to disable
2025-05-04 00:38:12 [] INFO  org.springframework.boot.devtools.env.DevToolsPropertyDefaultsPostProcessor - For additional web related logging consider setting the 'logging.level.web' property to 'DEBUG'
2025-05-04 00:38:14 [] INFO  org.springframework.data.repository.config.RepositoryConfigurationDelegate - Bootstrapping Spring Data JPA repositories in DEFAULT mode.
2025-05-04 00:38:14 [] INFO  org.springframework.data.repository.config.RepositoryConfigurationDelegate - Finished Spring Data repository scanning in 181 ms. Found 12 JPA repository interfaces.
2025-05-04 00:38:15 [] INFO  org.springframework.boot.web.embedded.tomcat.TomcatWebServer - Tomcat initialized with port 8080 (http)
2025-05-04 00:38:15 [] INFO  org.apache.coyote.http11.Http11NioProtocol - Initializing ProtocolHandler ["http-nio-8080"]
2025-05-04 00:38:15 [] INFO  org.apache.catalina.core.StandardService - Starting service [Tomcat]
2025-05-04 00:38:15 [] INFO  org.apache.catalina.core.StandardEngine - Starting Servlet engine: [Apache Tomcat/10.1.40]
2025-05-04 00:38:15 [] INFO  org.apache.catalina.core.ContainerBase.[Tomcat].[localhost].[/tailor-master] - Initializing Spring embedded WebApplicationContext
2025-05-04 00:38:15 [] INFO  org.springframework.boot.web.servlet.context.ServletWebServerApplicationContext - Root WebApplicationContext: initialization completed in 3140 ms
2025-05-04 00:38:15 [] INFO  org.hibernate.jpa.internal.util.LogHelper - HHH000204: Processing PersistenceUnitInfo [name: default]
2025-05-04 00:38:15 [] INFO  org.hibernate.Version - HHH000412: Hibernate ORM core version 6.6.4.Final
2025-05-04 00:38:15 [] INFO  org.hibernate.cache.internal.RegionFactoryInitiator - HHH000026: Second-level cache disabled
2025-05-04 00:38:16 [] INFO  org.springframework.orm.jpa.persistenceunit.SpringPersistenceUnitInfo - No LoadTimeWeaver setup: ignoring JPA class transformer
2025-05-04 00:38:16 [] INFO  com.zaxxer.hikari.HikariDataSource - HikariPool-1 - Starting...
2025-05-04 00:38:17 [] INFO  com.zaxxer.hikari.pool.HikariPool - HikariPool-1 - Added connection com.mysql.cj.jdbc.ConnectionImpl@102ff3af
2025-05-04 00:38:17 [] INFO  com.zaxxer.hikari.HikariDataSource - HikariPool-1 - Start completed.
2025-05-04 00:38:17 [] INFO  org.hibernate.orm.connections.pooling - HHH10001005: Database info:
	Database JDBC URL [Connecting through datasource 'HikariDataSource (HikariPool-1)']
	Database driver: undefined/unknown
	Database version: 8.0.28
	Autocommit mode: undefined/unknown
	Isolation level: undefined/unknown
	Minimum pool size: undefined/unknown
	Maximum pool size: undefined/unknown
2025-05-04 00:38:19 [] INFO  org.hibernate.engine.transaction.jta.platform.internal.JtaPlatformInitiator - HHH000489: No JTA platform available (set 'hibernate.transaction.jta.platform' to enable JTA platform integration)
2025-05-04 00:38:19 [] INFO  org.springframework.orm.jpa.LocalContainerEntityManagerFactoryBean - Initialized JPA EntityManagerFactory for persistence unit 'default'
2025-05-04 00:38:20 [] INFO  org.springframework.data.jpa.repository.query.QueryEnhancerFactory - Hibernate is in classpath; If applicable, HQL parser will be used.
2025-05-04 00:38:23 [] WARN  org.springframework.boot.autoconfigure.orm.jpa.JpaBaseConfiguration$JpaWebConfiguration - spring.jpa.open-in-view is enabled by default. Therefore, database queries may be performed during view rendering. Explicitly configure spring.jpa.open-in-view to disable this warning
2025-05-04 00:38:23 [] INFO  org.springframework.security.config.annotation.authentication.configuration.InitializeAuthenticationProviderBeanManagerConfigurer$InitializeAuthenticationProviderManagerConfigurer - Global AuthenticationManager configured with AuthenticationProvider bean with name authenticationProvider
2025-05-04 00:38:23 [] WARN  org.springframework.security.config.annotation.authentication.configuration.InitializeUserDetailsBeanManagerConfigurer$InitializeUserDetailsManagerConfigurer - Global AuthenticationManager configured with an AuthenticationProvider bean. UserDetailsService beans will not be used by Spring Security for automatically configuring username/password login. Consider removing the AuthenticationProvider bean. Alternatively, consider using the UserDetailsService in a manually instantiated DaoAuthenticationProvider. If the current configuration is intentional, to turn off this warning, increase the logging level of 'org.springframework.security.config.annotation.authentication.configuration.InitializeUserDetailsBeanManagerConfigurer' to ERROR
2025-05-04 00:38:24 [] INFO  org.springframework.boot.devtools.autoconfigure.OptionalLiveReloadServer - LiveReload server is running on port 35729
2025-05-04 00:38:24 [] INFO  org.apache.coyote.http11.Http11NioProtocol - Starting ProtocolHandler ["http-nio-8080"]
2025-05-04 00:38:24 [] INFO  org.springframework.boot.web.embedded.tomcat.TomcatWebServer - Tomcat started on port 8080 (http) with context path '/tailor-master'
2025-05-04 00:38:24 [] INFO  com.example.tailormaster.TailorMasterAppApplication - Started TailorMasterAppApplication in 13.41 seconds (process running for 15.984)
2025-05-04 00:39:45 [] INFO  org.apache.catalina.core.ContainerBase.[Tomcat].[localhost].[/tailor-master] - Initializing Spring DispatcherServlet 'dispatcherServlet'
2025-05-04 00:39:45 [] INFO  org.springframework.web.servlet.DispatcherServlet - Initializing Servlet 'dispatcherServlet'
2025-05-04 00:39:45 [] INFO  org.springframework.web.servlet.DispatcherServlet - Completed initialization in 3 ms
2025-05-04 00:39:45 [abdullateef] INFO  com.example.tailormaster.filter.LoggingInterceptor - User 'abdullateef' is requesting: GET /tailor-master/labors/create
2025-05-04 00:39:48 [abdullateef] INFO  com.example.tailormaster.filter.LoggingInterceptor - User 'abdullateef' is requesting: GET /tailor-master/dashboard/notifications/upcoming-deliveries
2025-05-04 00:39:48 [abdullateef] INFO  com.example.tailormaster.controller.dashboard.DashboardController - Requested upcoming deliveries.
2025-05-04 00:39:48 [abdullateef] INFO  com.example.tailormaster.service.dashboard.DashboardService - Upcoming deliveries fetched: 8
2025-05-04 00:39:48 [abdullateef] INFO  com.example.tailormaster.controller.dashboard.DashboardController - Upcoming deliveries fetched: 8
2025-05-04 00:43:04 [] INFO  org.springframework.boot.web.embedded.tomcat.GracefulShutdown - Commencing graceful shutdown. Waiting for active requests to complete
2025-05-04 00:43:05 [] INFO  org.springframework.boot.web.embedded.tomcat.GracefulShutdown - Graceful shutdown complete
2025-05-04 00:43:06 [] INFO  org.springframework.orm.jpa.LocalContainerEntityManagerFactoryBean - Closing JPA EntityManagerFactory for persistence unit 'default'
2025-05-04 00:43:06 [] INFO  com.zaxxer.hikari.HikariDataSource - HikariPool-1 - Shutdown initiated...
2025-05-04 00:43:06 [] INFO  com.zaxxer.hikari.HikariDataSource - HikariPool-1 - Shutdown completed.
2025-05-04 00:43:13 [] INFO  org.hibernate.validator.internal.util.Version - HV000001: Hibernate Validator 8.0.2.Final
2025-05-04 00:43:13 [] INFO  com.example.tailormaster.TailorMasterAppApplication - Starting TailorMasterAppApplication using Java 17.0.2 with PID 16988 (E:\Development-Workspaces\tailor-master-app\tailor-master-app\target\classes started by wajiz.pk in E:\Development-Workspaces\tailor-master-app\tailor-master-app)
2025-05-04 00:43:13 [] INFO  com.example.tailormaster.TailorMasterAppApplication - No active profile set, falling back to 1 default profile: "default"
2025-05-04 00:43:13 [] INFO  org.springframework.boot.devtools.env.DevToolsPropertyDefaultsPostProcessor - Devtools property defaults active! Set 'spring.devtools.add-properties' to 'false' to disable
2025-05-04 00:43:13 [] INFO  org.springframework.boot.devtools.env.DevToolsPropertyDefaultsPostProcessor - For additional web related logging consider setting the 'logging.level.web' property to 'DEBUG'
2025-05-04 00:43:15 [] INFO  org.springframework.data.repository.config.RepositoryConfigurationDelegate - Bootstrapping Spring Data JPA repositories in DEFAULT mode.
2025-05-04 00:43:15 [] INFO  org.springframework.data.repository.config.RepositoryConfigurationDelegate - Finished Spring Data repository scanning in 178 ms. Found 12 JPA repository interfaces.
2025-05-04 00:43:16 [] INFO  org.springframework.boot.web.embedded.tomcat.TomcatWebServer - Tomcat initialized with port 8080 (http)
2025-05-04 00:43:16 [] INFO  org.apache.coyote.http11.Http11NioProtocol - Initializing ProtocolHandler ["http-nio-8080"]
2025-05-04 00:43:16 [] INFO  org.apache.catalina.core.StandardService - Starting service [Tomcat]
2025-05-04 00:43:16 [] INFO  org.apache.catalina.core.StandardEngine - Starting Servlet engine: [Apache Tomcat/10.1.40]
2025-05-04 00:43:16 [] INFO  org.apache.catalina.core.ContainerBase.[Tomcat].[localhost].[/tailor-master] - Initializing Spring embedded WebApplicationContext
2025-05-04 00:43:16 [] INFO  org.springframework.boot.web.servlet.context.ServletWebServerApplicationContext - Root WebApplicationContext: initialization completed in 2923 ms
2025-05-04 00:43:17 [] INFO  org.hibernate.jpa.internal.util.LogHelper - HHH000204: Processing PersistenceUnitInfo [name: default]
2025-05-04 00:43:17 [] INFO  org.hibernate.Version - HHH000412: Hibernate ORM core version 6.6.4.Final
2025-05-04 00:43:17 [] INFO  org.hibernate.cache.internal.RegionFactoryInitiator - HHH000026: Second-level cache disabled
2025-05-04 00:43:17 [] INFO  org.springframework.orm.jpa.persistenceunit.SpringPersistenceUnitInfo - No LoadTimeWeaver setup: ignoring JPA class transformer
2025-05-04 00:43:17 [] INFO  com.zaxxer.hikari.HikariDataSource - HikariPool-1 - Starting...
2025-05-04 00:43:18 [] INFO  com.zaxxer.hikari.pool.HikariPool - HikariPool-1 - Added connection com.mysql.cj.jdbc.ConnectionImpl@6d4fc20b
2025-05-04 00:43:18 [] INFO  com.zaxxer.hikari.HikariDataSource - HikariPool-1 - Start completed.
2025-05-04 00:43:18 [] INFO  org.hibernate.orm.connections.pooling - HHH10001005: Database info:
	Database JDBC URL [Connecting through datasource 'HikariDataSource (HikariPool-1)']
	Database driver: undefined/unknown
	Database version: 8.0.28
	Autocommit mode: undefined/unknown
	Isolation level: undefined/unknown
	Minimum pool size: undefined/unknown
	Maximum pool size: undefined/unknown
2025-05-04 00:43:20 [] INFO  org.hibernate.engine.transaction.jta.platform.internal.JtaPlatformInitiator - HHH000489: No JTA platform available (set 'hibernate.transaction.jta.platform' to enable JTA platform integration)
2025-05-04 00:43:20 [] INFO  org.springframework.orm.jpa.LocalContainerEntityManagerFactoryBean - Initialized JPA EntityManagerFactory for persistence unit 'default'
2025-05-04 00:43:21 [] INFO  org.springframework.data.jpa.repository.query.QueryEnhancerFactory - Hibernate is in classpath; If applicable, HQL parser will be used.
2025-05-04 00:43:24 [] WARN  org.springframework.boot.autoconfigure.orm.jpa.JpaBaseConfiguration$JpaWebConfiguration - spring.jpa.open-in-view is enabled by default. Therefore, database queries may be performed during view rendering. Explicitly configure spring.jpa.open-in-view to disable this warning
2025-05-04 00:43:24 [] INFO  org.springframework.security.config.annotation.authentication.configuration.InitializeAuthenticationProviderBeanManagerConfigurer$InitializeAuthenticationProviderManagerConfigurer - Global AuthenticationManager configured with AuthenticationProvider bean with name authenticationProvider
2025-05-04 00:43:24 [] WARN  org.springframework.security.config.annotation.authentication.configuration.InitializeUserDetailsBeanManagerConfigurer$InitializeUserDetailsManagerConfigurer - Global AuthenticationManager configured with an AuthenticationProvider bean. UserDetailsService beans will not be used by Spring Security for automatically configuring username/password login. Consider removing the AuthenticationProvider bean. Alternatively, consider using the UserDetailsService in a manually instantiated DaoAuthenticationProvider. If the current configuration is intentional, to turn off this warning, increase the logging level of 'org.springframework.security.config.annotation.authentication.configuration.InitializeUserDetailsBeanManagerConfigurer' to ERROR
2025-05-04 00:43:25 [] INFO  org.springframework.boot.devtools.autoconfigure.OptionalLiveReloadServer - LiveReload server is running on port 35729
2025-05-04 00:43:25 [] INFO  org.apache.coyote.http11.Http11NioProtocol - Starting ProtocolHandler ["http-nio-8080"]
2025-05-04 00:43:25 [] INFO  org.springframework.boot.web.embedded.tomcat.TomcatWebServer - Tomcat started on port 8080 (http) with context path '/tailor-master'
2025-05-04 00:43:25 [] INFO  com.example.tailormaster.TailorMasterAppApplication - Started TailorMasterAppApplication in 12.787 seconds (process running for 15.117)
2025-05-04 00:43:29 [] INFO  org.apache.catalina.core.ContainerBase.[Tomcat].[localhost].[/tailor-master] - Initializing Spring DispatcherServlet 'dispatcherServlet'
2025-05-04 00:43:29 [] INFO  org.springframework.web.servlet.DispatcherServlet - Initializing Servlet 'dispatcherServlet'
2025-05-04 00:43:29 [] INFO  org.springframework.web.servlet.DispatcherServlet - Completed initialization in 1 ms
2025-05-04 00:43:29 [abdullateef] INFO  com.example.tailormaster.filter.LoggingInterceptor - User 'abdullateef' is requesting: GET /tailor-master/labors/create
2025-05-04 00:43:30 [abdullateef] INFO  com.example.tailormaster.filter.LoggingInterceptor - User 'abdullateef' is requesting: GET /tailor-master/dashboard/notifications/upcoming-deliveries
2025-05-04 00:43:30 [abdullateef] INFO  com.example.tailormaster.controller.dashboard.DashboardController - Requested upcoming deliveries.
2025-05-04 00:43:30 [abdullateef] INFO  com.example.tailormaster.service.dashboard.DashboardService - Upcoming deliveries fetched: 8
2025-05-04 00:43:30 [abdullateef] INFO  com.example.tailormaster.controller.dashboard.DashboardController - Upcoming deliveries fetched: 8
2025-05-04 00:43:36 [abdullateef] INFO  com.example.tailormaster.filter.LoggingInterceptor - User 'abdullateef' is requesting: POST /tailor-master/labors/save
2025-05-04 00:43:40 [abdullateef] WARN  com.example.tailormaster.controller.labor.LaborController - Validation failed while saving labor: [Field error in object 'labor' on field 'contact': rejected value []; codes [NotBlank.labor.contact,NotBlank.contact,NotBlank.java.lang.String,NotBlank]; arguments [org.springframework.context.support.DefaultMessageSourceResolvable: codes [labor.contact,contact]; arguments []; default message [contact]]; default message [Contact is required], Field error in object 'labor' on field 'contact': rejected value []; codes [Pattern.labor.contact,Pattern.contact,Pattern.java.lang.String,Pattern]; arguments [org.springframework.context.support.DefaultMessageSourceResolvable: codes [labor.contact,contact]; arguments []; default message [contact],[Ljakarta.validation.constraints.Pattern$Flag;@78df83a6,^03[0-9]{9}$]; default message [Contact must be 11 digits and start with 03], Field error in object 'labor' on field 'name': rejected value []; codes [Size.labor.name,Size.name,Size.java.lang.String,Size]; arguments [org.springframework.context.support.DefaultMessageSourceResolvable: codes [labor.name,name]; arguments []; default message [name],2147483647,3]; default message [Name must have at least 3 characters], Field error in object 'labor' on field 'name': rejected value []; codes [NotBlank.labor.name,NotBlank.name,NotBlank.java.lang.String,NotBlank]; arguments [org.springframework.context.support.DefaultMessageSourceResolvable: codes [labor.name,name]; arguments []; default message [name]]; default message [Name is required]]
2025-05-04 00:43:42 [abdullateef] INFO  com.example.tailormaster.filter.LoggingInterceptor - User 'abdullateef' is requesting: GET /tailor-master/dashboard/notifications/upcoming-deliveries
2025-05-04 00:43:42 [abdullateef] INFO  com.example.tailormaster.controller.dashboard.DashboardController - Requested upcoming deliveries.
2025-05-04 00:43:42 [abdullateef] INFO  com.example.tailormaster.service.dashboard.DashboardService - Upcoming deliveries fetched: 8
2025-05-04 00:43:42 [abdullateef] INFO  com.example.tailormaster.controller.dashboard.DashboardController - Upcoming deliveries fetched: 8
2025-05-04 00:44:37 [abdullateef] INFO  com.example.tailormaster.filter.LoggingInterceptor - User 'abdullateef' is requesting: GET /tailor-master/labors
2025-05-04 00:44:38 [abdullateef] INFO  com.example.tailormaster.filter.LoggingInterceptor - User 'abdullateef' is requesting: GET /tailor-master/dashboard/notifications/upcoming-deliveries
2025-05-04 00:44:38 [abdullateef] INFO  com.example.tailormaster.controller.dashboard.DashboardController - Requested upcoming deliveries.
2025-05-04 00:44:38 [abdullateef] INFO  com.example.tailormaster.service.dashboard.DashboardService - Upcoming deliveries fetched: 8
2025-05-04 00:44:38 [abdullateef] INFO  com.example.tailormaster.controller.dashboard.DashboardController - Upcoming deliveries fetched: 8
2025-05-04 00:44:39 [abdullateef] INFO  com.example.tailormaster.filter.LoggingInterceptor - User 'abdullateef' is requesting: GET /tailor-master/labors/create
2025-05-04 00:44:40 [abdullateef] INFO  com.example.tailormaster.filter.LoggingInterceptor - User 'abdullateef' is requesting: GET /tailor-master/dashboard/notifications/upcoming-deliveries
2025-05-04 00:44:40 [abdullateef] INFO  com.example.tailormaster.controller.dashboard.DashboardController - Requested upcoming deliveries.
2025-05-04 00:44:40 [abdullateef] INFO  com.example.tailormaster.service.dashboard.DashboardService - Upcoming deliveries fetched: 8
2025-05-04 00:44:40 [abdullateef] INFO  com.example.tailormaster.controller.dashboard.DashboardController - Upcoming deliveries fetched: 8
2025-05-04 00:45:00 [abdullateef] INFO  com.example.tailormaster.filter.LoggingInterceptor - User 'abdullateef' is requesting: POST /tailor-master/labors/save
2025-05-04 00:45:05 [abdullateef] WARN  com.example.tailormaster.controller.labor.LaborController - Validation failed while saving labor: [Field error in object 'labor' on field 'contact': rejected value [02122233445]; codes [Pattern.labor.contact,Pattern.contact,Pattern.java.lang.String,Pattern]; arguments [org.springframework.context.support.DefaultMessageSourceResolvable: codes [labor.contact,contact]; arguments []; default message [contact],[Ljakarta.validation.constraints.Pattern$Flag;@78df83a6,^03[0-9]{9}$]; default message [Contact must be 11 digits and start with 03], Field error in object 'labor' on field 'name': rejected value [11]; codes [Size.labor.name,Size.name,Size.java.lang.String,Size]; arguments [org.springframework.context.support.DefaultMessageSourceResolvable: codes [labor.name,name]; arguments []; default message [name],2147483647,3]; default message [Name must have at least 3 characters]]
2025-05-04 00:45:05 [abdullateef] INFO  com.example.tailormaster.filter.LoggingInterceptor - User 'abdullateef' is requesting: GET /tailor-master/dashboard/notifications/upcoming-deliveries
2025-05-04 00:45:05 [abdullateef] INFO  com.example.tailormaster.controller.dashboard.DashboardController - Requested upcoming deliveries.
2025-05-04 00:45:05 [abdullateef] INFO  com.example.tailormaster.service.dashboard.DashboardService - Upcoming deliveries fetched: 8
2025-05-04 00:45:05 [abdullateef] INFO  com.example.tailormaster.controller.dashboard.DashboardController - Upcoming deliveries fetched: 8
2025-05-04 00:45:21 [abdullateef] INFO  com.example.tailormaster.filter.LoggingInterceptor - User 'abdullateef' is requesting: POST /tailor-master/labors/save
2025-05-04 00:45:26 [abdullateef] WARN  com.example.tailormaster.controller.labor.LaborController - Validation failed while saving labor: [Field error in object 'labor' on field 'contact': rejected value [02122233445]; codes [Pattern.labor.contact,Pattern.contact,Pattern.java.lang.String,Pattern]; arguments [org.springframework.context.support.DefaultMessageSourceResolvable: codes [labor.contact,contact]; arguments []; default message [contact],[Ljakarta.validation.constraints.Pattern$Flag;@78df83a6,^03[0-9]{9}$]; default message [Contact must be 11 digits and start with 03]]
2025-05-04 00:45:26 [abdullateef] INFO  com.example.tailormaster.filter.LoggingInterceptor - User 'abdullateef' is requesting: GET /tailor-master/dashboard/notifications/upcoming-deliveries
2025-05-04 00:45:26 [abdullateef] INFO  com.example.tailormaster.controller.dashboard.DashboardController - Requested upcoming deliveries.
2025-05-04 00:45:26 [abdullateef] INFO  com.example.tailormaster.service.dashboard.DashboardService - Upcoming deliveries fetched: 8
2025-05-04 00:45:26 [abdullateef] INFO  com.example.tailormaster.controller.dashboard.DashboardController - Upcoming deliveries fetched: 8
2025-05-04 00:45:44 [abdullateef] INFO  com.example.tailormaster.filter.LoggingInterceptor - User 'abdullateef' is requesting: POST /tailor-master/labors/save
2025-05-04 00:45:47 [abdullateef] WARN  com.example.tailormaster.controller.labor.LaborController - Validation failed while saving labor: [Field error in object 'labor' on field 'contact': rejected value [0322233445]; codes [Pattern.labor.contact,Pattern.contact,Pattern.java.lang.String,Pattern]; arguments [org.springframework.context.support.DefaultMessageSourceResolvable: codes [labor.contact,contact]; arguments []; default message [contact],[Ljakarta.validation.constraints.Pattern$Flag;@78df83a6,^03[0-9]{9}$]; default message [Contact must be 11 digits and start with 03]]
2025-05-04 00:45:48 [abdullateef] INFO  com.example.tailormaster.filter.LoggingInterceptor - User 'abdullateef' is requesting: GET /tailor-master/dashboard/notifications/upcoming-deliveries
2025-05-04 00:45:48 [abdullateef] INFO  com.example.tailormaster.controller.dashboard.DashboardController - Requested upcoming deliveries.
2025-05-04 00:45:48 [abdullateef] INFO  com.example.tailormaster.service.dashboard.DashboardService - Upcoming deliveries fetched: 8
2025-05-04 00:45:48 [abdullateef] INFO  com.example.tailormaster.controller.dashboard.DashboardController - Upcoming deliveries fetched: 8
2025-05-04 00:46:20 [abdullateef] INFO  com.example.tailormaster.filter.LoggingInterceptor - User 'abdullateef' is requesting: POST /tailor-master/labors/save
2025-05-04 00:46:28 [abdullateef] WARN  com.example.tailormaster.controller.labor.LaborController - Validation failed while saving labor: [Field error in object 'labor' on field 'contact': rejected value [032211223333]; codes [Pattern.labor.contact,Pattern.contact,Pattern.java.lang.String,Pattern]; arguments [org.springframework.context.support.DefaultMessageSourceResolvable: codes [labor.contact,contact]; arguments []; default message [contact],[Ljakarta.validation.constraints.Pattern$Flag;@78df83a6,^03[0-9]{9}$]; default message [Contact must be 11 digits and start with 03]]
2025-05-04 00:46:28 [abdullateef] INFO  com.example.tailormaster.filter.LoggingInterceptor - User 'abdullateef' is requesting: GET /tailor-master/dashboard/notifications/upcoming-deliveries
2025-05-04 00:46:28 [abdullateef] INFO  com.example.tailormaster.controller.dashboard.DashboardController - Requested upcoming deliveries.
2025-05-04 00:46:28 [abdullateef] INFO  com.example.tailormaster.service.dashboard.DashboardService - Upcoming deliveries fetched: 8
2025-05-04 00:46:28 [abdullateef] INFO  com.example.tailormaster.controller.dashboard.DashboardController - Upcoming deliveries fetched: 8
2025-05-04 00:46:54 [abdullateef] INFO  com.example.tailormaster.filter.LoggingInterceptor - User 'abdullateef' is requesting: POST /tailor-master/labors/save
2025-05-04 00:46:58 [abdullateef] INFO  com.example.tailormaster.service.labor.LaborService - Creating Labor: LaborTest3
2025-05-04 00:47:00 [abdullateef] INFO  com.example.tailormaster.controller.labor.LaborController - Labor saved successfully: LaborTest3
2025-05-04 00:47:01 [abdullateef] INFO  com.example.tailormaster.filter.LoggingInterceptor - User 'abdullateef' is requesting: GET /tailor-master/labors
2025-05-04 00:47:02 [abdullateef] INFO  com.example.tailormaster.filter.LoggingInterceptor - User 'abdullateef' is requesting: GET /tailor-master/dashboard/notifications/upcoming-deliveries
2025-05-04 00:47:02 [abdullateef] INFO  com.example.tailormaster.controller.dashboard.DashboardController - Requested upcoming deliveries.
2025-05-04 00:47:02 [abdullateef] INFO  com.example.tailormaster.service.dashboard.DashboardService - Upcoming deliveries fetched: 8
2025-05-04 00:47:02 [abdullateef] INFO  com.example.tailormaster.controller.dashboard.DashboardController - Upcoming deliveries fetched: 8
2025-05-04 00:48:40 [] INFO  org.springframework.boot.web.embedded.tomcat.GracefulShutdown - Commencing graceful shutdown. Waiting for active requests to complete
2025-05-04 00:48:42 [] INFO  org.springframework.boot.web.embedded.tomcat.GracefulShutdown - Graceful shutdown complete
2025-05-04 00:48:43 [] INFO  org.springframework.orm.jpa.LocalContainerEntityManagerFactoryBean - Closing JPA EntityManagerFactory for persistence unit 'default'
2025-05-04 00:48:43 [] INFO  com.zaxxer.hikari.HikariDataSource - HikariPool-1 - Shutdown initiated...
2025-05-04 00:48:43 [] INFO  com.zaxxer.hikari.HikariDataSource - HikariPool-1 - Shutdown completed.
2025-05-04 00:48:50 [] INFO  org.hibernate.validator.internal.util.Version - HV000001: Hibernate Validator 8.0.2.Final
2025-05-04 00:48:50 [] INFO  com.example.tailormaster.TailorMasterAppApplication - Starting TailorMasterAppApplication using Java 17.0.2 with PID 14496 (E:\Development-Workspaces\tailor-master-app\tailor-master-app\target\classes started by wajiz.pk in E:\Development-Workspaces\tailor-master-app\tailor-master-app)
2025-05-04 00:48:50 [] INFO  com.example.tailormaster.TailorMasterAppApplication - No active profile set, falling back to 1 default profile: "default"
2025-05-04 00:48:50 [] INFO  org.springframework.boot.devtools.env.DevToolsPropertyDefaultsPostProcessor - Devtools property defaults active! Set 'spring.devtools.add-properties' to 'false' to disable
2025-05-04 00:48:50 [] INFO  org.springframework.boot.devtools.env.DevToolsPropertyDefaultsPostProcessor - For additional web related logging consider setting the 'logging.level.web' property to 'DEBUG'
2025-05-04 00:48:52 [] INFO  org.springframework.data.repository.config.RepositoryConfigurationDelegate - Bootstrapping Spring Data JPA repositories in DEFAULT mode.
2025-05-04 00:48:52 [] INFO  org.springframework.data.repository.config.RepositoryConfigurationDelegate - Finished Spring Data repository scanning in 179 ms. Found 12 JPA repository interfaces.
2025-05-04 00:48:53 [] INFO  org.springframework.boot.web.embedded.tomcat.TomcatWebServer - Tomcat initialized with port 8080 (http)
2025-05-04 00:48:53 [] INFO  org.apache.coyote.http11.Http11NioProtocol - Initializing ProtocolHandler ["http-nio-8080"]
2025-05-04 00:48:53 [] INFO  org.apache.catalina.core.StandardService - Starting service [Tomcat]
2025-05-04 00:48:53 [] INFO  org.apache.catalina.core.StandardEngine - Starting Servlet engine: [Apache Tomcat/10.1.40]
2025-05-04 00:48:53 [] INFO  org.apache.catalina.core.ContainerBase.[Tomcat].[localhost].[/tailor-master] - Initializing Spring embedded WebApplicationContext
2025-05-04 00:48:53 [] INFO  org.springframework.boot.web.servlet.context.ServletWebServerApplicationContext - Root WebApplicationContext: initialization completed in 3014 ms
2025-05-04 00:48:54 [] INFO  org.hibernate.jpa.internal.util.LogHelper - HHH000204: Processing PersistenceUnitInfo [name: default]
2025-05-04 00:48:54 [] INFO  org.hibernate.Version - HHH000412: Hibernate ORM core version 6.6.4.Final
2025-05-04 00:48:54 [] INFO  org.hibernate.cache.internal.RegionFactoryInitiator - HHH000026: Second-level cache disabled
2025-05-04 00:48:54 [] INFO  org.springframework.orm.jpa.persistenceunit.SpringPersistenceUnitInfo - No LoadTimeWeaver setup: ignoring JPA class transformer
2025-05-04 00:48:54 [] INFO  com.zaxxer.hikari.HikariDataSource - HikariPool-1 - Starting...
2025-05-04 00:48:55 [] INFO  com.zaxxer.hikari.pool.HikariPool - HikariPool-1 - Added connection com.mysql.cj.jdbc.ConnectionImpl@42e2996
2025-05-04 00:48:55 [] INFO  com.zaxxer.hikari.HikariDataSource - HikariPool-1 - Start completed.
2025-05-04 00:48:55 [] INFO  org.hibernate.orm.connections.pooling - HHH10001005: Database info:
	Database JDBC URL [Connecting through datasource 'HikariDataSource (HikariPool-1)']
	Database driver: undefined/unknown
	Database version: 8.0.28
	Autocommit mode: undefined/unknown
	Isolation level: undefined/unknown
	Minimum pool size: undefined/unknown
	Maximum pool size: undefined/unknown
2025-05-04 00:48:58 [] INFO  org.hibernate.engine.transaction.jta.platform.internal.JtaPlatformInitiator - HHH000489: No JTA platform available (set 'hibernate.transaction.jta.platform' to enable JTA platform integration)
2025-05-04 00:48:58 [] INFO  org.springframework.orm.jpa.LocalContainerEntityManagerFactoryBean - Initialized JPA EntityManagerFactory for persistence unit 'default'
2025-05-04 00:48:58 [] INFO  org.springframework.data.jpa.repository.query.QueryEnhancerFactory - Hibernate is in classpath; If applicable, HQL parser will be used.
2025-05-04 00:49:02 [] WARN  org.springframework.boot.autoconfigure.orm.jpa.JpaBaseConfiguration$JpaWebConfiguration - spring.jpa.open-in-view is enabled by default. Therefore, database queries may be performed during view rendering. Explicitly configure spring.jpa.open-in-view to disable this warning
2025-05-04 00:49:02 [] INFO  org.springframework.security.config.annotation.authentication.configuration.InitializeAuthenticationProviderBeanManagerConfigurer$InitializeAuthenticationProviderManagerConfigurer - Global AuthenticationManager configured with AuthenticationProvider bean with name authenticationProvider
2025-05-04 00:49:02 [] WARN  org.springframework.security.config.annotation.authentication.configuration.InitializeUserDetailsBeanManagerConfigurer$InitializeUserDetailsManagerConfigurer - Global AuthenticationManager configured with an AuthenticationProvider bean. UserDetailsService beans will not be used by Spring Security for automatically configuring username/password login. Consider removing the AuthenticationProvider bean. Alternatively, consider using the UserDetailsService in a manually instantiated DaoAuthenticationProvider. If the current configuration is intentional, to turn off this warning, increase the logging level of 'org.springframework.security.config.annotation.authentication.configuration.InitializeUserDetailsBeanManagerConfigurer' to ERROR
2025-05-04 00:49:02 [] INFO  org.springframework.boot.devtools.autoconfigure.OptionalLiveReloadServer - LiveReload server is running on port 35729
2025-05-04 00:49:03 [] INFO  org.apache.coyote.http11.Http11NioProtocol - Starting ProtocolHandler ["http-nio-8080"]
2025-05-04 00:49:03 [] INFO  org.springframework.boot.web.embedded.tomcat.TomcatWebServer - Tomcat started on port 8080 (http) with context path '/tailor-master'
2025-05-04 00:49:03 [] INFO  com.example.tailormaster.TailorMasterAppApplication - Started TailorMasterAppApplication in 13.368 seconds (process running for 15.729)
2025-05-04 00:49:08 [] INFO  org.apache.catalina.core.ContainerBase.[Tomcat].[localhost].[/tailor-master] - Initializing Spring DispatcherServlet 'dispatcherServlet'
2025-05-04 00:49:08 [] INFO  org.springframework.web.servlet.DispatcherServlet - Initializing Servlet 'dispatcherServlet'
2025-05-04 00:49:08 [] INFO  org.springframework.web.servlet.DispatcherServlet - Completed initialization in 2 ms
2025-05-04 00:49:08 [abdullateef] INFO  com.example.tailormaster.filter.LoggingInterceptor - User 'abdullateef' is requesting: GET /tailor-master/labors/create
2025-05-04 00:49:09 [abdullateef] INFO  com.example.tailormaster.filter.LoggingInterceptor - User 'abdullateef' is requesting: GET /tailor-master/dashboard/notifications/upcoming-deliveries
2025-05-04 00:49:09 [abdullateef] INFO  com.example.tailormaster.controller.dashboard.DashboardController - Requested upcoming deliveries.
2025-05-04 00:49:09 [abdullateef] INFO  com.example.tailormaster.service.dashboard.DashboardService - Upcoming deliveries fetched: 8
2025-05-04 00:49:09 [abdullateef] INFO  com.example.tailormaster.controller.dashboard.DashboardController - Upcoming deliveries fetched: 8
2025-05-04 00:49:28 [abdullateef] INFO  com.example.tailormaster.filter.LoggingInterceptor - User 'abdullateef' is requesting: POST /tailor-master/labors/save
2025-05-04 00:49:31 [abdullateef] INFO  com.example.tailormaster.service.labor.LaborService - Creating Labor: LaborTest4
2025-05-04 00:49:31 [abdullateef] WARN  org.hibernate.engine.jdbc.spi.SqlExceptionHelper - SQL Error: 1048, SQLState: 23000
2025-05-04 00:49:31 [abdullateef] ERROR org.hibernate.engine.jdbc.spi.SqlExceptionHelper - Column 'join_date' cannot be null
2025-05-04 00:49:35 [abdullateef] ERROR com.example.tailormaster.controller.labor.LaborController - Error occurred while saving labor: could not execute statement [Column 'join_date' cannot be null] [insert into labor (contact,created_at,join_date,name,skills,status,updated_at) values (?,?,?,?,?,?,?)]; SQL [insert into labor (contact,created_at,join_date,name,skills,status,updated_at) values (?,?,?,?,?,?,?)]; constraint [null]
org.springframework.dao.DataIntegrityViolationException: could not execute statement [Column 'join_date' cannot be null] [insert into labor (contact,created_at,join_date,name,skills,status,updated_at) values (?,?,?,?,?,?,?)]; SQL [insert into labor (contact,created_at,join_date,name,skills,status,updated_at) values (?,?,?,?,?,?,?)]; constraint [null]
	at org.springframework.orm.jpa.vendor.HibernateJpaDialect.convertHibernateAccessException(HibernateJpaDialect.java:290) ~[spring-orm-6.2.1.jar:6.2.1]
	at org.springframework.orm.jpa.vendor.HibernateJpaDialect.translateExceptionIfPossible(HibernateJpaDialect.java:241) ~[spring-orm-6.2.1.jar:6.2.1]
	at org.springframework.orm.jpa.AbstractEntityManagerFactoryBean.translateExceptionIfPossible(AbstractEntityManagerFactoryBean.java:560) ~[spring-orm-6.2.1.jar:6.2.1]
	at org.springframework.dao.support.ChainedPersistenceExceptionTranslator.translateExceptionIfPossible(ChainedPersistenceExceptionTranslator.java:61) ~[spring-tx-6.2.1.jar:6.2.1]
	at org.springframework.dao.support.DataAccessUtils.translateIfNecessary(DataAccessUtils.java:343) ~[spring-tx-6.2.1.jar:6.2.1]
	at org.springframework.dao.support.PersistenceExceptionTranslationInterceptor.invoke(PersistenceExceptionTranslationInterceptor.java:160) ~[spring-tx-6.2.1.jar:6.2.1]
	at org.springframework.aop.framework.ReflectiveMethodInvocation.proceed(ReflectiveMethodInvocation.java:184) ~[spring-aop-6.2.1.jar:6.2.1]
	at org.springframework.data.jpa.repository.support.CrudMethodMetadataPostProcessor$CrudMethodMetadataPopulatingMethodInterceptor.invoke(CrudMethodMetadataPostProcessor.java:165) ~[spring-data-jpa-3.4.1.jar:3.4.1]
	at org.springframework.aop.framework.ReflectiveMethodInvocation.proceed(ReflectiveMethodInvocation.java:184) ~[spring-aop-6.2.1.jar:6.2.1]
	at org.springframework.aop.framework.JdkDynamicAopProxy.invoke(JdkDynamicAopProxy.java:223) ~[spring-aop-6.2.1.jar:6.2.1]
	at jdk.proxy4/jdk.proxy4.$Proxy170.save(Unknown Source) ~[?:?]
	at com.example.tailormaster.service.labor.LaborService.saveLabor(LaborService.java:23) ~[classes/:?]
	at com.example.tailormaster.controller.labor.LaborController.saveLabor(LaborController.java:51) ~[classes/:?]
	at java.base/jdk.internal.reflect.NativeMethodAccessorImpl.invoke0(Native Method) ~[?:?]
	at java.base/jdk.internal.reflect.NativeMethodAccessorImpl.invoke(NativeMethodAccessorImpl.java:77) ~[?:?]
	at java.base/jdk.internal.reflect.DelegatingMethodAccessorImpl.invoke(DelegatingMethodAccessorImpl.java:43) ~[?:?]
	at java.base/java.lang.reflect.Method.invoke(Method.java:568) ~[?:?]
	at org.springframework.web.method.support.InvocableHandlerMethod.doInvoke(InvocableHandlerMethod.java:257) ~[spring-web-6.2.1.jar:6.2.1]
	at org.springframework.web.method.support.InvocableHandlerMethod.invokeForRequest(InvocableHandlerMethod.java:190) ~[spring-web-6.2.1.jar:6.2.1]
	at org.springframework.web.servlet.mvc.method.annotation.ServletInvocableHandlerMethod.invokeAndHandle(ServletInvocableHandlerMethod.java:118) ~[spring-webmvc-6.2.1.jar:6.2.1]
	at org.springframework.web.servlet.mvc.method.annotation.RequestMappingHandlerAdapter.invokeHandlerMethod(RequestMappingHandlerAdapter.java:986) ~[spring-webmvc-6.2.1.jar:6.2.1]
	at org.springframework.web.servlet.mvc.method.annotation.RequestMappingHandlerAdapter.handleInternal(RequestMappingHandlerAdapter.java:891) ~[spring-webmvc-6.2.1.jar:6.2.1]
	at org.springframework.web.servlet.mvc.method.AbstractHandlerMethodAdapter.handle(AbstractHandlerMethodAdapter.java:87) ~[spring-webmvc-6.2.1.jar:6.2.1]
	at org.springframework.web.servlet.DispatcherServlet.doDispatch(DispatcherServlet.java:1088) ~[spring-webmvc-6.2.1.jar:6.2.1]
	at org.springframework.web.servlet.DispatcherServlet.doService(DispatcherServlet.java:978) ~[spring-webmvc-6.2.1.jar:6.2.1]
	at org.springframework.web.servlet.FrameworkServlet.processRequest(FrameworkServlet.java:1014) ~[spring-webmvc-6.2.1.jar:6.2.1]
	at org.springframework.web.servlet.FrameworkServlet.doPost(FrameworkServlet.java:914) ~[spring-webmvc-6.2.1.jar:6.2.1]
	at jakarta.servlet.http.HttpServlet.service(HttpServlet.java:590) ~[tomcat-embed-core-10.1.40.jar:6.0]
	at org.springframework.web.servlet.FrameworkServlet.service(FrameworkServlet.java:885) ~[spring-webmvc-6.2.1.jar:6.2.1]
	at jakarta.servlet.http.HttpServlet.service(HttpServlet.java:658) ~[tomcat-embed-core-10.1.40.jar:6.0]
	at org.apache.catalina.core.ApplicationFilterChain.internalDoFilter(ApplicationFilterChain.java:195) ~[tomcat-embed-core-10.1.40.jar:10.1.40]
	at org.apache.catalina.core.ApplicationFilterChain.doFilter(ApplicationFilterChain.java:140) ~[tomcat-embed-core-10.1.40.jar:10.1.40]
	at org.apache.tomcat.websocket.server.WsFilter.doFilter(WsFilter.java:51) ~[tomcat-embed-websocket-10.1.40.jar:10.1.40]
	at org.apache.catalina.core.ApplicationFilterChain.internalDoFilter(ApplicationFilterChain.java:164) ~[tomcat-embed-core-10.1.40.jar:10.1.40]
	at org.apache.catalina.core.ApplicationFilterChain.doFilter(ApplicationFilterChain.java:140) ~[tomcat-embed-core-10.1.40.jar:10.1.40]
	at com.example.tailormaster.filter.LoggingMDCFilter.doFilter(LoggingMDCFilter.java:30) ~[classes/:?]
	at org.apache.catalina.core.ApplicationFilterChain.internalDoFilter(ApplicationFilterChain.java:164) ~[tomcat-embed-core-10.1.40.jar:10.1.40]
	at org.apache.catalina.core.ApplicationFilterChain.doFilter(ApplicationFilterChain.java:140) ~[tomcat-embed-core-10.1.40.jar:10.1.40]
	at org.springframework.web.filter.CompositeFilter$VirtualFilterChain.doFilter(CompositeFilter.java:108) ~[spring-web-6.2.1.jar:6.2.1]
	at org.springframework.security.web.FilterChainProxy.lambda$doFilterInternal$3(FilterChainProxy.java:231) ~[spring-security-web-6.4.2.jar:6.4.2]
	at org.springframework.security.web.FilterChainProxy$VirtualFilterChain.doFilter(FilterChainProxy.java:365) ~[spring-security-web-6.4.2.jar:6.4.2]
	at org.springframework.security.web.access.intercept.AuthorizationFilter.doFilter(AuthorizationFilter.java:101) ~[spring-security-web-6.4.2.jar:6.4.2]
	at org.springframework.security.web.FilterChainProxy$VirtualFilterChain.doFilter(FilterChainProxy.java:374) ~[spring-security-web-6.4.2.jar:6.4.2]
	at org.springframework.security.web.access.ExceptionTranslationFilter.doFilter(ExceptionTranslationFilter.java:126) ~[spring-security-web-6.4.2.jar:6.4.2]
	at org.springframework.security.web.access.ExceptionTranslationFilter.doFilter(ExceptionTranslationFilter.java:120) ~[spring-security-web-6.4.2.jar:6.4.2]
	at org.springframework.security.web.FilterChainProxy$VirtualFilterChain.doFilter(FilterChainProxy.java:374) ~[spring-security-web-6.4.2.jar:6.4.2]
	at org.springframework.security.web.authentication.AnonymousAuthenticationFilter.doFilter(AnonymousAuthenticationFilter.java:100) ~[spring-security-web-6.4.2.jar:6.4.2]
	at org.springframework.security.web.FilterChainProxy$VirtualFilterChain.doFilter(FilterChainProxy.java:374) ~[spring-security-web-6.4.2.jar:6.4.2]
	at org.springframework.security.web.servletapi.SecurityContextHolderAwareRequestFilter.doFilter(SecurityContextHolderAwareRequestFilter.java:179) ~[spring-security-web-6.4.2.jar:6.4.2]
	at org.springframework.security.web.FilterChainProxy$VirtualFilterChain.doFilter(FilterChainProxy.java:374) ~[spring-security-web-6.4.2.jar:6.4.2]
	at org.springframework.security.web.savedrequest.RequestCacheAwareFilter.doFilter(RequestCacheAwareFilter.java:63) ~[spring-security-web-6.4.2.jar:6.4.2]
	at org.springframework.security.web.FilterChainProxy$VirtualFilterChain.doFilter(FilterChainProxy.java:374) ~[spring-security-web-6.4.2.jar:6.4.2]
	at org.springframework.security.web.authentication.AbstractAuthenticationProcessingFilter.doFilter(AbstractAuthenticationProcessingFilter.java:227) ~[spring-security-web-6.4.2.jar:6.4.2]
	at org.springframework.security.web.authentication.AbstractAuthenticationProcessingFilter.doFilter(AbstractAuthenticationProcessingFilter.java:221) ~[spring-security-web-6.4.2.jar:6.4.2]
	at org.springframework.security.web.FilterChainProxy$VirtualFilterChain.doFilter(FilterChainProxy.java:374) ~[spring-security-web-6.4.2.jar:6.4.2]
	at org.springframework.security.web.authentication.logout.LogoutFilter.doFilter(LogoutFilter.java:107) ~[spring-security-web-6.4.2.jar:6.4.2]
	at org.springframework.security.web.authentication.logout.LogoutFilter.doFilter(LogoutFilter.java:93) ~[spring-security-web-6.4.2.jar:6.4.2]
	at org.springframework.security.web.FilterChainProxy$VirtualFilterChain.doFilter(FilterChainProxy.java:374) ~[spring-security-web-6.4.2.jar:6.4.2]
	at org.springframework.security.web.csrf.CsrfFilter.doFilterInternal(CsrfFilter.java:131) ~[spring-security-web-6.4.2.jar:6.4.2]
	at org.springframework.web.filter.OncePerRequestFilter.doFilter(OncePerRequestFilter.java:116) ~[spring-web-6.2.1.jar:6.2.1]
	at org.springframework.security.web.FilterChainProxy$VirtualFilterChain.doFilter(FilterChainProxy.java:374) ~[spring-security-web-6.4.2.jar:6.4.2]
	at org.springframework.security.web.header.HeaderWriterFilter.doHeadersAfter(HeaderWriterFilter.java:90) ~[spring-security-web-6.4.2.jar:6.4.2]
	at org.springframework.security.web.header.HeaderWriterFilter.doFilterInternal(HeaderWriterFilter.java:75) ~[spring-security-web-6.4.2.jar:6.4.2]
	at org.springframework.web.filter.OncePerRequestFilter.doFilter(OncePerRequestFilter.java:116) ~[spring-web-6.2.1.jar:6.2.1]
	at org.springframework.security.web.FilterChainProxy$VirtualFilterChain.doFilter(FilterChainProxy.java:374) ~[spring-security-web-6.4.2.jar:6.4.2]
	at org.springframework.security.web.context.SecurityContextHolderFilter.doFilter(SecurityContextHolderFilter.java:82) ~[spring-security-web-6.4.2.jar:6.4.2]
	at org.springframework.security.web.context.SecurityContextHolderFilter.doFilter(SecurityContextHolderFilter.java:69) ~[spring-security-web-6.4.2.jar:6.4.2]
	at org.springframework.security.web.FilterChainProxy$VirtualFilterChain.doFilter(FilterChainProxy.java:374) ~[spring-security-web-6.4.2.jar:6.4.2]
	at org.springframework.security.web.context.request.async.WebAsyncManagerIntegrationFilter.doFilterInternal(WebAsyncManagerIntegrationFilter.java:62) ~[spring-security-web-6.4.2.jar:6.4.2]
	at org.springframework.web.filter.OncePerRequestFilter.doFilter(OncePerRequestFilter.java:116) ~[spring-web-6.2.1.jar:6.2.1]
	at org.springframework.security.web.FilterChainProxy$VirtualFilterChain.doFilter(FilterChainProxy.java:374) ~[spring-security-web-6.4.2.jar:6.4.2]
	at org.springframework.security.web.session.DisableEncodeUrlFilter.doFilterInternal(DisableEncodeUrlFilter.java:42) ~[spring-security-web-6.4.2.jar:6.4.2]
	at org.springframework.web.filter.OncePerRequestFilter.doFilter(OncePerRequestFilter.java:116) ~[spring-web-6.2.1.jar:6.2.1]
	at org.springframework.security.web.FilterChainProxy$VirtualFilterChain.doFilter(FilterChainProxy.java:374) ~[spring-security-web-6.4.2.jar:6.4.2]
	at org.springframework.security.web.FilterChainProxy.doFilterInternal(FilterChainProxy.java:233) ~[spring-security-web-6.4.2.jar:6.4.2]
	at org.springframework.security.web.FilterChainProxy.doFilter(FilterChainProxy.java:191) ~[spring-security-web-6.4.2.jar:6.4.2]
	at org.springframework.web.filter.CompositeFilter$VirtualFilterChain.doFilter(CompositeFilter.java:113) ~[spring-web-6.2.1.jar:6.2.1]
	at org.springframework.web.servlet.handler.HandlerMappingIntrospector.lambda$createCacheFilter$3(HandlerMappingIntrospector.java:243) ~[spring-webmvc-6.2.1.jar:6.2.1]
	at org.springframework.web.filter.CompositeFilter$VirtualFilterChain.doFilter(CompositeFilter.java:113) [spring-web-6.2.1.jar:6.2.1]
	at org.springframework.web.filter.CompositeFilter.doFilter(CompositeFilter.java:74) [spring-web-6.2.1.jar:6.2.1]
	at org.springframework.security.config.annotation.web.configuration.WebMvcSecurityConfiguration$CompositeFilterChainProxy.doFilter(WebMvcSecurityConfiguration.java:238) [spring-security-config-6.4.2.jar:6.4.2]
	at org.springframework.web.filter.DelegatingFilterProxy.invokeDelegate(DelegatingFilterProxy.java:362) [spring-web-6.2.1.jar:6.2.1]
	at org.springframework.web.filter.DelegatingFilterProxy.doFilter(DelegatingFilterProxy.java:278) [spring-web-6.2.1.jar:6.2.1]
	at org.apache.catalina.core.ApplicationFilterChain.internalDoFilter(ApplicationFilterChain.java:164) [tomcat-embed-core-10.1.40.jar:10.1.40]
	at org.apache.catalina.core.ApplicationFilterChain.doFilter(ApplicationFilterChain.java:140) [tomcat-embed-core-10.1.40.jar:10.1.40]
	at org.springframework.web.filter.RequestContextFilter.doFilterInternal(RequestContextFilter.java:100) [spring-web-6.2.1.jar:6.2.1]
	at org.springframework.web.filter.OncePerRequestFilter.doFilter(OncePerRequestFilter.java:116) [spring-web-6.2.1.jar:6.2.1]
	at org.apache.catalina.core.ApplicationFilterChain.internalDoFilter(ApplicationFilterChain.java:164) [tomcat-embed-core-10.1.40.jar:10.1.40]
	at org.apache.catalina.core.ApplicationFilterChain.doFilter(ApplicationFilterChain.java:140) [tomcat-embed-core-10.1.40.jar:10.1.40]
	at org.springframework.web.filter.FormContentFilter.doFilterInternal(FormContentFilter.java:93) [spring-web-6.2.1.jar:6.2.1]
	at org.springframework.web.filter.OncePerRequestFilter.doFilter(OncePerRequestFilter.java:116) [spring-web-6.2.1.jar:6.2.1]
	at org.apache.catalina.core.ApplicationFilterChain.internalDoFilter(ApplicationFilterChain.java:164) [tomcat-embed-core-10.1.40.jar:10.1.40]
	at org.apache.catalina.core.ApplicationFilterChain.doFilter(ApplicationFilterChain.java:140) [tomcat-embed-core-10.1.40.jar:10.1.40]
	at org.springframework.web.filter.CharacterEncodingFilter.doFilterInternal(CharacterEncodingFilter.java:201) [spring-web-6.2.1.jar:6.2.1]
	at org.springframework.web.filter.OncePerRequestFilter.doFilter(OncePerRequestFilter.java:116) [spring-web-6.2.1.jar:6.2.1]
	at org.apache.catalina.core.ApplicationFilterChain.internalDoFilter(ApplicationFilterChain.java:164) [tomcat-embed-core-10.1.40.jar:10.1.40]
	at org.apache.catalina.core.ApplicationFilterChain.doFilter(ApplicationFilterChain.java:140) [tomcat-embed-core-10.1.40.jar:10.1.40]
	at org.apache.catalina.core.StandardWrapperValve.invoke(StandardWrapperValve.java:167) [tomcat-embed-core-10.1.40.jar:10.1.40]
	at org.apache.catalina.core.StandardContextValve.invoke(StandardContextValve.java:90) [tomcat-embed-core-10.1.40.jar:10.1.40]
	at org.apache.catalina.authenticator.AuthenticatorBase.invoke(AuthenticatorBase.java:483) [tomcat-embed-core-10.1.40.jar:10.1.40]
	at org.apache.catalina.core.StandardHostValve.invoke(StandardHostValve.java:116) [tomcat-embed-core-10.1.40.jar:10.1.40]
	at org.apache.catalina.valves.ErrorReportValve.invoke(ErrorReportValve.java:93) [tomcat-embed-core-10.1.40.jar:10.1.40]
	at org.apache.catalina.core.StandardEngineValve.invoke(StandardEngineValve.java:74) [tomcat-embed-core-10.1.40.jar:10.1.40]
	at org.apache.catalina.connector.CoyoteAdapter.service(CoyoteAdapter.java:344) [tomcat-embed-core-10.1.40.jar:10.1.40]
	at org.apache.coyote.http11.Http11Processor.service(Http11Processor.java:398) [tomcat-embed-core-10.1.40.jar:10.1.40]
	at org.apache.coyote.AbstractProcessorLight.process(AbstractProcessorLight.java:63) [tomcat-embed-core-10.1.40.jar:10.1.40]
	at org.apache.coyote.AbstractProtocol$ConnectionHandler.process(AbstractProtocol.java:903) [tomcat-embed-core-10.1.40.jar:10.1.40]
	at org.apache.tomcat.util.net.NioEndpoint$SocketProcessor.doRun(NioEndpoint.java:1740) [tomcat-embed-core-10.1.40.jar:10.1.40]
	at org.apache.tomcat.util.net.SocketProcessorBase.run(SocketProcessorBase.java:52) [tomcat-embed-core-10.1.40.jar:10.1.40]
	at org.apache.tomcat.util.threads.ThreadPoolExecutor.runWorker(ThreadPoolExecutor.java:1189) [tomcat-embed-core-10.1.40.jar:10.1.40]
	at org.apache.tomcat.util.threads.ThreadPoolExecutor$Worker.run(ThreadPoolExecutor.java:658) [tomcat-embed-core-10.1.40.jar:10.1.40]
	at org.apache.tomcat.util.threads.TaskThread$WrappingRunnable.run(TaskThread.java:63) [tomcat-embed-core-10.1.40.jar:10.1.40]
	at java.base/java.lang.Thread.run(Thread.java:833) [?:?]
Caused by: org.hibernate.exception.ConstraintViolationException: could not execute statement [Column 'join_date' cannot be null] [insert into labor (contact,created_at,join_date,name,skills,status,updated_at) values (?,?,?,?,?,?,?)]
	at org.hibernate.exception.internal.SQLExceptionTypeDelegate.convert(SQLExceptionTypeDelegate.java:62) ~[hibernate-core-6.6.4.Final.jar:6.6.4.Final]
	at org.hibernate.exception.internal.StandardSQLExceptionConverter.convert(StandardSQLExceptionConverter.java:58) ~[hibernate-core-6.6.4.Final.jar:6.6.4.Final]
	at org.hibernate.engine.jdbc.spi.SqlExceptionHelper.convert(SqlExceptionHelper.java:108) ~[hibernate-core-6.6.4.Final.jar:6.6.4.Final]
	at org.hibernate.engine.jdbc.internal.ResultSetReturnImpl.executeUpdate(ResultSetReturnImpl.java:197) ~[hibernate-core-6.6.4.Final.jar:6.6.4.Final]
	at org.hibernate.id.insert.GetGeneratedKeysDelegate.performMutation(GetGeneratedKeysDelegate.java:116) ~[hibernate-core-6.6.4.Final.jar:6.6.4.Final]
	at org.hibernate.engine.jdbc.mutation.internal.MutationExecutorSingleNonBatched.performNonBatchedOperations(MutationExecutorSingleNonBatched.java:47) ~[hibernate-core-6.6.4.Final.jar:6.6.4.Final]
	at org.hibernate.engine.jdbc.mutation.internal.AbstractMutationExecutor.execute(AbstractMutationExecutor.java:55) ~[hibernate-core-6.6.4.Final.jar:6.6.4.Final]
	at org.hibernate.persister.entity.mutation.InsertCoordinatorStandard.doStaticInserts(InsertCoordinatorStandard.java:194) ~[hibernate-core-6.6.4.Final.jar:6.6.4.Final]
	at org.hibernate.persister.entity.mutation.InsertCoordinatorStandard.coordinateInsert(InsertCoordinatorStandard.java:132) ~[hibernate-core-6.6.4.Final.jar:6.6.4.Final]
	at org.hibernate.persister.entity.mutation.InsertCoordinatorStandard.insert(InsertCoordinatorStandard.java:95) ~[hibernate-core-6.6.4.Final.jar:6.6.4.Final]
	at org.hibernate.action.internal.EntityIdentityInsertAction.execute(EntityIdentityInsertAction.java:85) ~[hibernate-core-6.6.4.Final.jar:6.6.4.Final]
	at org.hibernate.engine.spi.ActionQueue.execute(ActionQueue.java:682) ~[hibernate-core-6.6.4.Final.jar:6.6.4.Final]
	at org.hibernate.engine.spi.ActionQueue.addResolvedEntityInsertAction(ActionQueue.java:293) ~[hibernate-core-6.6.4.Final.jar:6.6.4.Final]
	at org.hibernate.engine.spi.ActionQueue.addInsertAction(ActionQueue.java:274) ~[hibernate-core-6.6.4.Final.jar:6.6.4.Final]
	at org.hibernate.engine.spi.ActionQueue.addAction(ActionQueue.java:324) ~[hibernate-core-6.6.4.Final.jar:6.6.4.Final]
	at org.hibernate.event.internal.AbstractSaveEventListener.addInsertAction(AbstractSaveEventListener.java:393) ~[hibernate-core-6.6.4.Final.jar:6.6.4.Final]
	at org.hibernate.event.internal.AbstractSaveEventListener.performSaveOrReplicate(AbstractSaveEventListener.java:307) ~[hibernate-core-6.6.4.Final.jar:6.6.4.Final]
	at org.hibernate.event.internal.AbstractSaveEventListener.performSave(AbstractSaveEventListener.java:223) ~[hibernate-core-6.6.4.Final.jar:6.6.4.Final]
	at org.hibernate.event.internal.AbstractSaveEventListener.saveWithGeneratedId(AbstractSaveEventListener.java:136) ~[hibernate-core-6.6.4.Final.jar:6.6.4.Final]
	at org.hibernate.event.internal.DefaultPersistEventListener.entityIsTransient(DefaultPersistEventListener.java:177) ~[hibernate-core-6.6.4.Final.jar:6.6.4.Final]
	at org.hibernate.event.internal.DefaultPersistEventListener.persist(DefaultPersistEventListener.java:95) ~[hibernate-core-6.6.4.Final.jar:6.6.4.Final]
	at org.hibernate.event.internal.DefaultPersistEventListener.onPersist(DefaultPersistEventListener.java:79) ~[hibernate-core-6.6.4.Final.jar:6.6.4.Final]
	at org.hibernate.event.internal.DefaultPersistEventListener.onPersist(DefaultPersistEventListener.java:55) ~[hibernate-core-6.6.4.Final.jar:6.6.4.Final]
	at org.hibernate.event.service.internal.EventListenerGroupImpl.fireEventOnEachListener(EventListenerGroupImpl.java:127) ~[hibernate-core-6.6.4.Final.jar:6.6.4.Final]
	at org.hibernate.internal.SessionImpl.firePersist(SessionImpl.java:761) ~[hibernate-core-6.6.4.Final.jar:6.6.4.Final]
	at org.hibernate.internal.SessionImpl.persist(SessionImpl.java:745) ~[hibernate-core-6.6.4.Final.jar:6.6.4.Final]
	at java.base/jdk.internal.reflect.NativeMethodAccessorImpl.invoke0(Native Method) ~[?:?]
	at java.base/jdk.internal.reflect.NativeMethodAccessorImpl.invoke(NativeMethodAccessorImpl.java:77) ~[?:?]
	at java.base/jdk.internal.reflect.DelegatingMethodAccessorImpl.invoke(DelegatingMethodAccessorImpl.java:43) ~[?:?]
	at java.base/java.lang.reflect.Method.invoke(Method.java:568) ~[?:?]
	at org.springframework.orm.jpa.ExtendedEntityManagerCreator$ExtendedEntityManagerInvocationHandler.invoke(ExtendedEntityManagerCreator.java:364) ~[spring-orm-6.2.1.jar:6.2.1]
	at jdk.proxy4/jdk.proxy4.$Proxy156.persist(Unknown Source) ~[?:?]
	at java.base/jdk.internal.reflect.NativeMethodAccessorImpl.invoke0(Native Method) ~[?:?]
	at java.base/jdk.internal.reflect.NativeMethodAccessorImpl.invoke(NativeMethodAccessorImpl.java:77) ~[?:?]
	at java.base/jdk.internal.reflect.DelegatingMethodAccessorImpl.invoke(DelegatingMethodAccessorImpl.java:43) ~[?:?]
	at java.base/java.lang.reflect.Method.invoke(Method.java:568) ~[?:?]
	at org.springframework.orm.jpa.SharedEntityManagerCreator$SharedEntityManagerInvocationHandler.invoke(SharedEntityManagerCreator.java:320) ~[spring-orm-6.2.1.jar:6.2.1]
	at jdk.proxy4/jdk.proxy4.$Proxy156.persist(Unknown Source) ~[?:?]
	at org.springframework.data.jpa.repository.support.SimpleJpaRepository.save(SimpleJpaRepository.java:627) ~[spring-data-jpa-3.4.1.jar:3.4.1]
	at java.base/jdk.internal.reflect.NativeMethodAccessorImpl.invoke0(Native Method) ~[?:?]
	at java.base/jdk.internal.reflect.NativeMethodAccessorImpl.invoke(NativeMethodAccessorImpl.java:77) ~[?:?]
	at java.base/jdk.internal.reflect.DelegatingMethodAccessorImpl.invoke(DelegatingMethodAccessorImpl.java:43) ~[?:?]
	at java.base/java.lang.reflect.Method.invoke(Method.java:568) ~[?:?]
	at org.springframework.aop.support.AopUtils.invokeJoinpointUsingReflection(AopUtils.java:359) ~[spring-aop-6.2.1.jar:6.2.1]
	at org.springframework.data.repository.core.support.RepositoryMethodInvoker$RepositoryFragmentMethodInvoker.lambda$new$0(RepositoryMethodInvoker.java:277) ~[spring-data-commons-3.4.1.jar:3.4.1]
	at org.springframework.data.repository.core.support.RepositoryMethodInvoker.doInvoke(RepositoryMethodInvoker.java:170) ~[spring-data-commons-3.4.1.jar:3.4.1]
	at org.springframework.data.repository.core.support.RepositoryMethodInvoker.invoke(RepositoryMethodInvoker.java:158) ~[spring-data-commons-3.4.1.jar:3.4.1]
	at org.springframework.data.repository.core.support.RepositoryComposition$RepositoryFragments.invoke(RepositoryComposition.java:515) ~[spring-data-commons-3.4.1.jar:3.4.1]
	at org.springframework.data.repository.core.support.RepositoryComposition.invoke(RepositoryComposition.java:284) ~[spring-data-commons-3.4.1.jar:3.4.1]
	at org.springframework.data.repository.core.support.RepositoryFactorySupport$ImplementationMethodExecutionInterceptor.invoke(RepositoryFactorySupport.java:752) ~[spring-data-commons-3.4.1.jar:3.4.1]
	at org.springframework.aop.framework.ReflectiveMethodInvocation.proceed(ReflectiveMethodInvocation.java:184) ~[spring-aop-6.2.1.jar:6.2.1]
	at org.springframework.data.repository.core.support.QueryExecutorMethodInterceptor.doInvoke(QueryExecutorMethodInterceptor.java:174) ~[spring-data-commons-3.4.1.jar:3.4.1]
	at org.springframework.data.repository.core.support.QueryExecutorMethodInterceptor.invoke(QueryExecutorMethodInterceptor.java:149) ~[spring-data-commons-3.4.1.jar:3.4.1]
	at org.springframework.aop.framework.ReflectiveMethodInvocation.proceed(ReflectiveMethodInvocation.java:184) ~[spring-aop-6.2.1.jar:6.2.1]
	at org.springframework.data.projection.DefaultMethodInvokingMethodInterceptor.invoke(DefaultMethodInvokingMethodInterceptor.java:69) ~[spring-data-commons-3.4.1.jar:3.4.1]
	at org.springframework.aop.framework.ReflectiveMethodInvocation.proceed(ReflectiveMethodInvocation.java:184) ~[spring-aop-6.2.1.jar:6.2.1]
	at org.springframework.transaction.interceptor.TransactionAspectSupport.invokeWithinTransaction(TransactionAspectSupport.java:380) ~[spring-tx-6.2.1.jar:6.2.1]
	at org.springframework.transaction.interceptor.TransactionInterceptor.invoke(TransactionInterceptor.java:119) ~[spring-tx-6.2.1.jar:6.2.1]
	at org.springframework.aop.framework.ReflectiveMethodInvocation.proceed(ReflectiveMethodInvocation.java:184) ~[spring-aop-6.2.1.jar:6.2.1]
	at org.springframework.dao.support.PersistenceExceptionTranslationInterceptor.invoke(PersistenceExceptionTranslationInterceptor.java:138) ~[spring-tx-6.2.1.jar:6.2.1]
	... 107 more
Caused by: java.sql.SQLIntegrityConstraintViolationException: Column 'join_date' cannot be null
	at com.mysql.cj.jdbc.exceptions.SQLError.createSQLException(SQLError.java:109) ~[mysql-connector-j-9.1.0.jar:9.1.0]
	at com.mysql.cj.jdbc.exceptions.SQLExceptionsMapping.translateException(SQLExceptionsMapping.java:114) ~[mysql-connector-j-9.1.0.jar:9.1.0]
	at com.mysql.cj.jdbc.ClientPreparedStatement.executeInternal(ClientPreparedStatement.java:988) ~[mysql-connector-j-9.1.0.jar:9.1.0]
	at com.mysql.cj.jdbc.ClientPreparedStatement.executeUpdateInternal(ClientPreparedStatement.java:1166) ~[mysql-connector-j-9.1.0.jar:9.1.0]
	at com.mysql.cj.jdbc.ClientPreparedStatement.executeUpdateInternal(ClientPreparedStatement.java:1101) ~[mysql-connector-j-9.1.0.jar:9.1.0]
	at com.mysql.cj.jdbc.ClientPreparedStatement.executeLargeUpdate(ClientPreparedStatement.java:1467) ~[mysql-connector-j-9.1.0.jar:9.1.0]
	at com.mysql.cj.jdbc.ClientPreparedStatement.executeUpdate(ClientPreparedStatement.java:1084) ~[mysql-connector-j-9.1.0.jar:9.1.0]
	at com.zaxxer.hikari.pool.ProxyPreparedStatement.executeUpdate(ProxyPreparedStatement.java:61) ~[HikariCP-5.1.0.jar:?]
	at com.zaxxer.hikari.pool.HikariProxyPreparedStatement.executeUpdate(HikariProxyPreparedStatement.java) ~[HikariCP-5.1.0.jar:?]
	at org.hibernate.engine.jdbc.internal.ResultSetReturnImpl.executeUpdate(ResultSetReturnImpl.java:194) ~[hibernate-core-6.6.4.Final.jar:6.6.4.Final]
	at org.hibernate.id.insert.GetGeneratedKeysDelegate.performMutation(GetGeneratedKeysDelegate.java:116) ~[hibernate-core-6.6.4.Final.jar:6.6.4.Final]
	at org.hibernate.engine.jdbc.mutation.internal.MutationExecutorSingleNonBatched.performNonBatchedOperations(MutationExecutorSingleNonBatched.java:47) ~[hibernate-core-6.6.4.Final.jar:6.6.4.Final]
	at org.hibernate.engine.jdbc.mutation.internal.AbstractMutationExecutor.execute(AbstractMutationExecutor.java:55) ~[hibernate-core-6.6.4.Final.jar:6.6.4.Final]
	at org.hibernate.persister.entity.mutation.InsertCoordinatorStandard.doStaticInserts(InsertCoordinatorStandard.java:194) ~[hibernate-core-6.6.4.Final.jar:6.6.4.Final]
	at org.hibernate.persister.entity.mutation.InsertCoordinatorStandard.coordinateInsert(InsertCoordinatorStandard.java:132) ~[hibernate-core-6.6.4.Final.jar:6.6.4.Final]
	at org.hibernate.persister.entity.mutation.InsertCoordinatorStandard.insert(InsertCoordinatorStandard.java:95) ~[hibernate-core-6.6.4.Final.jar:6.6.4.Final]
	at org.hibernate.action.internal.EntityIdentityInsertAction.execute(EntityIdentityInsertAction.java:85) ~[hibernate-core-6.6.4.Final.jar:6.6.4.Final]
	at org.hibernate.engine.spi.ActionQueue.execute(ActionQueue.java:682) ~[hibernate-core-6.6.4.Final.jar:6.6.4.Final]
	at org.hibernate.engine.spi.ActionQueue.addResolvedEntityInsertAction(ActionQueue.java:293) ~[hibernate-core-6.6.4.Final.jar:6.6.4.Final]
	at org.hibernate.engine.spi.ActionQueue.addInsertAction(ActionQueue.java:274) ~[hibernate-core-6.6.4.Final.jar:6.6.4.Final]
	at org.hibernate.engine.spi.ActionQueue.addAction(ActionQueue.java:324) ~[hibernate-core-6.6.4.Final.jar:6.6.4.Final]
	at org.hibernate.event.internal.AbstractSaveEventListener.addInsertAction(AbstractSaveEventListener.java:393) ~[hibernate-core-6.6.4.Final.jar:6.6.4.Final]
	at org.hibernate.event.internal.AbstractSaveEventListener.performSaveOrReplicate(AbstractSaveEventListener.java:307) ~[hibernate-core-6.6.4.Final.jar:6.6.4.Final]
	at org.hibernate.event.internal.AbstractSaveEventListener.performSave(AbstractSaveEventListener.java:223) ~[hibernate-core-6.6.4.Final.jar:6.6.4.Final]
	at org.hibernate.event.internal.AbstractSaveEventListener.saveWithGeneratedId(AbstractSaveEventListener.java:136) ~[hibernate-core-6.6.4.Final.jar:6.6.4.Final]
	at org.hibernate.event.internal.DefaultPersistEventListener.entityIsTransient(DefaultPersistEventListener.java:177) ~[hibernate-core-6.6.4.Final.jar:6.6.4.Final]
	at org.hibernate.event.internal.DefaultPersistEventListener.persist(DefaultPersistEventListener.java:95) ~[hibernate-core-6.6.4.Final.jar:6.6.4.Final]
	at org.hibernate.event.internal.DefaultPersistEventListener.onPersist(DefaultPersistEventListener.java:79) ~[hibernate-core-6.6.4.Final.jar:6.6.4.Final]
	at org.hibernate.event.internal.DefaultPersistEventListener.onPersist(DefaultPersistEventListener.java:55) ~[hibernate-core-6.6.4.Final.jar:6.6.4.Final]
	at org.hibernate.event.service.internal.EventListenerGroupImpl.fireEventOnEachListener(EventListenerGroupImpl.java:127) ~[hibernate-core-6.6.4.Final.jar:6.6.4.Final]
	at org.hibernate.internal.SessionImpl.firePersist(SessionImpl.java:761) ~[hibernate-core-6.6.4.Final.jar:6.6.4.Final]
	at org.hibernate.internal.SessionImpl.persist(SessionImpl.java:745) ~[hibernate-core-6.6.4.Final.jar:6.6.4.Final]
	at java.base/jdk.internal.reflect.NativeMethodAccessorImpl.invoke0(Native Method) ~[?:?]
	at java.base/jdk.internal.reflect.NativeMethodAccessorImpl.invoke(NativeMethodAccessorImpl.java:77) ~[?:?]
	at java.base/jdk.internal.reflect.DelegatingMethodAccessorImpl.invoke(DelegatingMethodAccessorImpl.java:43) ~[?:?]
	at java.base/java.lang.reflect.Method.invoke(Method.java:568) ~[?:?]
	at org.springframework.orm.jpa.ExtendedEntityManagerCreator$ExtendedEntityManagerInvocationHandler.invoke(ExtendedEntityManagerCreator.java:364) ~[spring-orm-6.2.1.jar:6.2.1]
	at jdk.proxy4/jdk.proxy4.$Proxy156.persist(Unknown Source) ~[?:?]
	at java.base/jdk.internal.reflect.NativeMethodAccessorImpl.invoke0(Native Method) ~[?:?]
	at java.base/jdk.internal.reflect.NativeMethodAccessorImpl.invoke(NativeMethodAccessorImpl.java:77) ~[?:?]
	at java.base/jdk.internal.reflect.DelegatingMethodAccessorImpl.invoke(DelegatingMethodAccessorImpl.java:43) ~[?:?]
	at java.base/java.lang.reflect.Method.invoke(Method.java:568) ~[?:?]
	at org.springframework.orm.jpa.SharedEntityManagerCreator$SharedEntityManagerInvocationHandler.invoke(SharedEntityManagerCreator.java:320) ~[spring-orm-6.2.1.jar:6.2.1]
	at jdk.proxy4/jdk.proxy4.$Proxy156.persist(Unknown Source) ~[?:?]
	at org.springframework.data.jpa.repository.support.SimpleJpaRepository.save(SimpleJpaRepository.java:627) ~[spring-data-jpa-3.4.1.jar:3.4.1]
	at java.base/jdk.internal.reflect.NativeMethodAccessorImpl.invoke0(Native Method) ~[?:?]
	at java.base/jdk.internal.reflect.NativeMethodAccessorImpl.invoke(NativeMethodAccessorImpl.java:77) ~[?:?]
	at java.base/jdk.internal.reflect.DelegatingMethodAccessorImpl.invoke(DelegatingMethodAccessorImpl.java:43) ~[?:?]
	at java.base/java.lang.reflect.Method.invoke(Method.java:568) ~[?:?]
	at org.springframework.aop.support.AopUtils.invokeJoinpointUsingReflection(AopUtils.java:359) ~[spring-aop-6.2.1.jar:6.2.1]
	at org.springframework.data.repository.core.support.RepositoryMethodInvoker$RepositoryFragmentMethodInvoker.lambda$new$0(RepositoryMethodInvoker.java:277) ~[spring-data-commons-3.4.1.jar:3.4.1]
	at org.springframework.data.repository.core.support.RepositoryMethodInvoker.doInvoke(RepositoryMethodInvoker.java:170) ~[spring-data-commons-3.4.1.jar:3.4.1]
	at org.springframework.data.repository.core.support.RepositoryMethodInvoker.invoke(RepositoryMethodInvoker.java:158) ~[spring-data-commons-3.4.1.jar:3.4.1]
	at org.springframework.data.repository.core.support.RepositoryComposition$RepositoryFragments.invoke(RepositoryComposition.java:515) ~[spring-data-commons-3.4.1.jar:3.4.1]
	at org.springframework.data.repository.core.support.RepositoryComposition.invoke(RepositoryComposition.java:284) ~[spring-data-commons-3.4.1.jar:3.4.1]
	at org.springframework.data.repository.core.support.RepositoryFactorySupport$ImplementationMethodExecutionInterceptor.invoke(RepositoryFactorySupport.java:752) ~[spring-data-commons-3.4.1.jar:3.4.1]
	at org.springframework.aop.framework.ReflectiveMethodInvocation.proceed(ReflectiveMethodInvocation.java:184) ~[spring-aop-6.2.1.jar:6.2.1]
	at org.springframework.data.repository.core.support.QueryExecutorMethodInterceptor.doInvoke(QueryExecutorMethodInterceptor.java:174) ~[spring-data-commons-3.4.1.jar:3.4.1]
	at org.springframework.data.repository.core.support.QueryExecutorMethodInterceptor.invoke(QueryExecutorMethodInterceptor.java:149) ~[spring-data-commons-3.4.1.jar:3.4.1]
	at org.springframework.aop.framework.ReflectiveMethodInvocation.proceed(ReflectiveMethodInvocation.java:184) ~[spring-aop-6.2.1.jar:6.2.1]
	at org.springframework.data.projection.DefaultMethodInvokingMethodInterceptor.invoke(DefaultMethodInvokingMethodInterceptor.java:69) ~[spring-data-commons-3.4.1.jar:3.4.1]
	at org.springframework.aop.framework.ReflectiveMethodInvocation.proceed(ReflectiveMethodInvocation.java:184) ~[spring-aop-6.2.1.jar:6.2.1]
	at org.springframework.transaction.interceptor.TransactionAspectSupport.invokeWithinTransaction(TransactionAspectSupport.java:380) ~[spring-tx-6.2.1.jar:6.2.1]
	at org.springframework.transaction.interceptor.TransactionInterceptor.invoke(TransactionInterceptor.java:119) ~[spring-tx-6.2.1.jar:6.2.1]
	at org.springframework.aop.framework.ReflectiveMethodInvocation.proceed(ReflectiveMethodInvocation.java:184) ~[spring-aop-6.2.1.jar:6.2.1]
	at org.springframework.dao.support.PersistenceExceptionTranslationInterceptor.invoke(PersistenceExceptionTranslationInterceptor.java:138) ~[spring-tx-6.2.1.jar:6.2.1]
	... 107 more
2025-05-04 00:49:35 [abdullateef] INFO  com.example.tailormaster.filter.LoggingInterceptor - User 'abdullateef' is requesting: GET /tailor-master/labors
2025-05-04 00:49:36 [abdullateef] INFO  com.example.tailormaster.filter.LoggingInterceptor - User 'abdullateef' is requesting: GET /tailor-master/dashboard/notifications/upcoming-deliveries
2025-05-04 00:49:36 [abdullateef] INFO  com.example.tailormaster.controller.dashboard.DashboardController - Requested upcoming deliveries.
2025-05-04 00:49:36 [abdullateef] INFO  com.example.tailormaster.service.dashboard.DashboardService - Upcoming deliveries fetched: 8
2025-05-04 00:49:36 [abdullateef] INFO  com.example.tailormaster.controller.dashboard.DashboardController - Upcoming deliveries fetched: 8
2025-05-04 00:51:22 [abdullateef] INFO  com.example.tailormaster.filter.LoggingInterceptor - User 'abdullateef' is requesting: GET /tailor-master/labors
2025-05-04 00:51:22 [abdullateef] INFO  com.example.tailormaster.filter.LoggingInterceptor - User 'abdullateef' is requesting: GET /tailor-master/dashboard/notifications/upcoming-deliveries
2025-05-04 00:51:22 [abdullateef] INFO  com.example.tailormaster.controller.dashboard.DashboardController - Requested upcoming deliveries.
2025-05-04 00:51:22 [abdullateef] INFO  com.example.tailormaster.service.dashboard.DashboardService - Upcoming deliveries fetched: 8
2025-05-04 00:51:22 [abdullateef] INFO  com.example.tailormaster.controller.dashboard.DashboardController - Upcoming deliveries fetched: 8
2025-05-04 00:51:26 [abdullateef] INFO  com.example.tailormaster.filter.LoggingInterceptor - User 'abdullateef' is requesting: GET /tailor-master/labors/create
2025-05-04 00:51:27 [abdullateef] INFO  com.example.tailormaster.filter.LoggingInterceptor - User 'abdullateef' is requesting: GET /tailor-master/dashboard/notifications/upcoming-deliveries
2025-05-04 00:51:27 [abdullateef] INFO  com.example.tailormaster.controller.dashboard.DashboardController - Requested upcoming deliveries.
2025-05-04 00:51:27 [abdullateef] INFO  com.example.tailormaster.service.dashboard.DashboardService - Upcoming deliveries fetched: 8
2025-05-04 00:51:27 [abdullateef] INFO  com.example.tailormaster.controller.dashboard.DashboardController - Upcoming deliveries fetched: 8
2025-05-04 00:51:41 [abdullateef] INFO  com.example.tailormaster.filter.LoggingInterceptor - User 'abdullateef' is requesting: POST /tailor-master/labors/save
2025-05-04 00:51:44 [abdullateef] INFO  com.example.tailormaster.service.labor.LaborService - Creating Labor: LaborTest4
2025-05-04 00:51:46 [abdullateef] INFO  com.example.tailormaster.controller.labor.LaborController - Labor saved successfully: LaborTest4
2025-05-04 00:51:46 [abdullateef] INFO  com.example.tailormaster.filter.LoggingInterceptor - User 'abdullateef' is requesting: GET /tailor-master/labors
2025-05-04 00:51:46 [abdullateef] INFO  com.example.tailormaster.filter.LoggingInterceptor - User 'abdullateef' is requesting: GET /tailor-master/dashboard/notifications/upcoming-deliveries
2025-05-04 00:51:46 [abdullateef] INFO  com.example.tailormaster.controller.dashboard.DashboardController - Requested upcoming deliveries.
2025-05-04 00:51:46 [abdullateef] INFO  com.example.tailormaster.service.dashboard.DashboardService - Upcoming deliveries fetched: 8
2025-05-04 00:51:46 [abdullateef] INFO  com.example.tailormaster.controller.dashboard.DashboardController - Upcoming deliveries fetched: 8
2025-05-04 01:09:20 [] INFO  org.springframework.boot.web.embedded.tomcat.GracefulShutdown - Commencing graceful shutdown. Waiting for active requests to complete
2025-05-04 01:09:21 [] INFO  org.springframework.boot.web.embedded.tomcat.GracefulShutdown - Graceful shutdown complete
2025-05-04 01:09:21 [] INFO  org.springframework.orm.jpa.LocalContainerEntityManagerFactoryBean - Closing JPA EntityManagerFactory for persistence unit 'default'
2025-05-04 01:09:21 [] INFO  com.zaxxer.hikari.HikariDataSource - HikariPool-1 - Shutdown initiated...
2025-05-04 01:09:22 [] INFO  com.zaxxer.hikari.HikariDataSource - HikariPool-1 - Shutdown completed.
2025-05-04 01:09:37 [] INFO  org.hibernate.validator.internal.util.Version - HV000001: Hibernate Validator 8.0.2.Final
2025-05-04 01:09:37 [] INFO  com.example.tailormaster.TailorMasterAppApplication - Starting TailorMasterAppApplication using Java 17.0.2 with PID 15028 (E:\Development-Workspaces\tailor-master-app\tailor-master-app\target\classes started by wajiz.pk in E:\Development-Workspaces\tailor-master-app\tailor-master-app)
2025-05-04 01:09:37 [] INFO  com.example.tailormaster.TailorMasterAppApplication - No active profile set, falling back to 1 default profile: "default"
2025-05-04 01:09:37 [] INFO  org.springframework.boot.devtools.env.DevToolsPropertyDefaultsPostProcessor - Devtools property defaults active! Set 'spring.devtools.add-properties' to 'false' to disable
2025-05-04 01:09:37 [] INFO  org.springframework.boot.devtools.env.DevToolsPropertyDefaultsPostProcessor - For additional web related logging consider setting the 'logging.level.web' property to 'DEBUG'
2025-05-04 01:09:39 [] INFO  org.springframework.data.repository.config.RepositoryConfigurationDelegate - Bootstrapping Spring Data JPA repositories in DEFAULT mode.
2025-05-04 01:09:40 [] INFO  org.springframework.data.repository.config.RepositoryConfigurationDelegate - Finished Spring Data repository scanning in 235 ms. Found 12 JPA repository interfaces.
2025-05-04 01:09:41 [] INFO  org.springframework.boot.web.embedded.tomcat.TomcatWebServer - Tomcat initialized with port 8080 (http)
2025-05-04 01:09:41 [] INFO  org.apache.coyote.http11.Http11NioProtocol - Initializing ProtocolHandler ["http-nio-8080"]
2025-05-04 01:09:41 [] INFO  org.apache.catalina.core.StandardService - Starting service [Tomcat]
2025-05-04 01:09:41 [] INFO  org.apache.catalina.core.StandardEngine - Starting Servlet engine: [Apache Tomcat/10.1.40]
2025-05-04 01:09:41 [] INFO  org.apache.catalina.core.ContainerBase.[Tomcat].[localhost].[/tailor-master] - Initializing Spring embedded WebApplicationContext
2025-05-04 01:09:41 [] INFO  org.springframework.boot.web.servlet.context.ServletWebServerApplicationContext - Root WebApplicationContext: initialization completed in 3350 ms
2025-05-04 01:09:41 [] INFO  org.hibernate.jpa.internal.util.LogHelper - HHH000204: Processing PersistenceUnitInfo [name: default]
2025-05-04 01:09:41 [] INFO  org.hibernate.Version - HHH000412: Hibernate ORM core version 6.6.4.Final
2025-05-04 01:09:41 [] INFO  org.hibernate.cache.internal.RegionFactoryInitiator - HHH000026: Second-level cache disabled
2025-05-04 01:09:42 [] INFO  org.springframework.orm.jpa.persistenceunit.SpringPersistenceUnitInfo - No LoadTimeWeaver setup: ignoring JPA class transformer
2025-05-04 01:09:42 [] INFO  com.zaxxer.hikari.HikariDataSource - HikariPool-1 - Starting...
2025-05-04 01:09:43 [] INFO  com.zaxxer.hikari.pool.HikariPool - HikariPool-1 - Added connection com.mysql.cj.jdbc.ConnectionImpl@20cdd493
2025-05-04 01:09:43 [] INFO  com.zaxxer.hikari.HikariDataSource - HikariPool-1 - Start completed.
2025-05-04 01:09:43 [] INFO  org.hibernate.orm.connections.pooling - HHH10001005: Database info:
	Database JDBC URL [Connecting through datasource 'HikariDataSource (HikariPool-1)']
	Database driver: undefined/unknown
	Database version: 8.0.28
	Autocommit mode: undefined/unknown
	Isolation level: undefined/unknown
	Minimum pool size: undefined/unknown
	Maximum pool size: undefined/unknown
2025-05-04 01:09:45 [] INFO  org.hibernate.engine.transaction.jta.platform.internal.JtaPlatformInitiator - HHH000489: No JTA platform available (set 'hibernate.transaction.jta.platform' to enable JTA platform integration)
2025-05-04 01:09:45 [] INFO  org.springframework.orm.jpa.LocalContainerEntityManagerFactoryBean - Initialized JPA EntityManagerFactory for persistence unit 'default'
2025-05-04 01:09:46 [] INFO  org.springframework.data.jpa.repository.query.QueryEnhancerFactory - Hibernate is in classpath; If applicable, HQL parser will be used.
2025-05-04 01:09:49 [] WARN  org.springframework.boot.autoconfigure.orm.jpa.JpaBaseConfiguration$JpaWebConfiguration - spring.jpa.open-in-view is enabled by default. Therefore, database queries may be performed during view rendering. Explicitly configure spring.jpa.open-in-view to disable this warning
2025-05-04 01:09:49 [] INFO  org.springframework.security.config.annotation.authentication.configuration.InitializeAuthenticationProviderBeanManagerConfigurer$InitializeAuthenticationProviderManagerConfigurer - Global AuthenticationManager configured with AuthenticationProvider bean with name authenticationProvider
2025-05-04 01:09:49 [] WARN  org.springframework.security.config.annotation.authentication.configuration.InitializeUserDetailsBeanManagerConfigurer$InitializeUserDetailsManagerConfigurer - Global AuthenticationManager configured with an AuthenticationProvider bean. UserDetailsService beans will not be used by Spring Security for automatically configuring username/password login. Consider removing the AuthenticationProvider bean. Alternatively, consider using the UserDetailsService in a manually instantiated DaoAuthenticationProvider. If the current configuration is intentional, to turn off this warning, increase the logging level of 'org.springframework.security.config.annotation.authentication.configuration.InitializeUserDetailsBeanManagerConfigurer' to ERROR
2025-05-04 01:09:50 [] INFO  org.springframework.boot.devtools.autoconfigure.OptionalLiveReloadServer - LiveReload server is running on port 35729
2025-05-04 01:09:50 [] INFO  org.apache.coyote.http11.Http11NioProtocol - Starting ProtocolHandler ["http-nio-8080"]
2025-05-04 01:09:50 [] INFO  org.springframework.boot.web.embedded.tomcat.TomcatWebServer - Tomcat started on port 8080 (http) with context path '/tailor-master'
2025-05-04 01:09:50 [] INFO  com.example.tailormaster.TailorMasterAppApplication - Started TailorMasterAppApplication in 14.274 seconds (process running for 16.964)
2025-05-04 01:09:54 [] INFO  org.apache.catalina.core.ContainerBase.[Tomcat].[localhost].[/tailor-master] - Initializing Spring DispatcherServlet 'dispatcherServlet'
2025-05-04 01:09:54 [] INFO  org.springframework.web.servlet.DispatcherServlet - Initializing Servlet 'dispatcherServlet'
2025-05-04 01:09:54 [] INFO  org.springframework.web.servlet.DispatcherServlet - Completed initialization in 1 ms
2025-05-04 01:09:55 [abdullateef] INFO  com.example.tailormaster.filter.LoggingInterceptor - User 'abdullateef' is requesting: GET /tailor-master/labors
2025-05-04 01:09:55 [abdullateef] INFO  com.example.tailormaster.controller.labor.LaborController - User accessed the labor list page.
2025-05-04 01:09:55 [abdullateef] INFO  com.example.tailormaster.controller.labor.LaborController - Retrieved labors: [com.example.tailormaster.entity.labor.Labor@d71935d, com.example.tailormaster.entity.labor.Labor@73250178, com.example.tailormaster.entity.labor.Labor@602d1246] 
2025-05-04 01:09:56 [abdullateef] INFO  com.example.tailormaster.filter.LoggingInterceptor - User 'abdullateef' is requesting: GET /tailor-master/dashboard/notifications/upcoming-deliveries
2025-05-04 01:09:56 [abdullateef] INFO  com.example.tailormaster.controller.dashboard.DashboardController - Requested upcoming deliveries.
2025-05-04 01:09:56 [abdullateef] INFO  com.example.tailormaster.service.dashboard.DashboardService - Upcoming deliveries fetched: 8
2025-05-04 01:09:56 [abdullateef] INFO  com.example.tailormaster.controller.dashboard.DashboardController - Upcoming deliveries fetched: 8
2025-05-04 01:23:39 [] INFO  org.springframework.boot.web.embedded.tomcat.GracefulShutdown - Commencing graceful shutdown. Waiting for active requests to complete
2025-05-04 01:23:40 [] INFO  org.springframework.boot.web.embedded.tomcat.GracefulShutdown - Graceful shutdown complete
2025-05-04 01:23:41 [] INFO  org.springframework.orm.jpa.LocalContainerEntityManagerFactoryBean - Closing JPA EntityManagerFactory for persistence unit 'default'
2025-05-04 01:23:41 [] INFO  com.zaxxer.hikari.HikariDataSource - HikariPool-1 - Shutdown initiated...
2025-05-04 01:23:41 [] INFO  com.zaxxer.hikari.HikariDataSource - HikariPool-1 - Shutdown completed.
2025-05-04 01:39:19 [] INFO  org.hibernate.validator.internal.util.Version - HV000001: Hibernate Validator 8.0.2.Final
2025-05-04 01:39:19 [] INFO  com.example.tailormaster.TailorMasterAppApplication - Starting TailorMasterAppApplication using Java 17.0.2 with PID 15644 (E:\Development-Workspaces\tailor-master-app\tailor-master-app\target\classes started by wajiz.pk in E:\Development-Workspaces\tailor-master-app\tailor-master-app)
2025-05-04 01:39:19 [] INFO  com.example.tailormaster.TailorMasterAppApplication - No active profile set, falling back to 1 default profile: "default"
2025-05-04 01:39:19 [] INFO  org.springframework.boot.devtools.env.DevToolsPropertyDefaultsPostProcessor - Devtools property defaults active! Set 'spring.devtools.add-properties' to 'false' to disable
2025-05-04 01:39:19 [] INFO  org.springframework.boot.devtools.env.DevToolsPropertyDefaultsPostProcessor - For additional web related logging consider setting the 'logging.level.web' property to 'DEBUG'
2025-05-04 01:39:22 [] INFO  org.springframework.data.repository.config.RepositoryConfigurationDelegate - Bootstrapping Spring Data JPA repositories in DEFAULT mode.
2025-05-04 01:39:22 [] INFO  org.springframework.data.repository.config.RepositoryConfigurationDelegate - Finished Spring Data repository scanning in 230 ms. Found 12 JPA repository interfaces.
2025-05-04 01:39:23 [] INFO  org.springframework.boot.web.embedded.tomcat.TomcatWebServer - Tomcat initialized with port 8080 (http)
2025-05-04 01:39:23 [] INFO  org.apache.coyote.http11.Http11NioProtocol - Initializing ProtocolHandler ["http-nio-8080"]
2025-05-04 01:39:23 [] INFO  org.apache.catalina.core.StandardService - Starting service [Tomcat]
2025-05-04 01:39:23 [] INFO  org.apache.catalina.core.StandardEngine - Starting Servlet engine: [Apache Tomcat/10.1.40]
2025-05-04 01:39:23 [] INFO  org.apache.catalina.core.ContainerBase.[Tomcat].[localhost].[/tailor-master] - Initializing Spring embedded WebApplicationContext
2025-05-04 01:39:23 [] INFO  org.springframework.boot.web.servlet.context.ServletWebServerApplicationContext - Root WebApplicationContext: initialization completed in 4176 ms
2025-05-04 01:39:24 [] INFO  org.hibernate.jpa.internal.util.LogHelper - HHH000204: Processing PersistenceUnitInfo [name: default]
2025-05-04 01:39:24 [] INFO  org.hibernate.Version - HHH000412: Hibernate ORM core version 6.6.4.Final
2025-05-04 01:39:24 [] INFO  org.hibernate.cache.internal.RegionFactoryInitiator - HHH000026: Second-level cache disabled
2025-05-04 01:39:25 [] INFO  org.springframework.orm.jpa.persistenceunit.SpringPersistenceUnitInfo - No LoadTimeWeaver setup: ignoring JPA class transformer
2025-05-04 01:39:25 [] INFO  com.zaxxer.hikari.HikariDataSource - HikariPool-1 - Starting...
2025-05-04 01:39:25 [] INFO  com.zaxxer.hikari.pool.HikariPool - HikariPool-1 - Added connection com.mysql.cj.jdbc.ConnectionImpl@4211a1b5
2025-05-04 01:39:25 [] INFO  com.zaxxer.hikari.HikariDataSource - HikariPool-1 - Start completed.
2025-05-04 01:39:26 [] INFO  org.hibernate.orm.connections.pooling - HHH10001005: Database info:
	Database JDBC URL [Connecting through datasource 'HikariDataSource (HikariPool-1)']
	Database driver: undefined/unknown
	Database version: 8.0.28
	Autocommit mode: undefined/unknown
	Isolation level: undefined/unknown
	Minimum pool size: undefined/unknown
	Maximum pool size: undefined/unknown
2025-05-04 01:39:28 [] INFO  org.hibernate.engine.transaction.jta.platform.internal.JtaPlatformInitiator - HHH000489: No JTA platform available (set 'hibernate.transaction.jta.platform' to enable JTA platform integration)
2025-05-04 01:39:28 [] INFO  org.springframework.orm.jpa.LocalContainerEntityManagerFactoryBean - Initialized JPA EntityManagerFactory for persistence unit 'default'
2025-05-04 01:39:29 [] INFO  org.springframework.data.jpa.repository.query.QueryEnhancerFactory - Hibernate is in classpath; If applicable, HQL parser will be used.
2025-05-04 01:39:34 [] WARN  org.springframework.boot.autoconfigure.orm.jpa.JpaBaseConfiguration$JpaWebConfiguration - spring.jpa.open-in-view is enabled by default. Therefore, database queries may be performed during view rendering. Explicitly configure spring.jpa.open-in-view to disable this warning
2025-05-04 01:39:34 [] INFO  org.springframework.security.config.annotation.authentication.configuration.InitializeAuthenticationProviderBeanManagerConfigurer$InitializeAuthenticationProviderManagerConfigurer - Global AuthenticationManager configured with AuthenticationProvider bean with name authenticationProvider
2025-05-04 01:39:34 [] WARN  org.springframework.security.config.annotation.authentication.configuration.InitializeUserDetailsBeanManagerConfigurer$InitializeUserDetailsManagerConfigurer - Global AuthenticationManager configured with an AuthenticationProvider bean. UserDetailsService beans will not be used by Spring Security for automatically configuring username/password login. Consider removing the AuthenticationProvider bean. Alternatively, consider using the UserDetailsService in a manually instantiated DaoAuthenticationProvider. If the current configuration is intentional, to turn off this warning, increase the logging level of 'org.springframework.security.config.annotation.authentication.configuration.InitializeUserDetailsBeanManagerConfigurer' to ERROR
2025-05-04 01:39:35 [] INFO  org.springframework.boot.devtools.autoconfigure.OptionalLiveReloadServer - LiveReload server is running on port 35729
2025-05-04 01:39:35 [] INFO  org.apache.coyote.http11.Http11NioProtocol - Starting ProtocolHandler ["http-nio-8080"]
2025-05-04 01:39:36 [] INFO  org.springframework.boot.web.embedded.tomcat.TomcatWebServer - Tomcat started on port 8080 (http) with context path '/tailor-master'
2025-05-04 01:39:36 [] INFO  com.example.tailormaster.TailorMasterAppApplication - Started TailorMasterAppApplication in 17.564 seconds (process running for 21.914)
2025-05-04 01:39:43 [] INFO  org.apache.catalina.core.ContainerBase.[Tomcat].[localhost].[/tailor-master] - Initializing Spring DispatcherServlet 'dispatcherServlet'
2025-05-04 01:39:43 [] INFO  org.springframework.web.servlet.DispatcherServlet - Initializing Servlet 'dispatcherServlet'
2025-05-04 01:39:43 [] INFO  org.springframework.web.servlet.DispatcherServlet - Completed initialization in 2 ms
2025-05-04 01:39:43 [abdullateef] INFO  com.example.tailormaster.filter.LoggingInterceptor - User 'abdullateef' is requesting: GET /tailor-master/labors
2025-05-04 01:39:43 [abdullateef] INFO  com.example.tailormaster.controller.labor.LaborController - User accessed the labor list page.
2025-05-04 01:39:44 [abdullateef] INFO  com.example.tailormaster.controller.labor.LaborController - Retrieved labors: [com.example.tailormaster.entity.labor.Labor@52ff854a, com.example.tailormaster.entity.labor.Labor@5e70aaff, com.example.tailormaster.entity.labor.Labor@7b298c3f] 
2025-05-04 01:39:45 [abdullateef] INFO  com.example.tailormaster.filter.LoggingInterceptor - User 'abdullateef' is requesting: GET /tailor-master/dashboard/notifications/upcoming-deliveries
2025-05-04 01:39:45 [abdullateef] INFO  com.example.tailormaster.controller.dashboard.DashboardController - Requested upcoming deliveries.
2025-05-04 01:39:46 [abdullateef] INFO  com.example.tailormaster.service.dashboard.DashboardService - Upcoming deliveries fetched: 8
2025-05-04 01:39:46 [abdullateef] INFO  com.example.tailormaster.controller.dashboard.DashboardController - Upcoming deliveries fetched: 8
2025-05-04 01:39:48 [abdullateef] INFO  com.example.tailormaster.filter.LoggingInterceptor - User 'abdullateef' is requesting: GET /tailor-master/labors
2025-05-04 01:39:48 [abdullateef] INFO  com.example.tailormaster.controller.labor.LaborController - User accessed the labor list page.
2025-05-04 01:39:48 [abdullateef] INFO  com.example.tailormaster.controller.labor.LaborController - Retrieved labors: [com.example.tailormaster.entity.labor.Labor@4a94fe6a, com.example.tailormaster.entity.labor.Labor@35900c91, com.example.tailormaster.entity.labor.Labor@9717eb7] 
2025-05-04 01:39:48 [abdullateef] INFO  com.example.tailormaster.filter.LoggingInterceptor - User 'abdullateef' is requesting: GET /tailor-master/dashboard/notifications/upcoming-deliveries
2025-05-04 01:39:48 [abdullateef] INFO  com.example.tailormaster.controller.dashboard.DashboardController - Requested upcoming deliveries.
2025-05-04 01:39:48 [abdullateef] INFO  com.example.tailormaster.service.dashboard.DashboardService - Upcoming deliveries fetched: 8
2025-05-04 01:39:48 [abdullateef] INFO  com.example.tailormaster.controller.dashboard.DashboardController - Upcoming deliveries fetched: 8
2025-05-04 01:39:53 [abdullateef] INFO  com.example.tailormaster.filter.LoggingInterceptor - User 'abdullateef' is requesting: GET /tailor-master/labors/edit/M1u_DreDXJ7czcTH03zAUb5TA2QsTMcLDKENgBgXQzc=
2025-05-04 01:39:53 [abdullateef] INFO  com.example.tailormaster.controller.labor.LaborController - Displaying update labor form for labor ID: M1u_DreDXJ7czcTH03zAUb5TA2QsTMcLDKENgBgXQzc=
2025-05-04 01:39:53 [abdullateef] INFO  com.example.tailormaster.controller.labor.LaborController - Populated Labor for edit form: Optional[com.example.tailormaster.entity.labor.Labor@333c7c4e]
2025-05-04 01:39:53 [abdullateef] INFO  com.example.tailormaster.filter.LoggingInterceptor - User 'abdullateef' is requesting: GET /tailor-master/dashboard/notifications/upcoming-deliveries
2025-05-04 01:39:53 [abdullateef] INFO  com.example.tailormaster.controller.dashboard.DashboardController - Requested upcoming deliveries.
2025-05-04 01:39:53 [abdullateef] INFO  com.example.tailormaster.service.dashboard.DashboardService - Upcoming deliveries fetched: 8
2025-05-04 01:39:53 [abdullateef] INFO  com.example.tailormaster.controller.dashboard.DashboardController - Upcoming deliveries fetched: 8
2025-05-04 01:40:22 [abdullateef] INFO  com.example.tailormaster.filter.LoggingInterceptor - User 'abdullateef' is requesting: GET /tailor-master/labors
2025-05-04 01:40:22 [abdullateef] INFO  com.example.tailormaster.controller.labor.LaborController - User accessed the labor list page.
2025-05-04 01:40:22 [abdullateef] INFO  com.example.tailormaster.controller.labor.LaborController - Retrieved labors: [com.example.tailormaster.entity.labor.Labor@277e163d, com.example.tailormaster.entity.labor.Labor@2fbbd5f6, com.example.tailormaster.entity.labor.Labor@55a66b90] 
2025-05-04 01:40:22 [abdullateef] INFO  com.example.tailormaster.filter.LoggingInterceptor - User 'abdullateef' is requesting: GET /tailor-master/dashboard/notifications/upcoming-deliveries
2025-05-04 01:40:22 [abdullateef] INFO  com.example.tailormaster.controller.dashboard.DashboardController - Requested upcoming deliveries.
2025-05-04 01:40:22 [abdullateef] INFO  com.example.tailormaster.service.dashboard.DashboardService - Upcoming deliveries fetched: 8
2025-05-04 01:40:22 [abdullateef] INFO  com.example.tailormaster.controller.dashboard.DashboardController - Upcoming deliveries fetched: 8
2025-05-04 01:40:25 [abdullateef] INFO  com.example.tailormaster.filter.LoggingInterceptor - User 'abdullateef' is requesting: GET /tailor-master/labors/edit/Jslp-UTkVrGCxPfB7Q_drPuAAFa-Legwdkf7z5FSQgk=
2025-05-04 01:40:25 [abdullateef] INFO  com.example.tailormaster.controller.labor.LaborController - Displaying update labor form for labor ID: Jslp-UTkVrGCxPfB7Q_drPuAAFa-Legwdkf7z5FSQgk=
2025-05-04 01:40:25 [abdullateef] INFO  com.example.tailormaster.controller.labor.LaborController - Populated Labor for edit form: Optional[com.example.tailormaster.entity.labor.Labor@7f270cd5]
2025-05-04 01:40:25 [abdullateef] INFO  com.example.tailormaster.filter.LoggingInterceptor - User 'abdullateef' is requesting: GET /tailor-master/dashboard/notifications/upcoming-deliveries
2025-05-04 01:40:25 [abdullateef] INFO  com.example.tailormaster.controller.dashboard.DashboardController - Requested upcoming deliveries.
2025-05-04 01:40:25 [abdullateef] INFO  com.example.tailormaster.service.dashboard.DashboardService - Upcoming deliveries fetched: 8
2025-05-04 01:40:25 [abdullateef] INFO  com.example.tailormaster.controller.dashboard.DashboardController - Upcoming deliveries fetched: 8
2025-05-04 01:40:27 [abdullateef] INFO  com.example.tailormaster.filter.LoggingInterceptor - User 'abdullateef' is requesting: GET /tailor-master/labors
2025-05-04 01:40:27 [abdullateef] INFO  com.example.tailormaster.controller.labor.LaborController - User accessed the labor list page.
2025-05-04 01:40:27 [abdullateef] INFO  com.example.tailormaster.controller.labor.LaborController - Retrieved labors: [com.example.tailormaster.entity.labor.Labor@72f34816, com.example.tailormaster.entity.labor.Labor@3bee32bf, com.example.tailormaster.entity.labor.Labor@39ec9202] 
2025-05-04 01:40:27 [abdullateef] INFO  com.example.tailormaster.filter.LoggingInterceptor - User 'abdullateef' is requesting: GET /tailor-master/dashboard/notifications/upcoming-deliveries
2025-05-04 01:40:27 [abdullateef] INFO  com.example.tailormaster.controller.dashboard.DashboardController - Requested upcoming deliveries.
2025-05-04 01:40:27 [abdullateef] INFO  com.example.tailormaster.service.dashboard.DashboardService - Upcoming deliveries fetched: 8
2025-05-04 01:40:27 [abdullateef] INFO  com.example.tailormaster.controller.dashboard.DashboardController - Upcoming deliveries fetched: 8
2025-05-04 01:40:28 [abdullateef] INFO  com.example.tailormaster.filter.LoggingInterceptor - User 'abdullateef' is requesting: GET /tailor-master/labors/edit/HysDwzZOoeiceIHd2bve4QHdNyADuPd328W7mLaYwPg=
2025-05-04 01:40:28 [abdullateef] INFO  com.example.tailormaster.controller.labor.LaborController - Displaying update labor form for labor ID: HysDwzZOoeiceIHd2bve4QHdNyADuPd328W7mLaYwPg=
2025-05-04 01:40:28 [abdullateef] INFO  com.example.tailormaster.controller.labor.LaborController - Populated Labor for edit form: Optional[com.example.tailormaster.entity.labor.Labor@3894e57a]
2025-05-04 01:40:28 [abdullateef] INFO  com.example.tailormaster.filter.LoggingInterceptor - User 'abdullateef' is requesting: GET /tailor-master/dashboard/notifications/upcoming-deliveries
2025-05-04 01:40:28 [abdullateef] INFO  com.example.tailormaster.controller.dashboard.DashboardController - Requested upcoming deliveries.
2025-05-04 01:40:28 [abdullateef] INFO  com.example.tailormaster.service.dashboard.DashboardService - Upcoming deliveries fetched: 8
2025-05-04 01:40:28 [abdullateef] INFO  com.example.tailormaster.controller.dashboard.DashboardController - Upcoming deliveries fetched: 8
2025-05-04 01:40:30 [abdullateef] INFO  com.example.tailormaster.filter.LoggingInterceptor - User 'abdullateef' is requesting: GET /tailor-master/labors
2025-05-04 01:40:30 [abdullateef] INFO  com.example.tailormaster.controller.labor.LaborController - User accessed the labor list page.
2025-05-04 01:40:30 [abdullateef] INFO  com.example.tailormaster.controller.labor.LaborController - Retrieved labors: [com.example.tailormaster.entity.labor.Labor@2c2cce9a, com.example.tailormaster.entity.labor.Labor@1825b645, com.example.tailormaster.entity.labor.Labor@6e59933e] 
2025-05-04 01:40:30 [abdullateef] INFO  com.example.tailormaster.filter.LoggingInterceptor - User 'abdullateef' is requesting: GET /tailor-master/dashboard/notifications/upcoming-deliveries
2025-05-04 01:40:30 [abdullateef] INFO  com.example.tailormaster.controller.dashboard.DashboardController - Requested upcoming deliveries.
2025-05-04 01:40:30 [abdullateef] INFO  com.example.tailormaster.service.dashboard.DashboardService - Upcoming deliveries fetched: 8
2025-05-04 01:40:30 [abdullateef] INFO  com.example.tailormaster.controller.dashboard.DashboardController - Upcoming deliveries fetched: 8
2025-05-04 01:40:32 [abdullateef] INFO  com.example.tailormaster.filter.LoggingInterceptor - User 'abdullateef' is requesting: GET /tailor-master/labors/edit/CMDD_zjLpvT2P5OvhM0C1oGiTve-nJ5Fg4dbfszjfWs=
2025-05-04 01:40:32 [abdullateef] INFO  com.example.tailormaster.controller.labor.LaborController - Displaying update labor form for labor ID: CMDD_zjLpvT2P5OvhM0C1oGiTve-nJ5Fg4dbfszjfWs=
2025-05-04 01:40:32 [abdullateef] INFO  com.example.tailormaster.controller.labor.LaborController - Populated Labor for edit form: Optional[com.example.tailormaster.entity.labor.Labor@7f7e9bc3]
2025-05-04 01:40:32 [abdullateef] INFO  com.example.tailormaster.filter.LoggingInterceptor - User 'abdullateef' is requesting: GET /tailor-master/dashboard/notifications/upcoming-deliveries
2025-05-04 01:40:32 [abdullateef] INFO  com.example.tailormaster.controller.dashboard.DashboardController - Requested upcoming deliveries.
2025-05-04 01:40:32 [abdullateef] INFO  com.example.tailormaster.service.dashboard.DashboardService - Upcoming deliveries fetched: 8
2025-05-04 01:40:32 [abdullateef] INFO  com.example.tailormaster.controller.dashboard.DashboardController - Upcoming deliveries fetched: 8
2025-05-04 01:41:16 [] INFO  org.springframework.boot.devtools.autoconfigure.LocalDevToolsAutoConfiguration$RestartingClassPathChangeChangedEventListener - Restarting due to 1 class path change (0 additions, 1 deletion, 0 modifications)
2025-05-04 01:41:16 [] INFO  org.springframework.boot.web.embedded.tomcat.GracefulShutdown - Commencing graceful shutdown. Waiting for active requests to complete
2025-05-04 01:41:16 [] INFO  org.apache.coyote.http11.Http11NioProtocol - Pausing ProtocolHandler ["http-nio-8080"]
2025-05-04 01:41:17 [] INFO  org.springframework.boot.web.embedded.tomcat.GracefulShutdown - Graceful shutdown complete
2025-05-04 01:41:17 [] INFO  org.apache.coyote.http11.Http11NioProtocol - Stopping ProtocolHandler ["http-nio-8080"]
2025-05-04 01:41:17 [] INFO  org.springframework.orm.jpa.LocalContainerEntityManagerFactoryBean - Closing JPA EntityManagerFactory for persistence unit 'default'
2025-05-04 01:41:17 [] INFO  com.zaxxer.hikari.HikariDataSource - HikariPool-1 - Shutdown initiated...
2025-05-04 01:41:17 [] INFO  com.zaxxer.hikari.HikariDataSource - HikariPool-1 - Shutdown completed.
2025-05-04 01:41:17 [] INFO  com.example.tailormaster.TailorMasterAppApplication - Starting TailorMasterAppApplication using Java 17.0.2 with PID 15644 (E:\Development-Workspaces\tailor-master-app\tailor-master-app\target\classes started by wajiz.pk in E:\Development-Workspaces\tailor-master-app\tailor-master-app)
2025-05-04 01:41:17 [] INFO  com.example.tailormaster.TailorMasterAppApplication - No active profile set, falling back to 1 default profile: "default"
2025-05-04 01:41:18 [] INFO  org.springframework.data.repository.config.RepositoryConfigurationDelegate - Bootstrapping Spring Data JPA repositories in DEFAULT mode.
2025-05-04 01:41:18 [] WARN  org.springframework.boot.web.servlet.context.AnnotationConfigServletWebServerApplicationContext - Exception encountered during context initialization - cancelling refresh attempt: java.lang.TypeNotPresentException: Type com.example.tailormaster.entity.labor.Labor not present
2025-05-04 01:41:18 [] INFO  org.springframework.boot.autoconfigure.logging.ConditionEvaluationReportLogger - 

Error starting ApplicationContext. To display the condition evaluation report re-run your application with 'debug' enabled.
2025-05-04 01:41:18 [] ERROR org.springframework.boot.SpringApplication - Application run failed
java.lang.TypeNotPresentException: Type com.example.tailormaster.entity.labor.Labor not present
	at java.base/sun.reflect.generics.factory.CoreReflectionFactory.makeNamedType(CoreReflectionFactory.java:117) ~[?:?]
	at java.base/sun.reflect.generics.visitor.Reifier.visitClassTypeSignature(Reifier.java:125) ~[?:?]
	at java.base/sun.reflect.generics.tree.ClassTypeSignature.accept(ClassTypeSignature.java:49) ~[?:?]
	at java.base/sun.reflect.generics.visitor.Reifier.reifyTypeArguments(Reifier.java:68) ~[?:?]
	at java.base/sun.reflect.generics.visitor.Reifier.visitClassTypeSignature(Reifier.java:138) ~[?:?]
	at java.base/sun.reflect.generics.tree.ClassTypeSignature.accept(ClassTypeSignature.java:49) ~[?:?]
	at java.base/sun.reflect.generics.repository.ClassRepository.computeSuperInterfaces(ClassRepository.java:117) ~[?:?]
	at java.base/sun.reflect.generics.repository.ClassRepository.getSuperInterfaces(ClassRepository.java:95) ~[?:?]
	at java.base/java.lang.Class.getGenericInterfaces(Class.java:1211) ~[?:?]
	at org.springframework.core.ResolvableType.getInterfaces(ResolvableType.java:553) ~[spring-core-6.2.1.jar:6.2.1]
	at org.springframework.core.ResolvableType.as(ResolvableType.java:501) ~[spring-core-6.2.1.jar:6.2.1]
	at org.springframework.data.util.TypeDiscoverer.getSuperTypeInformation(TypeDiscoverer.java:263) ~[spring-data-commons-3.4.1.jar:3.4.1]
	at org.springframework.data.util.ClassTypeInformation.getSuperTypeInformation(ClassTypeInformation.java:37) ~[spring-data-commons-3.4.1.jar:3.4.1]
	at org.springframework.data.util.TypeInformation.getRequiredSuperTypeInformation(TypeInformation.java:327) ~[spring-data-commons-3.4.1.jar:3.4.1]
	at org.springframework.data.repository.core.support.DefaultRepositoryMetadata.<init>(DefaultRepositoryMetadata.java:55) ~[spring-data-commons-3.4.1.jar:3.4.1]
	at org.springframework.data.repository.core.support.AbstractRepositoryMetadata.getMetadata(AbstractRepositoryMetadata.java:79) ~[spring-data-commons-3.4.1.jar:3.4.1]
	at org.springframework.data.repository.config.RepositoryConfigurationExtensionSupport.getRepositoryConfigurations(RepositoryConfigurationExtensionSupport.java:93) ~[spring-data-commons-3.4.1.jar:3.4.1]
	at org.springframework.data.repository.config.RepositoryConfigurationDelegate.registerRepositoriesIn(RepositoryConfigurationDelegate.java:168) ~[spring-data-commons-3.4.1.jar:3.4.1]
	at org.springframework.boot.autoconfigure.data.AbstractRepositoryConfigurationSourceSupport.registerBeanDefinitions(AbstractRepositoryConfigurationSourceSupport.java:62) ~[spring-boot-autoconfigure-3.4.1.jar:3.4.1]
	at org.springframework.context.annotation.ConfigurationClassBeanDefinitionReader.lambda$loadBeanDefinitionsFromRegistrars$1(ConfigurationClassBeanDefinitionReader.java:397) ~[spring-context-6.2.1.jar:6.2.1]
	at java.base/java.util.LinkedHashMap.forEach(LinkedHashMap.java:721) ~[?:?]
	at org.springframework.context.annotation.ConfigurationClassBeanDefinitionReader.loadBeanDefinitionsFromRegistrars(ConfigurationClassBeanDefinitionReader.java:396) ~[spring-context-6.2.1.jar:6.2.1]
	at org.springframework.context.annotation.ConfigurationClassBeanDefinitionReader.loadBeanDefinitionsForConfigurationClass(ConfigurationClassBeanDefinitionReader.java:149) ~[spring-context-6.2.1.jar:6.2.1]
	at org.springframework.context.annotation.ConfigurationClassBeanDefinitionReader.loadBeanDefinitions(ConfigurationClassBeanDefinitionReader.java:121) ~[spring-context-6.2.1.jar:6.2.1]
	at org.springframework.context.annotation.ConfigurationClassPostProcessor.processConfigBeanDefinitions(ConfigurationClassPostProcessor.java:430) ~[spring-context-6.2.1.jar:6.2.1]
	at org.springframework.context.annotation.ConfigurationClassPostProcessor.postProcessBeanDefinitionRegistry(ConfigurationClassPostProcessor.java:290) ~[spring-context-6.2.1.jar:6.2.1]
	at org.springframework.context.support.PostProcessorRegistrationDelegate.invokeBeanDefinitionRegistryPostProcessors(PostProcessorRegistrationDelegate.java:349) ~[spring-context-6.2.1.jar:6.2.1]
	at org.springframework.context.support.PostProcessorRegistrationDelegate.invokeBeanFactoryPostProcessors(PostProcessorRegistrationDelegate.java:118) ~[spring-context-6.2.1.jar:6.2.1]
	at org.springframework.context.support.AbstractApplicationContext.invokeBeanFactoryPostProcessors(AbstractApplicationContext.java:791) ~[spring-context-6.2.1.jar:6.2.1]
	at org.springframework.context.support.AbstractApplicationContext.refresh(AbstractApplicationContext.java:609) ~[spring-context-6.2.1.jar:6.2.1]
	at org.springframework.boot.web.servlet.context.ServletWebServerApplicationContext.refresh(ServletWebServerApplicationContext.java:146) ~[spring-boot-3.4.1.jar:3.4.1]
	at org.springframework.boot.SpringApplication.refresh(SpringApplication.java:752) [spring-boot-3.4.1.jar:3.4.1]
	at org.springframework.boot.SpringApplication.refreshContext(SpringApplication.java:439) [spring-boot-3.4.1.jar:3.4.1]
	at org.springframework.boot.SpringApplication.run(SpringApplication.java:318) [spring-boot-3.4.1.jar:3.4.1]
	at org.springframework.boot.SpringApplication.run(SpringApplication.java:1361) [spring-boot-3.4.1.jar:3.4.1]
	at org.springframework.boot.SpringApplication.run(SpringApplication.java:1350) [spring-boot-3.4.1.jar:3.4.1]
	at com.example.tailormaster.TailorMasterAppApplication.main(TailorMasterAppApplication.java:12) [classes/:?]
	at java.base/jdk.internal.reflect.NativeMethodAccessorImpl.invoke0(Native Method) ~[?:?]
	at java.base/jdk.internal.reflect.NativeMethodAccessorImpl.invoke(NativeMethodAccessorImpl.java:77) ~[?:?]
	at java.base/jdk.internal.reflect.DelegatingMethodAccessorImpl.invoke(DelegatingMethodAccessorImpl.java:43) ~[?:?]
	at java.base/java.lang.reflect.Method.invoke(Method.java:568) ~[?:?]
	at org.springframework.boot.devtools.restart.RestartLauncher.run(RestartLauncher.java:50) [spring-boot-devtools-3.4.1.jar:3.4.1]
Caused by: java.lang.ClassNotFoundException: com.example.tailormaster.entity.labor.Labor
	at java.base/jdk.internal.loader.BuiltinClassLoader.loadClass(BuiltinClassLoader.java:641) ~[?:?]
	at java.base/jdk.internal.loader.ClassLoaders$AppClassLoader.loadClass(ClassLoaders.java:188) ~[?:?]
	at java.base/java.lang.ClassLoader.loadClass(ClassLoader.java:520) ~[?:?]
	at java.base/java.lang.Class.forName0(Native Method) ~[?:?]
	at java.base/java.lang.Class.forName(Class.java:467) ~[?:?]
	at org.springframework.boot.devtools.restart.classloader.RestartClassLoader.loadClass(RestartClassLoader.java:121) ~[spring-boot-devtools-3.4.1.jar:3.4.1]
	at java.base/java.lang.ClassLoader.loadClass(ClassLoader.java:520) ~[?:?]
	at java.base/java.lang.Class.forName0(Native Method) ~[?:?]
	at java.base/java.lang.Class.forName(Class.java:467) ~[?:?]
	at java.base/sun.reflect.generics.factory.CoreReflectionFactory.makeNamedType(CoreReflectionFactory.java:114) ~[?:?]
	... 41 more
2025-05-04 01:41:21 [] INFO  com.example.tailormaster.TailorMasterAppApplication - Starting TailorMasterAppApplication using Java 17.0.2 with PID 15644 (E:\Development-Workspaces\tailor-master-app\tailor-master-app\target\classes started by wajiz.pk in E:\Development-Workspaces\tailor-master-app\tailor-master-app)
2025-05-04 01:41:21 [] INFO  com.example.tailormaster.TailorMasterAppApplication - No active profile set, falling back to 1 default profile: "default"
2025-05-04 01:41:22 [] INFO  org.springframework.data.repository.config.RepositoryConfigurationDelegate - Bootstrapping Spring Data JPA repositories in DEFAULT mode.
2025-05-04 01:41:22 [] INFO  org.springframework.data.repository.config.RepositoryConfigurationDelegate - Finished Spring Data repository scanning in 123 ms. Found 12 JPA repository interfaces.
2025-05-04 01:41:22 [] INFO  org.springframework.boot.web.embedded.tomcat.TomcatWebServer - Tomcat initialized with port 8080 (http)
2025-05-04 01:41:22 [] INFO  org.apache.coyote.http11.Http11NioProtocol - Initializing ProtocolHandler ["http-nio-8080"]
2025-05-04 01:41:22 [] INFO  org.apache.catalina.core.StandardService - Starting service [Tomcat]
2025-05-04 01:41:22 [] INFO  org.apache.catalina.core.StandardEngine - Starting Servlet engine: [Apache Tomcat/10.1.40]
2025-05-04 01:41:22 [] INFO  org.apache.catalina.core.ContainerBase.[Tomcat].[localhost].[/tailor-master] - Initializing Spring embedded WebApplicationContext
2025-05-04 01:41:22 [] INFO  org.springframework.boot.web.servlet.context.ServletWebServerApplicationContext - Root WebApplicationContext: initialization completed in 1128 ms
2025-05-04 01:41:22 [] INFO  org.hibernate.jpa.internal.util.LogHelper - HHH000204: Processing PersistenceUnitInfo [name: default]
2025-05-04 01:41:22 [] INFO  org.hibernate.cache.internal.RegionFactoryInitiator - HHH000026: Second-level cache disabled
2025-05-04 01:41:22 [] INFO  org.springframework.orm.jpa.persistenceunit.SpringPersistenceUnitInfo - No LoadTimeWeaver setup: ignoring JPA class transformer
2025-05-04 01:41:22 [] INFO  com.zaxxer.hikari.HikariDataSource - HikariPool-2 - Starting...
2025-05-04 01:41:22 [] INFO  com.zaxxer.hikari.pool.HikariPool - HikariPool-2 - Added connection com.mysql.cj.jdbc.ConnectionImpl@71c43885
2025-05-04 01:41:22 [] INFO  com.zaxxer.hikari.HikariDataSource - HikariPool-2 - Start completed.
2025-05-04 01:41:22 [] INFO  org.hibernate.orm.connections.pooling - HHH10001005: Database info:
	Database JDBC URL [Connecting through datasource 'HikariDataSource (HikariPool-2)']
	Database driver: undefined/unknown
	Database version: 8.0.28
	Autocommit mode: undefined/unknown
	Isolation level: undefined/unknown
	Minimum pool size: undefined/unknown
	Maximum pool size: undefined/unknown
2025-05-04 01:41:23 [] INFO  org.hibernate.engine.transaction.jta.platform.internal.JtaPlatformInitiator - HHH000489: No JTA platform available (set 'hibernate.transaction.jta.platform' to enable JTA platform integration)
2025-05-04 01:41:23 [] INFO  org.springframework.orm.jpa.LocalContainerEntityManagerFactoryBean - Initialized JPA EntityManagerFactory for persistence unit 'default'
2025-05-04 01:41:23 [] WARN  org.springframework.boot.autoconfigure.orm.jpa.JpaBaseConfiguration$JpaWebConfiguration - spring.jpa.open-in-view is enabled by default. Therefore, database queries may be performed during view rendering. Explicitly configure spring.jpa.open-in-view to disable this warning
2025-05-04 01:41:24 [] INFO  org.springframework.security.config.annotation.authentication.configuration.InitializeAuthenticationProviderBeanManagerConfigurer$InitializeAuthenticationProviderManagerConfigurer - Global AuthenticationManager configured with AuthenticationProvider bean with name authenticationProvider
2025-05-04 01:41:24 [] WARN  org.springframework.security.config.annotation.authentication.configuration.InitializeUserDetailsBeanManagerConfigurer$InitializeUserDetailsManagerConfigurer - Global AuthenticationManager configured with an AuthenticationProvider bean. UserDetailsService beans will not be used by Spring Security for automatically configuring username/password login. Consider removing the AuthenticationProvider bean. Alternatively, consider using the UserDetailsService in a manually instantiated DaoAuthenticationProvider. If the current configuration is intentional, to turn off this warning, increase the logging level of 'org.springframework.security.config.annotation.authentication.configuration.InitializeUserDetailsBeanManagerConfigurer' to ERROR
2025-05-04 01:41:24 [] INFO  org.springframework.boot.devtools.autoconfigure.OptionalLiveReloadServer - LiveReload server is running on port 35729
2025-05-04 01:41:24 [] INFO  org.apache.coyote.http11.Http11NioProtocol - Starting ProtocolHandler ["http-nio-8080"]
2025-05-04 01:41:24 [] INFO  org.springframework.boot.web.embedded.tomcat.TomcatWebServer - Tomcat started on port 8080 (http) with context path '/tailor-master'
2025-05-04 01:41:24 [] INFO  com.example.tailormaster.TailorMasterAppApplication - Started TailorMasterAppApplication in 3.08 seconds (process running for 130.3)
2025-05-04 01:41:24 [] INFO  org.springframework.boot.devtools.autoconfigure.ConditionEvaluationDeltaLoggingListener - Condition evaluation unchanged
2025-05-04 01:41:37 [] INFO  org.apache.catalina.core.ContainerBase.[Tomcat].[localhost].[/tailor-master] - Initializing Spring DispatcherServlet 'dispatcherServlet'
2025-05-04 01:41:37 [] INFO  org.springframework.web.servlet.DispatcherServlet - Initializing Servlet 'dispatcherServlet'
2025-05-04 01:41:37 [] INFO  org.springframework.web.servlet.DispatcherServlet - Completed initialization in 3 ms
2025-05-04 01:41:37 [abdullateef] INFO  com.example.tailormaster.filter.LoggingInterceptor - User 'abdullateef' is requesting: GET /tailor-master/labors/edit/CMDD_zjLpvT2P5OvhM0C1oGiTve-nJ5Fg4dbfszjfWs=
2025-05-04 01:41:37 [abdullateef] INFO  com.example.tailormaster.controller.labor.LaborController - Displaying update labor form for labor ID: CMDD_zjLpvT2P5OvhM0C1oGiTve-nJ5Fg4dbfszjfWs=
2025-05-04 01:41:37 [abdullateef] INFO  com.example.tailormaster.controller.labor.LaborController - Populated Labor for edit form: Optional[Labor(name=LaborTest3, contact=03221122333, skills=Stitching, joinDate=2025-05-04, status=ACTIVE)]
2025-05-04 01:41:37 [abdullateef] INFO  com.example.tailormaster.filter.LoggingInterceptor - User 'abdullateef' is requesting: GET /tailor-master/dashboard/notifications/upcoming-deliveries
2025-05-04 01:41:37 [abdullateef] INFO  com.example.tailormaster.controller.dashboard.DashboardController - Requested upcoming deliveries.
2025-05-04 01:41:37 [abdullateef] INFO  com.example.tailormaster.service.dashboard.DashboardService - Upcoming deliveries fetched: 8
2025-05-04 01:41:37 [abdullateef] INFO  com.example.tailormaster.controller.dashboard.DashboardController - Upcoming deliveries fetched: 8
2025-05-04 01:46:20 [] INFO  org.springframework.boot.web.embedded.tomcat.GracefulShutdown - Commencing graceful shutdown. Waiting for active requests to complete
2025-05-04 01:46:21 [] INFO  org.springframework.boot.web.embedded.tomcat.GracefulShutdown - Graceful shutdown complete
2025-05-04 01:46:21 [] INFO  org.springframework.orm.jpa.LocalContainerEntityManagerFactoryBean - Closing JPA EntityManagerFactory for persistence unit 'default'
2025-05-04 01:46:21 [] INFO  com.zaxxer.hikari.HikariDataSource - HikariPool-2 - Shutdown initiated...
2025-05-04 01:46:21 [] INFO  com.zaxxer.hikari.HikariDataSource - HikariPool-2 - Shutdown completed.
2025-05-04 01:46:30 [] INFO  org.hibernate.validator.internal.util.Version - HV000001: Hibernate Validator 8.0.2.Final
2025-05-04 01:46:30 [] INFO  com.example.tailormaster.TailorMasterAppApplication - Starting TailorMasterAppApplication using Java 17.0.2 with PID 18928 (E:\Development-Workspaces\tailor-master-app\tailor-master-app\target\classes started by wajiz.pk in E:\Development-Workspaces\tailor-master-app\tailor-master-app)
2025-05-04 01:46:30 [] INFO  com.example.tailormaster.TailorMasterAppApplication - No active profile set, falling back to 1 default profile: "default"
2025-05-04 01:46:30 [] INFO  org.springframework.boot.devtools.env.DevToolsPropertyDefaultsPostProcessor - Devtools property defaults active! Set 'spring.devtools.add-properties' to 'false' to disable
2025-05-04 01:46:30 [] INFO  org.springframework.boot.devtools.env.DevToolsPropertyDefaultsPostProcessor - For additional web related logging consider setting the 'logging.level.web' property to 'DEBUG'
2025-05-04 01:46:32 [] INFO  org.springframework.data.repository.config.RepositoryConfigurationDelegate - Bootstrapping Spring Data JPA repositories in DEFAULT mode.
2025-05-04 01:46:32 [] INFO  org.springframework.data.repository.config.RepositoryConfigurationDelegate - Finished Spring Data repository scanning in 193 ms. Found 12 JPA repository interfaces.
2025-05-04 01:46:33 [] INFO  org.springframework.boot.web.embedded.tomcat.TomcatWebServer - Tomcat initialized with port 8080 (http)
2025-05-04 01:46:33 [] INFO  org.apache.coyote.http11.Http11NioProtocol - Initializing ProtocolHandler ["http-nio-8080"]
2025-05-04 01:46:33 [] INFO  org.apache.catalina.core.StandardService - Starting service [Tomcat]
2025-05-04 01:46:33 [] INFO  org.apache.catalina.core.StandardEngine - Starting Servlet engine: [Apache Tomcat/10.1.40]
2025-05-04 01:46:33 [] INFO  org.apache.catalina.core.ContainerBase.[Tomcat].[localhost].[/tailor-master] - Initializing Spring embedded WebApplicationContext
2025-05-04 01:46:33 [] INFO  org.springframework.boot.web.servlet.context.ServletWebServerApplicationContext - Root WebApplicationContext: initialization completed in 3338 ms
2025-05-04 01:46:34 [] INFO  org.hibernate.jpa.internal.util.LogHelper - HHH000204: Processing PersistenceUnitInfo [name: default]
2025-05-04 01:46:34 [] INFO  org.hibernate.Version - HHH000412: Hibernate ORM core version 6.6.4.Final
2025-05-04 01:46:34 [] INFO  org.hibernate.cache.internal.RegionFactoryInitiator - HHH000026: Second-level cache disabled
2025-05-04 01:46:34 [] INFO  org.springframework.orm.jpa.persistenceunit.SpringPersistenceUnitInfo - No LoadTimeWeaver setup: ignoring JPA class transformer
2025-05-04 01:46:35 [] INFO  com.zaxxer.hikari.HikariDataSource - HikariPool-1 - Starting...
2025-05-04 01:46:35 [] INFO  com.zaxxer.hikari.pool.HikariPool - HikariPool-1 - Added connection com.mysql.cj.jdbc.ConnectionImpl@7e13bdbb
2025-05-04 01:46:35 [] INFO  com.zaxxer.hikari.HikariDataSource - HikariPool-1 - Start completed.
2025-05-04 01:46:35 [] INFO  org.hibernate.orm.connections.pooling - HHH10001005: Database info:
	Database JDBC URL [Connecting through datasource 'HikariDataSource (HikariPool-1)']
	Database driver: undefined/unknown
	Database version: 8.0.28
	Autocommit mode: undefined/unknown
	Isolation level: undefined/unknown
	Minimum pool size: undefined/unknown
	Maximum pool size: undefined/unknown
2025-05-04 01:46:38 [] INFO  org.hibernate.engine.transaction.jta.platform.internal.JtaPlatformInitiator - HHH000489: No JTA platform available (set 'hibernate.transaction.jta.platform' to enable JTA platform integration)
2025-05-04 01:46:38 [] INFO  org.springframework.orm.jpa.LocalContainerEntityManagerFactoryBean - Initialized JPA EntityManagerFactory for persistence unit 'default'
2025-05-04 01:46:39 [] INFO  org.springframework.data.jpa.repository.query.QueryEnhancerFactory - Hibernate is in classpath; If applicable, HQL parser will be used.
2025-05-04 01:46:42 [] WARN  org.springframework.boot.autoconfigure.orm.jpa.JpaBaseConfiguration$JpaWebConfiguration - spring.jpa.open-in-view is enabled by default. Therefore, database queries may be performed during view rendering. Explicitly configure spring.jpa.open-in-view to disable this warning
2025-05-04 01:46:42 [] INFO  org.springframework.security.config.annotation.authentication.configuration.InitializeAuthenticationProviderBeanManagerConfigurer$InitializeAuthenticationProviderManagerConfigurer - Global AuthenticationManager configured with AuthenticationProvider bean with name authenticationProvider
2025-05-04 01:46:42 [] WARN  org.springframework.security.config.annotation.authentication.configuration.InitializeUserDetailsBeanManagerConfigurer$InitializeUserDetailsManagerConfigurer - Global AuthenticationManager configured with an AuthenticationProvider bean. UserDetailsService beans will not be used by Spring Security for automatically configuring username/password login. Consider removing the AuthenticationProvider bean. Alternatively, consider using the UserDetailsService in a manually instantiated DaoAuthenticationProvider. If the current configuration is intentional, to turn off this warning, increase the logging level of 'org.springframework.security.config.annotation.authentication.configuration.InitializeUserDetailsBeanManagerConfigurer' to ERROR
2025-05-04 01:46:45 [] INFO  org.springframework.boot.devtools.autoconfigure.OptionalLiveReloadServer - LiveReload server is running on port 35729
2025-05-04 01:46:45 [] INFO  org.apache.coyote.http11.Http11NioProtocol - Starting ProtocolHandler ["http-nio-8080"]
2025-05-04 01:46:46 [] INFO  org.springframework.boot.web.embedded.tomcat.TomcatWebServer - Tomcat started on port 8080 (http) with context path '/tailor-master'
2025-05-04 01:46:46 [] INFO  com.example.tailormaster.TailorMasterAppApplication - Started TailorMasterAppApplication in 17.04 seconds (process running for 19.741)
2025-05-04 01:46:58 [] INFO  org.apache.catalina.core.ContainerBase.[Tomcat].[localhost].[/tailor-master] - Initializing Spring DispatcherServlet 'dispatcherServlet'
2025-05-04 01:46:58 [] INFO  org.springframework.web.servlet.DispatcherServlet - Initializing Servlet 'dispatcherServlet'
2025-05-04 01:46:58 [] INFO  org.springframework.web.servlet.DispatcherServlet - Completed initialization in 1 ms
2025-05-04 01:46:58 [abdullateef] INFO  com.example.tailormaster.filter.LoggingInterceptor - User 'abdullateef' is requesting: GET /tailor-master/labors/edit/CMDD_zjLpvT2P5OvhM0C1oGiTve-nJ5Fg4dbfszjfWs=
2025-05-04 01:46:58 [abdullateef] INFO  com.example.tailormaster.controller.labor.LaborController - Displaying update labor form for labor ID: CMDD_zjLpvT2P5OvhM0C1oGiTve-nJ5Fg4dbfszjfWs=
2025-05-04 01:46:58 [abdullateef] INFO  com.example.tailormaster.controller.labor.LaborController - Populated Labor for edit form: Optional[Labor(name=LaborTest3, contact=03221122333, skills=Stitching, joinDate=2025-05-04, status=ACTIVE)]
2025-05-04 01:46:59 [abdullateef] ERROR org.thymeleaf.TemplateEngine - [THYMELEAF][http-nio-8080-exec-1] Exception processing template "labor/edit": An error happened during template parsing (template: "class path resource [templates/labor/edit.html]")
org.thymeleaf.exceptions.TemplateInputException: An error happened during template parsing (template: "class path resource [templates/labor/edit.html]")
	at org.thymeleaf.templateparser.markup.AbstractMarkupTemplateParser.parse(AbstractMarkupTemplateParser.java:241) ~[thymeleaf-3.1.3.RELEASE.jar:3.1.3.RELEASE]
	at org.thymeleaf.templateparser.markup.AbstractMarkupTemplateParser.parseStandalone(AbstractMarkupTemplateParser.java:100) ~[thymeleaf-3.1.3.RELEASE.jar:3.1.3.RELEASE]
	at org.thymeleaf.engine.TemplateManager.parseAndProcess(TemplateManager.java:666) ~[thymeleaf-3.1.3.RELEASE.jar:3.1.3.RELEASE]
	at org.thymeleaf.TemplateEngine.process(TemplateEngine.java:1103) ~[thymeleaf-3.1.3.RELEASE.jar:3.1.3.RELEASE]
	at org.thymeleaf.TemplateEngine.process(TemplateEngine.java:1077) ~[thymeleaf-3.1.3.RELEASE.jar:3.1.3.RELEASE]
	at org.thymeleaf.spring6.view.ThymeleafView.renderFragment(ThymeleafView.java:372) ~[thymeleaf-spring6-3.1.3.RELEASE.jar:3.1.3.RELEASE]
	at org.thymeleaf.spring6.view.ThymeleafView.render(ThymeleafView.java:192) ~[thymeleaf-spring6-3.1.3.RELEASE.jar:3.1.3.RELEASE]
	at org.springframework.web.servlet.DispatcherServlet.render(DispatcherServlet.java:1435) ~[spring-webmvc-6.2.1.jar:6.2.1]
	at org.springframework.web.servlet.DispatcherServlet.processDispatchResult(DispatcherServlet.java:1167) ~[spring-webmvc-6.2.1.jar:6.2.1]
	at org.springframework.web.servlet.DispatcherServlet.doDispatch(DispatcherServlet.java:1105) ~[spring-webmvc-6.2.1.jar:6.2.1]
	at org.springframework.web.servlet.DispatcherServlet.doService(DispatcherServlet.java:978) ~[spring-webmvc-6.2.1.jar:6.2.1]
	at org.springframework.web.servlet.FrameworkServlet.processRequest(FrameworkServlet.java:1014) ~[spring-webmvc-6.2.1.jar:6.2.1]
	at org.springframework.web.servlet.FrameworkServlet.doGet(FrameworkServlet.java:903) ~[spring-webmvc-6.2.1.jar:6.2.1]
	at jakarta.servlet.http.HttpServlet.service(HttpServlet.java:564) ~[tomcat-embed-core-10.1.40.jar:6.0]
	at org.springframework.web.servlet.FrameworkServlet.service(FrameworkServlet.java:885) ~[spring-webmvc-6.2.1.jar:6.2.1]
	at jakarta.servlet.http.HttpServlet.service(HttpServlet.java:658) ~[tomcat-embed-core-10.1.40.jar:6.0]
	at org.apache.catalina.core.ApplicationFilterChain.internalDoFilter(ApplicationFilterChain.java:195) ~[tomcat-embed-core-10.1.40.jar:10.1.40]
	at org.apache.catalina.core.ApplicationFilterChain.doFilter(ApplicationFilterChain.java:140) ~[tomcat-embed-core-10.1.40.jar:10.1.40]
	at org.apache.tomcat.websocket.server.WsFilter.doFilter(WsFilter.java:51) ~[tomcat-embed-websocket-10.1.40.jar:10.1.40]
	at org.apache.catalina.core.ApplicationFilterChain.internalDoFilter(ApplicationFilterChain.java:164) ~[tomcat-embed-core-10.1.40.jar:10.1.40]
	at org.apache.catalina.core.ApplicationFilterChain.doFilter(ApplicationFilterChain.java:140) ~[tomcat-embed-core-10.1.40.jar:10.1.40]
	at com.example.tailormaster.filter.LoggingMDCFilter.doFilter(LoggingMDCFilter.java:30) ~[classes/:?]
	at org.apache.catalina.core.ApplicationFilterChain.internalDoFilter(ApplicationFilterChain.java:164) ~[tomcat-embed-core-10.1.40.jar:10.1.40]
	at org.apache.catalina.core.ApplicationFilterChain.doFilter(ApplicationFilterChain.java:140) ~[tomcat-embed-core-10.1.40.jar:10.1.40]
	at org.springframework.web.filter.CompositeFilter$VirtualFilterChain.doFilter(CompositeFilter.java:108) ~[spring-web-6.2.1.jar:6.2.1]
	at org.springframework.security.web.FilterChainProxy.lambda$doFilterInternal$3(FilterChainProxy.java:231) ~[spring-security-web-6.4.2.jar:6.4.2]
	at org.springframework.security.web.FilterChainProxy$VirtualFilterChain.doFilter(FilterChainProxy.java:365) ~[spring-security-web-6.4.2.jar:6.4.2]
	at org.springframework.security.web.access.intercept.AuthorizationFilter.doFilter(AuthorizationFilter.java:101) ~[spring-security-web-6.4.2.jar:6.4.2]
	at org.springframework.security.web.FilterChainProxy$VirtualFilterChain.doFilter(FilterChainProxy.java:374) ~[spring-security-web-6.4.2.jar:6.4.2]
	at org.springframework.security.web.access.ExceptionTranslationFilter.doFilter(ExceptionTranslationFilter.java:126) ~[spring-security-web-6.4.2.jar:6.4.2]
	at org.springframework.security.web.access.ExceptionTranslationFilter.doFilter(ExceptionTranslationFilter.java:120) ~[spring-security-web-6.4.2.jar:6.4.2]
	at org.springframework.security.web.FilterChainProxy$VirtualFilterChain.doFilter(FilterChainProxy.java:374) ~[spring-security-web-6.4.2.jar:6.4.2]
	at org.springframework.security.web.authentication.AnonymousAuthenticationFilter.doFilter(AnonymousAuthenticationFilter.java:100) ~[spring-security-web-6.4.2.jar:6.4.2]
	at org.springframework.security.web.FilterChainProxy$VirtualFilterChain.doFilter(FilterChainProxy.java:374) ~[spring-security-web-6.4.2.jar:6.4.2]
	at org.springframework.security.web.servletapi.SecurityContextHolderAwareRequestFilter.doFilter(SecurityContextHolderAwareRequestFilter.java:179) ~[spring-security-web-6.4.2.jar:6.4.2]
	at org.springframework.security.web.FilterChainProxy$VirtualFilterChain.doFilter(FilterChainProxy.java:374) ~[spring-security-web-6.4.2.jar:6.4.2]
	at org.springframework.security.web.savedrequest.RequestCacheAwareFilter.doFilter(RequestCacheAwareFilter.java:63) ~[spring-security-web-6.4.2.jar:6.4.2]
	at org.springframework.security.web.FilterChainProxy$VirtualFilterChain.doFilter(FilterChainProxy.java:374) ~[spring-security-web-6.4.2.jar:6.4.2]
	at org.springframework.security.web.authentication.AbstractAuthenticationProcessingFilter.doFilter(AbstractAuthenticationProcessingFilter.java:227) ~[spring-security-web-6.4.2.jar:6.4.2]
	at org.springframework.security.web.authentication.AbstractAuthenticationProcessingFilter.doFilter(AbstractAuthenticationProcessingFilter.java:221) ~[spring-security-web-6.4.2.jar:6.4.2]
	at org.springframework.security.web.FilterChainProxy$VirtualFilterChain.doFilter(FilterChainProxy.java:374) ~[spring-security-web-6.4.2.jar:6.4.2]
	at org.springframework.security.web.authentication.logout.LogoutFilter.doFilter(LogoutFilter.java:107) ~[spring-security-web-6.4.2.jar:6.4.2]
	at org.springframework.security.web.authentication.logout.LogoutFilter.doFilter(LogoutFilter.java:93) ~[spring-security-web-6.4.2.jar:6.4.2]
	at org.springframework.security.web.FilterChainProxy$VirtualFilterChain.doFilter(FilterChainProxy.java:374) ~[spring-security-web-6.4.2.jar:6.4.2]
	at org.springframework.security.web.csrf.CsrfFilter.doFilterInternal(CsrfFilter.java:117) ~[spring-security-web-6.4.2.jar:6.4.2]
	at org.springframework.web.filter.OncePerRequestFilter.doFilter(OncePerRequestFilter.java:116) ~[spring-web-6.2.1.jar:6.2.1]
	at org.springframework.security.web.FilterChainProxy$VirtualFilterChain.doFilter(FilterChainProxy.java:374) ~[spring-security-web-6.4.2.jar:6.4.2]
	at org.springframework.security.web.header.HeaderWriterFilter.doHeadersAfter(HeaderWriterFilter.java:90) ~[spring-security-web-6.4.2.jar:6.4.2]
	at org.springframework.security.web.header.HeaderWriterFilter.doFilterInternal(HeaderWriterFilter.java:75) ~[spring-security-web-6.4.2.jar:6.4.2]
	at org.springframework.web.filter.OncePerRequestFilter.doFilter(OncePerRequestFilter.java:116) ~[spring-web-6.2.1.jar:6.2.1]
	at org.springframework.security.web.FilterChainProxy$VirtualFilterChain.doFilter(FilterChainProxy.java:374) ~[spring-security-web-6.4.2.jar:6.4.2]
	at org.springframework.security.web.context.SecurityContextHolderFilter.doFilter(SecurityContextHolderFilter.java:82) ~[spring-security-web-6.4.2.jar:6.4.2]
	at org.springframework.security.web.context.SecurityContextHolderFilter.doFilter(SecurityContextHolderFilter.java:69) ~[spring-security-web-6.4.2.jar:6.4.2]
	at org.springframework.security.web.FilterChainProxy$VirtualFilterChain.doFilter(FilterChainProxy.java:374) ~[spring-security-web-6.4.2.jar:6.4.2]
	at org.springframework.security.web.context.request.async.WebAsyncManagerIntegrationFilter.doFilterInternal(WebAsyncManagerIntegrationFilter.java:62) ~[spring-security-web-6.4.2.jar:6.4.2]
	at org.springframework.web.filter.OncePerRequestFilter.doFilter(OncePerRequestFilter.java:116) ~[spring-web-6.2.1.jar:6.2.1]
	at org.springframework.security.web.FilterChainProxy$VirtualFilterChain.doFilter(FilterChainProxy.java:374) ~[spring-security-web-6.4.2.jar:6.4.2]
	at org.springframework.security.web.session.DisableEncodeUrlFilter.doFilterInternal(DisableEncodeUrlFilter.java:42) ~[spring-security-web-6.4.2.jar:6.4.2]
	at org.springframework.web.filter.OncePerRequestFilter.doFilter(OncePerRequestFilter.java:116) ~[spring-web-6.2.1.jar:6.2.1]
	at org.springframework.security.web.FilterChainProxy$VirtualFilterChain.doFilter(FilterChainProxy.java:374) ~[spring-security-web-6.4.2.jar:6.4.2]
	at org.springframework.security.web.FilterChainProxy.doFilterInternal(FilterChainProxy.java:233) ~[spring-security-web-6.4.2.jar:6.4.2]
	at org.springframework.security.web.FilterChainProxy.doFilter(FilterChainProxy.java:191) ~[spring-security-web-6.4.2.jar:6.4.2]
	at org.springframework.web.filter.CompositeFilter$VirtualFilterChain.doFilter(CompositeFilter.java:113) ~[spring-web-6.2.1.jar:6.2.1]
	at org.springframework.web.servlet.handler.HandlerMappingIntrospector.lambda$createCacheFilter$3(HandlerMappingIntrospector.java:243) ~[spring-webmvc-6.2.1.jar:6.2.1]
	at org.springframework.web.filter.CompositeFilter$VirtualFilterChain.doFilter(CompositeFilter.java:113) [spring-web-6.2.1.jar:6.2.1]
	at org.springframework.web.filter.CompositeFilter.doFilter(CompositeFilter.java:74) [spring-web-6.2.1.jar:6.2.1]
	at org.springframework.security.config.annotation.web.configuration.WebMvcSecurityConfiguration$CompositeFilterChainProxy.doFilter(WebMvcSecurityConfiguration.java:238) [spring-security-config-6.4.2.jar:6.4.2]
	at org.springframework.web.filter.DelegatingFilterProxy.invokeDelegate(DelegatingFilterProxy.java:362) [spring-web-6.2.1.jar:6.2.1]
	at org.springframework.web.filter.DelegatingFilterProxy.doFilter(DelegatingFilterProxy.java:278) [spring-web-6.2.1.jar:6.2.1]
	at org.apache.catalina.core.ApplicationFilterChain.internalDoFilter(ApplicationFilterChain.java:164) [tomcat-embed-core-10.1.40.jar:10.1.40]
	at org.apache.catalina.core.ApplicationFilterChain.doFilter(ApplicationFilterChain.java:140) [tomcat-embed-core-10.1.40.jar:10.1.40]
	at org.springframework.web.filter.RequestContextFilter.doFilterInternal(RequestContextFilter.java:100) [spring-web-6.2.1.jar:6.2.1]
	at org.springframework.web.filter.OncePerRequestFilter.doFilter(OncePerRequestFilter.java:116) [spring-web-6.2.1.jar:6.2.1]
	at org.apache.catalina.core.ApplicationFilterChain.internalDoFilter(ApplicationFilterChain.java:164) [tomcat-embed-core-10.1.40.jar:10.1.40]
	at org.apache.catalina.core.ApplicationFilterChain.doFilter(ApplicationFilterChain.java:140) [tomcat-embed-core-10.1.40.jar:10.1.40]
	at org.springframework.web.filter.FormContentFilter.doFilterInternal(FormContentFilter.java:93) [spring-web-6.2.1.jar:6.2.1]
	at org.springframework.web.filter.OncePerRequestFilter.doFilter(OncePerRequestFilter.java:116) [spring-web-6.2.1.jar:6.2.1]
	at org.apache.catalina.core.ApplicationFilterChain.internalDoFilter(ApplicationFilterChain.java:164) [tomcat-embed-core-10.1.40.jar:10.1.40]
	at org.apache.catalina.core.ApplicationFilterChain.doFilter(ApplicationFilterChain.java:140) [tomcat-embed-core-10.1.40.jar:10.1.40]
	at org.springframework.web.filter.CharacterEncodingFilter.doFilterInternal(CharacterEncodingFilter.java:201) [spring-web-6.2.1.jar:6.2.1]
	at org.springframework.web.filter.OncePerRequestFilter.doFilter(OncePerRequestFilter.java:116) [spring-web-6.2.1.jar:6.2.1]
	at org.apache.catalina.core.ApplicationFilterChain.internalDoFilter(ApplicationFilterChain.java:164) [tomcat-embed-core-10.1.40.jar:10.1.40]
	at org.apache.catalina.core.ApplicationFilterChain.doFilter(ApplicationFilterChain.java:140) [tomcat-embed-core-10.1.40.jar:10.1.40]
	at org.apache.catalina.core.StandardWrapperValve.invoke(StandardWrapperValve.java:167) [tomcat-embed-core-10.1.40.jar:10.1.40]
	at org.apache.catalina.core.StandardContextValve.invoke(StandardContextValve.java:90) [tomcat-embed-core-10.1.40.jar:10.1.40]
	at org.apache.catalina.authenticator.AuthenticatorBase.invoke(AuthenticatorBase.java:483) [tomcat-embed-core-10.1.40.jar:10.1.40]
	at org.apache.catalina.core.StandardHostValve.invoke(StandardHostValve.java:116) [tomcat-embed-core-10.1.40.jar:10.1.40]
	at org.apache.catalina.valves.ErrorReportValve.invoke(ErrorReportValve.java:93) [tomcat-embed-core-10.1.40.jar:10.1.40]
	at org.apache.catalina.core.StandardEngineValve.invoke(StandardEngineValve.java:74) [tomcat-embed-core-10.1.40.jar:10.1.40]
	at org.apache.catalina.connector.CoyoteAdapter.service(CoyoteAdapter.java:344) [tomcat-embed-core-10.1.40.jar:10.1.40]
	at org.apache.coyote.http11.Http11Processor.service(Http11Processor.java:398) [tomcat-embed-core-10.1.40.jar:10.1.40]
	at org.apache.coyote.AbstractProcessorLight.process(AbstractProcessorLight.java:63) [tomcat-embed-core-10.1.40.jar:10.1.40]
	at org.apache.coyote.AbstractProtocol$ConnectionHandler.process(AbstractProtocol.java:903) [tomcat-embed-core-10.1.40.jar:10.1.40]
	at org.apache.tomcat.util.net.NioEndpoint$SocketProcessor.doRun(NioEndpoint.java:1740) [tomcat-embed-core-10.1.40.jar:10.1.40]
	at org.apache.tomcat.util.net.SocketProcessorBase.run(SocketProcessorBase.java:52) [tomcat-embed-core-10.1.40.jar:10.1.40]
	at org.apache.tomcat.util.threads.ThreadPoolExecutor.runWorker(ThreadPoolExecutor.java:1189) [tomcat-embed-core-10.1.40.jar:10.1.40]
	at org.apache.tomcat.util.threads.ThreadPoolExecutor$Worker.run(ThreadPoolExecutor.java:658) [tomcat-embed-core-10.1.40.jar:10.1.40]
	at org.apache.tomcat.util.threads.TaskThread$WrappingRunnable.run(TaskThread.java:63) [tomcat-embed-core-10.1.40.jar:10.1.40]
	at java.base/java.lang.Thread.run(Thread.java:833) [?:?]
Caused by: org.attoparser.ParseException: Exception evaluating SpringEL expression: "#dates.format(labor.joinDate, 'yyyy-MM-dd')" (template: "labor/edit" - line 57, col 82)
	at org.attoparser.MarkupParser.parseDocument(MarkupParser.java:393) ~[attoparser-2.0.7.RELEASE.jar:2.0.7.RELEASE]
	at org.attoparser.MarkupParser.parse(MarkupParser.java:257) ~[attoparser-2.0.7.RELEASE.jar:2.0.7.RELEASE]
	at org.thymeleaf.templateparser.markup.AbstractMarkupTemplateParser.parse(AbstractMarkupTemplateParser.java:230) ~[thymeleaf-3.1.3.RELEASE.jar:3.1.3.RELEASE]
	... 98 more
Caused by: org.thymeleaf.exceptions.TemplateProcessingException: Exception evaluating SpringEL expression: "#dates.format(labor.joinDate, 'yyyy-MM-dd')" (template: "labor/edit" - line 57, col 82)
	at org.thymeleaf.spring6.expression.SPELVariableExpressionEvaluator.evaluate(SPELVariableExpressionEvaluator.java:292) ~[thymeleaf-spring6-3.1.3.RELEASE.jar:3.1.3.RELEASE]
	at org.thymeleaf.standard.expression.VariableExpression.executeVariableExpression(VariableExpression.java:166) ~[thymeleaf-3.1.3.RELEASE.jar:3.1.3.RELEASE]
	at org.thymeleaf.standard.expression.SimpleExpression.executeSimple(SimpleExpression.java:66) ~[thymeleaf-3.1.3.RELEASE.jar:3.1.3.RELEASE]
	at org.thymeleaf.standard.expression.Expression.execute(Expression.java:109) ~[thymeleaf-3.1.3.RELEASE.jar:3.1.3.RELEASE]
	at org.thymeleaf.standard.expression.Expression.execute(Expression.java:138) ~[thymeleaf-3.1.3.RELEASE.jar:3.1.3.RELEASE]
	at org.thymeleaf.standard.processor.AbstractStandardExpressionAttributeTagProcessor.doProcess(AbstractStandardExpressionAttributeTagProcessor.java:144) ~[thymeleaf-3.1.3.RELEASE.jar:3.1.3.RELEASE]
	at org.thymeleaf.processor.element.AbstractAttributeTagProcessor.doProcess(AbstractAttributeTagProcessor.java:74) ~[thymeleaf-3.1.3.RELEASE.jar:3.1.3.RELEASE]
	at org.thymeleaf.processor.element.AbstractElementTagProcessor.process(AbstractElementTagProcessor.java:95) ~[thymeleaf-3.1.3.RELEASE.jar:3.1.3.RELEASE]
	at org.thymeleaf.util.ProcessorConfigurationUtils$ElementTagProcessorWrapper.process(ProcessorConfigurationUtils.java:633) ~[thymeleaf-3.1.3.RELEASE.jar:3.1.3.RELEASE]
	at org.thymeleaf.engine.ProcessorTemplateHandler.handleStandaloneElement(ProcessorTemplateHandler.java:918) ~[thymeleaf-3.1.3.RELEASE.jar:3.1.3.RELEASE]
	at org.thymeleaf.engine.TemplateHandlerAdapterMarkupHandler.handleStandaloneElementEnd(TemplateHandlerAdapterMarkupHandler.java:260) ~[thymeleaf-3.1.3.RELEASE.jar:3.1.3.RELEASE]
	at org.thymeleaf.templateparser.markup.InlinedOutputExpressionMarkupHandler$InlineMarkupAdapterPreProcessorHandler.handleStandaloneElementEnd(InlinedOutputExpressionMarkupHandler.java:256) ~[thymeleaf-3.1.3.RELEASE.jar:3.1.3.RELEASE]
	at org.thymeleaf.standard.inline.OutputExpressionInlinePreProcessorHandler.handleStandaloneElementEnd(OutputExpressionInlinePreProcessorHandler.java:169) ~[thymeleaf-3.1.3.RELEASE.jar:3.1.3.RELEASE]
	at org.thymeleaf.templateparser.markup.InlinedOutputExpressionMarkupHandler.handleStandaloneElementEnd(InlinedOutputExpressionMarkupHandler.java:104) ~[thymeleaf-3.1.3.RELEASE.jar:3.1.3.RELEASE]
	at org.attoparser.HtmlVoidElement.handleOpenElementEnd(HtmlVoidElement.java:92) ~[attoparser-2.0.7.RELEASE.jar:2.0.7.RELEASE]
	at org.attoparser.HtmlMarkupHandler.handleOpenElementEnd(HtmlMarkupHandler.java:297) ~[attoparser-2.0.7.RELEASE.jar:2.0.7.RELEASE]
	at org.attoparser.MarkupEventProcessorHandler.handleOpenElementEnd(MarkupEventProcessorHandler.java:402) ~[attoparser-2.0.7.RELEASE.jar:2.0.7.RELEASE]
	at org.attoparser.ParsingElementMarkupUtil.parseOpenElement(ParsingElementMarkupUtil.java:159) ~[attoparser-2.0.7.RELEASE.jar:2.0.7.RELEASE]
	at org.attoparser.MarkupParser.parseBuffer(MarkupParser.java:710) ~[attoparser-2.0.7.RELEASE.jar:2.0.7.RELEASE]
	at org.attoparser.MarkupParser.parseDocument(MarkupParser.java:301) ~[attoparser-2.0.7.RELEASE.jar:2.0.7.RELEASE]
	at org.attoparser.MarkupParser.parse(MarkupParser.java:257) ~[attoparser-2.0.7.RELEASE.jar:2.0.7.RELEASE]
	at org.thymeleaf.templateparser.markup.AbstractMarkupTemplateParser.parse(AbstractMarkupTemplateParser.java:230) ~[thymeleaf-3.1.3.RELEASE.jar:3.1.3.RELEASE]
	... 98 more
Caused by: org.springframework.expression.spel.SpelEvaluationException: EL1004E: Method call: Method format(java.time.LocalDate,java.lang.String) cannot be found on type org.thymeleaf.expression.Dates
	at org.springframework.expression.spel.ast.MethodReference.findAccessorForMethod(MethodReference.java:238) ~[spring-expression-6.2.1.jar:6.2.1]
	at org.springframework.expression.spel.ast.MethodReference.getValueInternal(MethodReference.java:148) ~[spring-expression-6.2.1.jar:6.2.1]
	at org.springframework.expression.spel.ast.MethodReference$MethodValueRef.getValue(MethodReference.java:398) ~[spring-expression-6.2.1.jar:6.2.1]
	at org.springframework.expression.spel.ast.CompoundExpression.getValueInternal(CompoundExpression.java:97) ~[spring-expression-6.2.1.jar:6.2.1]
	at org.springframework.expression.spel.ast.SpelNodeImpl.getValue(SpelNodeImpl.java:116) ~[spring-expression-6.2.1.jar:6.2.1]
	at org.springframework.expression.spel.standard.SpelExpression.getValue(SpelExpression.java:338) ~[spring-expression-6.2.1.jar:6.2.1]
	at org.thymeleaf.spring6.expression.SPELVariableExpressionEvaluator.evaluate(SPELVariableExpressionEvaluator.java:265) ~[thymeleaf-spring6-3.1.3.RELEASE.jar:3.1.3.RELEASE]
	at org.thymeleaf.standard.expression.VariableExpression.executeVariableExpression(VariableExpression.java:166) ~[thymeleaf-3.1.3.RELEASE.jar:3.1.3.RELEASE]
	at org.thymeleaf.standard.expression.SimpleExpression.executeSimple(SimpleExpression.java:66) ~[thymeleaf-3.1.3.RELEASE.jar:3.1.3.RELEASE]
	at org.thymeleaf.standard.expression.Expression.execute(Expression.java:109) ~[thymeleaf-3.1.3.RELEASE.jar:3.1.3.RELEASE]
	at org.thymeleaf.standard.expression.Expression.execute(Expression.java:138) ~[thymeleaf-3.1.3.RELEASE.jar:3.1.3.RELEASE]
	at org.thymeleaf.standard.processor.AbstractStandardExpressionAttributeTagProcessor.doProcess(AbstractStandardExpressionAttributeTagProcessor.java:144) ~[thymeleaf-3.1.3.RELEASE.jar:3.1.3.RELEASE]
	at org.thymeleaf.processor.element.AbstractAttributeTagProcessor.doProcess(AbstractAttributeTagProcessor.java:74) ~[thymeleaf-3.1.3.RELEASE.jar:3.1.3.RELEASE]
	at org.thymeleaf.processor.element.AbstractElementTagProcessor.process(AbstractElementTagProcessor.java:95) ~[thymeleaf-3.1.3.RELEASE.jar:3.1.3.RELEASE]
	at org.thymeleaf.util.ProcessorConfigurationUtils$ElementTagProcessorWrapper.process(ProcessorConfigurationUtils.java:633) ~[thymeleaf-3.1.3.RELEASE.jar:3.1.3.RELEASE]
	at org.thymeleaf.engine.ProcessorTemplateHandler.handleStandaloneElement(ProcessorTemplateHandler.java:918) ~[thymeleaf-3.1.3.RELEASE.jar:3.1.3.RELEASE]
	at org.thymeleaf.engine.TemplateHandlerAdapterMarkupHandler.handleStandaloneElementEnd(TemplateHandlerAdapterMarkupHandler.java:260) ~[thymeleaf-3.1.3.RELEASE.jar:3.1.3.RELEASE]
	at org.thymeleaf.templateparser.markup.InlinedOutputExpressionMarkupHandler$InlineMarkupAdapterPreProcessorHandler.handleStandaloneElementEnd(InlinedOutputExpressionMarkupHandler.java:256) ~[thymeleaf-3.1.3.RELEASE.jar:3.1.3.RELEASE]
	at org.thymeleaf.standard.inline.OutputExpressionInlinePreProcessorHandler.handleStandaloneElementEnd(OutputExpressionInlinePreProcessorHandler.java:169) ~[thymeleaf-3.1.3.RELEASE.jar:3.1.3.RELEASE]
	at org.thymeleaf.templateparser.markup.InlinedOutputExpressionMarkupHandler.handleStandaloneElementEnd(InlinedOutputExpressionMarkupHandler.java:104) ~[thymeleaf-3.1.3.RELEASE.jar:3.1.3.RELEASE]
	at org.attoparser.HtmlVoidElement.handleOpenElementEnd(HtmlVoidElement.java:92) ~[attoparser-2.0.7.RELEASE.jar:2.0.7.RELEASE]
	at org.attoparser.HtmlMarkupHandler.handleOpenElementEnd(HtmlMarkupHandler.java:297) ~[attoparser-2.0.7.RELEASE.jar:2.0.7.RELEASE]
	at org.attoparser.MarkupEventProcessorHandler.handleOpenElementEnd(MarkupEventProcessorHandler.java:402) ~[attoparser-2.0.7.RELEASE.jar:2.0.7.RELEASE]
	at org.attoparser.ParsingElementMarkupUtil.parseOpenElement(ParsingElementMarkupUtil.java:159) ~[attoparser-2.0.7.RELEASE.jar:2.0.7.RELEASE]
	at org.attoparser.MarkupParser.parseBuffer(MarkupParser.java:710) ~[attoparser-2.0.7.RELEASE.jar:2.0.7.RELEASE]
	at org.attoparser.MarkupParser.parseDocument(MarkupParser.java:301) ~[attoparser-2.0.7.RELEASE.jar:2.0.7.RELEASE]
	at org.attoparser.MarkupParser.parse(MarkupParser.java:257) ~[attoparser-2.0.7.RELEASE.jar:2.0.7.RELEASE]
	at org.thymeleaf.templateparser.markup.AbstractMarkupTemplateParser.parse(AbstractMarkupTemplateParser.java:230) ~[thymeleaf-3.1.3.RELEASE.jar:3.1.3.RELEASE]
	... 98 more
2025-05-04 01:46:59 [] ERROR org.apache.catalina.core.ContainerBase.[Tomcat].[localhost].[/tailor-master].[dispatcherServlet] - Servlet.service() for servlet [dispatcherServlet] in context with path [/tailor-master] threw exception [Request processing failed: org.thymeleaf.exceptions.TemplateInputException: An error happened during template parsing (template: "class path resource [templates/labor/edit.html]")] with root cause
org.springframework.expression.spel.SpelEvaluationException: EL1004E: Method call: Method format(java.time.LocalDate,java.lang.String) cannot be found on type org.thymeleaf.expression.Dates
	at org.springframework.expression.spel.ast.MethodReference.findAccessorForMethod(MethodReference.java:238) ~[spring-expression-6.2.1.jar:6.2.1]
	at org.springframework.expression.spel.ast.MethodReference.getValueInternal(MethodReference.java:148) ~[spring-expression-6.2.1.jar:6.2.1]
	at org.springframework.expression.spel.ast.MethodReference$MethodValueRef.getValue(MethodReference.java:398) ~[spring-expression-6.2.1.jar:6.2.1]
	at org.springframework.expression.spel.ast.CompoundExpression.getValueInternal(CompoundExpression.java:97) ~[spring-expression-6.2.1.jar:6.2.1]
	at org.springframework.expression.spel.ast.SpelNodeImpl.getValue(SpelNodeImpl.java:116) ~[spring-expression-6.2.1.jar:6.2.1]
	at org.springframework.expression.spel.standard.SpelExpression.getValue(SpelExpression.java:338) ~[spring-expression-6.2.1.jar:6.2.1]
	at org.thymeleaf.spring6.expression.SPELVariableExpressionEvaluator.evaluate(SPELVariableExpressionEvaluator.java:265) ~[thymeleaf-spring6-3.1.3.RELEASE.jar:3.1.3.RELEASE]
	at org.thymeleaf.standard.expression.VariableExpression.executeVariableExpression(VariableExpression.java:166) ~[thymeleaf-3.1.3.RELEASE.jar:3.1.3.RELEASE]
	at org.thymeleaf.standard.expression.SimpleExpression.executeSimple(SimpleExpression.java:66) ~[thymeleaf-3.1.3.RELEASE.jar:3.1.3.RELEASE]
	at org.thymeleaf.standard.expression.Expression.execute(Expression.java:109) ~[thymeleaf-3.1.3.RELEASE.jar:3.1.3.RELEASE]
	at org.thymeleaf.standard.expression.Expression.execute(Expression.java:138) ~[thymeleaf-3.1.3.RELEASE.jar:3.1.3.RELEASE]
	at org.thymeleaf.standard.processor.AbstractStandardExpressionAttributeTagProcessor.doProcess(AbstractStandardExpressionAttributeTagProcessor.java:144) ~[thymeleaf-3.1.3.RELEASE.jar:3.1.3.RELEASE]
	at org.thymeleaf.processor.element.AbstractAttributeTagProcessor.doProcess(AbstractAttributeTagProcessor.java:74) ~[thymeleaf-3.1.3.RELEASE.jar:3.1.3.RELEASE]
	at org.thymeleaf.processor.element.AbstractElementTagProcessor.process(AbstractElementTagProcessor.java:95) ~[thymeleaf-3.1.3.RELEASE.jar:3.1.3.RELEASE]
	at org.thymeleaf.util.ProcessorConfigurationUtils$ElementTagProcessorWrapper.process(ProcessorConfigurationUtils.java:633) ~[thymeleaf-3.1.3.RELEASE.jar:3.1.3.RELEASE]
	at org.thymeleaf.engine.ProcessorTemplateHandler.handleStandaloneElement(ProcessorTemplateHandler.java:918) ~[thymeleaf-3.1.3.RELEASE.jar:3.1.3.RELEASE]
	at org.thymeleaf.engine.TemplateHandlerAdapterMarkupHandler.handleStandaloneElementEnd(TemplateHandlerAdapterMarkupHandler.java:260) ~[thymeleaf-3.1.3.RELEASE.jar:3.1.3.RELEASE]
	at org.thymeleaf.templateparser.markup.InlinedOutputExpressionMarkupHandler$InlineMarkupAdapterPreProcessorHandler.handleStandaloneElementEnd(InlinedOutputExpressionMarkupHandler.java:256) ~[thymeleaf-3.1.3.RELEASE.jar:3.1.3.RELEASE]
	at org.thymeleaf.standard.inline.OutputExpressionInlinePreProcessorHandler.handleStandaloneElementEnd(OutputExpressionInlinePreProcessorHandler.java:169) ~[thymeleaf-3.1.3.RELEASE.jar:3.1.3.RELEASE]
	at org.thymeleaf.templateparser.markup.InlinedOutputExpressionMarkupHandler.handleStandaloneElementEnd(InlinedOutputExpressionMarkupHandler.java:104) ~[thymeleaf-3.1.3.RELEASE.jar:3.1.3.RELEASE]
	at org.attoparser.HtmlVoidElement.handleOpenElementEnd(HtmlVoidElement.java:92) ~[attoparser-2.0.7.RELEASE.jar:2.0.7.RELEASE]
	at org.attoparser.HtmlMarkupHandler.handleOpenElementEnd(HtmlMarkupHandler.java:297) ~[attoparser-2.0.7.RELEASE.jar:2.0.7.RELEASE]
	at org.attoparser.MarkupEventProcessorHandler.handleOpenElementEnd(MarkupEventProcessorHandler.java:402) ~[attoparser-2.0.7.RELEASE.jar:2.0.7.RELEASE]
	at org.attoparser.ParsingElementMarkupUtil.parseOpenElement(ParsingElementMarkupUtil.java:159) ~[attoparser-2.0.7.RELEASE.jar:2.0.7.RELEASE]
	at org.attoparser.MarkupParser.parseBuffer(MarkupParser.java:710) ~[attoparser-2.0.7.RELEASE.jar:2.0.7.RELEASE]
	at org.attoparser.MarkupParser.parseDocument(MarkupParser.java:301) ~[attoparser-2.0.7.RELEASE.jar:2.0.7.RELEASE]
	at org.attoparser.MarkupParser.parse(MarkupParser.java:257) ~[attoparser-2.0.7.RELEASE.jar:2.0.7.RELEASE]
	at org.thymeleaf.templateparser.markup.AbstractMarkupTemplateParser.parse(AbstractMarkupTemplateParser.java:230) ~[thymeleaf-3.1.3.RELEASE.jar:3.1.3.RELEASE]
	at org.thymeleaf.templateparser.markup.AbstractMarkupTemplateParser.parseStandalone(AbstractMarkupTemplateParser.java:100) ~[thymeleaf-3.1.3.RELEASE.jar:3.1.3.RELEASE]
	at org.thymeleaf.engine.TemplateManager.parseAndProcess(TemplateManager.java:666) ~[thymeleaf-3.1.3.RELEASE.jar:3.1.3.RELEASE]
	at org.thymeleaf.TemplateEngine.process(TemplateEngine.java:1103) ~[thymeleaf-3.1.3.RELEASE.jar:3.1.3.RELEASE]
	at org.thymeleaf.TemplateEngine.process(TemplateEngine.java:1077) ~[thymeleaf-3.1.3.RELEASE.jar:3.1.3.RELEASE]
	at org.thymeleaf.spring6.view.ThymeleafView.renderFragment(ThymeleafView.java:372) ~[thymeleaf-spring6-3.1.3.RELEASE.jar:3.1.3.RELEASE]
	at org.thymeleaf.spring6.view.ThymeleafView.render(ThymeleafView.java:192) ~[thymeleaf-spring6-3.1.3.RELEASE.jar:3.1.3.RELEASE]
	at org.springframework.web.servlet.DispatcherServlet.render(DispatcherServlet.java:1435) ~[spring-webmvc-6.2.1.jar:6.2.1]
	at org.springframework.web.servlet.DispatcherServlet.processDispatchResult(DispatcherServlet.java:1167) ~[spring-webmvc-6.2.1.jar:6.2.1]
	at org.springframework.web.servlet.DispatcherServlet.doDispatch(DispatcherServlet.java:1105) ~[spring-webmvc-6.2.1.jar:6.2.1]
	at org.springframework.web.servlet.DispatcherServlet.doService(DispatcherServlet.java:978) ~[spring-webmvc-6.2.1.jar:6.2.1]
	at org.springframework.web.servlet.FrameworkServlet.processRequest(FrameworkServlet.java:1014) ~[spring-webmvc-6.2.1.jar:6.2.1]
	at org.springframework.web.servlet.FrameworkServlet.doGet(FrameworkServlet.java:903) ~[spring-webmvc-6.2.1.jar:6.2.1]
	at jakarta.servlet.http.HttpServlet.service(HttpServlet.java:564) ~[tomcat-embed-core-10.1.40.jar:6.0]
	at org.springframework.web.servlet.FrameworkServlet.service(FrameworkServlet.java:885) ~[spring-webmvc-6.2.1.jar:6.2.1]
	at jakarta.servlet.http.HttpServlet.service(HttpServlet.java:658) ~[tomcat-embed-core-10.1.40.jar:6.0]
	at org.apache.catalina.core.ApplicationFilterChain.internalDoFilter(ApplicationFilterChain.java:195) ~[tomcat-embed-core-10.1.40.jar:10.1.40]
	at org.apache.catalina.core.ApplicationFilterChain.doFilter(ApplicationFilterChain.java:140) ~[tomcat-embed-core-10.1.40.jar:10.1.40]
	at org.apache.tomcat.websocket.server.WsFilter.doFilter(WsFilter.java:51) ~[tomcat-embed-websocket-10.1.40.jar:10.1.40]
	at org.apache.catalina.core.ApplicationFilterChain.internalDoFilter(ApplicationFilterChain.java:164) ~[tomcat-embed-core-10.1.40.jar:10.1.40]
	at org.apache.catalina.core.ApplicationFilterChain.doFilter(ApplicationFilterChain.java:140) ~[tomcat-embed-core-10.1.40.jar:10.1.40]
	at com.example.tailormaster.filter.LoggingMDCFilter.doFilter(LoggingMDCFilter.java:30) ~[classes/:?]
	at org.apache.catalina.core.ApplicationFilterChain.internalDoFilter(ApplicationFilterChain.java:164) ~[tomcat-embed-core-10.1.40.jar:10.1.40]
	at org.apache.catalina.core.ApplicationFilterChain.doFilter(ApplicationFilterChain.java:140) ~[tomcat-embed-core-10.1.40.jar:10.1.40]
	at org.springframework.web.filter.CompositeFilter$VirtualFilterChain.doFilter(CompositeFilter.java:108) ~[spring-web-6.2.1.jar:6.2.1]
	at org.springframework.security.web.FilterChainProxy.lambda$doFilterInternal$3(FilterChainProxy.java:231) ~[spring-security-web-6.4.2.jar:6.4.2]
	at org.springframework.security.web.FilterChainProxy$VirtualFilterChain.doFilter(FilterChainProxy.java:365) ~[spring-security-web-6.4.2.jar:6.4.2]
	at org.springframework.security.web.access.intercept.AuthorizationFilter.doFilter(AuthorizationFilter.java:101) ~[spring-security-web-6.4.2.jar:6.4.2]
	at org.springframework.security.web.FilterChainProxy$VirtualFilterChain.doFilter(FilterChainProxy.java:374) ~[spring-security-web-6.4.2.jar:6.4.2]
	at org.springframework.security.web.access.ExceptionTranslationFilter.doFilter(ExceptionTranslationFilter.java:126) ~[spring-security-web-6.4.2.jar:6.4.2]
	at org.springframework.security.web.access.ExceptionTranslationFilter.doFilter(ExceptionTranslationFilter.java:120) ~[spring-security-web-6.4.2.jar:6.4.2]
	at org.springframework.security.web.FilterChainProxy$VirtualFilterChain.doFilter(FilterChainProxy.java:374) ~[spring-security-web-6.4.2.jar:6.4.2]
	at org.springframework.security.web.authentication.AnonymousAuthenticationFilter.doFilter(AnonymousAuthenticationFilter.java:100) ~[spring-security-web-6.4.2.jar:6.4.2]
	at org.springframework.security.web.FilterChainProxy$VirtualFilterChain.doFilter(FilterChainProxy.java:374) ~[spring-security-web-6.4.2.jar:6.4.2]
	at org.springframework.security.web.servletapi.SecurityContextHolderAwareRequestFilter.doFilter(SecurityContextHolderAwareRequestFilter.java:179) ~[spring-security-web-6.4.2.jar:6.4.2]
	at org.springframework.security.web.FilterChainProxy$VirtualFilterChain.doFilter(FilterChainProxy.java:374) ~[spring-security-web-6.4.2.jar:6.4.2]
	at org.springframework.security.web.savedrequest.RequestCacheAwareFilter.doFilter(RequestCacheAwareFilter.java:63) ~[spring-security-web-6.4.2.jar:6.4.2]
	at org.springframework.security.web.FilterChainProxy$VirtualFilterChain.doFilter(FilterChainProxy.java:374) ~[spring-security-web-6.4.2.jar:6.4.2]
	at org.springframework.security.web.authentication.AbstractAuthenticationProcessingFilter.doFilter(AbstractAuthenticationProcessingFilter.java:227) ~[spring-security-web-6.4.2.jar:6.4.2]
	at org.springframework.security.web.authentication.AbstractAuthenticationProcessingFilter.doFilter(AbstractAuthenticationProcessingFilter.java:221) ~[spring-security-web-6.4.2.jar:6.4.2]
	at org.springframework.security.web.FilterChainProxy$VirtualFilterChain.doFilter(FilterChainProxy.java:374) ~[spring-security-web-6.4.2.jar:6.4.2]
	at org.springframework.security.web.authentication.logout.LogoutFilter.doFilter(LogoutFilter.java:107) ~[spring-security-web-6.4.2.jar:6.4.2]
	at org.springframework.security.web.authentication.logout.LogoutFilter.doFilter(LogoutFilter.java:93) ~[spring-security-web-6.4.2.jar:6.4.2]
	at org.springframework.security.web.FilterChainProxy$VirtualFilterChain.doFilter(FilterChainProxy.java:374) ~[spring-security-web-6.4.2.jar:6.4.2]
	at org.springframework.security.web.csrf.CsrfFilter.doFilterInternal(CsrfFilter.java:117) ~[spring-security-web-6.4.2.jar:6.4.2]
	at org.springframework.web.filter.OncePerRequestFilter.doFilter(OncePerRequestFilter.java:116) ~[spring-web-6.2.1.jar:6.2.1]
	at org.springframework.security.web.FilterChainProxy$VirtualFilterChain.doFilter(FilterChainProxy.java:374) ~[spring-security-web-6.4.2.jar:6.4.2]
	at org.springframework.security.web.header.HeaderWriterFilter.doHeadersAfter(HeaderWriterFilter.java:90) ~[spring-security-web-6.4.2.jar:6.4.2]
	at org.springframework.security.web.header.HeaderWriterFilter.doFilterInternal(HeaderWriterFilter.java:75) ~[spring-security-web-6.4.2.jar:6.4.2]
	at org.springframework.web.filter.OncePerRequestFilter.doFilter(OncePerRequestFilter.java:116) ~[spring-web-6.2.1.jar:6.2.1]
	at org.springframework.security.web.FilterChainProxy$VirtualFilterChain.doFilter(FilterChainProxy.java:374) ~[spring-security-web-6.4.2.jar:6.4.2]
	at org.springframework.security.web.context.SecurityContextHolderFilter.doFilter(SecurityContextHolderFilter.java:82) ~[spring-security-web-6.4.2.jar:6.4.2]
	at org.springframework.security.web.context.SecurityContextHolderFilter.doFilter(SecurityContextHolderFilter.java:69) ~[spring-security-web-6.4.2.jar:6.4.2]
	at org.springframework.security.web.FilterChainProxy$VirtualFilterChain.doFilter(FilterChainProxy.java:374) ~[spring-security-web-6.4.2.jar:6.4.2]
	at org.springframework.security.web.context.request.async.WebAsyncManagerIntegrationFilter.doFilterInternal(WebAsyncManagerIntegrationFilter.java:62) ~[spring-security-web-6.4.2.jar:6.4.2]
	at org.springframework.web.filter.OncePerRequestFilter.doFilter(OncePerRequestFilter.java:116) ~[spring-web-6.2.1.jar:6.2.1]
	at org.springframework.security.web.FilterChainProxy$VirtualFilterChain.doFilter(FilterChainProxy.java:374) ~[spring-security-web-6.4.2.jar:6.4.2]
	at org.springframework.security.web.session.DisableEncodeUrlFilter.doFilterInternal(DisableEncodeUrlFilter.java:42) ~[spring-security-web-6.4.2.jar:6.4.2]
	at org.springframework.web.filter.OncePerRequestFilter.doFilter(OncePerRequestFilter.java:116) ~[spring-web-6.2.1.jar:6.2.1]
	at org.springframework.security.web.FilterChainProxy$VirtualFilterChain.doFilter(FilterChainProxy.java:374) ~[spring-security-web-6.4.2.jar:6.4.2]
	at org.springframework.security.web.FilterChainProxy.doFilterInternal(FilterChainProxy.java:233) ~[spring-security-web-6.4.2.jar:6.4.2]
	at org.springframework.security.web.FilterChainProxy.doFilter(FilterChainProxy.java:191) ~[spring-security-web-6.4.2.jar:6.4.2]
	at org.springframework.web.filter.CompositeFilter$VirtualFilterChain.doFilter(CompositeFilter.java:113) ~[spring-web-6.2.1.jar:6.2.1]
	at org.springframework.web.servlet.handler.HandlerMappingIntrospector.lambda$createCacheFilter$3(HandlerMappingIntrospector.java:243) ~[spring-webmvc-6.2.1.jar:6.2.1]
	at org.springframework.web.filter.CompositeFilter$VirtualFilterChain.doFilter(CompositeFilter.java:113) ~[spring-web-6.2.1.jar:6.2.1]
	at org.springframework.web.filter.CompositeFilter.doFilter(CompositeFilter.java:74) ~[spring-web-6.2.1.jar:6.2.1]
	at org.springframework.security.config.annotation.web.configuration.WebMvcSecurityConfiguration$CompositeFilterChainProxy.doFilter(WebMvcSecurityConfiguration.java:238) ~[spring-security-config-6.4.2.jar:6.4.2]
	at org.springframework.web.filter.DelegatingFilterProxy.invokeDelegate(DelegatingFilterProxy.java:362) ~[spring-web-6.2.1.jar:6.2.1]
	at org.springframework.web.filter.DelegatingFilterProxy.doFilter(DelegatingFilterProxy.java:278) ~[spring-web-6.2.1.jar:6.2.1]
	at org.apache.catalina.core.ApplicationFilterChain.internalDoFilter(ApplicationFilterChain.java:164) ~[tomcat-embed-core-10.1.40.jar:10.1.40]
	at org.apache.catalina.core.ApplicationFilterChain.doFilter(ApplicationFilterChain.java:140) ~[tomcat-embed-core-10.1.40.jar:10.1.40]
	at org.springframework.web.filter.RequestContextFilter.doFilterInternal(RequestContextFilter.java:100) ~[spring-web-6.2.1.jar:6.2.1]
	at org.springframework.web.filter.OncePerRequestFilter.doFilter(OncePerRequestFilter.java:116) ~[spring-web-6.2.1.jar:6.2.1]
	at org.apache.catalina.core.ApplicationFilterChain.internalDoFilter(ApplicationFilterChain.java:164) ~[tomcat-embed-core-10.1.40.jar:10.1.40]
	at org.apache.catalina.core.ApplicationFilterChain.doFilter(ApplicationFilterChain.java:140) ~[tomcat-embed-core-10.1.40.jar:10.1.40]
	at org.springframework.web.filter.FormContentFilter.doFilterInternal(FormContentFilter.java:93) ~[spring-web-6.2.1.jar:6.2.1]
	at org.springframework.web.filter.OncePerRequestFilter.doFilter(OncePerRequestFilter.java:116) ~[spring-web-6.2.1.jar:6.2.1]
	at org.apache.catalina.core.ApplicationFilterChain.internalDoFilter(ApplicationFilterChain.java:164) ~[tomcat-embed-core-10.1.40.jar:10.1.40]
	at org.apache.catalina.core.ApplicationFilterChain.doFilter(ApplicationFilterChain.java:140) ~[tomcat-embed-core-10.1.40.jar:10.1.40]
	at org.springframework.web.filter.CharacterEncodingFilter.doFilterInternal(CharacterEncodingFilter.java:201) ~[spring-web-6.2.1.jar:6.2.1]
	at org.springframework.web.filter.OncePerRequestFilter.doFilter(OncePerRequestFilter.java:116) ~[spring-web-6.2.1.jar:6.2.1]
	at org.apache.catalina.core.ApplicationFilterChain.internalDoFilter(ApplicationFilterChain.java:164) ~[tomcat-embed-core-10.1.40.jar:10.1.40]
	at org.apache.catalina.core.ApplicationFilterChain.doFilter(ApplicationFilterChain.java:140) ~[tomcat-embed-core-10.1.40.jar:10.1.40]
	at org.apache.catalina.core.StandardWrapperValve.invoke(StandardWrapperValve.java:167) [tomcat-embed-core-10.1.40.jar:10.1.40]
	at org.apache.catalina.core.StandardContextValve.invoke(StandardContextValve.java:90) [tomcat-embed-core-10.1.40.jar:10.1.40]
	at org.apache.catalina.authenticator.AuthenticatorBase.invoke(AuthenticatorBase.java:483) [tomcat-embed-core-10.1.40.jar:10.1.40]
	at org.apache.catalina.core.StandardHostValve.invoke(StandardHostValve.java:116) [tomcat-embed-core-10.1.40.jar:10.1.40]
	at org.apache.catalina.valves.ErrorReportValve.invoke(ErrorReportValve.java:93) [tomcat-embed-core-10.1.40.jar:10.1.40]
	at org.apache.catalina.core.StandardEngineValve.invoke(StandardEngineValve.java:74) [tomcat-embed-core-10.1.40.jar:10.1.40]
	at org.apache.catalina.connector.CoyoteAdapter.service(CoyoteAdapter.java:344) [tomcat-embed-core-10.1.40.jar:10.1.40]
	at org.apache.coyote.http11.Http11Processor.service(Http11Processor.java:398) [tomcat-embed-core-10.1.40.jar:10.1.40]
	at org.apache.coyote.AbstractProcessorLight.process(AbstractProcessorLight.java:63) [tomcat-embed-core-10.1.40.jar:10.1.40]
	at org.apache.coyote.AbstractProtocol$ConnectionHandler.process(AbstractProtocol.java:903) [tomcat-embed-core-10.1.40.jar:10.1.40]
	at org.apache.tomcat.util.net.NioEndpoint$SocketProcessor.doRun(NioEndpoint.java:1740) [tomcat-embed-core-10.1.40.jar:10.1.40]
	at org.apache.tomcat.util.net.SocketProcessorBase.run(SocketProcessorBase.java:52) [tomcat-embed-core-10.1.40.jar:10.1.40]
	at org.apache.tomcat.util.threads.ThreadPoolExecutor.runWorker(ThreadPoolExecutor.java:1189) [tomcat-embed-core-10.1.40.jar:10.1.40]
	at org.apache.tomcat.util.threads.ThreadPoolExecutor$Worker.run(ThreadPoolExecutor.java:658) [tomcat-embed-core-10.1.40.jar:10.1.40]
	at org.apache.tomcat.util.threads.TaskThread$WrappingRunnable.run(TaskThread.java:63) [tomcat-embed-core-10.1.40.jar:10.1.40]
	at java.base/java.lang.Thread.run(Thread.java:833) [?:?]
2025-05-04 01:46:59 [] INFO  com.example.tailormaster.filter.LoggingInterceptor - User 'null' is requesting: GET /tailor-master/error
2025-05-04 01:47:02 [] INFO  org.springframework.boot.web.embedded.tomcat.GracefulShutdown - Commencing graceful shutdown. Waiting for active requests to complete
2025-05-04 01:47:03 [] INFO  org.springframework.boot.web.embedded.tomcat.GracefulShutdown - Graceful shutdown complete
2025-05-04 01:47:03 [] INFO  org.springframework.orm.jpa.LocalContainerEntityManagerFactoryBean - Closing JPA EntityManagerFactory for persistence unit 'default'
2025-05-04 01:47:03 [] INFO  com.zaxxer.hikari.HikariDataSource - HikariPool-1 - Shutdown initiated...
2025-05-04 01:47:03 [] INFO  com.zaxxer.hikari.HikariDataSource - HikariPool-1 - Shutdown completed.
2025-05-04 01:47:12 [] INFO  org.hibernate.validator.internal.util.Version - HV000001: Hibernate Validator 8.0.2.Final
2025-05-04 01:47:12 [] INFO  com.example.tailormaster.TailorMasterAppApplication - Starting TailorMasterAppApplication using Java 17.0.2 with PID 2196 (E:\Development-Workspaces\tailor-master-app\tailor-master-app\target\classes started by wajiz.pk in E:\Development-Workspaces\tailor-master-app\tailor-master-app)
2025-05-04 01:47:12 [] INFO  com.example.tailormaster.TailorMasterAppApplication - No active profile set, falling back to 1 default profile: "default"
2025-05-04 01:47:12 [] INFO  org.springframework.boot.devtools.env.DevToolsPropertyDefaultsPostProcessor - Devtools property defaults active! Set 'spring.devtools.add-properties' to 'false' to disable
2025-05-04 01:47:12 [] INFO  org.springframework.boot.devtools.env.DevToolsPropertyDefaultsPostProcessor - For additional web related logging consider setting the 'logging.level.web' property to 'DEBUG'
2025-05-04 01:47:14 [] INFO  org.springframework.data.repository.config.RepositoryConfigurationDelegate - Bootstrapping Spring Data JPA repositories in DEFAULT mode.
2025-05-04 01:47:14 [] INFO  org.springframework.data.repository.config.RepositoryConfigurationDelegate - Finished Spring Data repository scanning in 190 ms. Found 12 JPA repository interfaces.
2025-05-04 01:47:15 [] INFO  org.springframework.boot.web.embedded.tomcat.TomcatWebServer - Tomcat initialized with port 8080 (http)
2025-05-04 01:47:15 [] INFO  org.apache.coyote.http11.Http11NioProtocol - Initializing ProtocolHandler ["http-nio-8080"]
2025-05-04 01:47:15 [] INFO  org.apache.catalina.core.StandardService - Starting service [Tomcat]
2025-05-04 01:47:15 [] INFO  org.apache.catalina.core.StandardEngine - Starting Servlet engine: [Apache Tomcat/10.1.40]
2025-05-04 01:47:15 [] INFO  org.apache.catalina.core.ContainerBase.[Tomcat].[localhost].[/tailor-master] - Initializing Spring embedded WebApplicationContext
2025-05-04 01:47:15 [] INFO  org.springframework.boot.web.servlet.context.ServletWebServerApplicationContext - Root WebApplicationContext: initialization completed in 3201 ms
2025-05-04 01:47:16 [] INFO  org.hibernate.jpa.internal.util.LogHelper - HHH000204: Processing PersistenceUnitInfo [name: default]
2025-05-04 01:47:16 [] INFO  org.hibernate.Version - HHH000412: Hibernate ORM core version 6.6.4.Final
2025-05-04 01:47:16 [] INFO  org.hibernate.cache.internal.RegionFactoryInitiator - HHH000026: Second-level cache disabled
2025-05-04 01:47:16 [] INFO  org.springframework.orm.jpa.persistenceunit.SpringPersistenceUnitInfo - No LoadTimeWeaver setup: ignoring JPA class transformer
2025-05-04 01:47:16 [] INFO  com.zaxxer.hikari.HikariDataSource - HikariPool-1 - Starting...
2025-05-04 01:47:17 [] INFO  com.zaxxer.hikari.pool.HikariPool - HikariPool-1 - Added connection com.mysql.cj.jdbc.ConnectionImpl@7623732c
2025-05-04 01:47:17 [] INFO  com.zaxxer.hikari.HikariDataSource - HikariPool-1 - Start completed.
2025-05-04 01:47:17 [] INFO  org.hibernate.orm.connections.pooling - HHH10001005: Database info:
	Database JDBC URL [Connecting through datasource 'HikariDataSource (HikariPool-1)']
	Database driver: undefined/unknown
	Database version: 8.0.28
	Autocommit mode: undefined/unknown
	Isolation level: undefined/unknown
	Minimum pool size: undefined/unknown
	Maximum pool size: undefined/unknown
2025-05-04 01:47:19 [] INFO  org.hibernate.engine.transaction.jta.platform.internal.JtaPlatformInitiator - HHH000489: No JTA platform available (set 'hibernate.transaction.jta.platform' to enable JTA platform integration)
2025-05-04 01:47:19 [] INFO  org.springframework.orm.jpa.LocalContainerEntityManagerFactoryBean - Initialized JPA EntityManagerFactory for persistence unit 'default'
2025-05-04 01:47:20 [] INFO  org.springframework.data.jpa.repository.query.QueryEnhancerFactory - Hibernate is in classpath; If applicable, HQL parser will be used.
2025-05-04 01:47:23 [] WARN  org.springframework.boot.autoconfigure.orm.jpa.JpaBaseConfiguration$JpaWebConfiguration - spring.jpa.open-in-view is enabled by default. Therefore, database queries may be performed during view rendering. Explicitly configure spring.jpa.open-in-view to disable this warning
2025-05-04 01:47:23 [] INFO  org.springframework.security.config.annotation.authentication.configuration.InitializeAuthenticationProviderBeanManagerConfigurer$InitializeAuthenticationProviderManagerConfigurer - Global AuthenticationManager configured with AuthenticationProvider bean with name authenticationProvider
2025-05-04 01:47:23 [] WARN  org.springframework.security.config.annotation.authentication.configuration.InitializeUserDetailsBeanManagerConfigurer$InitializeUserDetailsManagerConfigurer - Global AuthenticationManager configured with an AuthenticationProvider bean. UserDetailsService beans will not be used by Spring Security for automatically configuring username/password login. Consider removing the AuthenticationProvider bean. Alternatively, consider using the UserDetailsService in a manually instantiated DaoAuthenticationProvider. If the current configuration is intentional, to turn off this warning, increase the logging level of 'org.springframework.security.config.annotation.authentication.configuration.InitializeUserDetailsBeanManagerConfigurer' to ERROR
2025-05-04 01:47:24 [] INFO  org.springframework.boot.devtools.autoconfigure.OptionalLiveReloadServer - LiveReload server is running on port 35729
2025-05-04 01:47:24 [] INFO  org.apache.coyote.http11.Http11NioProtocol - Starting ProtocolHandler ["http-nio-8080"]
2025-05-04 01:47:24 [] INFO  org.springframework.boot.web.embedded.tomcat.TomcatWebServer - Tomcat started on port 8080 (http) with context path '/tailor-master'
2025-05-04 01:47:24 [] INFO  com.example.tailormaster.TailorMasterAppApplication - Started TailorMasterAppApplication in 13.583 seconds (process running for 16.053)
2025-05-04 01:47:38 [] INFO  org.apache.catalina.core.ContainerBase.[Tomcat].[localhost].[/tailor-master] - Initializing Spring DispatcherServlet 'dispatcherServlet'
2025-05-04 01:47:39 [] INFO  org.springframework.web.servlet.DispatcherServlet - Initializing Servlet 'dispatcherServlet'
2025-05-04 01:47:39 [] INFO  org.springframework.web.servlet.DispatcherServlet - Completed initialization in 2 ms
2025-05-04 01:47:39 [abdullateef] INFO  com.example.tailormaster.filter.LoggingInterceptor - User 'abdullateef' is requesting: GET /tailor-master/labors/edit/CMDD_zjLpvT2P5OvhM0C1oGiTve-nJ5Fg4dbfszjfWs=
2025-05-04 01:47:39 [abdullateef] INFO  com.example.tailormaster.controller.labor.LaborController - Displaying update labor form for labor ID: CMDD_zjLpvT2P5OvhM0C1oGiTve-nJ5Fg4dbfszjfWs=
2025-05-04 01:47:39 [abdullateef] INFO  com.example.tailormaster.controller.labor.LaborController - Populated Labor for edit form: Optional[Labor(name=LaborTest3, contact=03221122333, skills=Stitching, joinDate=2025-05-04, status=ACTIVE)]
2025-05-04 01:47:40 [abdullateef] INFO  com.example.tailormaster.filter.LoggingInterceptor - User 'abdullateef' is requesting: GET /tailor-master/dashboard/notifications/upcoming-deliveries
2025-05-04 01:47:40 [abdullateef] INFO  com.example.tailormaster.controller.dashboard.DashboardController - Requested upcoming deliveries.
2025-05-04 01:47:40 [abdullateef] INFO  com.example.tailormaster.service.dashboard.DashboardService - Upcoming deliveries fetched: 8
2025-05-04 01:47:40 [abdullateef] INFO  com.example.tailormaster.controller.dashboard.DashboardController - Upcoming deliveries fetched: 8
2025-05-04 01:48:45 [] INFO  org.springframework.boot.web.embedded.tomcat.GracefulShutdown - Commencing graceful shutdown. Waiting for active requests to complete
2025-05-04 01:48:46 [] INFO  org.springframework.boot.web.embedded.tomcat.GracefulShutdown - Graceful shutdown complete
2025-05-04 01:48:46 [] INFO  org.springframework.orm.jpa.LocalContainerEntityManagerFactoryBean - Closing JPA EntityManagerFactory for persistence unit 'default'
2025-05-04 01:48:46 [] INFO  com.zaxxer.hikari.HikariDataSource - HikariPool-1 - Shutdown initiated...
2025-05-04 01:48:46 [] INFO  com.zaxxer.hikari.HikariDataSource - HikariPool-1 - Shutdown completed.
2025-05-04 01:48:54 [] INFO  org.hibernate.validator.internal.util.Version - HV000001: Hibernate Validator 8.0.2.Final
2025-05-04 01:48:55 [] INFO  com.example.tailormaster.TailorMasterAppApplication - Starting TailorMasterAppApplication using Java 17.0.2 with PID 980 (E:\Development-Workspaces\tailor-master-app\tailor-master-app\target\classes started by wajiz.pk in E:\Development-Workspaces\tailor-master-app\tailor-master-app)
2025-05-04 01:48:55 [] INFO  com.example.tailormaster.TailorMasterAppApplication - No active profile set, falling back to 1 default profile: "default"
2025-05-04 01:48:55 [] INFO  org.springframework.boot.devtools.env.DevToolsPropertyDefaultsPostProcessor - Devtools property defaults active! Set 'spring.devtools.add-properties' to 'false' to disable
2025-05-04 01:48:55 [] INFO  org.springframework.boot.devtools.env.DevToolsPropertyDefaultsPostProcessor - For additional web related logging consider setting the 'logging.level.web' property to 'DEBUG'
2025-05-04 01:48:56 [] INFO  org.springframework.data.repository.config.RepositoryConfigurationDelegate - Bootstrapping Spring Data JPA repositories in DEFAULT mode.
2025-05-04 01:48:57 [] INFO  org.springframework.data.repository.config.RepositoryConfigurationDelegate - Finished Spring Data repository scanning in 179 ms. Found 12 JPA repository interfaces.
2025-05-04 01:48:58 [] INFO  org.springframework.boot.web.embedded.tomcat.TomcatWebServer - Tomcat initialized with port 8080 (http)
2025-05-04 01:48:58 [] INFO  org.apache.coyote.http11.Http11NioProtocol - Initializing ProtocolHandler ["http-nio-8080"]
2025-05-04 01:48:58 [] INFO  org.apache.catalina.core.StandardService - Starting service [Tomcat]
2025-05-04 01:48:58 [] INFO  org.apache.catalina.core.StandardEngine - Starting Servlet engine: [Apache Tomcat/10.1.40]
2025-05-04 01:48:58 [] INFO  org.apache.catalina.core.ContainerBase.[Tomcat].[localhost].[/tailor-master] - Initializing Spring embedded WebApplicationContext
2025-05-04 01:48:58 [] INFO  org.springframework.boot.web.servlet.context.ServletWebServerApplicationContext - Root WebApplicationContext: initialization completed in 3016 ms
2025-05-04 01:48:58 [] INFO  org.hibernate.jpa.internal.util.LogHelper - HHH000204: Processing PersistenceUnitInfo [name: default]
2025-05-04 01:48:58 [] INFO  org.hibernate.Version - HHH000412: Hibernate ORM core version 6.6.4.Final
2025-05-04 01:48:58 [] INFO  org.hibernate.cache.internal.RegionFactoryInitiator - HHH000026: Second-level cache disabled
2025-05-04 01:48:59 [] INFO  org.springframework.orm.jpa.persistenceunit.SpringPersistenceUnitInfo - No LoadTimeWeaver setup: ignoring JPA class transformer
2025-05-04 01:48:59 [] INFO  com.zaxxer.hikari.HikariDataSource - HikariPool-1 - Starting...
2025-05-04 01:48:59 [] INFO  com.zaxxer.hikari.pool.HikariPool - HikariPool-1 - Added connection com.mysql.cj.jdbc.ConnectionImpl@42e2996
2025-05-04 01:48:59 [] INFO  com.zaxxer.hikari.HikariDataSource - HikariPool-1 - Start completed.
2025-05-04 01:48:59 [] INFO  org.hibernate.orm.connections.pooling - HHH10001005: Database info:
	Database JDBC URL [Connecting through datasource 'HikariDataSource (HikariPool-1)']
	Database driver: undefined/unknown
	Database version: 8.0.28
	Autocommit mode: undefined/unknown
	Isolation level: undefined/unknown
	Minimum pool size: undefined/unknown
	Maximum pool size: undefined/unknown
2025-05-04 01:49:02 [] INFO  org.hibernate.engine.transaction.jta.platform.internal.JtaPlatformInitiator - HHH000489: No JTA platform available (set 'hibernate.transaction.jta.platform' to enable JTA platform integration)
2025-05-04 01:49:02 [] INFO  org.springframework.orm.jpa.LocalContainerEntityManagerFactoryBean - Initialized JPA EntityManagerFactory for persistence unit 'default'
2025-05-04 01:49:02 [] INFO  org.springframework.data.jpa.repository.query.QueryEnhancerFactory - Hibernate is in classpath; If applicable, HQL parser will be used.
2025-05-04 01:49:05 [] WARN  org.springframework.boot.autoconfigure.orm.jpa.JpaBaseConfiguration$JpaWebConfiguration - spring.jpa.open-in-view is enabled by default. Therefore, database queries may be performed during view rendering. Explicitly configure spring.jpa.open-in-view to disable this warning
2025-05-04 01:49:05 [] INFO  org.springframework.security.config.annotation.authentication.configuration.InitializeAuthenticationProviderBeanManagerConfigurer$InitializeAuthenticationProviderManagerConfigurer - Global AuthenticationManager configured with AuthenticationProvider bean with name authenticationProvider
2025-05-04 01:49:05 [] WARN  org.springframework.security.config.annotation.authentication.configuration.InitializeUserDetailsBeanManagerConfigurer$InitializeUserDetailsManagerConfigurer - Global AuthenticationManager configured with an AuthenticationProvider bean. UserDetailsService beans will not be used by Spring Security for automatically configuring username/password login. Consider removing the AuthenticationProvider bean. Alternatively, consider using the UserDetailsService in a manually instantiated DaoAuthenticationProvider. If the current configuration is intentional, to turn off this warning, increase the logging level of 'org.springframework.security.config.annotation.authentication.configuration.InitializeUserDetailsBeanManagerConfigurer' to ERROR
2025-05-04 01:49:06 [] INFO  org.springframework.boot.devtools.autoconfigure.OptionalLiveReloadServer - LiveReload server is running on port 35729
2025-05-04 01:49:06 [] INFO  org.apache.coyote.http11.Http11NioProtocol - Starting ProtocolHandler ["http-nio-8080"]
2025-05-04 01:49:06 [] INFO  org.springframework.boot.web.embedded.tomcat.TomcatWebServer - Tomcat started on port 8080 (http) with context path '/tailor-master'
2025-05-04 01:49:07 [] INFO  com.example.tailormaster.TailorMasterAppApplication - Started TailorMasterAppApplication in 12.974 seconds (process running for 15.465)
2025-05-04 01:49:12 [] INFO  org.apache.catalina.core.ContainerBase.[Tomcat].[localhost].[/tailor-master] - Initializing Spring DispatcherServlet 'dispatcherServlet'
2025-05-04 01:49:12 [] INFO  org.springframework.web.servlet.DispatcherServlet - Initializing Servlet 'dispatcherServlet'
2025-05-04 01:49:12 [] INFO  org.springframework.web.servlet.DispatcherServlet - Completed initialization in 4 ms
2025-05-04 01:49:12 [abdullateef] INFO  com.example.tailormaster.filter.LoggingInterceptor - User 'abdullateef' is requesting: GET /tailor-master/labors/edit/CMDD_zjLpvT2P5OvhM0C1oGiTve-nJ5Fg4dbfszjfWs=
2025-05-04 01:49:12 [abdullateef] INFO  com.example.tailormaster.controller.labor.LaborController - Displaying update labor form for labor ID: CMDD_zjLpvT2P5OvhM0C1oGiTve-nJ5Fg4dbfszjfWs=
2025-05-04 01:49:12 [abdullateef] INFO  com.example.tailormaster.controller.labor.LaborController - Populated Labor for edit form: Optional[Labor(name=LaborTest3, contact=03221122333, skills=Stitching, joinDate=2025-05-04, status=ACTIVE)]
2025-05-04 01:49:13 [abdullateef] INFO  com.example.tailormaster.filter.LoggingInterceptor - User 'abdullateef' is requesting: GET /tailor-master/dashboard/notifications/upcoming-deliveries
2025-05-04 01:49:13 [abdullateef] INFO  com.example.tailormaster.controller.dashboard.DashboardController - Requested upcoming deliveries.
2025-05-04 01:49:13 [abdullateef] INFO  com.example.tailormaster.service.dashboard.DashboardService - Upcoming deliveries fetched: 8
2025-05-04 01:49:13 [abdullateef] INFO  com.example.tailormaster.controller.dashboard.DashboardController - Upcoming deliveries fetched: 8
2025-05-04 01:51:49 [] INFO  org.springframework.boot.web.embedded.tomcat.GracefulShutdown - Commencing graceful shutdown. Waiting for active requests to complete
2025-05-04 01:51:51 [] INFO  org.springframework.boot.web.embedded.tomcat.GracefulShutdown - Graceful shutdown complete
2025-05-04 01:51:51 [] INFO  org.springframework.orm.jpa.LocalContainerEntityManagerFactoryBean - Closing JPA EntityManagerFactory for persistence unit 'default'
2025-05-04 01:51:51 [] INFO  com.zaxxer.hikari.HikariDataSource - HikariPool-1 - Shutdown initiated...
2025-05-04 01:51:51 [] INFO  com.zaxxer.hikari.HikariDataSource - HikariPool-1 - Shutdown completed.
2025-05-04 12:09:06 [] INFO  org.hibernate.validator.internal.util.Version - HV000001: Hibernate Validator 8.0.2.Final
2025-05-04 12:09:07 [] INFO  com.example.tailormaster.TailorMasterAppApplication - Starting TailorMasterAppApplication using Java 17.0.2 with PID 18020 (E:\Development-Workspaces\tailor-master-app\tailor-master-app\target\classes started by wajiz.pk in E:\Development-Workspaces\tailor-master-app\tailor-master-app)
2025-05-04 12:09:07 [] INFO  com.example.tailormaster.TailorMasterAppApplication - No active profile set, falling back to 1 default profile: "default"
2025-05-04 12:09:07 [] INFO  org.springframework.boot.devtools.env.DevToolsPropertyDefaultsPostProcessor - Devtools property defaults active! Set 'spring.devtools.add-properties' to 'false' to disable
2025-05-04 12:09:07 [] INFO  org.springframework.boot.devtools.env.DevToolsPropertyDefaultsPostProcessor - For additional web related logging consider setting the 'logging.level.web' property to 'DEBUG'
2025-05-04 12:09:09 [] INFO  org.springframework.data.repository.config.RepositoryConfigurationDelegate - Bootstrapping Spring Data JPA repositories in DEFAULT mode.
2025-05-04 12:09:10 [] INFO  org.springframework.data.repository.config.RepositoryConfigurationDelegate - Finished Spring Data repository scanning in 273 ms. Found 12 JPA repository interfaces.
2025-05-04 12:09:11 [] INFO  org.springframework.boot.web.embedded.tomcat.TomcatWebServer - Tomcat initialized with port 8080 (http)
2025-05-04 12:09:11 [] INFO  org.apache.coyote.http11.Http11NioProtocol - Initializing ProtocolHandler ["http-nio-8080"]
2025-05-04 12:09:11 [] INFO  org.apache.catalina.core.StandardService - Starting service [Tomcat]
2025-05-04 12:09:11 [] INFO  org.apache.catalina.core.StandardEngine - Starting Servlet engine: [Apache Tomcat/10.1.40]
2025-05-04 12:09:11 [] INFO  org.apache.catalina.core.ContainerBase.[Tomcat].[localhost].[/tailor-master] - Initializing Spring embedded WebApplicationContext
2025-05-04 12:09:11 [] INFO  org.springframework.boot.web.servlet.context.ServletWebServerApplicationContext - Root WebApplicationContext: initialization completed in 4474 ms
2025-05-04 12:09:12 [] INFO  org.hibernate.jpa.internal.util.LogHelper - HHH000204: Processing PersistenceUnitInfo [name: default]
2025-05-04 12:09:12 [] INFO  org.hibernate.Version - HHH000412: Hibernate ORM core version 6.6.4.Final
2025-05-04 12:09:12 [] INFO  org.hibernate.cache.internal.RegionFactoryInitiator - HHH000026: Second-level cache disabled
2025-05-04 12:09:13 [] INFO  org.springframework.orm.jpa.persistenceunit.SpringPersistenceUnitInfo - No LoadTimeWeaver setup: ignoring JPA class transformer
2025-05-04 12:09:13 [] INFO  com.zaxxer.hikari.HikariDataSource - HikariPool-1 - Starting...
2025-05-04 12:09:14 [] INFO  com.zaxxer.hikari.pool.HikariPool - HikariPool-1 - Added connection com.mysql.cj.jdbc.ConnectionImpl@10c9c421
2025-05-04 12:09:14 [] INFO  com.zaxxer.hikari.HikariDataSource - HikariPool-1 - Start completed.
2025-05-04 12:09:14 [] INFO  org.hibernate.orm.connections.pooling - HHH10001005: Database info:
	Database JDBC URL [Connecting through datasource 'HikariDataSource (HikariPool-1)']
	Database driver: undefined/unknown
	Database version: 8.0.28
	Autocommit mode: undefined/unknown
	Isolation level: undefined/unknown
	Minimum pool size: undefined/unknown
	Maximum pool size: undefined/unknown
2025-05-04 12:09:16 [] INFO  org.hibernate.engine.transaction.jta.platform.internal.JtaPlatformInitiator - HHH000489: No JTA platform available (set 'hibernate.transaction.jta.platform' to enable JTA platform integration)
2025-05-04 12:09:17 [] INFO  org.springframework.orm.jpa.LocalContainerEntityManagerFactoryBean - Initialized JPA EntityManagerFactory for persistence unit 'default'
2025-05-04 12:09:18 [] INFO  org.springframework.data.jpa.repository.query.QueryEnhancerFactory - Hibernate is in classpath; If applicable, HQL parser will be used.
2025-05-04 12:09:22 [] WARN  org.springframework.boot.autoconfigure.orm.jpa.JpaBaseConfiguration$JpaWebConfiguration - spring.jpa.open-in-view is enabled by default. Therefore, database queries may be performed during view rendering. Explicitly configure spring.jpa.open-in-view to disable this warning
2025-05-04 12:09:22 [] INFO  org.springframework.security.config.annotation.authentication.configuration.InitializeAuthenticationProviderBeanManagerConfigurer$InitializeAuthenticationProviderManagerConfigurer - Global AuthenticationManager configured with AuthenticationProvider bean with name authenticationProvider
2025-05-04 12:09:22 [] WARN  org.springframework.security.config.annotation.authentication.configuration.InitializeUserDetailsBeanManagerConfigurer$InitializeUserDetailsManagerConfigurer - Global AuthenticationManager configured with an AuthenticationProvider bean. UserDetailsService beans will not be used by Spring Security for automatically configuring username/password login. Consider removing the AuthenticationProvider bean. Alternatively, consider using the UserDetailsService in a manually instantiated DaoAuthenticationProvider. If the current configuration is intentional, to turn off this warning, increase the logging level of 'org.springframework.security.config.annotation.authentication.configuration.InitializeUserDetailsBeanManagerConfigurer' to ERROR
2025-05-04 12:09:23 [] INFO  org.springframework.boot.devtools.autoconfigure.OptionalLiveReloadServer - LiveReload server is running on port 35729
2025-05-04 12:09:23 [] INFO  org.apache.coyote.http11.Http11NioProtocol - Starting ProtocolHandler ["http-nio-8080"]
2025-05-04 12:09:23 [] INFO  org.springframework.boot.web.embedded.tomcat.TomcatWebServer - Tomcat started on port 8080 (http) with context path '/tailor-master'
2025-05-04 12:09:23 [] INFO  com.example.tailormaster.TailorMasterAppApplication - Started TailorMasterAppApplication in 18.207 seconds (process running for 25.314)
2025-05-04 12:09:48 [] INFO  org.apache.catalina.core.ContainerBase.[Tomcat].[localhost].[/tailor-master] - Initializing Spring DispatcherServlet 'dispatcherServlet'
2025-05-04 12:09:48 [] INFO  org.springframework.web.servlet.DispatcherServlet - Initializing Servlet 'dispatcherServlet'
2025-05-04 12:09:48 [] INFO  org.springframework.web.servlet.DispatcherServlet - Completed initialization in 4 ms
2025-05-04 12:09:48 [] WARN  org.apache.catalina.util.SessionIdGeneratorBase - Creation of SecureRandom instance for session ID generation using [SHA1PRNG] took [116] milliseconds.
2025-05-04 12:09:48 [ANONYMOUS] INFO  com.example.tailormaster.filter.LoggingInterceptor - User 'ANONYMOUS' is requesting: GET /tailor-master/login
2025-05-04 12:09:48 [ANONYMOUS] INFO  com.example.tailormaster.controller.AuthController - Accessed login page
2025-05-04 12:09:56 [abdullateef] INFO  com.example.tailormaster.filter.LoggingInterceptor - User 'abdullateef' is requesting: GET /tailor-master/dashboard
2025-05-04 12:09:56 [abdullateef] INFO  com.example.tailormaster.controller.AuthController - User 'abdullateef' accessed the dashboard
2025-05-04 12:09:57 [abdullateef] INFO  com.example.tailormaster.filter.LoggingInterceptor - User 'abdullateef' is requesting: GET /tailor-master/dashboard/notifications/upcoming-deliveries
2025-05-04 12:09:57 [abdullateef] INFO  com.example.tailormaster.filter.LoggingInterceptor - User 'abdullateef' is requesting: GET /tailor-master/dashboard/total-customers
2025-05-04 12:09:57 [abdullateef] INFO  com.example.tailormaster.filter.LoggingInterceptor - User 'abdullateef' is requesting: GET /tailor-master/dashboard/total-orders
2025-05-04 12:09:57 [abdullateef] INFO  com.example.tailormaster.filter.LoggingInterceptor - User 'abdullateef' is requesting: GET /tailor-master/dashboard/pending-payments
2025-05-04 12:09:57 [abdullateef] INFO  com.example.tailormaster.filter.LoggingInterceptor - User 'abdullateef' is requesting: GET /tailor-master/dashboard/monthly-revenue-trends
2025-05-04 12:09:57 [abdullateef] INFO  com.example.tailormaster.controller.dashboard.DashboardController - Requested total orders.
2025-05-04 12:09:57 [abdullateef] INFO  com.example.tailormaster.filter.LoggingInterceptor - User 'abdullateef' is requesting: GET /tailor-master/dashboard/revenue-this-month
2025-05-04 12:09:57 [abdullateef] INFO  com.example.tailormaster.controller.dashboard.DashboardController - Requested total customers.
2025-05-04 12:09:57 [abdullateef] INFO  com.example.tailormaster.controller.dashboard.DashboardController - Requested upcoming deliveries.
2025-05-04 12:09:57 [abdullateef] INFO  com.example.tailormaster.controller.dashboard.DashboardController - Requested pending payments.
2025-05-04 12:09:57 [abdullateef] INFO  com.example.tailormaster.controller.dashboard.DashboardController - Requested revenue-this-month.
2025-05-04 12:09:57 [abdullateef] INFO  com.example.tailormaster.controller.dashboard.DashboardController - Requested monthly-revenue-trends.
2025-05-04 12:09:57 [abdullateef] INFO  com.example.tailormaster.service.dashboard.DashboardService - Total pending payments: 7
2025-05-04 12:09:57 [abdullateef] INFO  com.example.tailormaster.controller.dashboard.DashboardController - Pending payments: 7
2025-05-04 12:09:57 [abdullateef] INFO  com.example.tailormaster.service.dashboard.DashboardService - Revenue this month: 12000.00
2025-05-04 12:09:57 [abdullateef] INFO  com.example.tailormaster.controller.dashboard.DashboardController - Revenue this month: 12000.00
2025-05-04 12:09:57 [abdullateef] INFO  com.example.tailormaster.service.dashboard.DashboardService - Upcoming deliveries fetched: 8
2025-05-04 12:09:57 [abdullateef] INFO  com.example.tailormaster.controller.dashboard.DashboardController - Upcoming deliveries fetched: 8
2025-05-04 12:09:57 [abdullateef] INFO  com.example.tailormaster.service.dashboard.DashboardService - Monthly revenue trends fetched successfully
2025-05-04 12:09:57 [abdullateef] INFO  com.example.tailormaster.filter.LoggingInterceptor - User 'abdullateef' is requesting: GET /tailor-master/dashboard/order-status-counts
2025-05-04 12:09:57 [abdullateef] INFO  com.example.tailormaster.controller.dashboard.DashboardController - Requested order-status-counts.
2025-05-04 12:09:57 [abdullateef] INFO  com.example.tailormaster.filter.LoggingInterceptor - User 'abdullateef' is requesting: GET /tailor-master/dashboard/recent-orders
2025-05-04 12:09:57 [abdullateef] INFO  com.example.tailormaster.filter.LoggingInterceptor - User 'abdullateef' is requesting: GET /tailor-master/dashboard/customers/top
2025-05-04 12:09:57 [abdullateef] INFO  com.example.tailormaster.service.dashboard.DashboardService - Order status counts: {Cancelled=1, Pending=7, InProgress=1, Completed=41, Ready for Pickup=7}
2025-05-04 12:09:57 [abdullateef] INFO  com.example.tailormaster.controller.dashboard.DashboardController - Order status counts: {Cancelled=1, Pending=7, InProgress=1, Completed=41, Ready for Pickup=7}
2025-05-04 12:09:57 [abdullateef] INFO  com.example.tailormaster.controller.dashboard.DashboardController - Requested recent-orders.
2025-05-04 12:09:57 [abdullateef] INFO  com.example.tailormaster.controller.dashboard.DashboardController - Requested top customers.
2025-05-04 12:09:57 [abdullateef] INFO  com.example.tailormaster.service.dashboard.DashboardService - Top customers fetched: 5
2025-05-04 12:09:57 [abdullateef] INFO  com.example.tailormaster.controller.dashboard.DashboardController - Top customers fetched: 5
2025-05-04 12:09:57 [abdullateef] INFO  com.example.tailormaster.service.dashboard.DashboardService - Recent orders fetched: 5 orders
2025-05-04 12:09:57 [abdullateef] INFO  com.example.tailormaster.controller.dashboard.DashboardController - Recent orders fetched: 5
2025-05-04 12:09:57 [abdullateef] INFO  com.example.tailormaster.service.dashboard.DashboardService - Total customers: 43
2025-05-04 12:09:57 [abdullateef] INFO  com.example.tailormaster.controller.dashboard.DashboardController - Total customers: 43
2025-05-04 12:09:57 [abdullateef] INFO  com.example.tailormaster.service.dashboard.DashboardService - Total orders: 50
2025-05-04 12:09:57 [abdullateef] INFO  com.example.tailormaster.controller.dashboard.DashboardController - Total orders: 50
2025-05-04 12:10:02 [abdullateef] INFO  com.example.tailormaster.filter.LoggingInterceptor - User 'abdullateef' is requesting: GET /tailor-master/labors
2025-05-04 12:10:02 [abdullateef] INFO  com.example.tailormaster.controller.labor.LaborController - User accessed the labor list page.
2025-05-04 12:10:02 [abdullateef] INFO  com.example.tailormaster.controller.labor.LaborController - Retrieved labors: [Labor(name=TestLabor, contact=03001122334, skills=Stitching, joinDate=2025-05-03, status=ACTIVE), Labor(name=LaborTest3, contact=03221122333, skills=Stitching, joinDate=2025-05-04, status=ACTIVE), Labor(name=LaborTest4, contact=03002211223, skills=, joinDate=null, status=ACTIVE)] 
2025-05-04 12:10:03 [abdullateef] INFO  com.example.tailormaster.filter.LoggingInterceptor - User 'abdullateef' is requesting: GET /tailor-master/dashboard/notifications/upcoming-deliveries
2025-05-04 12:10:03 [abdullateef] INFO  com.example.tailormaster.controller.dashboard.DashboardController - Requested upcoming deliveries.
2025-05-04 12:10:03 [abdullateef] INFO  com.example.tailormaster.service.dashboard.DashboardService - Upcoming deliveries fetched: 8
2025-05-04 12:10:03 [abdullateef] INFO  com.example.tailormaster.controller.dashboard.DashboardController - Upcoming deliveries fetched: 8
2025-05-04 12:11:56 [abdullateef] INFO  com.example.tailormaster.filter.LoggingInterceptor - User 'abdullateef' is requesting: GET /tailor-master/labors/edit/xzj3aQnIH5R-Ib_eCfTfO0hMTEFlaMDj8bJ9jO9OT2Q=
2025-05-04 12:11:56 [abdullateef] INFO  com.example.tailormaster.controller.labor.LaborController - Displaying update labor form for labor ID: xzj3aQnIH5R-Ib_eCfTfO0hMTEFlaMDj8bJ9jO9OT2Q=
2025-05-04 12:11:56 [abdullateef] INFO  com.example.tailormaster.controller.labor.LaborController - Populated Labor for edit form: Optional[Labor(name=TestLabor, contact=03001122334, skills=Stitching, joinDate=2025-05-03, status=ACTIVE)]
2025-05-04 12:11:58 [abdullateef] INFO  com.example.tailormaster.filter.LoggingInterceptor - User 'abdullateef' is requesting: GET /tailor-master/dashboard/notifications/upcoming-deliveries
2025-05-04 12:11:58 [abdullateef] INFO  com.example.tailormaster.controller.dashboard.DashboardController - Requested upcoming deliveries.
2025-05-04 12:11:58 [abdullateef] INFO  com.example.tailormaster.service.dashboard.DashboardService - Upcoming deliveries fetched: 8
2025-05-04 12:11:58 [abdullateef] INFO  com.example.tailormaster.controller.dashboard.DashboardController - Upcoming deliveries fetched: 8
2025-05-04 12:12:05 [abdullateef] INFO  com.example.tailormaster.filter.LoggingInterceptor - User 'abdullateef' is requesting: GET /tailor-master/labors
2025-05-04 12:12:05 [abdullateef] INFO  com.example.tailormaster.controller.labor.LaborController - User accessed the labor list page.
2025-05-04 12:12:05 [abdullateef] INFO  com.example.tailormaster.controller.labor.LaborController - Retrieved labors: [Labor(name=TestLabor, contact=03001122334, skills=Stitching, joinDate=2025-05-03, status=ACTIVE), Labor(name=LaborTest3, contact=03221122333, skills=Stitching, joinDate=2025-05-04, status=ACTIVE), Labor(name=LaborTest4, contact=03002211223, skills=, joinDate=null, status=ACTIVE)] 
2025-05-04 12:12:05 [abdullateef] INFO  com.example.tailormaster.filter.LoggingInterceptor - User 'abdullateef' is requesting: GET /tailor-master/dashboard/notifications/upcoming-deliveries
2025-05-04 12:12:05 [abdullateef] INFO  com.example.tailormaster.controller.dashboard.DashboardController - Requested upcoming deliveries.
2025-05-04 12:12:06 [abdullateef] INFO  com.example.tailormaster.service.dashboard.DashboardService - Upcoming deliveries fetched: 8
2025-05-04 12:12:06 [abdullateef] INFO  com.example.tailormaster.controller.dashboard.DashboardController - Upcoming deliveries fetched: 8
2025-05-04 12:12:07 [abdullateef] INFO  com.example.tailormaster.filter.LoggingInterceptor - User 'abdullateef' is requesting: GET /tailor-master/labors/edit/MN_bLIqbHGdJ7u0-J6gbrqUMkIfk4cUf_sIn_24TRKI=
2025-05-04 12:12:07 [abdullateef] INFO  com.example.tailormaster.controller.labor.LaborController - Displaying update labor form for labor ID: MN_bLIqbHGdJ7u0-J6gbrqUMkIfk4cUf_sIn_24TRKI=
2025-05-04 12:12:07 [abdullateef] INFO  com.example.tailormaster.controller.labor.LaborController - Populated Labor for edit form: Optional[Labor(name=LaborTest4, contact=03002211223, skills=, joinDate=null, status=ACTIVE)]
2025-05-04 12:12:07 [abdullateef] INFO  com.example.tailormaster.filter.LoggingInterceptor - User 'abdullateef' is requesting: GET /tailor-master/dashboard/notifications/upcoming-deliveries
2025-05-04 12:12:07 [abdullateef] INFO  com.example.tailormaster.controller.dashboard.DashboardController - Requested upcoming deliveries.
2025-05-04 12:12:07 [abdullateef] INFO  com.example.tailormaster.service.dashboard.DashboardService - Upcoming deliveries fetched: 8
2025-05-04 12:12:07 [abdullateef] INFO  com.example.tailormaster.controller.dashboard.DashboardController - Upcoming deliveries fetched: 8
2025-05-04 12:12:41 [abdullateef] INFO  com.example.tailormaster.filter.LoggingInterceptor - User 'abdullateef' is requesting: GET /tailor-master/labors
2025-05-04 12:12:41 [abdullateef] INFO  com.example.tailormaster.controller.labor.LaborController - User accessed the labor list page.
2025-05-04 12:12:41 [abdullateef] INFO  com.example.tailormaster.controller.labor.LaborController - Retrieved labors: [Labor(name=TestLabor, contact=03001122334, skills=Stitching, joinDate=2025-05-03, status=ACTIVE), Labor(name=LaborTest3, contact=03221122333, skills=Stitching, joinDate=2025-05-04, status=ACTIVE), Labor(name=LaborTest4, contact=03002211223, skills=, joinDate=null, status=ACTIVE)] 
2025-05-04 12:12:41 [abdullateef] INFO  com.example.tailormaster.filter.LoggingInterceptor - User 'abdullateef' is requesting: GET /tailor-master/dashboard/notifications/upcoming-deliveries
2025-05-04 12:12:41 [abdullateef] INFO  com.example.tailormaster.controller.dashboard.DashboardController - Requested upcoming deliveries.
2025-05-04 12:12:41 [abdullateef] INFO  com.example.tailormaster.service.dashboard.DashboardService - Upcoming deliveries fetched: 8
2025-05-04 12:12:41 [abdullateef] INFO  com.example.tailormaster.controller.dashboard.DashboardController - Upcoming deliveries fetched: 8
2025-05-04 12:12:43 [abdullateef] INFO  com.example.tailormaster.filter.LoggingInterceptor - User 'abdullateef' is requesting: GET /tailor-master/labors/edit/nERvwgBoTuvfq8a47SyKYzEaYwgRxS1CVZetbnny10M=
2025-05-04 12:12:43 [abdullateef] INFO  com.example.tailormaster.controller.labor.LaborController - Displaying update labor form for labor ID: nERvwgBoTuvfq8a47SyKYzEaYwgRxS1CVZetbnny10M=
2025-05-04 12:12:43 [abdullateef] INFO  com.example.tailormaster.controller.labor.LaborController - Populated Labor for edit form: Optional[Labor(name=LaborTest3, contact=03221122333, skills=Stitching, joinDate=2025-05-04, status=ACTIVE)]
2025-05-04 12:12:43 [abdullateef] INFO  com.example.tailormaster.filter.LoggingInterceptor - User 'abdullateef' is requesting: GET /tailor-master/dashboard/notifications/upcoming-deliveries
2025-05-04 12:12:43 [abdullateef] INFO  com.example.tailormaster.controller.dashboard.DashboardController - Requested upcoming deliveries.
2025-05-04 12:12:44 [abdullateef] INFO  com.example.tailormaster.service.dashboard.DashboardService - Upcoming deliveries fetched: 8
2025-05-04 12:12:44 [abdullateef] INFO  com.example.tailormaster.controller.dashboard.DashboardController - Upcoming deliveries fetched: 8
2025-05-04 12:12:50 [abdullateef] INFO  com.example.tailormaster.filter.LoggingInterceptor - User 'abdullateef' is requesting: GET /tailor-master/labors
2025-05-04 12:12:50 [abdullateef] INFO  com.example.tailormaster.controller.labor.LaborController - User accessed the labor list page.
2025-05-04 12:12:50 [abdullateef] INFO  com.example.tailormaster.controller.labor.LaborController - Retrieved labors: [Labor(name=TestLabor, contact=03001122334, skills=Stitching, joinDate=2025-05-03, status=ACTIVE), Labor(name=LaborTest3, contact=03221122333, skills=Stitching, joinDate=2025-05-04, status=ACTIVE), Labor(name=LaborTest4, contact=03002211223, skills=, joinDate=null, status=ACTIVE)] 
2025-05-04 12:12:50 [abdullateef] INFO  com.example.tailormaster.filter.LoggingInterceptor - User 'abdullateef' is requesting: GET /tailor-master/dashboard/notifications/upcoming-deliveries
2025-05-04 12:12:50 [abdullateef] INFO  com.example.tailormaster.controller.dashboard.DashboardController - Requested upcoming deliveries.
2025-05-04 12:12:50 [abdullateef] INFO  com.example.tailormaster.service.dashboard.DashboardService - Upcoming deliveries fetched: 8
2025-05-04 12:12:50 [abdullateef] INFO  com.example.tailormaster.controller.dashboard.DashboardController - Upcoming deliveries fetched: 8
2025-05-04 12:12:53 [abdullateef] INFO  com.example.tailormaster.filter.LoggingInterceptor - User 'abdullateef' is requesting: GET /tailor-master/labors/edit/v5zW3HvclIxTx0PAD7fFr0LMNcu2sZ4kTpRAVjWVap4=
2025-05-04 12:12:53 [abdullateef] INFO  com.example.tailormaster.controller.labor.LaborController - Displaying update labor form for labor ID: v5zW3HvclIxTx0PAD7fFr0LMNcu2sZ4kTpRAVjWVap4=
2025-05-04 12:12:53 [abdullateef] INFO  com.example.tailormaster.controller.labor.LaborController - Populated Labor for edit form: Optional[Labor(name=LaborTest4, contact=03002211223, skills=, joinDate=null, status=ACTIVE)]
2025-05-04 12:12:53 [abdullateef] INFO  com.example.tailormaster.filter.LoggingInterceptor - User 'abdullateef' is requesting: GET /tailor-master/dashboard/notifications/upcoming-deliveries
2025-05-04 12:12:53 [abdullateef] INFO  com.example.tailormaster.controller.dashboard.DashboardController - Requested upcoming deliveries.
2025-05-04 12:12:53 [abdullateef] INFO  com.example.tailormaster.service.dashboard.DashboardService - Upcoming deliveries fetched: 8
2025-05-04 12:12:53 [abdullateef] INFO  com.example.tailormaster.controller.dashboard.DashboardController - Upcoming deliveries fetched: 8
2025-05-04 12:13:00 [abdullateef] INFO  com.example.tailormaster.filter.LoggingInterceptor - User 'abdullateef' is requesting: GET /tailor-master/labors
2025-05-04 12:13:00 [abdullateef] INFO  com.example.tailormaster.controller.labor.LaborController - User accessed the labor list page.
2025-05-04 12:13:00 [abdullateef] INFO  com.example.tailormaster.controller.labor.LaborController - Retrieved labors: [Labor(name=TestLabor, contact=03001122334, skills=Stitching, joinDate=2025-05-03, status=ACTIVE), Labor(name=LaborTest3, contact=03221122333, skills=Stitching, joinDate=2025-05-04, status=ACTIVE), Labor(name=LaborTest4, contact=03002211223, skills=, joinDate=null, status=ACTIVE)] 
2025-05-04 12:13:00 [abdullateef] INFO  com.example.tailormaster.filter.LoggingInterceptor - User 'abdullateef' is requesting: GET /tailor-master/dashboard/notifications/upcoming-deliveries
2025-05-04 12:13:00 [abdullateef] INFO  com.example.tailormaster.controller.dashboard.DashboardController - Requested upcoming deliveries.
2025-05-04 12:13:00 [abdullateef] INFO  com.example.tailormaster.service.dashboard.DashboardService - Upcoming deliveries fetched: 8
2025-05-04 12:13:00 [abdullateef] INFO  com.example.tailormaster.controller.dashboard.DashboardController - Upcoming deliveries fetched: 8
2025-05-04 12:13:03 [abdullateef] INFO  com.example.tailormaster.filter.LoggingInterceptor - User 'abdullateef' is requesting: GET /tailor-master/labors/edit/AZ-Dk2CPc8bmfVzd1t7OfkOz5ETW_SyhZFeamcUcTXM=
2025-05-04 12:13:03 [abdullateef] INFO  com.example.tailormaster.controller.labor.LaborController - Displaying update labor form for labor ID: AZ-Dk2CPc8bmfVzd1t7OfkOz5ETW_SyhZFeamcUcTXM=
2025-05-04 12:13:03 [abdullateef] INFO  com.example.tailormaster.controller.labor.LaborController - Populated Labor for edit form: Optional[Labor(name=TestLabor, contact=03001122334, skills=Stitching, joinDate=2025-05-03, status=ACTIVE)]
2025-05-04 12:13:03 [abdullateef] INFO  com.example.tailormaster.filter.LoggingInterceptor - User 'abdullateef' is requesting: GET /tailor-master/dashboard/notifications/upcoming-deliveries
2025-05-04 12:13:03 [abdullateef] INFO  com.example.tailormaster.controller.dashboard.DashboardController - Requested upcoming deliveries.
2025-05-04 12:13:03 [abdullateef] INFO  com.example.tailormaster.service.dashboard.DashboardService - Upcoming deliveries fetched: 8
2025-05-04 12:13:03 [abdullateef] INFO  com.example.tailormaster.controller.dashboard.DashboardController - Upcoming deliveries fetched: 8
2025-05-04 12:13:06 [abdullateef] INFO  com.example.tailormaster.filter.LoggingInterceptor - User 'abdullateef' is requesting: GET /tailor-master/labors
2025-05-04 12:13:06 [abdullateef] INFO  com.example.tailormaster.controller.labor.LaborController - User accessed the labor list page.
2025-05-04 12:13:06 [abdullateef] INFO  com.example.tailormaster.controller.labor.LaborController - Retrieved labors: [Labor(name=TestLabor, contact=03001122334, skills=Stitching, joinDate=2025-05-03, status=ACTIVE), Labor(name=LaborTest3, contact=03221122333, skills=Stitching, joinDate=2025-05-04, status=ACTIVE), Labor(name=LaborTest4, contact=03002211223, skills=, joinDate=null, status=ACTIVE)] 
2025-05-04 12:13:06 [abdullateef] INFO  com.example.tailormaster.filter.LoggingInterceptor - User 'abdullateef' is requesting: GET /tailor-master/dashboard/notifications/upcoming-deliveries
2025-05-04 12:13:06 [abdullateef] INFO  com.example.tailormaster.controller.dashboard.DashboardController - Requested upcoming deliveries.
2025-05-04 12:13:06 [abdullateef] INFO  com.example.tailormaster.service.dashboard.DashboardService - Upcoming deliveries fetched: 8
2025-05-04 12:13:06 [abdullateef] INFO  com.example.tailormaster.controller.dashboard.DashboardController - Upcoming deliveries fetched: 8
2025-05-04 12:16:49 [abdullateef] INFO  com.example.tailormaster.filter.LoggingInterceptor - User 'abdullateef' is requesting: GET /tailor-master/customers
2025-05-04 12:16:51 [abdullateef] INFO  com.example.tailormaster.filter.LoggingInterceptor - User 'abdullateef' is requesting: GET /tailor-master/dashboard/notifications/upcoming-deliveries
2025-05-04 12:16:51 [abdullateef] INFO  com.example.tailormaster.controller.dashboard.DashboardController - Requested upcoming deliveries.
2025-05-04 12:16:51 [abdullateef] INFO  com.example.tailormaster.service.dashboard.DashboardService - Upcoming deliveries fetched: 8
2025-05-04 12:16:51 [abdullateef] INFO  com.example.tailormaster.controller.dashboard.DashboardController - Upcoming deliveries fetched: 8
2025-05-04 12:16:51 [abdullateef] INFO  com.example.tailormaster.filter.LoggingInterceptor - User 'abdullateef' is requesting: GET /tailor-master/customers/datatable
2025-05-04 12:16:51 [abdullateef] INFO  com.example.tailormaster.controller.CustomerController - Fetching customers data with search value: , sort direction: asc, start date: null, end date: null
2025-05-04 17:23:02 [] WARN  com.zaxxer.hikari.pool.HikariPool - HikariPool-1 - Thread starvation or clock leap detected (housekeeper delta=3h53m17s757ms704µs100ns).
2025-05-04 17:44:42 [] WARN  com.zaxxer.hikari.pool.HikariPool - HikariPool-1 - Thread starvation or clock leap detected (housekeeper delta=1m39s69ms504µs).
2025-05-04 17:45:33 [] INFO  org.springframework.boot.web.embedded.tomcat.GracefulShutdown - Commencing graceful shutdown. Waiting for active requests to complete
2025-05-04 17:45:38 [] INFO  org.springframework.boot.web.embedded.tomcat.GracefulShutdown - Graceful shutdown complete
2025-05-04 17:45:38 [] INFO  org.springframework.orm.jpa.LocalContainerEntityManagerFactoryBean - Closing JPA EntityManagerFactory for persistence unit 'default'
2025-05-04 17:45:38 [] INFO  com.zaxxer.hikari.HikariDataSource - HikariPool-1 - Shutdown initiated...
2025-05-04 17:45:38 [] INFO  com.zaxxer.hikari.HikariDataSource - HikariPool-1 - Shutdown completed.
2025-05-04 17:45:54 [] INFO  org.hibernate.validator.internal.util.Version - HV000001: Hibernate Validator 8.0.2.Final
2025-05-04 17:45:54 [] INFO  com.example.tailormaster.TailorMasterAppApplication - Starting TailorMasterAppApplication using Java 17.0.2 with PID 10908 (E:\Development-Workspaces\tailor-master-app\tailor-master-app\target\classes started by wajiz.pk in E:\Development-Workspaces\tailor-master-app\tailor-master-app)
2025-05-04 17:45:54 [] INFO  com.example.tailormaster.TailorMasterAppApplication - No active profile set, falling back to 1 default profile: "default"
2025-05-04 17:45:54 [] INFO  org.springframework.boot.devtools.env.DevToolsPropertyDefaultsPostProcessor - Devtools property defaults active! Set 'spring.devtools.add-properties' to 'false' to disable
2025-05-04 17:45:54 [] INFO  org.springframework.boot.devtools.env.DevToolsPropertyDefaultsPostProcessor - For additional web related logging consider setting the 'logging.level.web' property to 'DEBUG'
2025-05-04 17:45:56 [] INFO  org.springframework.data.repository.config.RepositoryConfigurationDelegate - Bootstrapping Spring Data JPA repositories in DEFAULT mode.
2025-05-04 17:45:56 [] INFO  org.springframework.data.repository.config.RepositoryConfigurationDelegate - Finished Spring Data repository scanning in 183 ms. Found 12 JPA repository interfaces.
2025-05-04 17:45:58 [] INFO  org.springframework.boot.web.embedded.tomcat.TomcatWebServer - Tomcat initialized with port 8080 (http)
2025-05-04 17:45:58 [] INFO  org.apache.coyote.http11.Http11NioProtocol - Initializing ProtocolHandler ["http-nio-8080"]
2025-05-04 17:45:58 [] INFO  org.apache.catalina.core.StandardService - Starting service [Tomcat]
2025-05-04 17:45:58 [] INFO  org.apache.catalina.core.StandardEngine - Starting Servlet engine: [Apache Tomcat/10.1.40]
2025-05-04 17:45:58 [] INFO  org.apache.catalina.core.ContainerBase.[Tomcat].[localhost].[/tailor-master] - Initializing Spring embedded WebApplicationContext
2025-05-04 17:45:58 [] INFO  org.springframework.boot.web.servlet.context.ServletWebServerApplicationContext - Root WebApplicationContext: initialization completed in 3647 ms
2025-05-04 17:45:58 [] INFO  org.hibernate.jpa.internal.util.LogHelper - HHH000204: Processing PersistenceUnitInfo [name: default]
2025-05-04 17:45:58 [] INFO  org.hibernate.Version - HHH000412: Hibernate ORM core version 6.6.4.Final
2025-05-04 17:45:58 [] INFO  org.hibernate.cache.internal.RegionFactoryInitiator - HHH000026: Second-level cache disabled
2025-05-04 17:45:59 [] INFO  org.springframework.orm.jpa.persistenceunit.SpringPersistenceUnitInfo - No LoadTimeWeaver setup: ignoring JPA class transformer
2025-05-04 17:45:59 [] INFO  com.zaxxer.hikari.HikariDataSource - HikariPool-1 - Starting...
2025-05-04 17:46:00 [] INFO  com.zaxxer.hikari.pool.HikariPool - HikariPool-1 - Added connection com.mysql.cj.jdbc.ConnectionImpl@463d4e38
2025-05-04 17:46:00 [] INFO  com.zaxxer.hikari.HikariDataSource - HikariPool-1 - Start completed.
2025-05-04 17:46:00 [] INFO  org.hibernate.orm.connections.pooling - HHH10001005: Database info:
	Database JDBC URL [Connecting through datasource 'HikariDataSource (HikariPool-1)']
	Database driver: undefined/unknown
	Database version: 8.0.28
	Autocommit mode: undefined/unknown
	Isolation level: undefined/unknown
	Minimum pool size: undefined/unknown
	Maximum pool size: undefined/unknown
2025-05-04 17:46:02 [] INFO  org.hibernate.engine.transaction.jta.platform.internal.JtaPlatformInitiator - HHH000489: No JTA platform available (set 'hibernate.transaction.jta.platform' to enable JTA platform integration)
2025-05-04 17:46:02 [] INFO  org.springframework.orm.jpa.LocalContainerEntityManagerFactoryBean - Initialized JPA EntityManagerFactory for persistence unit 'default'
2025-05-04 17:46:03 [] INFO  org.springframework.data.jpa.repository.query.QueryEnhancerFactory - Hibernate is in classpath; If applicable, HQL parser will be used.
2025-05-04 17:46:06 [] WARN  org.springframework.boot.autoconfigure.orm.jpa.JpaBaseConfiguration$JpaWebConfiguration - spring.jpa.open-in-view is enabled by default. Therefore, database queries may be performed during view rendering. Explicitly configure spring.jpa.open-in-view to disable this warning
2025-05-04 17:46:06 [] INFO  org.springframework.security.config.annotation.authentication.configuration.InitializeAuthenticationProviderBeanManagerConfigurer$InitializeAuthenticationProviderManagerConfigurer - Global AuthenticationManager configured with AuthenticationProvider bean with name authenticationProvider
2025-05-04 17:46:06 [] WARN  org.springframework.security.config.annotation.authentication.configuration.InitializeUserDetailsBeanManagerConfigurer$InitializeUserDetailsManagerConfigurer - Global AuthenticationManager configured with an AuthenticationProvider bean. UserDetailsService beans will not be used by Spring Security for automatically configuring username/password login. Consider removing the AuthenticationProvider bean. Alternatively, consider using the UserDetailsService in a manually instantiated DaoAuthenticationProvider. If the current configuration is intentional, to turn off this warning, increase the logging level of 'org.springframework.security.config.annotation.authentication.configuration.InitializeUserDetailsBeanManagerConfigurer' to ERROR
2025-05-04 17:46:07 [] INFO  org.springframework.boot.devtools.autoconfigure.OptionalLiveReloadServer - LiveReload server is running on port 35729
2025-05-04 17:46:07 [] INFO  org.apache.coyote.http11.Http11NioProtocol - Starting ProtocolHandler ["http-nio-8080"]
2025-05-04 17:46:07 [] INFO  org.springframework.boot.web.embedded.tomcat.TomcatWebServer - Tomcat started on port 8080 (http) with context path '/tailor-master'
2025-05-04 17:46:07 [] INFO  com.example.tailormaster.TailorMasterAppApplication - Started TailorMasterAppApplication in 14.729 seconds (process running for 17.921)
2025-05-04 17:46:22 [] INFO  org.apache.catalina.core.ContainerBase.[Tomcat].[localhost].[/tailor-master] - Initializing Spring DispatcherServlet 'dispatcherServlet'
2025-05-04 17:46:22 [] INFO  org.springframework.web.servlet.DispatcherServlet - Initializing Servlet 'dispatcherServlet'
2025-05-04 17:46:22 [] INFO  org.springframework.web.servlet.DispatcherServlet - Completed initialization in 4 ms
2025-05-04 17:46:23 [] WARN  org.apache.catalina.util.SessionIdGeneratorBase - Creation of SecureRandom instance for session ID generation using [SHA1PRNG] took [174] milliseconds.
2025-05-04 17:46:23 [ANONYMOUS] INFO  com.example.tailormaster.filter.LoggingInterceptor - User 'ANONYMOUS' is requesting: GET /tailor-master/login
2025-05-04 17:46:23 [ANONYMOUS] INFO  com.example.tailormaster.controller.AuthController - Accessed login page
2025-05-04 17:46:39 [abdullateef] INFO  com.example.tailormaster.filter.LoggingInterceptor - User 'abdullateef' is requesting: GET /tailor-master/dashboard
2025-05-04 17:46:39 [abdullateef] INFO  com.example.tailormaster.controller.AuthController - User 'abdullateef' accessed the dashboard
2025-05-04 17:46:40 [abdullateef] INFO  com.example.tailormaster.filter.LoggingInterceptor - User 'abdullateef' is requesting: GET /tailor-master/dashboard/notifications/upcoming-deliveries
2025-05-04 17:46:40 [abdullateef] INFO  com.example.tailormaster.filter.LoggingInterceptor - User 'abdullateef' is requesting: GET /tailor-master/dashboard/total-customers
2025-05-04 17:46:40 [abdullateef] INFO  com.example.tailormaster.filter.LoggingInterceptor - User 'abdullateef' is requesting: GET /tailor-master/dashboard/total-orders
2025-05-04 17:46:40 [abdullateef] INFO  com.example.tailormaster.controller.dashboard.DashboardController - Requested upcoming deliveries.
2025-05-04 17:46:40 [abdullateef] INFO  com.example.tailormaster.filter.LoggingInterceptor - User 'abdullateef' is requesting: GET /tailor-master/dashboard/pending-payments
2025-05-04 17:46:40 [abdullateef] INFO  com.example.tailormaster.filter.LoggingInterceptor - User 'abdullateef' is requesting: GET /tailor-master/dashboard/revenue-this-month
2025-05-04 17:46:40 [abdullateef] INFO  com.example.tailormaster.controller.dashboard.DashboardController - Requested total customers.
2025-05-04 17:46:40 [abdullateef] INFO  com.example.tailormaster.controller.dashboard.DashboardController - Requested pending payments.
2025-05-04 17:46:40 [abdullateef] INFO  com.example.tailormaster.service.dashboard.DashboardService - Total pending payments: 7
2025-05-04 17:46:40 [abdullateef] INFO  com.example.tailormaster.controller.dashboard.DashboardController - Pending payments: 7
2025-05-04 17:46:40 [abdullateef] INFO  com.example.tailormaster.controller.dashboard.DashboardController - Requested revenue-this-month.
2025-05-04 17:46:40 [abdullateef] INFO  com.example.tailormaster.service.dashboard.DashboardService - Revenue this month: 12000.00
2025-05-04 17:46:40 [abdullateef] INFO  com.example.tailormaster.controller.dashboard.DashboardController - Revenue this month: 12000.00
2025-05-04 17:46:40 [abdullateef] INFO  com.example.tailormaster.filter.LoggingInterceptor - User 'abdullateef' is requesting: GET /tailor-master/dashboard/monthly-revenue-trends
2025-05-04 17:46:40 [abdullateef] INFO  com.example.tailormaster.filter.LoggingInterceptor - User 'abdullateef' is requesting: GET /tailor-master/dashboard/order-status-counts
2025-05-04 17:46:40 [abdullateef] INFO  com.example.tailormaster.controller.dashboard.DashboardController - Requested total orders.
2025-05-04 17:46:40 [abdullateef] INFO  com.example.tailormaster.service.dashboard.DashboardService - Upcoming deliveries fetched: 8
2025-05-04 17:46:40 [abdullateef] INFO  com.example.tailormaster.controller.dashboard.DashboardController - Upcoming deliveries fetched: 8
2025-05-04 17:46:40 [abdullateef] INFO  com.example.tailormaster.controller.dashboard.DashboardController - Requested order-status-counts.
2025-05-04 17:46:40 [abdullateef] INFO  com.example.tailormaster.controller.dashboard.DashboardController - Requested monthly-revenue-trends.
2025-05-04 17:46:41 [abdullateef] INFO  com.example.tailormaster.service.dashboard.DashboardService - Order status counts: {Cancelled=1, Pending=7, InProgress=1, Completed=41, Ready for Pickup=7}
2025-05-04 17:46:41 [abdullateef] INFO  com.example.tailormaster.controller.dashboard.DashboardController - Order status counts: {Cancelled=1, Pending=7, InProgress=1, Completed=41, Ready for Pickup=7}
2025-05-04 17:46:41 [abdullateef] INFO  com.example.tailormaster.filter.LoggingInterceptor - User 'abdullateef' is requesting: GET /tailor-master/dashboard/recent-orders
2025-05-04 17:46:41 [abdullateef] INFO  com.example.tailormaster.filter.LoggingInterceptor - User 'abdullateef' is requesting: GET /tailor-master/dashboard/customers/top
2025-05-04 17:46:41 [abdullateef] INFO  com.example.tailormaster.controller.dashboard.DashboardController - Requested recent-orders.
2025-05-04 17:46:41 [abdullateef] INFO  com.example.tailormaster.controller.dashboard.DashboardController - Requested top customers.
2025-05-04 17:46:41 [abdullateef] INFO  com.example.tailormaster.service.dashboard.DashboardService - Monthly revenue trends fetched successfully
2025-05-04 17:46:41 [abdullateef] INFO  com.example.tailormaster.service.dashboard.DashboardService - Top customers fetched: 5
2025-05-04 17:46:41 [abdullateef] INFO  com.example.tailormaster.controller.dashboard.DashboardController - Top customers fetched: 5
2025-05-04 17:46:41 [abdullateef] INFO  com.example.tailormaster.service.dashboard.DashboardService - Recent orders fetched: 5 orders
2025-05-04 17:46:41 [abdullateef] INFO  com.example.tailormaster.controller.dashboard.DashboardController - Recent orders fetched: 5
2025-05-04 17:46:41 [abdullateef] INFO  com.example.tailormaster.service.dashboard.DashboardService - Total orders: 50
2025-05-04 17:46:41 [abdullateef] INFO  com.example.tailormaster.controller.dashboard.DashboardController - Total orders: 50
2025-05-04 17:46:41 [abdullateef] INFO  com.example.tailormaster.service.dashboard.DashboardService - Total customers: 43
2025-05-04 17:46:41 [abdullateef] INFO  com.example.tailormaster.controller.dashboard.DashboardController - Total customers: 43
2025-05-04 17:46:49 [abdullateef] INFO  com.example.tailormaster.filter.LoggingInterceptor - User 'abdullateef' is requesting: GET /tailor-master/labors
2025-05-04 17:46:49 [abdullateef] INFO  com.example.tailormaster.controller.labor.LaborController - User accessed the labor list page.
2025-05-04 17:46:49 [abdullateef] INFO  com.example.tailormaster.controller.labor.LaborController - Retrieved labors: [Labor(name=TestLabor, contact=03001122334, skills=Stitching, joinDate=2025-05-03, status=ACTIVE), Labor(name=LaborTest3, contact=03221122333, skills=Stitching, joinDate=2025-05-04, status=ACTIVE), Labor(name=LaborTest4, contact=03002211223, skills=, joinDate=null, status=ACTIVE)] 
2025-05-04 17:46:49 [abdullateef] INFO  com.example.tailormaster.filter.LoggingInterceptor - User 'abdullateef' is requesting: GET /tailor-master/dashboard/notifications/upcoming-deliveries
2025-05-04 17:46:49 [abdullateef] INFO  com.example.tailormaster.controller.dashboard.DashboardController - Requested upcoming deliveries.
2025-05-04 17:46:49 [abdullateef] INFO  com.example.tailormaster.service.dashboard.DashboardService - Upcoming deliveries fetched: 8
2025-05-04 17:46:49 [abdullateef] INFO  com.example.tailormaster.controller.dashboard.DashboardController - Upcoming deliveries fetched: 8
2025-05-04 17:46:53 [abdullateef] INFO  com.example.tailormaster.filter.LoggingInterceptor - User 'abdullateef' is requesting: GET /tailor-master/labors/edit/qtIKr-mZnE6izWOgIHmi_W3mI1fYoWPWX7u33sXVT8I=
2025-05-04 17:46:53 [abdullateef] INFO  com.example.tailormaster.controller.labor.LaborController - Displaying update labor form for labor ID: qtIKr-mZnE6izWOgIHmi_W3mI1fYoWPWX7u33sXVT8I=
2025-05-04 17:46:53 [abdullateef] INFO  com.example.tailormaster.controller.labor.LaborController - Populated Labor for edit form: Optional[Labor(name=TestLabor, contact=03001122334, skills=Stitching, joinDate=2025-05-03, status=ACTIVE)]
2025-05-04 17:46:54 [abdullateef] INFO  com.example.tailormaster.filter.LoggingInterceptor - User 'abdullateef' is requesting: GET /tailor-master/dashboard/notifications/upcoming-deliveries
2025-05-04 17:46:54 [abdullateef] INFO  com.example.tailormaster.controller.dashboard.DashboardController - Requested upcoming deliveries.
2025-05-04 17:46:54 [abdullateef] INFO  com.example.tailormaster.service.dashboard.DashboardService - Upcoming deliveries fetched: 8
2025-05-04 17:46:54 [abdullateef] INFO  com.example.tailormaster.controller.dashboard.DashboardController - Upcoming deliveries fetched: 8
2025-05-04 17:46:55 [abdullateef] INFO  com.example.tailormaster.filter.LoggingInterceptor - User 'abdullateef' is requesting: GET /tailor-master/labors
2025-05-04 17:46:55 [abdullateef] INFO  com.example.tailormaster.controller.labor.LaborController - User accessed the labor list page.
2025-05-04 17:46:55 [abdullateef] INFO  com.example.tailormaster.controller.labor.LaborController - Retrieved labors: [Labor(name=TestLabor, contact=03001122334, skills=Stitching, joinDate=2025-05-03, status=ACTIVE), Labor(name=LaborTest3, contact=03221122333, skills=Stitching, joinDate=2025-05-04, status=ACTIVE), Labor(name=LaborTest4, contact=03002211223, skills=, joinDate=null, status=ACTIVE)] 
2025-05-04 17:46:56 [abdullateef] INFO  com.example.tailormaster.filter.LoggingInterceptor - User 'abdullateef' is requesting: GET /tailor-master/dashboard/notifications/upcoming-deliveries
2025-05-04 17:46:56 [abdullateef] INFO  com.example.tailormaster.controller.dashboard.DashboardController - Requested upcoming deliveries.
2025-05-04 17:46:56 [abdullateef] INFO  com.example.tailormaster.service.dashboard.DashboardService - Upcoming deliveries fetched: 8
2025-05-04 17:46:56 [abdullateef] INFO  com.example.tailormaster.controller.dashboard.DashboardController - Upcoming deliveries fetched: 8
2025-05-04 17:46:57 [abdullateef] INFO  com.example.tailormaster.filter.LoggingInterceptor - User 'abdullateef' is requesting: GET /tailor-master/labors/edit/MXhLR-oL4U0cPn9G7D5ROpWGFtyWKQ504j37vMyKk2k=
2025-05-04 17:46:57 [abdullateef] INFO  com.example.tailormaster.controller.labor.LaborController - Displaying update labor form for labor ID: MXhLR-oL4U0cPn9G7D5ROpWGFtyWKQ504j37vMyKk2k=
2025-05-04 17:46:57 [abdullateef] INFO  com.example.tailormaster.controller.labor.LaborController - Populated Labor for edit form: Optional[Labor(name=LaborTest4, contact=03002211223, skills=, joinDate=null, status=ACTIVE)]
2025-05-04 17:46:57 [abdullateef] INFO  com.example.tailormaster.filter.LoggingInterceptor - User 'abdullateef' is requesting: GET /tailor-master/dashboard/notifications/upcoming-deliveries
2025-05-04 17:46:57 [abdullateef] INFO  com.example.tailormaster.controller.dashboard.DashboardController - Requested upcoming deliveries.
2025-05-04 17:46:57 [abdullateef] INFO  com.example.tailormaster.service.dashboard.DashboardService - Upcoming deliveries fetched: 8
2025-05-04 17:46:57 [abdullateef] INFO  com.example.tailormaster.controller.dashboard.DashboardController - Upcoming deliveries fetched: 8
2025-05-04 17:47:45 [abdullateef] INFO  com.example.tailormaster.filter.LoggingInterceptor - User 'abdullateef' is requesting: POST /tailor-master/labors/update
2025-05-04 17:47:57 [abdullateef] INFO  com.example.tailormaster.controller.labor.LaborController - Attempting to update labor with encrypted ID: zqUyIi9SaGba1Hcb_uRrIZgbrlObtWuLAifmLFmcaHU=
2025-05-04 17:48:25 [abdullateef] INFO  com.example.tailormaster.service.labor.LaborService - Creating Labor: LaborTest4
2025-05-04 17:48:38 [abdullateef] INFO  com.example.tailormaster.controller.labor.LaborController - Labor updated successfully: Labor(name=LaborTest4, contact=03002211223, skills=Finishing, joinDate=null, status=ACTIVE)
2025-05-04 17:48:41 [abdullateef] INFO  com.example.tailormaster.filter.LoggingInterceptor - User 'abdullateef' is requesting: GET /tailor-master/labors
2025-05-04 17:48:41 [abdullateef] INFO  com.example.tailormaster.controller.labor.LaborController - User accessed the labor list page.
2025-05-04 17:48:41 [abdullateef] INFO  com.example.tailormaster.controller.labor.LaborController - Retrieved labors: [Labor(name=TestLabor, contact=03001122334, skills=Stitching, joinDate=2025-05-03, status=ACTIVE), Labor(name=LaborTest3, contact=03221122333, skills=Stitching, joinDate=2025-05-04, status=ACTIVE), Labor(name=LaborTest4, contact=03002211223, skills=, joinDate=null, status=ACTIVE), Labor(name=LaborTest4, contact=03002211223, skills=Finishing, joinDate=null, status=ACTIVE)] 
2025-05-04 17:48:41 [abdullateef] INFO  com.example.tailormaster.filter.LoggingInterceptor - User 'abdullateef' is requesting: GET /tailor-master/dashboard/notifications/upcoming-deliveries
2025-05-04 17:48:41 [abdullateef] INFO  com.example.tailormaster.controller.dashboard.DashboardController - Requested upcoming deliveries.
2025-05-04 17:48:41 [abdullateef] INFO  com.example.tailormaster.service.dashboard.DashboardService - Upcoming deliveries fetched: 8
2025-05-04 17:48:41 [abdullateef] INFO  com.example.tailormaster.controller.dashboard.DashboardController - Upcoming deliveries fetched: 8
2025-05-04 17:58:15 [] INFO  org.springframework.boot.devtools.autoconfigure.LocalDevToolsAutoConfiguration$RestartingClassPathChangeChangedEventListener - Restarting due to 1 class path change (0 additions, 1 deletion, 0 modifications)
2025-05-04 17:58:15 [] INFO  org.springframework.boot.web.embedded.tomcat.GracefulShutdown - Commencing graceful shutdown. Waiting for active requests to complete
2025-05-04 17:58:15 [] INFO  org.apache.coyote.http11.Http11NioProtocol - Pausing ProtocolHandler ["http-nio-8080"]
2025-05-04 17:58:16 [] INFO  org.springframework.boot.web.embedded.tomcat.GracefulShutdown - Graceful shutdown complete
2025-05-04 17:58:16 [] INFO  org.apache.coyote.http11.Http11NioProtocol - Stopping ProtocolHandler ["http-nio-8080"]
2025-05-04 17:58:16 [] INFO  org.springframework.orm.jpa.LocalContainerEntityManagerFactoryBean - Closing JPA EntityManagerFactory for persistence unit 'default'
2025-05-04 17:58:16 [] INFO  com.zaxxer.hikari.HikariDataSource - HikariPool-1 - Shutdown initiated...
2025-05-04 17:58:16 [] INFO  com.zaxxer.hikari.HikariDataSource - HikariPool-1 - Shutdown completed.
2025-05-04 17:58:18 [] INFO  com.example.tailormaster.TailorMasterAppApplication - Starting TailorMasterAppApplication using Java 17.0.2 with PID 10908 (E:\Development-Workspaces\tailor-master-app\tailor-master-app\target\classes started by wajiz.pk in E:\Development-Workspaces\tailor-master-app\tailor-master-app)
2025-05-04 17:58:18 [] INFO  com.example.tailormaster.TailorMasterAppApplication - No active profile set, falling back to 1 default profile: "default"
2025-05-04 17:58:19 [] INFO  org.springframework.data.repository.config.RepositoryConfigurationDelegate - Bootstrapping Spring Data JPA repositories in DEFAULT mode.
2025-05-04 17:58:20 [] INFO  org.springframework.data.repository.config.RepositoryConfigurationDelegate - Finished Spring Data repository scanning in 151 ms. Found 12 JPA repository interfaces.
2025-05-04 17:58:20 [] INFO  org.springframework.boot.web.embedded.tomcat.TomcatWebServer - Tomcat initialized with port 8080 (http)
2025-05-04 17:58:20 [] INFO  org.apache.coyote.http11.Http11NioProtocol - Initializing ProtocolHandler ["http-nio-8080"]
2025-05-04 17:58:20 [] INFO  org.apache.catalina.core.StandardService - Starting service [Tomcat]
2025-05-04 17:58:20 [] INFO  org.apache.catalina.core.StandardEngine - Starting Servlet engine: [Apache Tomcat/10.1.40]
2025-05-04 17:58:20 [] INFO  org.apache.catalina.core.ContainerBase.[Tomcat].[localhost].[/tailor-master] - Initializing Spring embedded WebApplicationContext
2025-05-04 17:58:20 [] INFO  org.springframework.boot.web.servlet.context.ServletWebServerApplicationContext - Root WebApplicationContext: initialization completed in 2369 ms
2025-05-04 17:58:20 [] INFO  org.hibernate.jpa.internal.util.LogHelper - HHH000204: Processing PersistenceUnitInfo [name: default]
2025-05-04 17:58:20 [] INFO  org.hibernate.cache.internal.RegionFactoryInitiator - HHH000026: Second-level cache disabled
2025-05-04 17:58:20 [] INFO  org.springframework.orm.jpa.persistenceunit.SpringPersistenceUnitInfo - No LoadTimeWeaver setup: ignoring JPA class transformer
2025-05-04 17:58:20 [] INFO  com.zaxxer.hikari.HikariDataSource - HikariPool-2 - Starting...
2025-05-04 17:58:20 [] INFO  com.zaxxer.hikari.pool.HikariPool - HikariPool-2 - Added connection com.mysql.cj.jdbc.ConnectionImpl@7a28deba
2025-05-04 17:58:20 [] INFO  com.zaxxer.hikari.HikariDataSource - HikariPool-2 - Start completed.
2025-05-04 17:58:20 [] INFO  org.hibernate.orm.connections.pooling - HHH10001005: Database info:
	Database JDBC URL [Connecting through datasource 'HikariDataSource (HikariPool-2)']
	Database driver: undefined/unknown
	Database version: 8.0.28
	Autocommit mode: undefined/unknown
	Isolation level: undefined/unknown
	Minimum pool size: undefined/unknown
	Maximum pool size: undefined/unknown
2025-05-04 17:58:21 [] INFO  org.hibernate.engine.transaction.jta.platform.internal.JtaPlatformInitiator - HHH000489: No JTA platform available (set 'hibernate.transaction.jta.platform' to enable JTA platform integration)
2025-05-04 17:58:21 [] INFO  org.springframework.orm.jpa.LocalContainerEntityManagerFactoryBean - Initialized JPA EntityManagerFactory for persistence unit 'default'
2025-05-04 17:58:22 [] WARN  org.springframework.boot.web.servlet.context.AnnotationConfigServletWebServerApplicationContext - Exception encountered during context initialization - cancelling refresh attempt: org.springframework.beans.factory.UnsatisfiedDependencyException: Error creating bean with name 'customerController' defined in file [E:\Development-Workspaces\tailor-master-app\tailor-master-app\target\classes\com\example\tailormaster\controller\CustomerController.class]: Unsatisfied dependency expressed through constructor parameter 3: Error creating bean with name 'validation' defined in file [E:\Development-Workspaces\tailor-master-app\tailor-master-app\target\classes\com\example\tailormaster\validation\Validation.class]: Unsatisfied dependency expressed through constructor parameter 2: No qualifying bean of type 'com.example.tailormaster.service.labor.LaborService' available: expected at least 1 bean which qualifies as autowire candidate. Dependency annotations: {}
2025-05-04 17:58:22 [] INFO  org.springframework.orm.jpa.LocalContainerEntityManagerFactoryBean - Closing JPA EntityManagerFactory for persistence unit 'default'
2025-05-04 17:58:22 [] INFO  com.zaxxer.hikari.HikariDataSource - HikariPool-2 - Shutdown initiated...
2025-05-04 17:58:22 [] INFO  com.zaxxer.hikari.HikariDataSource - HikariPool-2 - Shutdown completed.
2025-05-04 17:58:22 [] INFO  org.apache.catalina.core.StandardService - Stopping service [Tomcat]
2025-05-04 17:58:22 [] INFO  org.springframework.boot.autoconfigure.logging.ConditionEvaluationReportLogger - 

Error starting ApplicationContext. To display the condition evaluation report re-run your application with 'debug' enabled.
2025-05-04 17:58:22 [] ERROR org.springframework.boot.diagnostics.LoggingFailureAnalysisReporter - 

***************************
APPLICATION FAILED TO START
***************************

Description:

Parameter 2 of constructor in com.example.tailormaster.validation.Validation required a bean of type 'com.example.tailormaster.service.labor.LaborService' that could not be found.


Action:

Consider defining a bean of type 'com.example.tailormaster.service.labor.LaborService' in your configuration.

2025-05-04 17:58:23 [] INFO  com.example.tailormaster.TailorMasterAppApplication - Starting TailorMasterAppApplication using Java 17.0.2 with PID 10908 (E:\Development-Workspaces\tailor-master-app\tailor-master-app\target\classes started by wajiz.pk in E:\Development-Workspaces\tailor-master-app\tailor-master-app)
2025-05-04 17:58:23 [] INFO  com.example.tailormaster.TailorMasterAppApplication - No active profile set, falling back to 1 default profile: "default"
2025-05-04 17:58:24 [] INFO  org.springframework.data.repository.config.RepositoryConfigurationDelegate - Bootstrapping Spring Data JPA repositories in DEFAULT mode.
2025-05-04 17:58:24 [] INFO  org.springframework.data.repository.config.RepositoryConfigurationDelegate - Finished Spring Data repository scanning in 101 ms. Found 12 JPA repository interfaces.
2025-05-04 17:58:24 [] INFO  org.springframework.boot.web.embedded.tomcat.TomcatWebServer - Tomcat initialized with port 8080 (http)
2025-05-04 17:58:24 [] INFO  org.apache.coyote.http11.Http11NioProtocol - Initializing ProtocolHandler ["http-nio-8080"]
2025-05-04 17:58:24 [] INFO  org.apache.catalina.core.StandardService - Starting service [Tomcat]
2025-05-04 17:58:24 [] INFO  org.apache.catalina.core.StandardEngine - Starting Servlet engine: [Apache Tomcat/10.1.40]
2025-05-04 17:58:24 [] INFO  org.apache.catalina.core.ContainerBase.[Tomcat-1].[localhost].[/tailor-master] - Initializing Spring embedded WebApplicationContext
2025-05-04 17:58:24 [] INFO  org.springframework.boot.web.servlet.context.ServletWebServerApplicationContext - Root WebApplicationContext: initialization completed in 985 ms
2025-05-04 17:58:24 [] INFO  org.hibernate.jpa.internal.util.LogHelper - HHH000204: Processing PersistenceUnitInfo [name: default]
2025-05-04 17:58:24 [] INFO  org.hibernate.cache.internal.RegionFactoryInitiator - HHH000026: Second-level cache disabled
2025-05-04 17:58:24 [] INFO  org.springframework.orm.jpa.persistenceunit.SpringPersistenceUnitInfo - No LoadTimeWeaver setup: ignoring JPA class transformer
2025-05-04 17:58:24 [] INFO  com.zaxxer.hikari.HikariDataSource - HikariPool-3 - Starting...
2025-05-04 17:58:24 [] INFO  com.zaxxer.hikari.pool.HikariPool - HikariPool-3 - Added connection com.mysql.cj.jdbc.ConnectionImpl@355a3033
2025-05-04 17:58:24 [] INFO  com.zaxxer.hikari.HikariDataSource - HikariPool-3 - Start completed.
2025-05-04 17:58:24 [] INFO  org.hibernate.orm.connections.pooling - HHH10001005: Database info:
	Database JDBC URL [Connecting through datasource 'HikariDataSource (HikariPool-3)']
	Database driver: undefined/unknown
	Database version: 8.0.28
	Autocommit mode: undefined/unknown
	Isolation level: undefined/unknown
	Minimum pool size: undefined/unknown
	Maximum pool size: undefined/unknown
2025-05-04 17:58:25 [] INFO  org.hibernate.engine.transaction.jta.platform.internal.JtaPlatformInitiator - HHH000489: No JTA platform available (set 'hibernate.transaction.jta.platform' to enable JTA platform integration)
2025-05-04 17:58:25 [] INFO  org.springframework.orm.jpa.LocalContainerEntityManagerFactoryBean - Initialized JPA EntityManagerFactory for persistence unit 'default'
2025-05-04 17:58:25 [] WARN  org.springframework.boot.autoconfigure.orm.jpa.JpaBaseConfiguration$JpaWebConfiguration - spring.jpa.open-in-view is enabled by default. Therefore, database queries may be performed during view rendering. Explicitly configure spring.jpa.open-in-view to disable this warning
2025-05-04 17:58:25 [] INFO  org.springframework.security.config.annotation.authentication.configuration.InitializeAuthenticationProviderBeanManagerConfigurer$InitializeAuthenticationProviderManagerConfigurer - Global AuthenticationManager configured with AuthenticationProvider bean with name authenticationProvider
2025-05-04 17:58:25 [] WARN  org.springframework.security.config.annotation.authentication.configuration.InitializeUserDetailsBeanManagerConfigurer$InitializeUserDetailsManagerConfigurer - Global AuthenticationManager configured with an AuthenticationProvider bean. UserDetailsService beans will not be used by Spring Security for automatically configuring username/password login. Consider removing the AuthenticationProvider bean. Alternatively, consider using the UserDetailsService in a manually instantiated DaoAuthenticationProvider. If the current configuration is intentional, to turn off this warning, increase the logging level of 'org.springframework.security.config.annotation.authentication.configuration.InitializeUserDetailsBeanManagerConfigurer' to ERROR
2025-05-04 17:58:26 [] INFO  org.springframework.boot.devtools.autoconfigure.OptionalLiveReloadServer - LiveReload server is running on port 35729
2025-05-04 17:58:26 [] INFO  org.apache.coyote.http11.Http11NioProtocol - Starting ProtocolHandler ["http-nio-8080"]
2025-05-04 17:58:26 [] INFO  org.springframework.boot.web.embedded.tomcat.TomcatWebServer - Tomcat started on port 8080 (http) with context path '/tailor-master'
2025-05-04 17:58:26 [] INFO  com.example.tailormaster.TailorMasterAppApplication - Started TailorMasterAppApplication in 2.663 seconds (process running for 756.637)
2025-05-04 17:58:26 [] INFO  org.springframework.boot.devtools.autoconfigure.ConditionEvaluationDeltaLoggingListener - Condition evaluation unchanged
2025-05-04 17:58:32 [] INFO  org.apache.catalina.core.ContainerBase.[Tomcat-1].[localhost].[/tailor-master] - Initializing Spring DispatcherServlet 'dispatcherServlet'
2025-05-04 17:58:32 [] INFO  org.springframework.web.servlet.DispatcherServlet - Initializing Servlet 'dispatcherServlet'
2025-05-04 17:58:32 [] INFO  org.springframework.web.servlet.DispatcherServlet - Completed initialization in 5 ms
2025-05-04 17:58:32 [abdullateef] INFO  com.example.tailormaster.filter.LoggingInterceptor - User 'abdullateef' is requesting: GET /tailor-master/labors
2025-05-04 17:58:32 [abdullateef] INFO  com.example.tailormaster.controller.labor.LaborController - User accessed the labor list page.
2025-05-04 17:58:32 [abdullateef] INFO  com.example.tailormaster.controller.labor.LaborController - Retrieved labors: [Labor(name=TestLabor, contact=03001122334, skills=Stitching, joinDate=2025-05-03, status=ACTIVE), Labor(name=LaborTest3, contact=03221122333, skills=Stitching, joinDate=2025-05-04, status=ACTIVE), Labor(name=LaborTest4, contact=03002211223, skills=, joinDate=null, status=ACTIVE), Labor(name=LaborTest4, contact=03002211223, skills=Finishing, joinDate=null, status=ACTIVE)] 
2025-05-04 17:58:32 [abdullateef] INFO  com.example.tailormaster.filter.LoggingInterceptor - User 'abdullateef' is requesting: GET /tailor-master/dashboard/notifications/upcoming-deliveries
2025-05-04 17:58:32 [abdullateef] INFO  com.example.tailormaster.controller.dashboard.DashboardController - Requested upcoming deliveries.
2025-05-04 17:58:32 [abdullateef] INFO  com.example.tailormaster.service.dashboard.DashboardService - Upcoming deliveries fetched: 8
2025-05-04 17:58:32 [abdullateef] INFO  com.example.tailormaster.controller.dashboard.DashboardController - Upcoming deliveries fetched: 8
2025-05-04 17:58:36 [abdullateef] INFO  com.example.tailormaster.filter.LoggingInterceptor - User 'abdullateef' is requesting: GET /tailor-master/labors/edit/uQjhDuyMbNrMkyv6YEWVziEUU_L6S5JmF2ypvdkFe-k=
2025-05-04 17:58:36 [abdullateef] INFO  com.example.tailormaster.controller.labor.LaborController - Displaying update labor form for labor ID: uQjhDuyMbNrMkyv6YEWVziEUU_L6S5JmF2ypvdkFe-k=
2025-05-04 17:58:36 [abdullateef] INFO  com.example.tailormaster.controller.labor.LaborController - Populated Labor for edit form: Optional[Labor(name=LaborTest4, contact=03002211223, skills=Finishing, joinDate=null, status=ACTIVE)]
2025-05-04 17:58:36 [abdullateef] INFO  com.example.tailormaster.filter.LoggingInterceptor - User 'abdullateef' is requesting: GET /tailor-master/dashboard/notifications/upcoming-deliveries
2025-05-04 17:58:36 [abdullateef] INFO  com.example.tailormaster.controller.dashboard.DashboardController - Requested upcoming deliveries.
2025-05-04 17:58:36 [abdullateef] INFO  com.example.tailormaster.service.dashboard.DashboardService - Upcoming deliveries fetched: 8
2025-05-04 17:58:36 [abdullateef] INFO  com.example.tailormaster.controller.dashboard.DashboardController - Upcoming deliveries fetched: 8
2025-05-04 17:58:49 [abdullateef] INFO  com.example.tailormaster.filter.LoggingInterceptor - User 'abdullateef' is requesting: POST /tailor-master/labors/update
2025-05-04 17:58:51 [abdullateef] INFO  com.example.tailormaster.controller.labor.LaborController - Attempting to update labor with encrypted ID: xO21C3wjz4E9ZvylFnH0oQZ2RE46CiDBOipob2RRaRs=
2025-05-04 17:58:57 [abdullateef] INFO  com.example.tailormaster.service.labor.LaborService - Creating Labor: LaborTest4
2025-05-04 17:59:05 [abdullateef] INFO  com.example.tailormaster.controller.labor.LaborController - Labor updated successfully: Labor(name=LaborTest4, contact=03002211223, skills=Finish, joinDate=null, status=ACTIVE)
2025-05-04 17:59:05 [abdullateef] INFO  com.example.tailormaster.filter.LoggingInterceptor - User 'abdullateef' is requesting: GET /tailor-master/labors
2025-05-04 17:59:05 [abdullateef] INFO  com.example.tailormaster.controller.labor.LaborController - User accessed the labor list page.
2025-05-04 17:59:05 [abdullateef] INFO  com.example.tailormaster.controller.labor.LaborController - Retrieved labors: [Labor(name=TestLabor, contact=03001122334, skills=Stitching, joinDate=2025-05-03, status=ACTIVE), Labor(name=LaborTest3, contact=03221122333, skills=Stitching, joinDate=2025-05-04, status=ACTIVE), Labor(name=LaborTest4, contact=03002211223, skills=, joinDate=null, status=ACTIVE), Labor(name=LaborTest4, contact=03002211223, skills=Finishing, joinDate=null, status=ACTIVE), Labor(name=LaborTest4, contact=03002211223, skills=Finish, joinDate=null, status=ACTIVE)] 
2025-05-04 17:59:05 [abdullateef] INFO  com.example.tailormaster.filter.LoggingInterceptor - User 'abdullateef' is requesting: GET /tailor-master/dashboard/notifications/upcoming-deliveries
2025-05-04 17:59:05 [abdullateef] INFO  com.example.tailormaster.controller.dashboard.DashboardController - Requested upcoming deliveries.
2025-05-04 17:59:05 [abdullateef] INFO  com.example.tailormaster.service.dashboard.DashboardService - Upcoming deliveries fetched: 8
2025-05-04 17:59:05 [abdullateef] INFO  com.example.tailormaster.controller.dashboard.DashboardController - Upcoming deliveries fetched: 8
2025-05-04 18:11:59 [] INFO  org.springframework.boot.devtools.autoconfigure.LocalDevToolsAutoConfiguration$RestartingClassPathChangeChangedEventListener - Restarting due to 2 class path changes (0 additions, 2 deletions, 0 modifications)
2025-05-04 18:11:59 [] INFO  org.springframework.boot.web.embedded.tomcat.GracefulShutdown - Commencing graceful shutdown. Waiting for active requests to complete
2025-05-04 18:11:59 [] INFO  org.apache.coyote.http11.Http11NioProtocol - Pausing ProtocolHandler ["http-nio-8080"]
2025-05-04 18:12:00 [] INFO  org.springframework.boot.web.embedded.tomcat.GracefulShutdown - Graceful shutdown complete
2025-05-04 18:12:00 [] INFO  org.apache.coyote.http11.Http11NioProtocol - Stopping ProtocolHandler ["http-nio-8080"]
2025-05-04 18:12:00 [] INFO  org.springframework.orm.jpa.LocalContainerEntityManagerFactoryBean - Closing JPA EntityManagerFactory for persistence unit 'default'
2025-05-04 18:12:00 [] INFO  com.zaxxer.hikari.HikariDataSource - HikariPool-3 - Shutdown initiated...
2025-05-04 18:12:00 [] INFO  com.zaxxer.hikari.HikariDataSource - HikariPool-3 - Shutdown completed.
2025-05-04 18:12:01 [] INFO  com.example.tailormaster.TailorMasterAppApplication - Starting TailorMasterAppApplication using Java 17.0.2 with PID 10908 (E:\Development-Workspaces\tailor-master-app\tailor-master-app\target\classes started by wajiz.pk in E:\Development-Workspaces\tailor-master-app\tailor-master-app)
2025-05-04 18:12:01 [] INFO  com.example.tailormaster.TailorMasterAppApplication - No active profile set, falling back to 1 default profile: "default"
2025-05-04 18:12:01 [] INFO  org.springframework.data.repository.config.RepositoryConfigurationDelegate - Bootstrapping Spring Data JPA repositories in DEFAULT mode.
2025-05-04 18:12:01 [] INFO  org.springframework.data.repository.config.RepositoryConfigurationDelegate - Finished Spring Data repository scanning in 102 ms. Found 12 JPA repository interfaces.
2025-05-04 18:12:02 [] INFO  org.springframework.boot.web.embedded.tomcat.TomcatWebServer - Tomcat initialized with port 8080 (http)
2025-05-04 18:12:02 [] INFO  org.apache.coyote.http11.Http11NioProtocol - Initializing ProtocolHandler ["http-nio-8080"]
2025-05-04 18:12:02 [] INFO  org.apache.catalina.core.StandardService - Starting service [Tomcat]
2025-05-04 18:12:02 [] INFO  org.apache.catalina.core.StandardEngine - Starting Servlet engine: [Apache Tomcat/10.1.40]
2025-05-04 18:12:02 [] INFO  org.apache.catalina.core.ContainerBase.[Tomcat-1].[localhost].[/tailor-master] - Initializing Spring embedded WebApplicationContext
2025-05-04 18:12:02 [] INFO  org.springframework.boot.web.servlet.context.ServletWebServerApplicationContext - Root WebApplicationContext: initialization completed in 1213 ms
2025-05-04 18:12:02 [] INFO  org.hibernate.jpa.internal.util.LogHelper - HHH000204: Processing PersistenceUnitInfo [name: default]
2025-05-04 18:12:02 [] INFO  org.hibernate.cache.internal.RegionFactoryInitiator - HHH000026: Second-level cache disabled
2025-05-04 18:12:02 [] INFO  org.springframework.orm.jpa.persistenceunit.SpringPersistenceUnitInfo - No LoadTimeWeaver setup: ignoring JPA class transformer
2025-05-04 18:12:02 [] INFO  com.zaxxer.hikari.HikariDataSource - HikariPool-4 - Starting...
2025-05-04 18:12:02 [] INFO  com.zaxxer.hikari.pool.HikariPool - HikariPool-4 - Added connection com.mysql.cj.jdbc.ConnectionImpl@73f5b661
2025-05-04 18:12:02 [] INFO  com.zaxxer.hikari.HikariDataSource - HikariPool-4 - Start completed.
2025-05-04 18:12:02 [] INFO  org.hibernate.orm.connections.pooling - HHH10001005: Database info:
	Database JDBC URL [Connecting through datasource 'HikariDataSource (HikariPool-4)']
	Database driver: undefined/unknown
	Database version: 8.0.28
	Autocommit mode: undefined/unknown
	Isolation level: undefined/unknown
	Minimum pool size: undefined/unknown
	Maximum pool size: undefined/unknown
2025-05-04 18:12:03 [] INFO  org.hibernate.engine.transaction.jta.platform.internal.JtaPlatformInitiator - HHH000489: No JTA platform available (set 'hibernate.transaction.jta.platform' to enable JTA platform integration)
2025-05-04 18:12:03 [] INFO  org.springframework.orm.jpa.LocalContainerEntityManagerFactoryBean - Initialized JPA EntityManagerFactory for persistence unit 'default'
2025-05-04 18:12:03 [] WARN  org.springframework.boot.web.servlet.context.AnnotationConfigServletWebServerApplicationContext - Exception encountered during context initialization - cancelling refresh attempt: org.springframework.beans.factory.UnsatisfiedDependencyException: Error creating bean with name 'customerController' defined in file [E:\Development-Workspaces\tailor-master-app\tailor-master-app\target\classes\com\example\tailormaster\controller\CustomerController.class]: Unsatisfied dependency expressed through constructor parameter 3: Error creating bean with name 'validation': Resolution of declared constructors on bean Class [com.example.tailormaster.validation.Validation] from ClassLoader [org.springframework.boot.devtools.restart.classloader.RestartClassLoader@47bc4486] failed
2025-05-04 18:12:03 [] INFO  org.springframework.orm.jpa.LocalContainerEntityManagerFactoryBean - Closing JPA EntityManagerFactory for persistence unit 'default'
2025-05-04 18:12:03 [] INFO  com.zaxxer.hikari.HikariDataSource - HikariPool-4 - Shutdown initiated...
2025-05-04 18:12:03 [] INFO  com.zaxxer.hikari.HikariDataSource - HikariPool-4 - Shutdown completed.
2025-05-04 18:12:03 [] INFO  org.apache.catalina.core.StandardService - Stopping service [Tomcat]
2025-05-04 18:12:03 [] INFO  org.springframework.boot.autoconfigure.logging.ConditionEvaluationReportLogger - 

Error starting ApplicationContext. To display the condition evaluation report re-run your application with 'debug' enabled.
2025-05-04 18:12:03 [] ERROR org.springframework.boot.SpringApplication - Application run failed
org.springframework.beans.factory.UnsatisfiedDependencyException: Error creating bean with name 'customerController' defined in file [E:\Development-Workspaces\tailor-master-app\tailor-master-app\target\classes\com\example\tailormaster\controller\CustomerController.class]: Unsatisfied dependency expressed through constructor parameter 3: Error creating bean with name 'validation': Resolution of declared constructors on bean Class [com.example.tailormaster.validation.Validation] from ClassLoader [org.springframework.boot.devtools.restart.classloader.RestartClassLoader@47bc4486] failed
	at org.springframework.beans.factory.support.ConstructorResolver.createArgumentArray(ConstructorResolver.java:804) ~[spring-beans-6.2.1.jar:6.2.1]
	at org.springframework.beans.factory.support.ConstructorResolver.autowireConstructor(ConstructorResolver.java:240) ~[spring-beans-6.2.1.jar:6.2.1]
	at org.springframework.beans.factory.support.AbstractAutowireCapableBeanFactory.autowireConstructor(AbstractAutowireCapableBeanFactory.java:1377) ~[spring-beans-6.2.1.jar:6.2.1]
	at org.springframework.beans.factory.support.AbstractAutowireCapableBeanFactory.createBeanInstance(AbstractAutowireCapableBeanFactory.java:1214) ~[spring-beans-6.2.1.jar:6.2.1]
	at org.springframework.beans.factory.support.AbstractAutowireCapableBeanFactory.doCreateBean(AbstractAutowireCapableBeanFactory.java:563) ~[spring-beans-6.2.1.jar:6.2.1]
	at org.springframework.beans.factory.support.AbstractAutowireCapableBeanFactory.createBean(AbstractAutowireCapableBeanFactory.java:523) ~[spring-beans-6.2.1.jar:6.2.1]
	at org.springframework.beans.factory.support.AbstractBeanFactory.lambda$doGetBean$0(AbstractBeanFactory.java:336) ~[spring-beans-6.2.1.jar:6.2.1]
	at org.springframework.beans.factory.support.DefaultSingletonBeanRegistry.getSingleton(DefaultSingletonBeanRegistry.java:289) ~[spring-beans-6.2.1.jar:6.2.1]
	at org.springframework.beans.factory.support.AbstractBeanFactory.doGetBean(AbstractBeanFactory.java:334) ~[spring-beans-6.2.1.jar:6.2.1]
	at org.springframework.beans.factory.support.AbstractBeanFactory.getBean(AbstractBeanFactory.java:199) ~[spring-beans-6.2.1.jar:6.2.1]
	at org.springframework.beans.factory.support.DefaultListableBeanFactory.instantiateSingleton(DefaultListableBeanFactory.java:1122) ~[spring-beans-6.2.1.jar:6.2.1]
	at org.springframework.beans.factory.support.DefaultListableBeanFactory.preInstantiateSingleton(DefaultListableBeanFactory.java:1093) ~[spring-beans-6.2.1.jar:6.2.1]
	at org.springframework.beans.factory.support.DefaultListableBeanFactory.preInstantiateSingletons(DefaultListableBeanFactory.java:1030) ~[spring-beans-6.2.1.jar:6.2.1]
	at org.springframework.context.support.AbstractApplicationContext.finishBeanFactoryInitialization(AbstractApplicationContext.java:987) ~[spring-context-6.2.1.jar:6.2.1]
	at org.springframework.context.support.AbstractApplicationContext.refresh(AbstractApplicationContext.java:627) ~[spring-context-6.2.1.jar:6.2.1]
	at org.springframework.boot.web.servlet.context.ServletWebServerApplicationContext.refresh(ServletWebServerApplicationContext.java:146) ~[spring-boot-3.4.1.jar:3.4.1]
	at org.springframework.boot.SpringApplication.refresh(SpringApplication.java:752) [spring-boot-3.4.1.jar:3.4.1]
	at org.springframework.boot.SpringApplication.refreshContext(SpringApplication.java:439) [spring-boot-3.4.1.jar:3.4.1]
	at org.springframework.boot.SpringApplication.run(SpringApplication.java:318) [spring-boot-3.4.1.jar:3.4.1]
	at org.springframework.boot.SpringApplication.run(SpringApplication.java:1361) [spring-boot-3.4.1.jar:3.4.1]
	at org.springframework.boot.SpringApplication.run(SpringApplication.java:1350) [spring-boot-3.4.1.jar:3.4.1]
	at com.example.tailormaster.TailorMasterAppApplication.main(TailorMasterAppApplication.java:12) [classes/:?]
	at java.base/jdk.internal.reflect.NativeMethodAccessorImpl.invoke0(Native Method) ~[?:?]
	at java.base/jdk.internal.reflect.NativeMethodAccessorImpl.invoke(NativeMethodAccessorImpl.java:77) ~[?:?]
	at java.base/jdk.internal.reflect.DelegatingMethodAccessorImpl.invoke(DelegatingMethodAccessorImpl.java:43) ~[?:?]
	at java.base/java.lang.reflect.Method.invoke(Method.java:568) ~[?:?]
	at org.springframework.boot.devtools.restart.RestartLauncher.run(RestartLauncher.java:50) [spring-boot-devtools-3.4.1.jar:3.4.1]
Caused by: org.springframework.beans.factory.BeanCreationException: Error creating bean with name 'validation': Resolution of declared constructors on bean Class [com.example.tailormaster.validation.Validation] from ClassLoader [org.springframework.boot.devtools.restart.classloader.RestartClassLoader@47bc4486] failed
	at org.springframework.beans.factory.annotation.AutowiredAnnotationBeanPostProcessor.determineCandidateConstructors(AutowiredAnnotationBeanPostProcessor.java:384) ~[spring-beans-6.2.1.jar:6.2.1]
	at org.springframework.beans.factory.support.AbstractAutowireCapableBeanFactory.determineConstructorsFromBeanPostProcessors(AbstractAutowireCapableBeanFactory.java:1316) ~[spring-beans-6.2.1.jar:6.2.1]
	at org.springframework.beans.factory.support.AbstractAutowireCapableBeanFactory.createBeanInstance(AbstractAutowireCapableBeanFactory.java:1211) ~[spring-beans-6.2.1.jar:6.2.1]
	at org.springframework.beans.factory.support.AbstractAutowireCapableBeanFactory.doCreateBean(AbstractAutowireCapableBeanFactory.java:563) ~[spring-beans-6.2.1.jar:6.2.1]
	at org.springframework.beans.factory.support.AbstractAutowireCapableBeanFactory.createBean(AbstractAutowireCapableBeanFactory.java:523) ~[spring-beans-6.2.1.jar:6.2.1]
	at org.springframework.beans.factory.support.AbstractBeanFactory.lambda$doGetBean$0(AbstractBeanFactory.java:336) ~[spring-beans-6.2.1.jar:6.2.1]
	at org.springframework.beans.factory.support.DefaultSingletonBeanRegistry.getSingleton(DefaultSingletonBeanRegistry.java:289) ~[spring-beans-6.2.1.jar:6.2.1]
	at org.springframework.beans.factory.support.AbstractBeanFactory.doGetBean(AbstractBeanFactory.java:334) ~[spring-beans-6.2.1.jar:6.2.1]
	at org.springframework.beans.factory.support.AbstractBeanFactory.getBean(AbstractBeanFactory.java:199) ~[spring-beans-6.2.1.jar:6.2.1]
	at org.springframework.beans.factory.support.DefaultListableBeanFactory.doResolveDependency(DefaultListableBeanFactory.java:1573) ~[spring-beans-6.2.1.jar:6.2.1]
	at org.springframework.beans.factory.support.DefaultListableBeanFactory.resolveDependency(DefaultListableBeanFactory.java:1519) ~[spring-beans-6.2.1.jar:6.2.1]
	at org.springframework.beans.factory.support.ConstructorResolver.resolveAutowiredArgument(ConstructorResolver.java:913) ~[spring-beans-6.2.1.jar:6.2.1]
	at org.springframework.beans.factory.support.ConstructorResolver.createArgumentArray(ConstructorResolver.java:791) ~[spring-beans-6.2.1.jar:6.2.1]
	... 26 more
Caused by: java.lang.NoClassDefFoundError: com/example/tailormaster/service/labor/LaborService
	at java.base/java.lang.Class.getDeclaredConstructors0(Native Method) ~[?:?]
	at java.base/java.lang.Class.privateGetDeclaredConstructors(Class.java:3373) ~[?:?]
	at java.base/java.lang.Class.getDeclaredConstructors(Class.java:2555) ~[?:?]
	at org.springframework.beans.factory.annotation.AutowiredAnnotationBeanPostProcessor.determineCandidateConstructors(AutowiredAnnotationBeanPostProcessor.java:379) ~[spring-beans-6.2.1.jar:6.2.1]
	at org.springframework.beans.factory.support.AbstractAutowireCapableBeanFactory.determineConstructorsFromBeanPostProcessors(AbstractAutowireCapableBeanFactory.java:1316) ~[spring-beans-6.2.1.jar:6.2.1]
	at org.springframework.beans.factory.support.AbstractAutowireCapableBeanFactory.createBeanInstance(AbstractAutowireCapableBeanFactory.java:1211) ~[spring-beans-6.2.1.jar:6.2.1]
	at org.springframework.beans.factory.support.AbstractAutowireCapableBeanFactory.doCreateBean(AbstractAutowireCapableBeanFactory.java:563) ~[spring-beans-6.2.1.jar:6.2.1]
	at org.springframework.beans.factory.support.AbstractAutowireCapableBeanFactory.createBean(AbstractAutowireCapableBeanFactory.java:523) ~[spring-beans-6.2.1.jar:6.2.1]
	at org.springframework.beans.factory.support.AbstractBeanFactory.lambda$doGetBean$0(AbstractBeanFactory.java:336) ~[spring-beans-6.2.1.jar:6.2.1]
	at org.springframework.beans.factory.support.DefaultSingletonBeanRegistry.getSingleton(DefaultSingletonBeanRegistry.java:289) ~[spring-beans-6.2.1.jar:6.2.1]
	at org.springframework.beans.factory.support.AbstractBeanFactory.doGetBean(AbstractBeanFactory.java:334) ~[spring-beans-6.2.1.jar:6.2.1]
	at org.springframework.beans.factory.support.AbstractBeanFactory.getBean(AbstractBeanFactory.java:199) ~[spring-beans-6.2.1.jar:6.2.1]
	at org.springframework.beans.factory.support.DefaultListableBeanFactory.doResolveDependency(DefaultListableBeanFactory.java:1573) ~[spring-beans-6.2.1.jar:6.2.1]
	at org.springframework.beans.factory.support.DefaultListableBeanFactory.resolveDependency(DefaultListableBeanFactory.java:1519) ~[spring-beans-6.2.1.jar:6.2.1]
	at org.springframework.beans.factory.support.ConstructorResolver.resolveAutowiredArgument(ConstructorResolver.java:913) ~[spring-beans-6.2.1.jar:6.2.1]
	at org.springframework.beans.factory.support.ConstructorResolver.createArgumentArray(ConstructorResolver.java:791) ~[spring-beans-6.2.1.jar:6.2.1]
	... 26 more
Caused by: java.lang.ClassNotFoundException: com.example.tailormaster.service.labor.LaborService
	at java.base/jdk.internal.loader.BuiltinClassLoader.loadClass(BuiltinClassLoader.java:641) ~[?:?]
	at java.base/jdk.internal.loader.ClassLoaders$AppClassLoader.loadClass(ClassLoaders.java:188) ~[?:?]
	at java.base/java.lang.ClassLoader.loadClass(ClassLoader.java:520) ~[?:?]
	at java.base/java.lang.Class.forName0(Native Method) ~[?:?]
	at java.base/java.lang.Class.forName(Class.java:467) ~[?:?]
	at org.springframework.boot.devtools.restart.classloader.RestartClassLoader.loadClass(RestartClassLoader.java:121) ~[spring-boot-devtools-3.4.1.jar:3.4.1]
	at java.base/java.lang.ClassLoader.loadClass(ClassLoader.java:520) ~[?:?]
	at java.base/java.lang.Class.getDeclaredConstructors0(Native Method) ~[?:?]
	at java.base/java.lang.Class.privateGetDeclaredConstructors(Class.java:3373) ~[?:?]
	at java.base/java.lang.Class.getDeclaredConstructors(Class.java:2555) ~[?:?]
	at org.springframework.beans.factory.annotation.AutowiredAnnotationBeanPostProcessor.determineCandidateConstructors(AutowiredAnnotationBeanPostProcessor.java:379) ~[spring-beans-6.2.1.jar:6.2.1]
	at org.springframework.beans.factory.support.AbstractAutowireCapableBeanFactory.determineConstructorsFromBeanPostProcessors(AbstractAutowireCapableBeanFactory.java:1316) ~[spring-beans-6.2.1.jar:6.2.1]
	at org.springframework.beans.factory.support.AbstractAutowireCapableBeanFactory.createBeanInstance(AbstractAutowireCapableBeanFactory.java:1211) ~[spring-beans-6.2.1.jar:6.2.1]
	at org.springframework.beans.factory.support.AbstractAutowireCapableBeanFactory.doCreateBean(AbstractAutowireCapableBeanFactory.java:563) ~[spring-beans-6.2.1.jar:6.2.1]
	at org.springframework.beans.factory.support.AbstractAutowireCapableBeanFactory.createBean(AbstractAutowireCapableBeanFactory.java:523) ~[spring-beans-6.2.1.jar:6.2.1]
	at org.springframework.beans.factory.support.AbstractBeanFactory.lambda$doGetBean$0(AbstractBeanFactory.java:336) ~[spring-beans-6.2.1.jar:6.2.1]
	at org.springframework.beans.factory.support.DefaultSingletonBeanRegistry.getSingleton(DefaultSingletonBeanRegistry.java:289) ~[spring-beans-6.2.1.jar:6.2.1]
	at org.springframework.beans.factory.support.AbstractBeanFactory.doGetBean(AbstractBeanFactory.java:334) ~[spring-beans-6.2.1.jar:6.2.1]
	at org.springframework.beans.factory.support.AbstractBeanFactory.getBean(AbstractBeanFactory.java:199) ~[spring-beans-6.2.1.jar:6.2.1]
	at org.springframework.beans.factory.support.DefaultListableBeanFactory.doResolveDependency(DefaultListableBeanFactory.java:1573) ~[spring-beans-6.2.1.jar:6.2.1]
	at org.springframework.beans.factory.support.DefaultListableBeanFactory.resolveDependency(DefaultListableBeanFactory.java:1519) ~[spring-beans-6.2.1.jar:6.2.1]
	at org.springframework.beans.factory.support.ConstructorResolver.resolveAutowiredArgument(ConstructorResolver.java:913) ~[spring-beans-6.2.1.jar:6.2.1]
	at org.springframework.beans.factory.support.ConstructorResolver.createArgumentArray(ConstructorResolver.java:791) ~[spring-beans-6.2.1.jar:6.2.1]
	... 26 more
2025-05-04 18:12:05 [] INFO  com.example.tailormaster.TailorMasterAppApplication - Starting TailorMasterAppApplication using Java 17.0.2 with PID 10908 (E:\Development-Workspaces\tailor-master-app\tailor-master-app\target\classes started by wajiz.pk in E:\Development-Workspaces\tailor-master-app\tailor-master-app)
2025-05-04 18:12:05 [] INFO  com.example.tailormaster.TailorMasterAppApplication - No active profile set, falling back to 1 default profile: "default"
2025-05-04 18:12:06 [] INFO  org.springframework.data.repository.config.RepositoryConfigurationDelegate - Bootstrapping Spring Data JPA repositories in DEFAULT mode.
2025-05-04 18:12:06 [] INFO  org.springframework.data.repository.config.RepositoryConfigurationDelegate - Finished Spring Data repository scanning in 100 ms. Found 12 JPA repository interfaces.
2025-05-04 18:12:07 [] INFO  org.springframework.boot.web.embedded.tomcat.TomcatWebServer - Tomcat initialized with port 8080 (http)
2025-05-04 18:12:07 [] INFO  org.apache.coyote.http11.Http11NioProtocol - Initializing ProtocolHandler ["http-nio-8080"]
2025-05-04 18:12:07 [] INFO  org.apache.catalina.core.StandardService - Starting service [Tomcat]
2025-05-04 18:12:07 [] INFO  org.apache.catalina.core.StandardEngine - Starting Servlet engine: [Apache Tomcat/10.1.40]
2025-05-04 18:12:07 [] INFO  org.apache.catalina.core.ContainerBase.[Tomcat-2].[localhost].[/tailor-master] - Initializing Spring embedded WebApplicationContext
2025-05-04 18:12:07 [] INFO  org.springframework.boot.web.servlet.context.ServletWebServerApplicationContext - Root WebApplicationContext: initialization completed in 1383 ms
2025-05-04 18:12:07 [] INFO  org.hibernate.jpa.internal.util.LogHelper - HHH000204: Processing PersistenceUnitInfo [name: default]
2025-05-04 18:12:07 [] INFO  org.hibernate.cache.internal.RegionFactoryInitiator - HHH000026: Second-level cache disabled
2025-05-04 18:12:07 [] INFO  org.springframework.orm.jpa.persistenceunit.SpringPersistenceUnitInfo - No LoadTimeWeaver setup: ignoring JPA class transformer
2025-05-04 18:12:07 [] INFO  com.zaxxer.hikari.HikariDataSource - HikariPool-5 - Starting...
2025-05-04 18:12:07 [] INFO  com.zaxxer.hikari.pool.HikariPool - HikariPool-5 - Added connection com.mysql.cj.jdbc.ConnectionImpl@608b4e0c
2025-05-04 18:12:07 [] INFO  com.zaxxer.hikari.HikariDataSource - HikariPool-5 - Start completed.
2025-05-04 18:12:07 [] INFO  org.hibernate.orm.connections.pooling - HHH10001005: Database info:
	Database JDBC URL [Connecting through datasource 'HikariDataSource (HikariPool-5)']
	Database driver: undefined/unknown
	Database version: 8.0.28
	Autocommit mode: undefined/unknown
	Isolation level: undefined/unknown
	Minimum pool size: undefined/unknown
	Maximum pool size: undefined/unknown
2025-05-04 18:12:07 [] INFO  org.hibernate.engine.transaction.jta.platform.internal.JtaPlatformInitiator - HHH000489: No JTA platform available (set 'hibernate.transaction.jta.platform' to enable JTA platform integration)
2025-05-04 18:12:07 [] INFO  org.springframework.orm.jpa.LocalContainerEntityManagerFactoryBean - Initialized JPA EntityManagerFactory for persistence unit 'default'
2025-05-04 18:12:08 [] WARN  org.springframework.boot.autoconfigure.orm.jpa.JpaBaseConfiguration$JpaWebConfiguration - spring.jpa.open-in-view is enabled by default. Therefore, database queries may be performed during view rendering. Explicitly configure spring.jpa.open-in-view to disable this warning
2025-05-04 18:12:08 [] INFO  org.springframework.security.config.annotation.authentication.configuration.InitializeAuthenticationProviderBeanManagerConfigurer$InitializeAuthenticationProviderManagerConfigurer - Global AuthenticationManager configured with AuthenticationProvider bean with name authenticationProvider
2025-05-04 18:12:08 [] WARN  org.springframework.security.config.annotation.authentication.configuration.InitializeUserDetailsBeanManagerConfigurer$InitializeUserDetailsManagerConfigurer - Global AuthenticationManager configured with an AuthenticationProvider bean. UserDetailsService beans will not be used by Spring Security for automatically configuring username/password login. Consider removing the AuthenticationProvider bean. Alternatively, consider using the UserDetailsService in a manually instantiated DaoAuthenticationProvider. If the current configuration is intentional, to turn off this warning, increase the logging level of 'org.springframework.security.config.annotation.authentication.configuration.InitializeUserDetailsBeanManagerConfigurer' to ERROR
2025-05-04 18:12:08 [] INFO  org.springframework.boot.devtools.autoconfigure.OptionalLiveReloadServer - LiveReload server is running on port 35729
2025-05-04 18:12:08 [] INFO  org.apache.coyote.http11.Http11NioProtocol - Starting ProtocolHandler ["http-nio-8080"]
2025-05-04 18:12:08 [] INFO  org.springframework.boot.web.embedded.tomcat.TomcatWebServer - Tomcat started on port 8080 (http) with context path '/tailor-master'
2025-05-04 18:12:08 [] INFO  com.example.tailormaster.TailorMasterAppApplication - Started TailorMasterAppApplication in 3.193 seconds (process running for 1579.141)
2025-05-04 18:12:08 [] INFO  org.springframework.boot.devtools.autoconfigure.ConditionEvaluationDeltaLoggingListener - Condition evaluation unchanged
2025-05-04 18:12:17 [] INFO  org.springframework.boot.web.embedded.tomcat.GracefulShutdown - Commencing graceful shutdown. Waiting for active requests to complete
2025-05-04 18:12:18 [] INFO  org.springframework.boot.web.embedded.tomcat.GracefulShutdown - Graceful shutdown complete
2025-05-04 18:12:18 [] INFO  org.springframework.orm.jpa.LocalContainerEntityManagerFactoryBean - Closing JPA EntityManagerFactory for persistence unit 'default'
2025-05-04 18:12:18 [] INFO  com.zaxxer.hikari.HikariDataSource - HikariPool-5 - Shutdown initiated...
2025-05-04 18:12:18 [] INFO  com.zaxxer.hikari.HikariDataSource - HikariPool-5 - Shutdown completed.
2025-05-04 18:12:26 [] INFO  org.hibernate.validator.internal.util.Version - HV000001: Hibernate Validator 8.0.2.Final
2025-05-04 18:12:26 [] INFO  com.example.tailormaster.TailorMasterAppApplication - Starting TailorMasterAppApplication using Java 17.0.2 with PID 17264 (E:\Development-Workspaces\tailor-master-app\tailor-master-app\target\classes started by wajiz.pk in E:\Development-Workspaces\tailor-master-app\tailor-master-app)
2025-05-04 18:12:26 [] INFO  com.example.tailormaster.TailorMasterAppApplication - No active profile set, falling back to 1 default profile: "default"
2025-05-04 18:12:26 [] INFO  org.springframework.boot.devtools.env.DevToolsPropertyDefaultsPostProcessor - Devtools property defaults active! Set 'spring.devtools.add-properties' to 'false' to disable
2025-05-04 18:12:26 [] INFO  org.springframework.boot.devtools.env.DevToolsPropertyDefaultsPostProcessor - For additional web related logging consider setting the 'logging.level.web' property to 'DEBUG'
2025-05-04 18:12:28 [] INFO  org.springframework.data.repository.config.RepositoryConfigurationDelegate - Bootstrapping Spring Data JPA repositories in DEFAULT mode.
2025-05-04 18:12:28 [] INFO  org.springframework.data.repository.config.RepositoryConfigurationDelegate - Finished Spring Data repository scanning in 203 ms. Found 12 JPA repository interfaces.
2025-05-04 18:12:29 [] INFO  org.springframework.boot.web.embedded.tomcat.TomcatWebServer - Tomcat initialized with port 8080 (http)
2025-05-04 18:12:29 [] INFO  org.apache.coyote.http11.Http11NioProtocol - Initializing ProtocolHandler ["http-nio-8080"]
2025-05-04 18:12:29 [] INFO  org.apache.catalina.core.StandardService - Starting service [Tomcat]
2025-05-04 18:12:29 [] INFO  org.apache.catalina.core.StandardEngine - Starting Servlet engine: [Apache Tomcat/10.1.40]
2025-05-04 18:12:29 [] INFO  org.apache.catalina.core.ContainerBase.[Tomcat].[localhost].[/tailor-master] - Initializing Spring embedded WebApplicationContext
2025-05-04 18:12:29 [] INFO  org.springframework.boot.web.servlet.context.ServletWebServerApplicationContext - Root WebApplicationContext: initialization completed in 3423 ms
2025-05-04 18:12:30 [] INFO  org.hibernate.jpa.internal.util.LogHelper - HHH000204: Processing PersistenceUnitInfo [name: default]
2025-05-04 18:12:30 [] INFO  org.hibernate.Version - HHH000412: Hibernate ORM core version 6.6.4.Final
2025-05-04 18:12:30 [] INFO  org.hibernate.cache.internal.RegionFactoryInitiator - HHH000026: Second-level cache disabled
2025-05-04 18:12:30 [] INFO  org.springframework.orm.jpa.persistenceunit.SpringPersistenceUnitInfo - No LoadTimeWeaver setup: ignoring JPA class transformer
2025-05-04 18:12:31 [] INFO  com.zaxxer.hikari.HikariDataSource - HikariPool-1 - Starting...
2025-05-04 18:12:31 [] INFO  com.zaxxer.hikari.pool.HikariPool - HikariPool-1 - Added connection com.mysql.cj.jdbc.ConnectionImpl@4a4e1e7d
2025-05-04 18:12:31 [] INFO  com.zaxxer.hikari.HikariDataSource - HikariPool-1 - Start completed.
2025-05-04 18:12:31 [] INFO  org.hibernate.orm.connections.pooling - HHH10001005: Database info:
	Database JDBC URL [Connecting through datasource 'HikariDataSource (HikariPool-1)']
	Database driver: undefined/unknown
	Database version: 8.0.28
	Autocommit mode: undefined/unknown
	Isolation level: undefined/unknown
	Minimum pool size: undefined/unknown
	Maximum pool size: undefined/unknown
2025-05-04 18:12:34 [] INFO  org.hibernate.engine.transaction.jta.platform.internal.JtaPlatformInitiator - HHH000489: No JTA platform available (set 'hibernate.transaction.jta.platform' to enable JTA platform integration)
2025-05-04 18:12:34 [] INFO  org.springframework.orm.jpa.LocalContainerEntityManagerFactoryBean - Initialized JPA EntityManagerFactory for persistence unit 'default'
2025-05-04 18:12:35 [] INFO  org.springframework.data.jpa.repository.query.QueryEnhancerFactory - Hibernate is in classpath; If applicable, HQL parser will be used.
2025-05-04 18:12:38 [] WARN  org.springframework.boot.autoconfigure.orm.jpa.JpaBaseConfiguration$JpaWebConfiguration - spring.jpa.open-in-view is enabled by default. Therefore, database queries may be performed during view rendering. Explicitly configure spring.jpa.open-in-view to disable this warning
2025-05-04 18:12:38 [] INFO  org.springframework.security.config.annotation.authentication.configuration.InitializeAuthenticationProviderBeanManagerConfigurer$InitializeAuthenticationProviderManagerConfigurer - Global AuthenticationManager configured with AuthenticationProvider bean with name authenticationProvider
2025-05-04 18:12:38 [] WARN  org.springframework.security.config.annotation.authentication.configuration.InitializeUserDetailsBeanManagerConfigurer$InitializeUserDetailsManagerConfigurer - Global AuthenticationManager configured with an AuthenticationProvider bean. UserDetailsService beans will not be used by Spring Security for automatically configuring username/password login. Consider removing the AuthenticationProvider bean. Alternatively, consider using the UserDetailsService in a manually instantiated DaoAuthenticationProvider. If the current configuration is intentional, to turn off this warning, increase the logging level of 'org.springframework.security.config.annotation.authentication.configuration.InitializeUserDetailsBeanManagerConfigurer' to ERROR
2025-05-04 18:12:39 [] INFO  org.springframework.boot.devtools.autoconfigure.OptionalLiveReloadServer - LiveReload server is running on port 35729
2025-05-04 18:12:39 [] INFO  org.apache.coyote.http11.Http11NioProtocol - Starting ProtocolHandler ["http-nio-8080"]
2025-05-04 18:12:39 [] INFO  org.springframework.boot.web.embedded.tomcat.TomcatWebServer - Tomcat started on port 8080 (http) with context path '/tailor-master'
2025-05-04 18:12:39 [] INFO  com.example.tailormaster.TailorMasterAppApplication - Started TailorMasterAppApplication in 14.678 seconds (process running for 17.6)
2025-05-04 18:15:32 [] INFO  org.apache.catalina.core.ContainerBase.[Tomcat].[localhost].[/tailor-master] - Initializing Spring DispatcherServlet 'dispatcherServlet'
2025-05-04 18:15:32 [] INFO  org.springframework.web.servlet.DispatcherServlet - Initializing Servlet 'dispatcherServlet'
2025-05-04 18:15:32 [] INFO  org.springframework.web.servlet.DispatcherServlet - Completed initialization in 0 ms
2025-05-04 18:15:32 [abdullateef] INFO  com.example.tailormaster.filter.LoggingInterceptor - User 'abdullateef' is requesting: GET /tailor-master/labors/edit/meJlCg5R4TGQt9gncB-fO3VQH5OWp-2jwGZzYQjh0VM=
2025-05-04 18:15:33 [abdullateef] INFO  com.example.tailormaster.controller.labor.LaborController - Displaying update labor form for labor ID: meJlCg5R4TGQt9gncB-fO3VQH5OWp-2jwGZzYQjh0VM=
2025-05-04 18:15:33 [abdullateef] INFO  com.example.tailormaster.controller.labor.LaborController - Populated Labor for edit form: Optional[Labor(name=LaborTest4, contact=03002211223, skills=Finish, joinDate=null, status=ACTIVE)]
2025-05-04 18:15:34 [abdullateef] INFO  com.example.tailormaster.filter.LoggingInterceptor - User 'abdullateef' is requesting: GET /tailor-master/dashboard/notifications/upcoming-deliveries
2025-05-04 18:15:34 [abdullateef] INFO  com.example.tailormaster.controller.dashboard.DashboardController - Requested upcoming deliveries.
2025-05-04 18:15:34 [abdullateef] INFO  com.example.tailormaster.service.dashboard.DashboardService - Upcoming deliveries fetched: 8
2025-05-04 18:15:34 [abdullateef] INFO  com.example.tailormaster.controller.dashboard.DashboardController - Upcoming deliveries fetched: 8
2025-05-04 18:15:44 [abdullateef] INFO  com.example.tailormaster.filter.LoggingInterceptor - User 'abdullateef' is requesting: POST /tailor-master/labors/update
2025-05-04 18:15:47 [abdullateef] INFO  com.example.tailormaster.controller.labor.LaborController - Attempting to update labor with encrypted ID: wvpfuoPyAr42wP_YkupRjHnnvZG3Cy5-FLvXibg-6nw=
2025-05-04 18:15:52 [abdullateef] INFO  com.example.tailormaster.service.labor.LaborService - Updating Labor: LaborTest4
2025-05-04 18:15:58 [abdullateef] INFO  com.example.tailormaster.service.labor.LaborService - Labor updated with ID: 6
2025-05-04 18:15:58 [abdullateef] INFO  com.example.tailormaster.controller.labor.LaborController - Labor updated successfully: Labor(name=LaborTest4, contact=03002211223, skills=Fini, joinDate=null, status=ACTIVE)
2025-05-04 18:15:58 [abdullateef] INFO  com.example.tailormaster.filter.LoggingInterceptor - User 'abdullateef' is requesting: GET /tailor-master/labors
2025-05-04 18:15:58 [abdullateef] INFO  com.example.tailormaster.controller.labor.LaborController - User accessed the labor list page.
2025-05-04 18:15:58 [abdullateef] INFO  com.example.tailormaster.controller.labor.LaborController - Retrieved labors: [Labor(name=TestLabor, contact=03001122334, skills=Stitching, joinDate=2025-05-03, status=ACTIVE), Labor(name=LaborTest3, contact=03221122333, skills=Stitching, joinDate=2025-05-04, status=ACTIVE), Labor(name=LaborTest4, contact=03002211223, skills=, joinDate=null, status=ACTIVE), Labor(name=LaborTest4, contact=03002211223, skills=Finishing, joinDate=null, status=ACTIVE), Labor(name=LaborTest4, contact=03002211223, skills=Finish, joinDate=null, status=ACTIVE), Labor(name=LaborTest4, contact=03002211223, skills=Fini, joinDate=null, status=ACTIVE), Labor(name=LaborTest4, contact=03002211223, skills=Fini, joinDate=null, status=ACTIVE)] 
2025-05-04 18:15:58 [abdullateef] INFO  com.example.tailormaster.filter.LoggingInterceptor - User 'abdullateef' is requesting: GET /tailor-master/dashboard/notifications/upcoming-deliveries
2025-05-04 18:15:58 [abdullateef] INFO  com.example.tailormaster.controller.dashboard.DashboardController - Requested upcoming deliveries.
2025-05-04 18:15:58 [abdullateef] INFO  com.example.tailormaster.service.dashboard.DashboardService - Upcoming deliveries fetched: 8
2025-05-04 18:15:58 [abdullateef] INFO  com.example.tailormaster.controller.dashboard.DashboardController - Upcoming deliveries fetched: 8
2025-05-04 18:19:08 [] INFO  org.springframework.boot.web.embedded.tomcat.GracefulShutdown - Commencing graceful shutdown. Waiting for active requests to complete
2025-05-04 18:19:09 [] INFO  org.springframework.boot.web.embedded.tomcat.GracefulShutdown - Graceful shutdown complete
2025-05-04 18:19:09 [] INFO  org.springframework.orm.jpa.LocalContainerEntityManagerFactoryBean - Closing JPA EntityManagerFactory for persistence unit 'default'
2025-05-04 18:19:09 [] INFO  com.zaxxer.hikari.HikariDataSource - HikariPool-1 - Shutdown initiated...
2025-05-04 18:19:09 [] INFO  com.zaxxer.hikari.HikariDataSource - HikariPool-1 - Shutdown completed.
2025-05-04 18:19:22 [] INFO  org.hibernate.validator.internal.util.Version - HV000001: Hibernate Validator 8.0.2.Final
2025-05-04 18:19:22 [] INFO  com.example.tailormaster.TailorMasterAppApplication - Starting TailorMasterAppApplication using Java 17.0.2 with PID 14528 (E:\Development-Workspaces\tailor-master-app\tailor-master-app\target\classes started by wajiz.pk in E:\Development-Workspaces\tailor-master-app\tailor-master-app)
2025-05-04 18:19:22 [] INFO  com.example.tailormaster.TailorMasterAppApplication - No active profile set, falling back to 1 default profile: "default"
2025-05-04 18:19:22 [] INFO  org.springframework.boot.devtools.env.DevToolsPropertyDefaultsPostProcessor - Devtools property defaults active! Set 'spring.devtools.add-properties' to 'false' to disable
2025-05-04 18:19:22 [] INFO  org.springframework.boot.devtools.env.DevToolsPropertyDefaultsPostProcessor - For additional web related logging consider setting the 'logging.level.web' property to 'DEBUG'
2025-05-04 18:19:24 [] INFO  org.springframework.data.repository.config.RepositoryConfigurationDelegate - Bootstrapping Spring Data JPA repositories in DEFAULT mode.
2025-05-04 18:19:24 [] INFO  org.springframework.data.repository.config.RepositoryConfigurationDelegate - Finished Spring Data repository scanning in 251 ms. Found 12 JPA repository interfaces.
2025-05-04 18:19:26 [] INFO  org.springframework.boot.web.embedded.tomcat.TomcatWebServer - Tomcat initialized with port 8080 (http)
2025-05-04 18:19:26 [] INFO  org.apache.coyote.http11.Http11NioProtocol - Initializing ProtocolHandler ["http-nio-8080"]
2025-05-04 18:19:26 [] INFO  org.apache.catalina.core.StandardService - Starting service [Tomcat]
2025-05-04 18:19:26 [] INFO  org.apache.catalina.core.StandardEngine - Starting Servlet engine: [Apache Tomcat/10.1.40]
2025-05-04 18:19:26 [] INFO  org.apache.catalina.core.ContainerBase.[Tomcat].[localhost].[/tailor-master] - Initializing Spring embedded WebApplicationContext
2025-05-04 18:19:26 [] INFO  org.springframework.boot.web.servlet.context.ServletWebServerApplicationContext - Root WebApplicationContext: initialization completed in 3337 ms
2025-05-04 18:19:26 [] INFO  org.hibernate.jpa.internal.util.LogHelper - HHH000204: Processing PersistenceUnitInfo [name: default]
2025-05-04 18:19:26 [] INFO  org.hibernate.Version - HHH000412: Hibernate ORM core version 6.6.4.Final
2025-05-04 18:19:26 [] INFO  org.hibernate.cache.internal.RegionFactoryInitiator - HHH000026: Second-level cache disabled
2025-05-04 18:19:27 [] INFO  org.springframework.orm.jpa.persistenceunit.SpringPersistenceUnitInfo - No LoadTimeWeaver setup: ignoring JPA class transformer
2025-05-04 18:19:27 [] INFO  com.zaxxer.hikari.HikariDataSource - HikariPool-1 - Starting...
2025-05-04 18:19:27 [] INFO  com.zaxxer.hikari.pool.HikariPool - HikariPool-1 - Added connection com.mysql.cj.jdbc.ConnectionImpl@32427d9f
2025-05-04 18:19:27 [] INFO  com.zaxxer.hikari.HikariDataSource - HikariPool-1 - Start completed.
2025-05-04 18:19:27 [] INFO  org.hibernate.orm.connections.pooling - HHH10001005: Database info:
	Database JDBC URL [Connecting through datasource 'HikariDataSource (HikariPool-1)']
	Database driver: undefined/unknown
	Database version: 8.0.28
	Autocommit mode: undefined/unknown
	Isolation level: undefined/unknown
	Minimum pool size: undefined/unknown
	Maximum pool size: undefined/unknown
2025-05-04 18:19:30 [] INFO  org.hibernate.engine.transaction.jta.platform.internal.JtaPlatformInitiator - HHH000489: No JTA platform available (set 'hibernate.transaction.jta.platform' to enable JTA platform integration)
2025-05-04 18:19:30 [] INFO  org.springframework.orm.jpa.LocalContainerEntityManagerFactoryBean - Initialized JPA EntityManagerFactory for persistence unit 'default'
2025-05-04 18:19:30 [] INFO  org.springframework.data.jpa.repository.query.QueryEnhancerFactory - Hibernate is in classpath; If applicable, HQL parser will be used.
2025-05-04 18:19:34 [] WARN  org.springframework.boot.autoconfigure.orm.jpa.JpaBaseConfiguration$JpaWebConfiguration - spring.jpa.open-in-view is enabled by default. Therefore, database queries may be performed during view rendering. Explicitly configure spring.jpa.open-in-view to disable this warning
2025-05-04 18:19:34 [] INFO  org.springframework.security.config.annotation.authentication.configuration.InitializeAuthenticationProviderBeanManagerConfigurer$InitializeAuthenticationProviderManagerConfigurer - Global AuthenticationManager configured with AuthenticationProvider bean with name authenticationProvider
2025-05-04 18:19:34 [] WARN  org.springframework.security.config.annotation.authentication.configuration.InitializeUserDetailsBeanManagerConfigurer$InitializeUserDetailsManagerConfigurer - Global AuthenticationManager configured with an AuthenticationProvider bean. UserDetailsService beans will not be used by Spring Security for automatically configuring username/password login. Consider removing the AuthenticationProvider bean. Alternatively, consider using the UserDetailsService in a manually instantiated DaoAuthenticationProvider. If the current configuration is intentional, to turn off this warning, increase the logging level of 'org.springframework.security.config.annotation.authentication.configuration.InitializeUserDetailsBeanManagerConfigurer' to ERROR
2025-05-04 18:19:35 [] INFO  org.springframework.boot.devtools.autoconfigure.OptionalLiveReloadServer - LiveReload server is running on port 35729
2025-05-04 18:19:35 [] INFO  org.apache.coyote.http11.Http11NioProtocol - Starting ProtocolHandler ["http-nio-8080"]
2025-05-04 18:19:35 [] INFO  org.springframework.boot.web.embedded.tomcat.TomcatWebServer - Tomcat started on port 8080 (http) with context path '/tailor-master'
2025-05-04 18:19:35 [] INFO  com.example.tailormaster.TailorMasterAppApplication - Started TailorMasterAppApplication in 13.614 seconds (process running for 16.421)
2025-05-04 18:20:45 [] INFO  org.apache.catalina.core.ContainerBase.[Tomcat].[localhost].[/tailor-master] - Initializing Spring DispatcherServlet 'dispatcherServlet'
2025-05-04 18:20:45 [] INFO  org.springframework.web.servlet.DispatcherServlet - Initializing Servlet 'dispatcherServlet'
2025-05-04 18:20:45 [] INFO  org.springframework.web.servlet.DispatcherServlet - Completed initialization in 1 ms
2025-05-04 18:20:45 [abdullateef] INFO  com.example.tailormaster.filter.LoggingInterceptor - User 'abdullateef' is requesting: GET /tailor-master/labors
2025-05-04 18:20:45 [abdullateef] INFO  com.example.tailormaster.controller.labor.LaborController - User accessed the labor list page.
2025-05-04 18:20:45 [abdullateef] INFO  com.example.tailormaster.controller.labor.LaborController - Retrieved labors: [Labor(name=TestLabor, contact=03001122334, skills=Stitching, joinDate=2025-05-03, status=ACTIVE), Labor(name=LaborTest3, contact=03221122333, skills=Stitching, joinDate=2025-05-04, status=ACTIVE), Labor(name=LaborTest4, contact=03002211223, skills=, joinDate=null, status=ACTIVE), Labor(name=LaborTest4, contact=03002211223, skills=Fini, joinDate=null, status=ACTIVE)] 
2025-05-04 18:20:46 [abdullateef] INFO  com.example.tailormaster.filter.LoggingInterceptor - User 'abdullateef' is requesting: GET /tailor-master/dashboard/notifications/upcoming-deliveries
2025-05-04 18:20:46 [abdullateef] INFO  com.example.tailormaster.controller.dashboard.DashboardController - Requested upcoming deliveries.
2025-05-04 18:20:46 [abdullateef] INFO  com.example.tailormaster.service.dashboard.DashboardService - Upcoming deliveries fetched: 8
2025-05-04 18:20:46 [abdullateef] INFO  com.example.tailormaster.controller.dashboard.DashboardController - Upcoming deliveries fetched: 8
2025-05-04 18:20:50 [abdullateef] INFO  com.example.tailormaster.filter.LoggingInterceptor - User 'abdullateef' is requesting: GET /tailor-master/labors/edit/gfg0EpxtLVbVTrbr5DvfiuX3L8N11boXpp2h-zK7IMI=
2025-05-04 18:20:50 [abdullateef] INFO  com.example.tailormaster.controller.labor.LaborController - Displaying update labor form for labor ID: gfg0EpxtLVbVTrbr5DvfiuX3L8N11boXpp2h-zK7IMI=
2025-05-04 18:20:50 [abdullateef] INFO  com.example.tailormaster.controller.labor.LaborController - Populated Labor for edit form: Optional[Labor(name=LaborTest4, contact=03002211223, skills=, joinDate=null, status=ACTIVE)]
2025-05-04 18:20:51 [abdullateef] INFO  com.example.tailormaster.filter.LoggingInterceptor - User 'abdullateef' is requesting: GET /tailor-master/dashboard/notifications/upcoming-deliveries
2025-05-04 18:20:51 [abdullateef] INFO  com.example.tailormaster.controller.dashboard.DashboardController - Requested upcoming deliveries.
2025-05-04 18:20:51 [abdullateef] INFO  com.example.tailormaster.service.dashboard.DashboardService - Upcoming deliveries fetched: 8
2025-05-04 18:20:51 [abdullateef] INFO  com.example.tailormaster.controller.dashboard.DashboardController - Upcoming deliveries fetched: 8
2025-05-04 18:21:03 [abdullateef] INFO  com.example.tailormaster.filter.LoggingInterceptor - User 'abdullateef' is requesting: POST /tailor-master/labors/update
2025-05-04 18:21:05 [abdullateef] INFO  com.example.tailormaster.controller.labor.LaborController - Attempting to update labor with encrypted ID: NGKfR08FHDwAFPjc4wt1H8fqY4Z04dNNMQVtD-8gZCw=
2025-05-04 18:21:10 [abdullateef] INFO  com.example.tailormaster.service.labor.LaborService - Updating Labor: LaborTest4
2025-05-04 18:21:14 [abdullateef] INFO  com.example.tailormaster.service.labor.LaborService - Labor updated with ID: 3
2025-05-04 18:21:14 [abdullateef] INFO  com.example.tailormaster.controller.labor.LaborController - Labor updated successfully: Labor(name=LaborTest4, contact=03002211223, skills=update, joinDate=null, status=ACTIVE)
2025-05-04 18:21:14 [abdullateef] INFO  com.example.tailormaster.filter.LoggingInterceptor - User 'abdullateef' is requesting: GET /tailor-master/labors
2025-05-04 18:21:14 [abdullateef] INFO  com.example.tailormaster.controller.labor.LaborController - User accessed the labor list page.
2025-05-04 18:21:14 [abdullateef] INFO  com.example.tailormaster.controller.labor.LaborController - Retrieved labors: [Labor(name=TestLabor, contact=03001122334, skills=Stitching, joinDate=2025-05-03, status=ACTIVE), Labor(name=LaborTest3, contact=03221122333, skills=Stitching, joinDate=2025-05-04, status=ACTIVE), Labor(name=LaborTest4, contact=03002211223, skills=update, joinDate=null, status=ACTIVE), Labor(name=LaborTest4, contact=03002211223, skills=Fini, joinDate=null, status=ACTIVE), Labor(name=LaborTest4, contact=03002211223, skills=update, joinDate=null, status=ACTIVE)] 
2025-05-04 18:21:14 [abdullateef] INFO  com.example.tailormaster.filter.LoggingInterceptor - User 'abdullateef' is requesting: GET /tailor-master/dashboard/notifications/upcoming-deliveries
2025-05-04 18:21:14 [abdullateef] INFO  com.example.tailormaster.controller.dashboard.DashboardController - Requested upcoming deliveries.
2025-05-04 18:21:15 [abdullateef] INFO  com.example.tailormaster.service.dashboard.DashboardService - Upcoming deliveries fetched: 8
2025-05-04 18:21:15 [abdullateef] INFO  com.example.tailormaster.controller.dashboard.DashboardController - Upcoming deliveries fetched: 8
2025-05-04 18:28:57 [] INFO  org.springframework.boot.web.embedded.tomcat.GracefulShutdown - Commencing graceful shutdown. Waiting for active requests to complete
2025-05-04 18:28:58 [] INFO  org.springframework.boot.web.embedded.tomcat.GracefulShutdown - Graceful shutdown complete
2025-05-04 18:28:58 [] INFO  org.springframework.orm.jpa.LocalContainerEntityManagerFactoryBean - Closing JPA EntityManagerFactory for persistence unit 'default'
2025-05-04 18:28:58 [] INFO  com.zaxxer.hikari.HikariDataSource - HikariPool-1 - Shutdown initiated...
2025-05-04 18:28:58 [] INFO  com.zaxxer.hikari.HikariDataSource - HikariPool-1 - Shutdown completed.
2025-05-04 18:29:12 [] INFO  org.hibernate.validator.internal.util.Version - HV000001: Hibernate Validator 8.0.2.Final
2025-05-04 18:29:12 [] INFO  com.example.tailormaster.TailorMasterAppApplication - Starting TailorMasterAppApplication using Java 17.0.2 with PID 17976 (E:\Development-Workspaces\tailor-master-app\tailor-master-app\target\classes started by wajiz.pk in E:\Development-Workspaces\tailor-master-app\tailor-master-app)
2025-05-04 18:29:12 [] INFO  com.example.tailormaster.TailorMasterAppApplication - No active profile set, falling back to 1 default profile: "default"
2025-05-04 18:29:12 [] INFO  org.springframework.boot.devtools.env.DevToolsPropertyDefaultsPostProcessor - Devtools property defaults active! Set 'spring.devtools.add-properties' to 'false' to disable
2025-05-04 18:29:12 [] INFO  org.springframework.boot.devtools.env.DevToolsPropertyDefaultsPostProcessor - For additional web related logging consider setting the 'logging.level.web' property to 'DEBUG'
2025-05-04 18:29:14 [] INFO  org.springframework.data.repository.config.RepositoryConfigurationDelegate - Bootstrapping Spring Data JPA repositories in DEFAULT mode.
2025-05-04 18:29:14 [] INFO  org.springframework.data.repository.config.RepositoryConfigurationDelegate - Finished Spring Data repository scanning in 198 ms. Found 12 JPA repository interfaces.
2025-05-04 18:29:15 [] INFO  org.springframework.boot.web.embedded.tomcat.TomcatWebServer - Tomcat initialized with port 8080 (http)
2025-05-04 18:29:16 [] INFO  org.apache.coyote.http11.Http11NioProtocol - Initializing ProtocolHandler ["http-nio-8080"]
2025-05-04 18:29:16 [] INFO  org.apache.catalina.core.StandardService - Starting service [Tomcat]
2025-05-04 18:29:16 [] INFO  org.apache.catalina.core.StandardEngine - Starting Servlet engine: [Apache Tomcat/10.1.40]
2025-05-04 18:29:16 [] INFO  org.apache.catalina.core.ContainerBase.[Tomcat].[localhost].[/tailor-master] - Initializing Spring embedded WebApplicationContext
2025-05-04 18:29:16 [] INFO  org.springframework.boot.web.servlet.context.ServletWebServerApplicationContext - Root WebApplicationContext: initialization completed in 3397 ms
2025-05-04 18:29:16 [] INFO  org.hibernate.jpa.internal.util.LogHelper - HHH000204: Processing PersistenceUnitInfo [name: default]
2025-05-04 18:29:16 [] INFO  org.hibernate.Version - HHH000412: Hibernate ORM core version 6.6.4.Final
2025-05-04 18:29:16 [] INFO  org.hibernate.cache.internal.RegionFactoryInitiator - HHH000026: Second-level cache disabled
2025-05-04 18:29:17 [] INFO  org.springframework.orm.jpa.persistenceunit.SpringPersistenceUnitInfo - No LoadTimeWeaver setup: ignoring JPA class transformer
2025-05-04 18:29:17 [] INFO  com.zaxxer.hikari.HikariDataSource - HikariPool-1 - Starting...
2025-05-04 18:29:18 [] INFO  com.zaxxer.hikari.pool.HikariPool - HikariPool-1 - Added connection com.mysql.cj.jdbc.ConnectionImpl@3341f6ac
2025-05-04 18:29:18 [] INFO  com.zaxxer.hikari.HikariDataSource - HikariPool-1 - Start completed.
2025-05-04 18:29:18 [] INFO  org.hibernate.orm.connections.pooling - HHH10001005: Database info:
	Database JDBC URL [Connecting through datasource 'HikariDataSource (HikariPool-1)']
	Database driver: undefined/unknown
	Database version: 8.0.28
	Autocommit mode: undefined/unknown
	Isolation level: undefined/unknown
	Minimum pool size: undefined/unknown
	Maximum pool size: undefined/unknown
2025-05-04 18:29:21 [] INFO  org.hibernate.engine.transaction.jta.platform.internal.JtaPlatformInitiator - HHH000489: No JTA platform available (set 'hibernate.transaction.jta.platform' to enable JTA platform integration)
2025-05-04 18:29:21 [] INFO  org.springframework.orm.jpa.LocalContainerEntityManagerFactoryBean - Initialized JPA EntityManagerFactory for persistence unit 'default'
2025-05-04 18:29:21 [] INFO  org.springframework.data.jpa.repository.query.QueryEnhancerFactory - Hibernate is in classpath; If applicable, HQL parser will be used.
2025-05-04 18:29:25 [] WARN  org.springframework.boot.autoconfigure.orm.jpa.JpaBaseConfiguration$JpaWebConfiguration - spring.jpa.open-in-view is enabled by default. Therefore, database queries may be performed during view rendering. Explicitly configure spring.jpa.open-in-view to disable this warning
2025-05-04 18:29:25 [] INFO  org.springframework.security.config.annotation.authentication.configuration.InitializeAuthenticationProviderBeanManagerConfigurer$InitializeAuthenticationProviderManagerConfigurer - Global AuthenticationManager configured with AuthenticationProvider bean with name authenticationProvider
2025-05-04 18:29:25 [] WARN  org.springframework.security.config.annotation.authentication.configuration.InitializeUserDetailsBeanManagerConfigurer$InitializeUserDetailsManagerConfigurer - Global AuthenticationManager configured with an AuthenticationProvider bean. UserDetailsService beans will not be used by Spring Security for automatically configuring username/password login. Consider removing the AuthenticationProvider bean. Alternatively, consider using the UserDetailsService in a manually instantiated DaoAuthenticationProvider. If the current configuration is intentional, to turn off this warning, increase the logging level of 'org.springframework.security.config.annotation.authentication.configuration.InitializeUserDetailsBeanManagerConfigurer' to ERROR
2025-05-04 18:29:26 [] INFO  org.springframework.boot.devtools.autoconfigure.OptionalLiveReloadServer - LiveReload server is running on port 35729
2025-05-04 18:29:26 [] INFO  org.apache.coyote.http11.Http11NioProtocol - Starting ProtocolHandler ["http-nio-8080"]
2025-05-04 18:29:26 [] INFO  org.springframework.boot.web.embedded.tomcat.TomcatWebServer - Tomcat started on port 8080 (http) with context path '/tailor-master'
2025-05-04 18:29:26 [] INFO  com.example.tailormaster.TailorMasterAppApplication - Started TailorMasterAppApplication in 14.753 seconds (process running for 17.375)
2025-05-04 18:29:39 [] INFO  org.apache.catalina.core.ContainerBase.[Tomcat].[localhost].[/tailor-master] - Initializing Spring DispatcherServlet 'dispatcherServlet'
2025-05-04 18:29:39 [] INFO  org.springframework.web.servlet.DispatcherServlet - Initializing Servlet 'dispatcherServlet'
2025-05-04 18:29:39 [] INFO  org.springframework.web.servlet.DispatcherServlet - Completed initialization in 5 ms
2025-05-04 18:29:39 [abdullateef] INFO  com.example.tailormaster.filter.LoggingInterceptor - User 'abdullateef' is requesting: GET /tailor-master/labors
2025-05-04 18:29:40 [abdullateef] INFO  com.example.tailormaster.controller.labor.LaborController - User accessed the labor list page.
2025-05-04 18:29:40 [abdullateef] INFO  com.example.tailormaster.controller.labor.LaborController - Retrieved labors: [Labor(name=TestLabor, contact=03001122334, skills=Stitching, joinDate=2025-05-03, status=ACTIVE), Labor(name=LaborTest3, contact=03221122333, skills=Stitching, joinDate=2025-05-04, status=ACTIVE), Labor(name=LaborTest4, contact=03002211223, skills=update, joinDate=null, status=ACTIVE), Labor(name=LaborTest4, contact=03002211223, skills=Fini, joinDate=null, status=ACTIVE), Labor(name=LaborTest4, contact=03002211223, skills=update, joinDate=null, status=ACTIVE)] 
2025-05-04 18:29:41 [abdullateef] INFO  com.example.tailormaster.filter.LoggingInterceptor - User 'abdullateef' is requesting: GET /tailor-master/dashboard/notifications/upcoming-deliveries
2025-05-04 18:29:41 [abdullateef] INFO  com.example.tailormaster.controller.dashboard.DashboardController - Requested upcoming deliveries.
2025-05-04 18:29:41 [abdullateef] INFO  com.example.tailormaster.service.dashboard.DashboardService - Upcoming deliveries fetched: 8
2025-05-04 18:29:41 [abdullateef] INFO  com.example.tailormaster.controller.dashboard.DashboardController - Upcoming deliveries fetched: 8
2025-05-04 18:29:43 [abdullateef] INFO  com.example.tailormaster.filter.LoggingInterceptor - User 'abdullateef' is requesting: GET /tailor-master/labors/edit/0b-KS1Zpj915XSRtx1HvH7gNK9_fVUiJT2bd4x5qb_k=
2025-05-04 18:29:43 [abdullateef] INFO  com.example.tailormaster.controller.labor.LaborController - Displaying update labor form for labor ID: 0b-KS1Zpj915XSRtx1HvH7gNK9_fVUiJT2bd4x5qb_k=
2025-05-04 18:29:43 [abdullateef] INFO  com.example.tailormaster.controller.labor.LaborController - Populated Labor for edit form: Optional[Labor(name=LaborTest4, contact=03002211223, skills=update, joinDate=null, status=ACTIVE)]
2025-05-04 18:29:43 [abdullateef] INFO  com.example.tailormaster.filter.LoggingInterceptor - User 'abdullateef' is requesting: GET /tailor-master/dashboard/notifications/upcoming-deliveries
2025-05-04 18:29:43 [abdullateef] INFO  com.example.tailormaster.controller.dashboard.DashboardController - Requested upcoming deliveries.
2025-05-04 18:29:43 [abdullateef] INFO  com.example.tailormaster.service.dashboard.DashboardService - Upcoming deliveries fetched: 8
2025-05-04 18:29:43 [abdullateef] INFO  com.example.tailormaster.controller.dashboard.DashboardController - Upcoming deliveries fetched: 8
2025-05-04 18:30:00 [abdullateef] INFO  com.example.tailormaster.filter.LoggingInterceptor - User 'abdullateef' is requesting: POST /tailor-master/labors/update
2025-05-04 18:30:03 [abdullateef] INFO  com.example.tailormaster.controller.labor.LaborController - Attempting to update labor with encrypted ID: 8VGXj4JIdtRLdQanHLwMej9iWdGiK2r4xwQ3ZMVoZeE=
2025-05-04 18:30:07 [abdullateef] INFO  com.example.tailormaster.service.labor.LaborService - Updating Labor: LaborTest4
2025-05-04 18:30:14 [abdullateef] ERROR com.example.tailormaster.controller.labor.LaborController - Error updating Labor with encrypted ID 8VGXj4JIdtRLdQanHLwMej9iWdGiK2r4xwQ3ZMVoZeE=: The given id must not be null
org.springframework.dao.InvalidDataAccessApiUsageException: The given id must not be null
	at org.springframework.orm.jpa.EntityManagerFactoryUtils.convertJpaAccessExceptionIfPossible(EntityManagerFactoryUtils.java:371) ~[spring-orm-6.2.1.jar:6.2.1]
	at org.springframework.orm.jpa.vendor.HibernateJpaDialect.translateExceptionIfPossible(HibernateJpaDialect.java:246) ~[spring-orm-6.2.1.jar:6.2.1]
	at org.springframework.orm.jpa.AbstractEntityManagerFactoryBean.translateExceptionIfPossible(AbstractEntityManagerFactoryBean.java:560) ~[spring-orm-6.2.1.jar:6.2.1]
	at org.springframework.dao.support.ChainedPersistenceExceptionTranslator.translateExceptionIfPossible(ChainedPersistenceExceptionTranslator.java:61) ~[spring-tx-6.2.1.jar:6.2.1]
	at org.springframework.dao.support.DataAccessUtils.translateIfNecessary(DataAccessUtils.java:343) ~[spring-tx-6.2.1.jar:6.2.1]
	at org.springframework.dao.support.PersistenceExceptionTranslationInterceptor.invoke(PersistenceExceptionTranslationInterceptor.java:160) ~[spring-tx-6.2.1.jar:6.2.1]
	at org.springframework.aop.framework.ReflectiveMethodInvocation.proceed(ReflectiveMethodInvocation.java:184) ~[spring-aop-6.2.1.jar:6.2.1]
	at org.springframework.data.jpa.repository.support.CrudMethodMetadataPostProcessor$CrudMethodMetadataPopulatingMethodInterceptor.invoke(CrudMethodMetadataPostProcessor.java:165) ~[spring-data-jpa-3.4.1.jar:3.4.1]
	at org.springframework.aop.framework.ReflectiveMethodInvocation.proceed(ReflectiveMethodInvocation.java:184) ~[spring-aop-6.2.1.jar:6.2.1]
	at org.springframework.aop.framework.JdkDynamicAopProxy.invoke(JdkDynamicAopProxy.java:223) ~[spring-aop-6.2.1.jar:6.2.1]
	at jdk.proxy4/jdk.proxy4.$Proxy168.findById(Unknown Source) ~[?:?]
	at com.example.tailormaster.service.labor.LaborService.updateLabor(LaborService.java:34) ~[classes/:?]
	at com.example.tailormaster.controller.labor.LaborController.updateLabor(LaborController.java:142) ~[classes/:?]
	at java.base/jdk.internal.reflect.NativeMethodAccessorImpl.invoke0(Native Method) ~[?:?]
	at java.base/jdk.internal.reflect.NativeMethodAccessorImpl.invoke(NativeMethodAccessorImpl.java:77) ~[?:?]
	at java.base/jdk.internal.reflect.DelegatingMethodAccessorImpl.invoke(DelegatingMethodAccessorImpl.java:43) ~[?:?]
	at java.base/java.lang.reflect.Method.invoke(Method.java:568) ~[?:?]
	at org.springframework.web.method.support.InvocableHandlerMethod.doInvoke(InvocableHandlerMethod.java:257) ~[spring-web-6.2.1.jar:6.2.1]
	at org.springframework.web.method.support.InvocableHandlerMethod.invokeForRequest(InvocableHandlerMethod.java:190) ~[spring-web-6.2.1.jar:6.2.1]
	at org.springframework.web.servlet.mvc.method.annotation.ServletInvocableHandlerMethod.invokeAndHandle(ServletInvocableHandlerMethod.java:118) ~[spring-webmvc-6.2.1.jar:6.2.1]
	at org.springframework.web.servlet.mvc.method.annotation.RequestMappingHandlerAdapter.invokeHandlerMethod(RequestMappingHandlerAdapter.java:986) ~[spring-webmvc-6.2.1.jar:6.2.1]
	at org.springframework.web.servlet.mvc.method.annotation.RequestMappingHandlerAdapter.handleInternal(RequestMappingHandlerAdapter.java:891) ~[spring-webmvc-6.2.1.jar:6.2.1]
	at org.springframework.web.servlet.mvc.method.AbstractHandlerMethodAdapter.handle(AbstractHandlerMethodAdapter.java:87) ~[spring-webmvc-6.2.1.jar:6.2.1]
	at org.springframework.web.servlet.DispatcherServlet.doDispatch(DispatcherServlet.java:1088) ~[spring-webmvc-6.2.1.jar:6.2.1]
	at org.springframework.web.servlet.DispatcherServlet.doService(DispatcherServlet.java:978) ~[spring-webmvc-6.2.1.jar:6.2.1]
	at org.springframework.web.servlet.FrameworkServlet.processRequest(FrameworkServlet.java:1014) ~[spring-webmvc-6.2.1.jar:6.2.1]
	at org.springframework.web.servlet.FrameworkServlet.doPost(FrameworkServlet.java:914) ~[spring-webmvc-6.2.1.jar:6.2.1]
	at jakarta.servlet.http.HttpServlet.service(HttpServlet.java:590) ~[tomcat-embed-core-10.1.40.jar:6.0]
	at org.springframework.web.servlet.FrameworkServlet.service(FrameworkServlet.java:885) ~[spring-webmvc-6.2.1.jar:6.2.1]
	at jakarta.servlet.http.HttpServlet.service(HttpServlet.java:658) ~[tomcat-embed-core-10.1.40.jar:6.0]
	at org.apache.catalina.core.ApplicationFilterChain.internalDoFilter(ApplicationFilterChain.java:195) ~[tomcat-embed-core-10.1.40.jar:10.1.40]
	at org.apache.catalina.core.ApplicationFilterChain.doFilter(ApplicationFilterChain.java:140) ~[tomcat-embed-core-10.1.40.jar:10.1.40]
	at org.apache.tomcat.websocket.server.WsFilter.doFilter(WsFilter.java:51) ~[tomcat-embed-websocket-10.1.40.jar:10.1.40]
	at org.apache.catalina.core.ApplicationFilterChain.internalDoFilter(ApplicationFilterChain.java:164) ~[tomcat-embed-core-10.1.40.jar:10.1.40]
	at org.apache.catalina.core.ApplicationFilterChain.doFilter(ApplicationFilterChain.java:140) ~[tomcat-embed-core-10.1.40.jar:10.1.40]
	at com.example.tailormaster.filter.LoggingMDCFilter.doFilter(LoggingMDCFilter.java:30) ~[classes/:?]
	at org.apache.catalina.core.ApplicationFilterChain.internalDoFilter(ApplicationFilterChain.java:164) ~[tomcat-embed-core-10.1.40.jar:10.1.40]
	at org.apache.catalina.core.ApplicationFilterChain.doFilter(ApplicationFilterChain.java:140) ~[tomcat-embed-core-10.1.40.jar:10.1.40]
	at org.springframework.web.filter.CompositeFilter$VirtualFilterChain.doFilter(CompositeFilter.java:108) ~[spring-web-6.2.1.jar:6.2.1]
	at org.springframework.security.web.FilterChainProxy.lambda$doFilterInternal$3(FilterChainProxy.java:231) ~[spring-security-web-6.4.2.jar:6.4.2]
	at org.springframework.security.web.FilterChainProxy$VirtualFilterChain.doFilter(FilterChainProxy.java:365) ~[spring-security-web-6.4.2.jar:6.4.2]
	at org.springframework.security.web.access.intercept.AuthorizationFilter.doFilter(AuthorizationFilter.java:101) ~[spring-security-web-6.4.2.jar:6.4.2]
	at org.springframework.security.web.FilterChainProxy$VirtualFilterChain.doFilter(FilterChainProxy.java:374) ~[spring-security-web-6.4.2.jar:6.4.2]
	at org.springframework.security.web.access.ExceptionTranslationFilter.doFilter(ExceptionTranslationFilter.java:126) ~[spring-security-web-6.4.2.jar:6.4.2]
	at org.springframework.security.web.access.ExceptionTranslationFilter.doFilter(ExceptionTranslationFilter.java:120) ~[spring-security-web-6.4.2.jar:6.4.2]
	at org.springframework.security.web.FilterChainProxy$VirtualFilterChain.doFilter(FilterChainProxy.java:374) ~[spring-security-web-6.4.2.jar:6.4.2]
	at org.springframework.security.web.authentication.AnonymousAuthenticationFilter.doFilter(AnonymousAuthenticationFilter.java:100) ~[spring-security-web-6.4.2.jar:6.4.2]
	at org.springframework.security.web.FilterChainProxy$VirtualFilterChain.doFilter(FilterChainProxy.java:374) ~[spring-security-web-6.4.2.jar:6.4.2]
	at org.springframework.security.web.servletapi.SecurityContextHolderAwareRequestFilter.doFilter(SecurityContextHolderAwareRequestFilter.java:179) ~[spring-security-web-6.4.2.jar:6.4.2]
	at org.springframework.security.web.FilterChainProxy$VirtualFilterChain.doFilter(FilterChainProxy.java:374) ~[spring-security-web-6.4.2.jar:6.4.2]
	at org.springframework.security.web.savedrequest.RequestCacheAwareFilter.doFilter(RequestCacheAwareFilter.java:63) ~[spring-security-web-6.4.2.jar:6.4.2]
	at org.springframework.security.web.FilterChainProxy$VirtualFilterChain.doFilter(FilterChainProxy.java:374) ~[spring-security-web-6.4.2.jar:6.4.2]
	at org.springframework.security.web.authentication.AbstractAuthenticationProcessingFilter.doFilter(AbstractAuthenticationProcessingFilter.java:227) ~[spring-security-web-6.4.2.jar:6.4.2]
	at org.springframework.security.web.authentication.AbstractAuthenticationProcessingFilter.doFilter(AbstractAuthenticationProcessingFilter.java:221) ~[spring-security-web-6.4.2.jar:6.4.2]
	at org.springframework.security.web.FilterChainProxy$VirtualFilterChain.doFilter(FilterChainProxy.java:374) ~[spring-security-web-6.4.2.jar:6.4.2]
	at org.springframework.security.web.authentication.logout.LogoutFilter.doFilter(LogoutFilter.java:107) ~[spring-security-web-6.4.2.jar:6.4.2]
	at org.springframework.security.web.authentication.logout.LogoutFilter.doFilter(LogoutFilter.java:93) ~[spring-security-web-6.4.2.jar:6.4.2]
	at org.springframework.security.web.FilterChainProxy$VirtualFilterChain.doFilter(FilterChainProxy.java:374) ~[spring-security-web-6.4.2.jar:6.4.2]
	at org.springframework.security.web.csrf.CsrfFilter.doFilterInternal(CsrfFilter.java:131) ~[spring-security-web-6.4.2.jar:6.4.2]
	at org.springframework.web.filter.OncePerRequestFilter.doFilter(OncePerRequestFilter.java:116) ~[spring-web-6.2.1.jar:6.2.1]
	at org.springframework.security.web.FilterChainProxy$VirtualFilterChain.doFilter(FilterChainProxy.java:374) ~[spring-security-web-6.4.2.jar:6.4.2]
	at org.springframework.security.web.header.HeaderWriterFilter.doHeadersAfter(HeaderWriterFilter.java:90) ~[spring-security-web-6.4.2.jar:6.4.2]
	at org.springframework.security.web.header.HeaderWriterFilter.doFilterInternal(HeaderWriterFilter.java:75) ~[spring-security-web-6.4.2.jar:6.4.2]
	at org.springframework.web.filter.OncePerRequestFilter.doFilter(OncePerRequestFilter.java:116) ~[spring-web-6.2.1.jar:6.2.1]
	at org.springframework.security.web.FilterChainProxy$VirtualFilterChain.doFilter(FilterChainProxy.java:374) ~[spring-security-web-6.4.2.jar:6.4.2]
	at org.springframework.security.web.context.SecurityContextHolderFilter.doFilter(SecurityContextHolderFilter.java:82) ~[spring-security-web-6.4.2.jar:6.4.2]
	at org.springframework.security.web.context.SecurityContextHolderFilter.doFilter(SecurityContextHolderFilter.java:69) ~[spring-security-web-6.4.2.jar:6.4.2]
	at org.springframework.security.web.FilterChainProxy$VirtualFilterChain.doFilter(FilterChainProxy.java:374) ~[spring-security-web-6.4.2.jar:6.4.2]
	at org.springframework.security.web.context.request.async.WebAsyncManagerIntegrationFilter.doFilterInternal(WebAsyncManagerIntegrationFilter.java:62) ~[spring-security-web-6.4.2.jar:6.4.2]
	at org.springframework.web.filter.OncePerRequestFilter.doFilter(OncePerRequestFilter.java:116) ~[spring-web-6.2.1.jar:6.2.1]
	at org.springframework.security.web.FilterChainProxy$VirtualFilterChain.doFilter(FilterChainProxy.java:374) ~[spring-security-web-6.4.2.jar:6.4.2]
	at org.springframework.security.web.session.DisableEncodeUrlFilter.doFilterInternal(DisableEncodeUrlFilter.java:42) ~[spring-security-web-6.4.2.jar:6.4.2]
	at org.springframework.web.filter.OncePerRequestFilter.doFilter(OncePerRequestFilter.java:116) ~[spring-web-6.2.1.jar:6.2.1]
	at org.springframework.security.web.FilterChainProxy$VirtualFilterChain.doFilter(FilterChainProxy.java:374) ~[spring-security-web-6.4.2.jar:6.4.2]
	at org.springframework.security.web.FilterChainProxy.doFilterInternal(FilterChainProxy.java:233) ~[spring-security-web-6.4.2.jar:6.4.2]
	at org.springframework.security.web.FilterChainProxy.doFilter(FilterChainProxy.java:191) ~[spring-security-web-6.4.2.jar:6.4.2]
	at org.springframework.web.filter.CompositeFilter$VirtualFilterChain.doFilter(CompositeFilter.java:113) ~[spring-web-6.2.1.jar:6.2.1]
	at org.springframework.web.servlet.handler.HandlerMappingIntrospector.lambda$createCacheFilter$3(HandlerMappingIntrospector.java:243) ~[spring-webmvc-6.2.1.jar:6.2.1]
	at org.springframework.web.filter.CompositeFilter$VirtualFilterChain.doFilter(CompositeFilter.java:113) [spring-web-6.2.1.jar:6.2.1]
	at org.springframework.web.filter.CompositeFilter.doFilter(CompositeFilter.java:74) [spring-web-6.2.1.jar:6.2.1]
	at org.springframework.security.config.annotation.web.configuration.WebMvcSecurityConfiguration$CompositeFilterChainProxy.doFilter(WebMvcSecurityConfiguration.java:238) [spring-security-config-6.4.2.jar:6.4.2]
	at org.springframework.web.filter.DelegatingFilterProxy.invokeDelegate(DelegatingFilterProxy.java:362) [spring-web-6.2.1.jar:6.2.1]
	at org.springframework.web.filter.DelegatingFilterProxy.doFilter(DelegatingFilterProxy.java:278) [spring-web-6.2.1.jar:6.2.1]
	at org.apache.catalina.core.ApplicationFilterChain.internalDoFilter(ApplicationFilterChain.java:164) [tomcat-embed-core-10.1.40.jar:10.1.40]
	at org.apache.catalina.core.ApplicationFilterChain.doFilter(ApplicationFilterChain.java:140) [tomcat-embed-core-10.1.40.jar:10.1.40]
	at org.springframework.web.filter.RequestContextFilter.doFilterInternal(RequestContextFilter.java:100) [spring-web-6.2.1.jar:6.2.1]
	at org.springframework.web.filter.OncePerRequestFilter.doFilter(OncePerRequestFilter.java:116) [spring-web-6.2.1.jar:6.2.1]
	at org.apache.catalina.core.ApplicationFilterChain.internalDoFilter(ApplicationFilterChain.java:164) [tomcat-embed-core-10.1.40.jar:10.1.40]
	at org.apache.catalina.core.ApplicationFilterChain.doFilter(ApplicationFilterChain.java:140) [tomcat-embed-core-10.1.40.jar:10.1.40]
	at org.springframework.web.filter.FormContentFilter.doFilterInternal(FormContentFilter.java:93) [spring-web-6.2.1.jar:6.2.1]
	at org.springframework.web.filter.OncePerRequestFilter.doFilter(OncePerRequestFilter.java:116) [spring-web-6.2.1.jar:6.2.1]
	at org.apache.catalina.core.ApplicationFilterChain.internalDoFilter(ApplicationFilterChain.java:164) [tomcat-embed-core-10.1.40.jar:10.1.40]
	at org.apache.catalina.core.ApplicationFilterChain.doFilter(ApplicationFilterChain.java:140) [tomcat-embed-core-10.1.40.jar:10.1.40]
	at org.springframework.web.filter.CharacterEncodingFilter.doFilterInternal(CharacterEncodingFilter.java:201) [spring-web-6.2.1.jar:6.2.1]
	at org.springframework.web.filter.OncePerRequestFilter.doFilter(OncePerRequestFilter.java:116) [spring-web-6.2.1.jar:6.2.1]
	at org.apache.catalina.core.ApplicationFilterChain.internalDoFilter(ApplicationFilterChain.java:164) [tomcat-embed-core-10.1.40.jar:10.1.40]
	at org.apache.catalina.core.ApplicationFilterChain.doFilter(ApplicationFilterChain.java:140) [tomcat-embed-core-10.1.40.jar:10.1.40]
	at org.apache.catalina.core.StandardWrapperValve.invoke(StandardWrapperValve.java:167) [tomcat-embed-core-10.1.40.jar:10.1.40]
	at org.apache.catalina.core.StandardContextValve.invoke(StandardContextValve.java:90) [tomcat-embed-core-10.1.40.jar:10.1.40]
	at org.apache.catalina.authenticator.AuthenticatorBase.invoke(AuthenticatorBase.java:483) [tomcat-embed-core-10.1.40.jar:10.1.40]
	at org.apache.catalina.core.StandardHostValve.invoke(StandardHostValve.java:116) [tomcat-embed-core-10.1.40.jar:10.1.40]
	at org.apache.catalina.valves.ErrorReportValve.invoke(ErrorReportValve.java:93) [tomcat-embed-core-10.1.40.jar:10.1.40]
	at org.apache.catalina.core.StandardEngineValve.invoke(StandardEngineValve.java:74) [tomcat-embed-core-10.1.40.jar:10.1.40]
	at org.apache.catalina.connector.CoyoteAdapter.service(CoyoteAdapter.java:344) [tomcat-embed-core-10.1.40.jar:10.1.40]
	at org.apache.coyote.http11.Http11Processor.service(Http11Processor.java:398) [tomcat-embed-core-10.1.40.jar:10.1.40]
	at org.apache.coyote.AbstractProcessorLight.process(AbstractProcessorLight.java:63) [tomcat-embed-core-10.1.40.jar:10.1.40]
	at org.apache.coyote.AbstractProtocol$ConnectionHandler.process(AbstractProtocol.java:903) [tomcat-embed-core-10.1.40.jar:10.1.40]
	at org.apache.tomcat.util.net.NioEndpoint$SocketProcessor.doRun(NioEndpoint.java:1740) [tomcat-embed-core-10.1.40.jar:10.1.40]
	at org.apache.tomcat.util.net.SocketProcessorBase.run(SocketProcessorBase.java:52) [tomcat-embed-core-10.1.40.jar:10.1.40]
	at org.apache.tomcat.util.threads.ThreadPoolExecutor.runWorker(ThreadPoolExecutor.java:1189) [tomcat-embed-core-10.1.40.jar:10.1.40]
	at org.apache.tomcat.util.threads.ThreadPoolExecutor$Worker.run(ThreadPoolExecutor.java:658) [tomcat-embed-core-10.1.40.jar:10.1.40]
	at org.apache.tomcat.util.threads.TaskThread$WrappingRunnable.run(TaskThread.java:63) [tomcat-embed-core-10.1.40.jar:10.1.40]
	at java.base/java.lang.Thread.run(Thread.java:833) [?:?]
Caused by: java.lang.IllegalArgumentException: The given id must not be null
	at org.springframework.util.Assert.notNull(Assert.java:181) ~[spring-core-6.2.1.jar:6.2.1]
	at org.springframework.data.jpa.repository.support.SimpleJpaRepository.findById(SimpleJpaRepository.java:311) ~[spring-data-jpa-3.4.1.jar:3.4.1]
	at java.base/jdk.internal.reflect.NativeMethodAccessorImpl.invoke0(Native Method) ~[?:?]
	at java.base/jdk.internal.reflect.NativeMethodAccessorImpl.invoke(NativeMethodAccessorImpl.java:77) ~[?:?]
	at java.base/jdk.internal.reflect.DelegatingMethodAccessorImpl.invoke(DelegatingMethodAccessorImpl.java:43) ~[?:?]
	at java.base/java.lang.reflect.Method.invoke(Method.java:568) ~[?:?]
	at org.springframework.aop.support.AopUtils.invokeJoinpointUsingReflection(AopUtils.java:359) ~[spring-aop-6.2.1.jar:6.2.1]
	at org.springframework.data.repository.core.support.RepositoryMethodInvoker$RepositoryFragmentMethodInvoker.lambda$new$0(RepositoryMethodInvoker.java:277) ~[spring-data-commons-3.4.1.jar:3.4.1]
	at org.springframework.data.repository.core.support.RepositoryMethodInvoker.doInvoke(RepositoryMethodInvoker.java:170) ~[spring-data-commons-3.4.1.jar:3.4.1]
	at org.springframework.data.repository.core.support.RepositoryMethodInvoker.invoke(RepositoryMethodInvoker.java:158) ~[spring-data-commons-3.4.1.jar:3.4.1]
	at org.springframework.data.repository.core.support.RepositoryComposition$RepositoryFragments.invoke(RepositoryComposition.java:515) ~[spring-data-commons-3.4.1.jar:3.4.1]
	at org.springframework.data.repository.core.support.RepositoryComposition.invoke(RepositoryComposition.java:284) ~[spring-data-commons-3.4.1.jar:3.4.1]
	at org.springframework.data.repository.core.support.RepositoryFactorySupport$ImplementationMethodExecutionInterceptor.invoke(RepositoryFactorySupport.java:752) ~[spring-data-commons-3.4.1.jar:3.4.1]
	at org.springframework.aop.framework.ReflectiveMethodInvocation.proceed(ReflectiveMethodInvocation.java:184) ~[spring-aop-6.2.1.jar:6.2.1]
	at org.springframework.data.repository.core.support.QueryExecutorMethodInterceptor.doInvoke(QueryExecutorMethodInterceptor.java:174) ~[spring-data-commons-3.4.1.jar:3.4.1]
	at org.springframework.data.repository.core.support.QueryExecutorMethodInterceptor.invoke(QueryExecutorMethodInterceptor.java:149) ~[spring-data-commons-3.4.1.jar:3.4.1]
	at org.springframework.aop.framework.ReflectiveMethodInvocation.proceed(ReflectiveMethodInvocation.java:184) ~[spring-aop-6.2.1.jar:6.2.1]
	at org.springframework.data.projection.DefaultMethodInvokingMethodInterceptor.invoke(DefaultMethodInvokingMethodInterceptor.java:69) ~[spring-data-commons-3.4.1.jar:3.4.1]
	at org.springframework.aop.framework.ReflectiveMethodInvocation.proceed(ReflectiveMethodInvocation.java:184) ~[spring-aop-6.2.1.jar:6.2.1]
	at org.springframework.transaction.interceptor.TransactionAspectSupport.invokeWithinTransaction(TransactionAspectSupport.java:380) ~[spring-tx-6.2.1.jar:6.2.1]
	at org.springframework.transaction.interceptor.TransactionInterceptor.invoke(TransactionInterceptor.java:119) ~[spring-tx-6.2.1.jar:6.2.1]
	at org.springframework.aop.framework.ReflectiveMethodInvocation.proceed(ReflectiveMethodInvocation.java:184) ~[spring-aop-6.2.1.jar:6.2.1]
	at org.springframework.dao.support.PersistenceExceptionTranslationInterceptor.invoke(PersistenceExceptionTranslationInterceptor.java:138) ~[spring-tx-6.2.1.jar:6.2.1]
	... 107 more
2025-05-04 18:30:14 [abdullateef] INFO  com.example.tailormaster.filter.LoggingInterceptor - User 'abdullateef' is requesting: GET /tailor-master/labors
2025-05-04 18:30:14 [abdullateef] INFO  com.example.tailormaster.controller.labor.LaborController - User accessed the labor list page.
2025-05-04 18:30:14 [abdullateef] INFO  com.example.tailormaster.controller.labor.LaborController - Retrieved labors: [Labor(name=TestLabor, contact=03001122334, skills=Stitching, joinDate=2025-05-03, status=ACTIVE), Labor(name=LaborTest3, contact=03221122333, skills=Stitching, joinDate=2025-05-04, status=ACTIVE), Labor(name=LaborTest4, contact=03002211223, skills=update, joinDate=null, status=ACTIVE), Labor(name=LaborTest4, contact=03002211223, skills=Fini, joinDate=null, status=ACTIVE), Labor(name=LaborTest4, contact=03002211223, skills=update, joinDate=null, status=ACTIVE)] 
2025-05-04 18:30:14 [abdullateef] INFO  com.example.tailormaster.filter.LoggingInterceptor - User 'abdullateef' is requesting: GET /tailor-master/dashboard/notifications/upcoming-deliveries
2025-05-04 18:30:14 [abdullateef] INFO  com.example.tailormaster.controller.dashboard.DashboardController - Requested upcoming deliveries.
2025-05-04 18:30:14 [abdullateef] INFO  com.example.tailormaster.service.dashboard.DashboardService - Upcoming deliveries fetched: 8
2025-05-04 18:30:14 [abdullateef] INFO  com.example.tailormaster.controller.dashboard.DashboardController - Upcoming deliveries fetched: 8
2025-05-04 18:30:26 [abdullateef] INFO  com.example.tailormaster.filter.LoggingInterceptor - User 'abdullateef' is requesting: GET /tailor-master/labors/edit/0R2LFI47SUPO_Pdn0D0Lyo2jvBMw0vWruM0sF6kdSqU=
2025-05-04 18:30:26 [abdullateef] INFO  com.example.tailormaster.controller.labor.LaborController - Displaying update labor form for labor ID: 0R2LFI47SUPO_Pdn0D0Lyo2jvBMw0vWruM0sF6kdSqU=
2025-05-04 18:30:26 [abdullateef] INFO  com.example.tailormaster.controller.labor.LaborController - Populated Labor for edit form: Optional[Labor(name=LaborTest4, contact=03002211223, skills=update, joinDate=null, status=ACTIVE)]
2025-05-04 18:30:26 [abdullateef] INFO  com.example.tailormaster.filter.LoggingInterceptor - User 'abdullateef' is requesting: GET /tailor-master/dashboard/notifications/upcoming-deliveries
2025-05-04 18:30:26 [abdullateef] INFO  com.example.tailormaster.controller.dashboard.DashboardController - Requested upcoming deliveries.
2025-05-04 18:30:26 [abdullateef] INFO  com.example.tailormaster.service.dashboard.DashboardService - Upcoming deliveries fetched: 8
2025-05-04 18:30:26 [abdullateef] INFO  com.example.tailormaster.controller.dashboard.DashboardController - Upcoming deliveries fetched: 8
2025-05-04 18:30:32 [abdullateef] INFO  com.example.tailormaster.filter.LoggingInterceptor - User 'abdullateef' is requesting: POST /tailor-master/labors/update
2025-05-04 18:30:35 [abdullateef] INFO  com.example.tailormaster.controller.labor.LaborController - Attempting to update labor with encrypted ID: xvXCS_YhvMzkd--2BiVEk5shYBk8TXcDxtmKaqWmXO0=
2025-05-04 18:31:17 [abdullateef] INFO  com.example.tailormaster.service.labor.LaborService - Updating Labor: LaborTest4
2025-05-04 18:31:17 [abdullateef] ERROR com.example.tailormaster.controller.labor.LaborController - Error updating Labor with encrypted ID xvXCS_YhvMzkd--2BiVEk5shYBk8TXcDxtmKaqWmXO0=: The given id must not be null
org.springframework.dao.InvalidDataAccessApiUsageException: The given id must not be null
	at org.springframework.orm.jpa.EntityManagerFactoryUtils.convertJpaAccessExceptionIfPossible(EntityManagerFactoryUtils.java:371) ~[spring-orm-6.2.1.jar:6.2.1]
	at org.springframework.orm.jpa.vendor.HibernateJpaDialect.translateExceptionIfPossible(HibernateJpaDialect.java:246) ~[spring-orm-6.2.1.jar:6.2.1]
	at org.springframework.orm.jpa.AbstractEntityManagerFactoryBean.translateExceptionIfPossible(AbstractEntityManagerFactoryBean.java:560) ~[spring-orm-6.2.1.jar:6.2.1]
	at org.springframework.dao.support.ChainedPersistenceExceptionTranslator.translateExceptionIfPossible(ChainedPersistenceExceptionTranslator.java:61) ~[spring-tx-6.2.1.jar:6.2.1]
	at org.springframework.dao.support.DataAccessUtils.translateIfNecessary(DataAccessUtils.java:343) ~[spring-tx-6.2.1.jar:6.2.1]
	at org.springframework.dao.support.PersistenceExceptionTranslationInterceptor.invoke(PersistenceExceptionTranslationInterceptor.java:160) ~[spring-tx-6.2.1.jar:6.2.1]
	at org.springframework.aop.framework.ReflectiveMethodInvocation.proceed(ReflectiveMethodInvocation.java:184) ~[spring-aop-6.2.1.jar:6.2.1]
	at org.springframework.data.jpa.repository.support.CrudMethodMetadataPostProcessor$CrudMethodMetadataPopulatingMethodInterceptor.invoke(CrudMethodMetadataPostProcessor.java:165) ~[spring-data-jpa-3.4.1.jar:3.4.1]
	at org.springframework.aop.framework.ReflectiveMethodInvocation.proceed(ReflectiveMethodInvocation.java:184) ~[spring-aop-6.2.1.jar:6.2.1]
	at org.springframework.aop.framework.JdkDynamicAopProxy.invoke(JdkDynamicAopProxy.java:223) ~[spring-aop-6.2.1.jar:6.2.1]
	at jdk.proxy4/jdk.proxy4.$Proxy168.findById(Unknown Source) ~[?:?]
	at com.example.tailormaster.service.labor.LaborService.updateLabor(LaborService.java:34) ~[classes/:?]
	at com.example.tailormaster.controller.labor.LaborController.updateLabor(LaborController.java:142) ~[classes/:?]
	at java.base/jdk.internal.reflect.NativeMethodAccessorImpl.invoke0(Native Method) ~[?:?]
	at java.base/jdk.internal.reflect.NativeMethodAccessorImpl.invoke(NativeMethodAccessorImpl.java:77) ~[?:?]
	at java.base/jdk.internal.reflect.DelegatingMethodAccessorImpl.invoke(DelegatingMethodAccessorImpl.java:43) ~[?:?]
	at java.base/java.lang.reflect.Method.invoke(Method.java:568) ~[?:?]
	at org.springframework.web.method.support.InvocableHandlerMethod.doInvoke(InvocableHandlerMethod.java:257) ~[spring-web-6.2.1.jar:6.2.1]
	at org.springframework.web.method.support.InvocableHandlerMethod.invokeForRequest(InvocableHandlerMethod.java:190) ~[spring-web-6.2.1.jar:6.2.1]
	at org.springframework.web.servlet.mvc.method.annotation.ServletInvocableHandlerMethod.invokeAndHandle(ServletInvocableHandlerMethod.java:118) ~[spring-webmvc-6.2.1.jar:6.2.1]
	at org.springframework.web.servlet.mvc.method.annotation.RequestMappingHandlerAdapter.invokeHandlerMethod(RequestMappingHandlerAdapter.java:986) ~[spring-webmvc-6.2.1.jar:6.2.1]
	at org.springframework.web.servlet.mvc.method.annotation.RequestMappingHandlerAdapter.handleInternal(RequestMappingHandlerAdapter.java:891) ~[spring-webmvc-6.2.1.jar:6.2.1]
	at org.springframework.web.servlet.mvc.method.AbstractHandlerMethodAdapter.handle(AbstractHandlerMethodAdapter.java:87) ~[spring-webmvc-6.2.1.jar:6.2.1]
	at org.springframework.web.servlet.DispatcherServlet.doDispatch(DispatcherServlet.java:1088) ~[spring-webmvc-6.2.1.jar:6.2.1]
	at org.springframework.web.servlet.DispatcherServlet.doService(DispatcherServlet.java:978) ~[spring-webmvc-6.2.1.jar:6.2.1]
	at org.springframework.web.servlet.FrameworkServlet.processRequest(FrameworkServlet.java:1014) ~[spring-webmvc-6.2.1.jar:6.2.1]
	at org.springframework.web.servlet.FrameworkServlet.doPost(FrameworkServlet.java:914) ~[spring-webmvc-6.2.1.jar:6.2.1]
	at jakarta.servlet.http.HttpServlet.service(HttpServlet.java:590) ~[tomcat-embed-core-10.1.40.jar:6.0]
	at org.springframework.web.servlet.FrameworkServlet.service(FrameworkServlet.java:885) ~[spring-webmvc-6.2.1.jar:6.2.1]
	at jakarta.servlet.http.HttpServlet.service(HttpServlet.java:658) ~[tomcat-embed-core-10.1.40.jar:6.0]
	at org.apache.catalina.core.ApplicationFilterChain.internalDoFilter(ApplicationFilterChain.java:195) ~[tomcat-embed-core-10.1.40.jar:10.1.40]
	at org.apache.catalina.core.ApplicationFilterChain.doFilter(ApplicationFilterChain.java:140) ~[tomcat-embed-core-10.1.40.jar:10.1.40]
	at org.apache.tomcat.websocket.server.WsFilter.doFilter(WsFilter.java:51) ~[tomcat-embed-websocket-10.1.40.jar:10.1.40]
	at org.apache.catalina.core.ApplicationFilterChain.internalDoFilter(ApplicationFilterChain.java:164) ~[tomcat-embed-core-10.1.40.jar:10.1.40]
	at org.apache.catalina.core.ApplicationFilterChain.doFilter(ApplicationFilterChain.java:140) ~[tomcat-embed-core-10.1.40.jar:10.1.40]
	at com.example.tailormaster.filter.LoggingMDCFilter.doFilter(LoggingMDCFilter.java:30) ~[classes/:?]
	at org.apache.catalina.core.ApplicationFilterChain.internalDoFilter(ApplicationFilterChain.java:164) ~[tomcat-embed-core-10.1.40.jar:10.1.40]
	at org.apache.catalina.core.ApplicationFilterChain.doFilter(ApplicationFilterChain.java:140) ~[tomcat-embed-core-10.1.40.jar:10.1.40]
	at org.springframework.web.filter.CompositeFilter$VirtualFilterChain.doFilter(CompositeFilter.java:108) ~[spring-web-6.2.1.jar:6.2.1]
	at org.springframework.security.web.FilterChainProxy.lambda$doFilterInternal$3(FilterChainProxy.java:231) ~[spring-security-web-6.4.2.jar:6.4.2]
	at org.springframework.security.web.FilterChainProxy$VirtualFilterChain.doFilter(FilterChainProxy.java:365) ~[spring-security-web-6.4.2.jar:6.4.2]
	at org.springframework.security.web.access.intercept.AuthorizationFilter.doFilter(AuthorizationFilter.java:101) ~[spring-security-web-6.4.2.jar:6.4.2]
	at org.springframework.security.web.FilterChainProxy$VirtualFilterChain.doFilter(FilterChainProxy.java:374) ~[spring-security-web-6.4.2.jar:6.4.2]
	at org.springframework.security.web.access.ExceptionTranslationFilter.doFilter(ExceptionTranslationFilter.java:126) ~[spring-security-web-6.4.2.jar:6.4.2]
	at org.springframework.security.web.access.ExceptionTranslationFilter.doFilter(ExceptionTranslationFilter.java:120) ~[spring-security-web-6.4.2.jar:6.4.2]
	at org.springframework.security.web.FilterChainProxy$VirtualFilterChain.doFilter(FilterChainProxy.java:374) ~[spring-security-web-6.4.2.jar:6.4.2]
	at org.springframework.security.web.authentication.AnonymousAuthenticationFilter.doFilter(AnonymousAuthenticationFilter.java:100) ~[spring-security-web-6.4.2.jar:6.4.2]
	at org.springframework.security.web.FilterChainProxy$VirtualFilterChain.doFilter(FilterChainProxy.java:374) ~[spring-security-web-6.4.2.jar:6.4.2]
	at org.springframework.security.web.servletapi.SecurityContextHolderAwareRequestFilter.doFilter(SecurityContextHolderAwareRequestFilter.java:179) ~[spring-security-web-6.4.2.jar:6.4.2]
	at org.springframework.security.web.FilterChainProxy$VirtualFilterChain.doFilter(FilterChainProxy.java:374) ~[spring-security-web-6.4.2.jar:6.4.2]
	at org.springframework.security.web.savedrequest.RequestCacheAwareFilter.doFilter(RequestCacheAwareFilter.java:63) ~[spring-security-web-6.4.2.jar:6.4.2]
	at org.springframework.security.web.FilterChainProxy$VirtualFilterChain.doFilter(FilterChainProxy.java:374) ~[spring-security-web-6.4.2.jar:6.4.2]
	at org.springframework.security.web.authentication.AbstractAuthenticationProcessingFilter.doFilter(AbstractAuthenticationProcessingFilter.java:227) ~[spring-security-web-6.4.2.jar:6.4.2]
	at org.springframework.security.web.authentication.AbstractAuthenticationProcessingFilter.doFilter(AbstractAuthenticationProcessingFilter.java:221) ~[spring-security-web-6.4.2.jar:6.4.2]
	at org.springframework.security.web.FilterChainProxy$VirtualFilterChain.doFilter(FilterChainProxy.java:374) ~[spring-security-web-6.4.2.jar:6.4.2]
	at org.springframework.security.web.authentication.logout.LogoutFilter.doFilter(LogoutFilter.java:107) ~[spring-security-web-6.4.2.jar:6.4.2]
	at org.springframework.security.web.authentication.logout.LogoutFilter.doFilter(LogoutFilter.java:93) ~[spring-security-web-6.4.2.jar:6.4.2]
	at org.springframework.security.web.FilterChainProxy$VirtualFilterChain.doFilter(FilterChainProxy.java:374) ~[spring-security-web-6.4.2.jar:6.4.2]
	at org.springframework.security.web.csrf.CsrfFilter.doFilterInternal(CsrfFilter.java:131) ~[spring-security-web-6.4.2.jar:6.4.2]
	at org.springframework.web.filter.OncePerRequestFilter.doFilter(OncePerRequestFilter.java:116) ~[spring-web-6.2.1.jar:6.2.1]
	at org.springframework.security.web.FilterChainProxy$VirtualFilterChain.doFilter(FilterChainProxy.java:374) ~[spring-security-web-6.4.2.jar:6.4.2]
	at org.springframework.security.web.header.HeaderWriterFilter.doHeadersAfter(HeaderWriterFilter.java:90) ~[spring-security-web-6.4.2.jar:6.4.2]
	at org.springframework.security.web.header.HeaderWriterFilter.doFilterInternal(HeaderWriterFilter.java:75) ~[spring-security-web-6.4.2.jar:6.4.2]
	at org.springframework.web.filter.OncePerRequestFilter.doFilter(OncePerRequestFilter.java:116) ~[spring-web-6.2.1.jar:6.2.1]
	at org.springframework.security.web.FilterChainProxy$VirtualFilterChain.doFilter(FilterChainProxy.java:374) ~[spring-security-web-6.4.2.jar:6.4.2]
	at org.springframework.security.web.context.SecurityContextHolderFilter.doFilter(SecurityContextHolderFilter.java:82) ~[spring-security-web-6.4.2.jar:6.4.2]
	at org.springframework.security.web.context.SecurityContextHolderFilter.doFilter(SecurityContextHolderFilter.java:69) ~[spring-security-web-6.4.2.jar:6.4.2]
	at org.springframework.security.web.FilterChainProxy$VirtualFilterChain.doFilter(FilterChainProxy.java:374) ~[spring-security-web-6.4.2.jar:6.4.2]
	at org.springframework.security.web.context.request.async.WebAsyncManagerIntegrationFilter.doFilterInternal(WebAsyncManagerIntegrationFilter.java:62) ~[spring-security-web-6.4.2.jar:6.4.2]
	at org.springframework.web.filter.OncePerRequestFilter.doFilter(OncePerRequestFilter.java:116) ~[spring-web-6.2.1.jar:6.2.1]
	at org.springframework.security.web.FilterChainProxy$VirtualFilterChain.doFilter(FilterChainProxy.java:374) ~[spring-security-web-6.4.2.jar:6.4.2]
	at org.springframework.security.web.session.DisableEncodeUrlFilter.doFilterInternal(DisableEncodeUrlFilter.java:42) ~[spring-security-web-6.4.2.jar:6.4.2]
	at org.springframework.web.filter.OncePerRequestFilter.doFilter(OncePerRequestFilter.java:116) ~[spring-web-6.2.1.jar:6.2.1]
	at org.springframework.security.web.FilterChainProxy$VirtualFilterChain.doFilter(FilterChainProxy.java:374) ~[spring-security-web-6.4.2.jar:6.4.2]
	at org.springframework.security.web.FilterChainProxy.doFilterInternal(FilterChainProxy.java:233) ~[spring-security-web-6.4.2.jar:6.4.2]
	at org.springframework.security.web.FilterChainProxy.doFilter(FilterChainProxy.java:191) ~[spring-security-web-6.4.2.jar:6.4.2]
	at org.springframework.web.filter.CompositeFilter$VirtualFilterChain.doFilter(CompositeFilter.java:113) ~[spring-web-6.2.1.jar:6.2.1]
	at org.springframework.web.servlet.handler.HandlerMappingIntrospector.lambda$createCacheFilter$3(HandlerMappingIntrospector.java:243) ~[spring-webmvc-6.2.1.jar:6.2.1]
	at org.springframework.web.filter.CompositeFilter$VirtualFilterChain.doFilter(CompositeFilter.java:113) [spring-web-6.2.1.jar:6.2.1]
	at org.springframework.web.filter.CompositeFilter.doFilter(CompositeFilter.java:74) [spring-web-6.2.1.jar:6.2.1]
	at org.springframework.security.config.annotation.web.configuration.WebMvcSecurityConfiguration$CompositeFilterChainProxy.doFilter(WebMvcSecurityConfiguration.java:238) [spring-security-config-6.4.2.jar:6.4.2]
	at org.springframework.web.filter.DelegatingFilterProxy.invokeDelegate(DelegatingFilterProxy.java:362) [spring-web-6.2.1.jar:6.2.1]
	at org.springframework.web.filter.DelegatingFilterProxy.doFilter(DelegatingFilterProxy.java:278) [spring-web-6.2.1.jar:6.2.1]
	at org.apache.catalina.core.ApplicationFilterChain.internalDoFilter(ApplicationFilterChain.java:164) [tomcat-embed-core-10.1.40.jar:10.1.40]
	at org.apache.catalina.core.ApplicationFilterChain.doFilter(ApplicationFilterChain.java:140) [tomcat-embed-core-10.1.40.jar:10.1.40]
	at org.springframework.web.filter.RequestContextFilter.doFilterInternal(RequestContextFilter.java:100) [spring-web-6.2.1.jar:6.2.1]
	at org.springframework.web.filter.OncePerRequestFilter.doFilter(OncePerRequestFilter.java:116) [spring-web-6.2.1.jar:6.2.1]
	at org.apache.catalina.core.ApplicationFilterChain.internalDoFilter(ApplicationFilterChain.java:164) [tomcat-embed-core-10.1.40.jar:10.1.40]
	at org.apache.catalina.core.ApplicationFilterChain.doFilter(ApplicationFilterChain.java:140) [tomcat-embed-core-10.1.40.jar:10.1.40]
	at org.springframework.web.filter.FormContentFilter.doFilterInternal(FormContentFilter.java:93) [spring-web-6.2.1.jar:6.2.1]
	at org.springframework.web.filter.OncePerRequestFilter.doFilter(OncePerRequestFilter.java:116) [spring-web-6.2.1.jar:6.2.1]
	at org.apache.catalina.core.ApplicationFilterChain.internalDoFilter(ApplicationFilterChain.java:164) [tomcat-embed-core-10.1.40.jar:10.1.40]
	at org.apache.catalina.core.ApplicationFilterChain.doFilter(ApplicationFilterChain.java:140) [tomcat-embed-core-10.1.40.jar:10.1.40]
	at org.springframework.web.filter.CharacterEncodingFilter.doFilterInternal(CharacterEncodingFilter.java:201) [spring-web-6.2.1.jar:6.2.1]
	at org.springframework.web.filter.OncePerRequestFilter.doFilter(OncePerRequestFilter.java:116) [spring-web-6.2.1.jar:6.2.1]
	at org.apache.catalina.core.ApplicationFilterChain.internalDoFilter(ApplicationFilterChain.java:164) [tomcat-embed-core-10.1.40.jar:10.1.40]
	at org.apache.catalina.core.ApplicationFilterChain.doFilter(ApplicationFilterChain.java:140) [tomcat-embed-core-10.1.40.jar:10.1.40]
	at org.apache.catalina.core.StandardWrapperValve.invoke(StandardWrapperValve.java:167) [tomcat-embed-core-10.1.40.jar:10.1.40]
	at org.apache.catalina.core.StandardContextValve.invoke(StandardContextValve.java:90) [tomcat-embed-core-10.1.40.jar:10.1.40]
	at org.apache.catalina.authenticator.AuthenticatorBase.invoke(AuthenticatorBase.java:483) [tomcat-embed-core-10.1.40.jar:10.1.40]
	at org.apache.catalina.core.StandardHostValve.invoke(StandardHostValve.java:116) [tomcat-embed-core-10.1.40.jar:10.1.40]
	at org.apache.catalina.valves.ErrorReportValve.invoke(ErrorReportValve.java:93) [tomcat-embed-core-10.1.40.jar:10.1.40]
	at org.apache.catalina.core.StandardEngineValve.invoke(StandardEngineValve.java:74) [tomcat-embed-core-10.1.40.jar:10.1.40]
	at org.apache.catalina.connector.CoyoteAdapter.service(CoyoteAdapter.java:344) [tomcat-embed-core-10.1.40.jar:10.1.40]
	at org.apache.coyote.http11.Http11Processor.service(Http11Processor.java:398) [tomcat-embed-core-10.1.40.jar:10.1.40]
	at org.apache.coyote.AbstractProcessorLight.process(AbstractProcessorLight.java:63) [tomcat-embed-core-10.1.40.jar:10.1.40]
	at org.apache.coyote.AbstractProtocol$ConnectionHandler.process(AbstractProtocol.java:903) [tomcat-embed-core-10.1.40.jar:10.1.40]
	at org.apache.tomcat.util.net.NioEndpoint$SocketProcessor.doRun(NioEndpoint.java:1740) [tomcat-embed-core-10.1.40.jar:10.1.40]
	at org.apache.tomcat.util.net.SocketProcessorBase.run(SocketProcessorBase.java:52) [tomcat-embed-core-10.1.40.jar:10.1.40]
	at org.apache.tomcat.util.threads.ThreadPoolExecutor.runWorker(ThreadPoolExecutor.java:1189) [tomcat-embed-core-10.1.40.jar:10.1.40]
	at org.apache.tomcat.util.threads.ThreadPoolExecutor$Worker.run(ThreadPoolExecutor.java:658) [tomcat-embed-core-10.1.40.jar:10.1.40]
	at org.apache.tomcat.util.threads.TaskThread$WrappingRunnable.run(TaskThread.java:63) [tomcat-embed-core-10.1.40.jar:10.1.40]
	at java.base/java.lang.Thread.run(Thread.java:833) [?:?]
Caused by: java.lang.IllegalArgumentException: The given id must not be null
	at org.springframework.util.Assert.notNull(Assert.java:181) ~[spring-core-6.2.1.jar:6.2.1]
	at org.springframework.data.jpa.repository.support.SimpleJpaRepository.findById(SimpleJpaRepository.java:311) ~[spring-data-jpa-3.4.1.jar:3.4.1]
	at java.base/jdk.internal.reflect.NativeMethodAccessorImpl.invoke0(Native Method) ~[?:?]
	at java.base/jdk.internal.reflect.NativeMethodAccessorImpl.invoke(NativeMethodAccessorImpl.java:77) ~[?:?]
	at java.base/jdk.internal.reflect.DelegatingMethodAccessorImpl.invoke(DelegatingMethodAccessorImpl.java:43) ~[?:?]
	at java.base/java.lang.reflect.Method.invoke(Method.java:568) ~[?:?]
	at org.springframework.aop.support.AopUtils.invokeJoinpointUsingReflection(AopUtils.java:359) ~[spring-aop-6.2.1.jar:6.2.1]
	at org.springframework.data.repository.core.support.RepositoryMethodInvoker$RepositoryFragmentMethodInvoker.lambda$new$0(RepositoryMethodInvoker.java:277) ~[spring-data-commons-3.4.1.jar:3.4.1]
	at org.springframework.data.repository.core.support.RepositoryMethodInvoker.doInvoke(RepositoryMethodInvoker.java:170) ~[spring-data-commons-3.4.1.jar:3.4.1]
	at org.springframework.data.repository.core.support.RepositoryMethodInvoker.invoke(RepositoryMethodInvoker.java:158) ~[spring-data-commons-3.4.1.jar:3.4.1]
	at org.springframework.data.repository.core.support.RepositoryComposition$RepositoryFragments.invoke(RepositoryComposition.java:515) ~[spring-data-commons-3.4.1.jar:3.4.1]
	at org.springframework.data.repository.core.support.RepositoryComposition.invoke(RepositoryComposition.java:284) ~[spring-data-commons-3.4.1.jar:3.4.1]
	at org.springframework.data.repository.core.support.RepositoryFactorySupport$ImplementationMethodExecutionInterceptor.invoke(RepositoryFactorySupport.java:752) ~[spring-data-commons-3.4.1.jar:3.4.1]
	at org.springframework.aop.framework.ReflectiveMethodInvocation.proceed(ReflectiveMethodInvocation.java:184) ~[spring-aop-6.2.1.jar:6.2.1]
	at org.springframework.data.repository.core.support.QueryExecutorMethodInterceptor.doInvoke(QueryExecutorMethodInterceptor.java:174) ~[spring-data-commons-3.4.1.jar:3.4.1]
	at org.springframework.data.repository.core.support.QueryExecutorMethodInterceptor.invoke(QueryExecutorMethodInterceptor.java:149) ~[spring-data-commons-3.4.1.jar:3.4.1]
	at org.springframework.aop.framework.ReflectiveMethodInvocation.proceed(ReflectiveMethodInvocation.java:184) ~[spring-aop-6.2.1.jar:6.2.1]
	at org.springframework.data.projection.DefaultMethodInvokingMethodInterceptor.invoke(DefaultMethodInvokingMethodInterceptor.java:69) ~[spring-data-commons-3.4.1.jar:3.4.1]
	at org.springframework.aop.framework.ReflectiveMethodInvocation.proceed(ReflectiveMethodInvocation.java:184) ~[spring-aop-6.2.1.jar:6.2.1]
	at org.springframework.transaction.interceptor.TransactionAspectSupport.invokeWithinTransaction(TransactionAspectSupport.java:380) ~[spring-tx-6.2.1.jar:6.2.1]
	at org.springframework.transaction.interceptor.TransactionInterceptor.invoke(TransactionInterceptor.java:119) ~[spring-tx-6.2.1.jar:6.2.1]
	at org.springframework.aop.framework.ReflectiveMethodInvocation.proceed(ReflectiveMethodInvocation.java:184) ~[spring-aop-6.2.1.jar:6.2.1]
	at org.springframework.dao.support.PersistenceExceptionTranslationInterceptor.invoke(PersistenceExceptionTranslationInterceptor.java:138) ~[spring-tx-6.2.1.jar:6.2.1]
	... 107 more
2025-05-04 18:31:17 [abdullateef] INFO  com.example.tailormaster.filter.LoggingInterceptor - User 'abdullateef' is requesting: GET /tailor-master/labors
2025-05-04 18:31:17 [abdullateef] INFO  com.example.tailormaster.controller.labor.LaborController - User accessed the labor list page.
2025-05-04 18:31:17 [abdullateef] INFO  com.example.tailormaster.controller.labor.LaborController - Retrieved labors: [Labor(name=TestLabor, contact=03001122334, skills=Stitching, joinDate=2025-05-03, status=ACTIVE), Labor(name=LaborTest3, contact=03221122333, skills=Stitching, joinDate=2025-05-04, status=ACTIVE), Labor(name=LaborTest4, contact=03002211223, skills=update, joinDate=null, status=ACTIVE), Labor(name=LaborTest4, contact=03002211223, skills=Fini, joinDate=null, status=ACTIVE), Labor(name=LaborTest4, contact=03002211223, skills=update, joinDate=null, status=ACTIVE)] 
2025-05-04 18:31:17 [abdullateef] INFO  com.example.tailormaster.filter.LoggingInterceptor - User 'abdullateef' is requesting: GET /tailor-master/dashboard/notifications/upcoming-deliveries
2025-05-04 18:31:19 [abdullateef] INFO  com.example.tailormaster.controller.dashboard.DashboardController - Requested upcoming deliveries.
2025-05-04 18:31:19 [abdullateef] INFO  com.example.tailormaster.service.dashboard.DashboardService - Upcoming deliveries fetched: 8
2025-05-04 18:31:19 [abdullateef] INFO  com.example.tailormaster.controller.dashboard.DashboardController - Upcoming deliveries fetched: 8
2025-05-04 18:32:13 [] INFO  org.springframework.boot.web.embedded.tomcat.GracefulShutdown - Commencing graceful shutdown. Waiting for active requests to complete
2025-05-04 18:32:14 [] INFO  org.springframework.boot.web.embedded.tomcat.GracefulShutdown - Graceful shutdown complete
2025-05-04 18:32:15 [] INFO  org.springframework.orm.jpa.LocalContainerEntityManagerFactoryBean - Closing JPA EntityManagerFactory for persistence unit 'default'
2025-05-04 18:32:15 [] INFO  com.zaxxer.hikari.HikariDataSource - HikariPool-1 - Shutdown initiated...
2025-05-04 18:32:15 [] INFO  com.zaxxer.hikari.HikariDataSource - HikariPool-1 - Shutdown completed.
2025-05-04 18:32:28 [] INFO  org.hibernate.validator.internal.util.Version - HV000001: Hibernate Validator 8.0.2.Final
2025-05-04 18:32:28 [] INFO  com.example.tailormaster.TailorMasterAppApplication - Starting TailorMasterAppApplication using Java 17.0.2 with PID 1172 (E:\Development-Workspaces\tailor-master-app\tailor-master-app\target\classes started by wajiz.pk in E:\Development-Workspaces\tailor-master-app\tailor-master-app)
2025-05-04 18:32:28 [] INFO  com.example.tailormaster.TailorMasterAppApplication - No active profile set, falling back to 1 default profile: "default"
2025-05-04 18:32:28 [] INFO  org.springframework.boot.devtools.env.DevToolsPropertyDefaultsPostProcessor - Devtools property defaults active! Set 'spring.devtools.add-properties' to 'false' to disable
2025-05-04 18:32:28 [] INFO  org.springframework.boot.devtools.env.DevToolsPropertyDefaultsPostProcessor - For additional web related logging consider setting the 'logging.level.web' property to 'DEBUG'
2025-05-04 18:32:30 [] INFO  org.springframework.data.repository.config.RepositoryConfigurationDelegate - Bootstrapping Spring Data JPA repositories in DEFAULT mode.
2025-05-04 18:32:30 [] INFO  org.springframework.data.repository.config.RepositoryConfigurationDelegate - Finished Spring Data repository scanning in 175 ms. Found 12 JPA repository interfaces.
2025-05-04 18:32:31 [] INFO  org.springframework.boot.web.embedded.tomcat.TomcatWebServer - Tomcat initialized with port 8080 (http)
2025-05-04 18:32:31 [] INFO  org.apache.coyote.http11.Http11NioProtocol - Initializing ProtocolHandler ["http-nio-8080"]
2025-05-04 18:32:31 [] INFO  org.apache.catalina.core.StandardService - Starting service [Tomcat]
2025-05-04 18:32:31 [] INFO  org.apache.catalina.core.StandardEngine - Starting Servlet engine: [Apache Tomcat/10.1.40]
2025-05-04 18:32:31 [] INFO  org.apache.catalina.core.ContainerBase.[Tomcat].[localhost].[/tailor-master] - Initializing Spring embedded WebApplicationContext
2025-05-04 18:32:31 [] INFO  org.springframework.boot.web.servlet.context.ServletWebServerApplicationContext - Root WebApplicationContext: initialization completed in 2985 ms
2025-05-04 18:32:31 [] INFO  org.hibernate.jpa.internal.util.LogHelper - HHH000204: Processing PersistenceUnitInfo [name: default]
2025-05-04 18:32:31 [] INFO  org.hibernate.Version - HHH000412: Hibernate ORM core version 6.6.4.Final
2025-05-04 18:32:31 [] INFO  org.hibernate.cache.internal.RegionFactoryInitiator - HHH000026: Second-level cache disabled
2025-05-04 18:32:32 [] INFO  org.springframework.orm.jpa.persistenceunit.SpringPersistenceUnitInfo - No LoadTimeWeaver setup: ignoring JPA class transformer
2025-05-04 18:32:32 [] INFO  com.zaxxer.hikari.HikariDataSource - HikariPool-1 - Starting...
2025-05-04 18:32:33 [] INFO  com.zaxxer.hikari.pool.HikariPool - HikariPool-1 - Added connection com.mysql.cj.jdbc.ConnectionImpl@3c3066aa
2025-05-04 18:32:33 [] INFO  com.zaxxer.hikari.HikariDataSource - HikariPool-1 - Start completed.
2025-05-04 18:32:33 [] INFO  org.hibernate.orm.connections.pooling - HHH10001005: Database info:
	Database JDBC URL [Connecting through datasource 'HikariDataSource (HikariPool-1)']
	Database driver: undefined/unknown
	Database version: 8.0.28
	Autocommit mode: undefined/unknown
	Isolation level: undefined/unknown
	Minimum pool size: undefined/unknown
	Maximum pool size: undefined/unknown
2025-05-04 18:32:35 [] INFO  org.hibernate.engine.transaction.jta.platform.internal.JtaPlatformInitiator - HHH000489: No JTA platform available (set 'hibernate.transaction.jta.platform' to enable JTA platform integration)
2025-05-04 18:32:35 [] INFO  org.springframework.orm.jpa.LocalContainerEntityManagerFactoryBean - Initialized JPA EntityManagerFactory for persistence unit 'default'
2025-05-04 18:32:36 [] INFO  org.springframework.data.jpa.repository.query.QueryEnhancerFactory - Hibernate is in classpath; If applicable, HQL parser will be used.
2025-05-04 18:32:39 [] WARN  org.springframework.boot.autoconfigure.orm.jpa.JpaBaseConfiguration$JpaWebConfiguration - spring.jpa.open-in-view is enabled by default. Therefore, database queries may be performed during view rendering. Explicitly configure spring.jpa.open-in-view to disable this warning
2025-05-04 18:32:39 [] INFO  org.springframework.security.config.annotation.authentication.configuration.InitializeAuthenticationProviderBeanManagerConfigurer$InitializeAuthenticationProviderManagerConfigurer - Global AuthenticationManager configured with AuthenticationProvider bean with name authenticationProvider
2025-05-04 18:32:39 [] WARN  org.springframework.security.config.annotation.authentication.configuration.InitializeUserDetailsBeanManagerConfigurer$InitializeUserDetailsManagerConfigurer - Global AuthenticationManager configured with an AuthenticationProvider bean. UserDetailsService beans will not be used by Spring Security for automatically configuring username/password login. Consider removing the AuthenticationProvider bean. Alternatively, consider using the UserDetailsService in a manually instantiated DaoAuthenticationProvider. If the current configuration is intentional, to turn off this warning, increase the logging level of 'org.springframework.security.config.annotation.authentication.configuration.InitializeUserDetailsBeanManagerConfigurer' to ERROR
2025-05-04 18:32:40 [] INFO  org.springframework.boot.devtools.autoconfigure.OptionalLiveReloadServer - LiveReload server is running on port 35729
2025-05-04 18:32:40 [] INFO  org.apache.coyote.http11.Http11NioProtocol - Starting ProtocolHandler ["http-nio-8080"]
2025-05-04 18:32:40 [] INFO  org.springframework.boot.web.embedded.tomcat.TomcatWebServer - Tomcat started on port 8080 (http) with context path '/tailor-master'
2025-05-04 18:32:40 [] INFO  com.example.tailormaster.TailorMasterAppApplication - Started TailorMasterAppApplication in 13.006 seconds (process running for 15.48)
2025-05-04 18:34:12 [] INFO  org.apache.catalina.core.ContainerBase.[Tomcat].[localhost].[/tailor-master] - Initializing Spring DispatcherServlet 'dispatcherServlet'
2025-05-04 18:34:12 [] INFO  org.springframework.web.servlet.DispatcherServlet - Initializing Servlet 'dispatcherServlet'
2025-05-04 18:34:12 [] INFO  org.springframework.web.servlet.DispatcherServlet - Completed initialization in 2 ms
2025-05-04 18:34:12 [abdullateef] INFO  com.example.tailormaster.filter.LoggingInterceptor - User 'abdullateef' is requesting: GET /tailor-master/labors
2025-05-04 18:34:13 [abdullateef] INFO  com.example.tailormaster.controller.labor.LaborController - User accessed the labor list page.
2025-05-04 18:34:13 [abdullateef] INFO  com.example.tailormaster.controller.labor.LaborController - Retrieved labors: [Labor(name=TestLabor, contact=03001122334, skills=Stitching, joinDate=2025-05-03, status=ACTIVE), Labor(name=LaborTest3, contact=03221122333, skills=Stitching, joinDate=2025-05-04, status=ACTIVE), Labor(name=LaborTest4, contact=03002211223, skills=update, joinDate=null, status=ACTIVE), Labor(name=LaborTest4, contact=03002211223, skills=Fini, joinDate=null, status=ACTIVE), Labor(name=LaborTest4, contact=03002211223, skills=update, joinDate=null, status=ACTIVE)] 
2025-05-04 18:34:14 [abdullateef] INFO  com.example.tailormaster.filter.LoggingInterceptor - User 'abdullateef' is requesting: GET /tailor-master/dashboard/notifications/upcoming-deliveries
2025-05-04 18:34:14 [abdullateef] INFO  com.example.tailormaster.controller.dashboard.DashboardController - Requested upcoming deliveries.
2025-05-04 18:34:14 [abdullateef] INFO  com.example.tailormaster.service.dashboard.DashboardService - Upcoming deliveries fetched: 8
2025-05-04 18:34:14 [abdullateef] INFO  com.example.tailormaster.controller.dashboard.DashboardController - Upcoming deliveries fetched: 8
2025-05-04 18:34:16 [abdullateef] INFO  com.example.tailormaster.filter.LoggingInterceptor - User 'abdullateef' is requesting: GET /tailor-master/labors/edit/w6XZOGER5B6wcQcv_Ks7rzQXFN7WhIYXPAm_8ss_gEE=
2025-05-04 18:34:16 [abdullateef] INFO  com.example.tailormaster.controller.labor.LaborController - Displaying update labor form for labor ID: w6XZOGER5B6wcQcv_Ks7rzQXFN7WhIYXPAm_8ss_gEE=
2025-05-04 18:34:16 [abdullateef] INFO  com.example.tailormaster.controller.labor.LaborController - Populated Labor for edit form: Optional[Labor(name=LaborTest4, contact=03002211223, skills=update, joinDate=null, status=ACTIVE)]
2025-05-04 18:34:16 [abdullateef] INFO  com.example.tailormaster.filter.LoggingInterceptor - User 'abdullateef' is requesting: GET /tailor-master/dashboard/notifications/upcoming-deliveries
2025-05-04 18:34:16 [abdullateef] INFO  com.example.tailormaster.controller.dashboard.DashboardController - Requested upcoming deliveries.
2025-05-04 18:34:16 [abdullateef] INFO  com.example.tailormaster.service.dashboard.DashboardService - Upcoming deliveries fetched: 8
2025-05-04 18:34:16 [abdullateef] INFO  com.example.tailormaster.controller.dashboard.DashboardController - Upcoming deliveries fetched: 8
2025-05-04 18:34:22 [abdullateef] INFO  com.example.tailormaster.filter.LoggingInterceptor - User 'abdullateef' is requesting: POST /tailor-master/labors/update
2025-05-04 18:34:26 [abdullateef] INFO  com.example.tailormaster.controller.labor.LaborController - Attempting to update labor with encrypted ID: WzFkufFPZN7GvL7nsPf6z53tZlJnFyav647-tQE0CuQ=
2025-05-04 18:34:32 [abdullateef] INFO  com.example.tailormaster.service.labor.LaborService - Updating Labor: LaborTest4
2025-05-04 18:34:33 [abdullateef] INFO  com.example.tailormaster.service.labor.LaborService - Labor updated with ID: 8
2025-05-04 18:34:37 [abdullateef] INFO  com.example.tailormaster.controller.labor.LaborController - Labor updated successfully: Labor(name=LaborTest4, contact=03002211223, skills=updateNew, joinDate=null, status=ACTIVE)
2025-05-04 18:34:37 [abdullateef] INFO  com.example.tailormaster.filter.LoggingInterceptor - User 'abdullateef' is requesting: GET /tailor-master/labors
2025-05-04 18:34:37 [abdullateef] INFO  com.example.tailormaster.controller.labor.LaborController - User accessed the labor list page.
2025-05-04 18:34:37 [abdullateef] INFO  com.example.tailormaster.controller.labor.LaborController - Retrieved labors: [Labor(name=TestLabor, contact=03001122334, skills=Stitching, joinDate=2025-05-03, status=ACTIVE), Labor(name=LaborTest3, contact=03221122333, skills=Stitching, joinDate=2025-05-04, status=ACTIVE), Labor(name=LaborTest4, contact=03002211223, skills=update, joinDate=null, status=ACTIVE), Labor(name=LaborTest4, contact=03002211223, skills=Fini, joinDate=null, status=ACTIVE), Labor(name=LaborTest4, contact=03002211223, skills=updateNew, joinDate=null, status=ACTIVE), Labor(name=LaborTest4, contact=03002211223, skills=updateNew, joinDate=null, status=ACTIVE)] 
2025-05-04 18:34:37 [abdullateef] INFO  com.example.tailormaster.filter.LoggingInterceptor - User 'abdullateef' is requesting: GET /tailor-master/dashboard/notifications/upcoming-deliveries
2025-05-04 18:34:38 [abdullateef] INFO  com.example.tailormaster.controller.dashboard.DashboardController - Requested upcoming deliveries.
2025-05-04 18:34:38 [abdullateef] INFO  com.example.tailormaster.service.dashboard.DashboardService - Upcoming deliveries fetched: 8
2025-05-04 18:34:38 [abdullateef] INFO  com.example.tailormaster.controller.dashboard.DashboardController - Upcoming deliveries fetched: 8
2025-05-04 18:42:56 [] INFO  org.springframework.boot.web.embedded.tomcat.GracefulShutdown - Commencing graceful shutdown. Waiting for active requests to complete
2025-05-04 18:42:57 [] INFO  org.springframework.boot.web.embedded.tomcat.GracefulShutdown - Graceful shutdown complete
2025-05-04 18:42:57 [] INFO  org.springframework.orm.jpa.LocalContainerEntityManagerFactoryBean - Closing JPA EntityManagerFactory for persistence unit 'default'
2025-05-04 18:42:57 [] INFO  com.zaxxer.hikari.HikariDataSource - HikariPool-1 - Shutdown initiated...
2025-05-04 18:42:57 [] INFO  com.zaxxer.hikari.HikariDataSource - HikariPool-1 - Shutdown completed.
2025-05-04 18:43:11 [] INFO  org.hibernate.validator.internal.util.Version - HV000001: Hibernate Validator 8.0.2.Final
2025-05-04 18:43:11 [] INFO  com.example.tailormaster.TailorMasterAppApplication - Starting TailorMasterAppApplication using Java 17.0.2 with PID 13552 (E:\Development-Workspaces\tailor-master-app\tailor-master-app\target\classes started by wajiz.pk in E:\Development-Workspaces\tailor-master-app\tailor-master-app)
2025-05-04 18:43:11 [] INFO  com.example.tailormaster.TailorMasterAppApplication - No active profile set, falling back to 1 default profile: "default"
2025-05-04 18:43:12 [] INFO  org.springframework.boot.devtools.env.DevToolsPropertyDefaultsPostProcessor - Devtools property defaults active! Set 'spring.devtools.add-properties' to 'false' to disable
2025-05-04 18:43:12 [] INFO  org.springframework.boot.devtools.env.DevToolsPropertyDefaultsPostProcessor - For additional web related logging consider setting the 'logging.level.web' property to 'DEBUG'
2025-05-04 18:43:13 [] INFO  org.springframework.data.repository.config.RepositoryConfigurationDelegate - Bootstrapping Spring Data JPA repositories in DEFAULT mode.
2025-05-04 18:43:13 [] INFO  org.springframework.data.repository.config.RepositoryConfigurationDelegate - Finished Spring Data repository scanning in 218 ms. Found 12 JPA repository interfaces.
2025-05-04 18:43:15 [] INFO  org.springframework.boot.web.embedded.tomcat.TomcatWebServer - Tomcat initialized with port 8080 (http)
2025-05-04 18:43:15 [] INFO  org.apache.coyote.http11.Http11NioProtocol - Initializing ProtocolHandler ["http-nio-8080"]
2025-05-04 18:43:15 [] INFO  org.apache.catalina.core.StandardService - Starting service [Tomcat]
2025-05-04 18:43:15 [] INFO  org.apache.catalina.core.StandardEngine - Starting Servlet engine: [Apache Tomcat/10.1.40]
2025-05-04 18:43:15 [] INFO  org.apache.catalina.core.ContainerBase.[Tomcat].[localhost].[/tailor-master] - Initializing Spring embedded WebApplicationContext
2025-05-04 18:43:15 [] INFO  org.springframework.boot.web.servlet.context.ServletWebServerApplicationContext - Root WebApplicationContext: initialization completed in 3272 ms
2025-05-04 18:43:15 [] INFO  org.hibernate.jpa.internal.util.LogHelper - HHH000204: Processing PersistenceUnitInfo [name: default]
2025-05-04 18:43:15 [] INFO  org.hibernate.Version - HHH000412: Hibernate ORM core version 6.6.4.Final
2025-05-04 18:43:15 [] INFO  org.hibernate.cache.internal.RegionFactoryInitiator - HHH000026: Second-level cache disabled
2025-05-04 18:43:16 [] INFO  org.springframework.orm.jpa.persistenceunit.SpringPersistenceUnitInfo - No LoadTimeWeaver setup: ignoring JPA class transformer
2025-05-04 18:43:16 [] INFO  com.zaxxer.hikari.HikariDataSource - HikariPool-1 - Starting...
2025-05-04 18:43:17 [] INFO  com.zaxxer.hikari.pool.HikariPool - HikariPool-1 - Added connection com.mysql.cj.jdbc.ConnectionImpl@600ab9c4
2025-05-04 18:43:17 [] INFO  com.zaxxer.hikari.HikariDataSource - HikariPool-1 - Start completed.
2025-05-04 18:43:17 [] INFO  org.hibernate.orm.connections.pooling - HHH10001005: Database info:
	Database JDBC URL [Connecting through datasource 'HikariDataSource (HikariPool-1)']
	Database driver: undefined/unknown
	Database version: 8.0.28
	Autocommit mode: undefined/unknown
	Isolation level: undefined/unknown
	Minimum pool size: undefined/unknown
	Maximum pool size: undefined/unknown
2025-05-04 18:43:19 [] INFO  org.hibernate.engine.transaction.jta.platform.internal.JtaPlatformInitiator - HHH000489: No JTA platform available (set 'hibernate.transaction.jta.platform' to enable JTA platform integration)
2025-05-04 18:43:19 [] INFO  org.springframework.orm.jpa.LocalContainerEntityManagerFactoryBean - Initialized JPA EntityManagerFactory for persistence unit 'default'
2025-05-04 18:43:20 [] INFO  org.springframework.data.jpa.repository.query.QueryEnhancerFactory - Hibernate is in classpath; If applicable, HQL parser will be used.
2025-05-04 18:43:23 [] WARN  org.springframework.boot.autoconfigure.orm.jpa.JpaBaseConfiguration$JpaWebConfiguration - spring.jpa.open-in-view is enabled by default. Therefore, database queries may be performed during view rendering. Explicitly configure spring.jpa.open-in-view to disable this warning
2025-05-04 18:43:23 [] INFO  org.springframework.security.config.annotation.authentication.configuration.InitializeAuthenticationProviderBeanManagerConfigurer$InitializeAuthenticationProviderManagerConfigurer - Global AuthenticationManager configured with AuthenticationProvider bean with name authenticationProvider
2025-05-04 18:43:23 [] WARN  org.springframework.security.config.annotation.authentication.configuration.InitializeUserDetailsBeanManagerConfigurer$InitializeUserDetailsManagerConfigurer - Global AuthenticationManager configured with an AuthenticationProvider bean. UserDetailsService beans will not be used by Spring Security for automatically configuring username/password login. Consider removing the AuthenticationProvider bean. Alternatively, consider using the UserDetailsService in a manually instantiated DaoAuthenticationProvider. If the current configuration is intentional, to turn off this warning, increase the logging level of 'org.springframework.security.config.annotation.authentication.configuration.InitializeUserDetailsBeanManagerConfigurer' to ERROR
2025-05-04 18:43:24 [] INFO  org.springframework.boot.devtools.autoconfigure.OptionalLiveReloadServer - LiveReload server is running on port 35729
2025-05-04 18:43:24 [] INFO  org.apache.coyote.http11.Http11NioProtocol - Starting ProtocolHandler ["http-nio-8080"]
2025-05-04 18:43:24 [] INFO  org.springframework.boot.web.embedded.tomcat.TomcatWebServer - Tomcat started on port 8080 (http) with context path '/tailor-master'
2025-05-04 18:43:24 [] INFO  com.example.tailormaster.TailorMasterAppApplication - Started TailorMasterAppApplication in 13.919 seconds (process running for 16.54)
2025-05-04 18:43:37 [] INFO  org.apache.catalina.core.ContainerBase.[Tomcat].[localhost].[/tailor-master] - Initializing Spring DispatcherServlet 'dispatcherServlet'
2025-05-04 18:43:37 [] INFO  org.springframework.web.servlet.DispatcherServlet - Initializing Servlet 'dispatcherServlet'
2025-05-04 18:43:37 [] INFO  org.springframework.web.servlet.DispatcherServlet - Completed initialization in 1 ms
2025-05-04 18:43:37 [abdullateef] INFO  com.example.tailormaster.filter.LoggingInterceptor - User 'abdullateef' is requesting: GET /tailor-master/labors
2025-05-04 18:43:37 [abdullateef] INFO  com.example.tailormaster.controller.labor.LaborController - User accessed the labor list page.
2025-05-04 18:43:37 [abdullateef] INFO  com.example.tailormaster.controller.labor.LaborController - Retrieved labors: [Labor(name=TestLabor, contact=03001122334, skills=Stitching, joinDate=2025-05-03, status=ACTIVE), Labor(name=LaborTest3, contact=03221122333, skills=Stitching, joinDate=2025-05-04, status=ACTIVE), Labor(name=LaborTest4, contact=03002211223, skills=update, joinDate=null, status=ACTIVE), Labor(name=LaborTest4, contact=03002211223, skills=Fini, joinDate=null, status=ACTIVE)] 
2025-05-04 18:43:38 [abdullateef] INFO  com.example.tailormaster.filter.LoggingInterceptor - User 'abdullateef' is requesting: GET /tailor-master/dashboard/notifications/upcoming-deliveries
2025-05-04 18:43:38 [abdullateef] INFO  com.example.tailormaster.controller.dashboard.DashboardController - Requested upcoming deliveries.
2025-05-04 18:43:39 [abdullateef] INFO  com.example.tailormaster.service.dashboard.DashboardService - Upcoming deliveries fetched: 8
2025-05-04 18:43:39 [abdullateef] INFO  com.example.tailormaster.controller.dashboard.DashboardController - Upcoming deliveries fetched: 8
2025-05-04 18:43:41 [abdullateef] INFO  com.example.tailormaster.filter.LoggingInterceptor - User 'abdullateef' is requesting: GET /tailor-master/labors/edit/lJm_vzVal4x3z4dQUfTl3cx8MP11t-mNUhZHGmesYUs=
2025-05-04 18:43:41 [abdullateef] INFO  com.example.tailormaster.controller.labor.LaborController - Displaying update labor form for labor ID: lJm_vzVal4x3z4dQUfTl3cx8MP11t-mNUhZHGmesYUs=
2025-05-04 18:43:41 [abdullateef] INFO  com.example.tailormaster.controller.labor.LaborController - Populated Labor for edit form: Optional[Labor(name=LaborTest4, contact=03002211223, skills=Fini, joinDate=null, status=ACTIVE)]
2025-05-04 18:43:42 [abdullateef] INFO  com.example.tailormaster.filter.LoggingInterceptor - User 'abdullateef' is requesting: GET /tailor-master/dashboard/notifications/upcoming-deliveries
2025-05-04 18:43:42 [abdullateef] INFO  com.example.tailormaster.controller.dashboard.DashboardController - Requested upcoming deliveries.
2025-05-04 18:43:42 [abdullateef] INFO  com.example.tailormaster.service.dashboard.DashboardService - Upcoming deliveries fetched: 8
2025-05-04 18:43:42 [abdullateef] INFO  com.example.tailormaster.controller.dashboard.DashboardController - Upcoming deliveries fetched: 8
2025-05-04 18:43:47 [abdullateef] INFO  com.example.tailormaster.filter.LoggingInterceptor - User 'abdullateef' is requesting: POST /tailor-master/labors/update
2025-05-04 18:43:49 [abdullateef] INFO  com.example.tailormaster.controller.labor.LaborController - Attempting to update labor with encrypted ID: s5TRTNVWt_Cz2xe5lWtt-C4Ft7qgWXxnBdZPH5ygf5w=
2025-05-04 18:44:00 [abdullateef] INFO  com.example.tailormaster.service.labor.LaborService - Updating Labor: LaborTest4
2025-05-04 18:44:00 [abdullateef] INFO  com.example.tailormaster.service.labor.LaborService - Labor updated with ID: 7
2025-05-04 18:44:02 [abdullateef] INFO  com.example.tailormaster.controller.labor.LaborController - Labor updated successfully: Labor(name=LaborTest4, contact=03002211223, skills=Finishing, joinDate=null, status=ACTIVE)
2025-05-04 18:44:04 [abdullateef] INFO  com.example.tailormaster.filter.LoggingInterceptor - User 'abdullateef' is requesting: GET /tailor-master/labors
2025-05-04 18:44:04 [abdullateef] INFO  com.example.tailormaster.controller.labor.LaborController - User accessed the labor list page.
2025-05-04 18:44:04 [abdullateef] INFO  com.example.tailormaster.controller.labor.LaborController - Retrieved labors: [Labor(name=TestLabor, contact=03001122334, skills=Stitching, joinDate=2025-05-03, status=ACTIVE), Labor(name=LaborTest3, contact=03221122333, skills=Stitching, joinDate=2025-05-04, status=ACTIVE), Labor(name=LaborTest4, contact=03002211223, skills=update, joinDate=null, status=ACTIVE), Labor(name=LaborTest4, contact=03002211223, skills=Finishing, joinDate=null, status=ACTIVE)] 
2025-05-04 18:44:04 [abdullateef] INFO  com.example.tailormaster.filter.LoggingInterceptor - User 'abdullateef' is requesting: GET /tailor-master/dashboard/notifications/upcoming-deliveries
2025-05-04 18:44:04 [abdullateef] INFO  com.example.tailormaster.controller.dashboard.DashboardController - Requested upcoming deliveries.
2025-05-04 18:44:04 [abdullateef] INFO  com.example.tailormaster.service.dashboard.DashboardService - Upcoming deliveries fetched: 8
2025-05-04 18:44:04 [abdullateef] INFO  com.example.tailormaster.controller.dashboard.DashboardController - Upcoming deliveries fetched: 8
2025-05-04 18:44:20 [abdullateef] INFO  com.example.tailormaster.filter.LoggingInterceptor - User 'abdullateef' is requesting: GET /tailor-master/labors/edit/Hcdex5LPv_vGRZAZopIVsMiI1IZyYTti8qcPIh22A7o=
2025-05-04 18:44:20 [abdullateef] INFO  com.example.tailormaster.controller.labor.LaborController - Displaying update labor form for labor ID: Hcdex5LPv_vGRZAZopIVsMiI1IZyYTti8qcPIh22A7o=
2025-05-04 18:44:20 [abdullateef] INFO  com.example.tailormaster.controller.labor.LaborController - Populated Labor for edit form: Optional[Labor(name=LaborTest4, contact=03002211223, skills=Finishing, joinDate=null, status=ACTIVE)]
2025-05-04 18:44:20 [abdullateef] INFO  com.example.tailormaster.filter.LoggingInterceptor - User 'abdullateef' is requesting: GET /tailor-master/dashboard/notifications/upcoming-deliveries
2025-05-04 18:44:20 [abdullateef] INFO  com.example.tailormaster.controller.dashboard.DashboardController - Requested upcoming deliveries.
2025-05-04 18:44:20 [abdullateef] INFO  com.example.tailormaster.service.dashboard.DashboardService - Upcoming deliveries fetched: 8
2025-05-04 18:44:20 [abdullateef] INFO  com.example.tailormaster.controller.dashboard.DashboardController - Upcoming deliveries fetched: 8
2025-05-04 18:44:27 [abdullateef] INFO  com.example.tailormaster.filter.LoggingInterceptor - User 'abdullateef' is requesting: POST /tailor-master/labors/update
2025-05-04 18:44:29 [abdullateef] INFO  com.example.tailormaster.controller.labor.LaborController - Attempting to update labor with encrypted ID: 3XcPH4VhHXUvDT2gCRVVzCZWDSJAwGNkjB9ZFXxLIAw=
2025-05-04 18:44:29 [abdullateef] INFO  com.example.tailormaster.service.labor.LaborService - Updating Labor: LaborTest4
2025-05-04 18:44:29 [abdullateef] INFO  com.example.tailormaster.service.labor.LaborService - Labor updated with ID: 7
2025-05-04 18:44:29 [abdullateef] INFO  com.example.tailormaster.controller.labor.LaborController - Labor updated successfully: Labor(name=LaborTest4, contact=03002211223, skills=Finishing, joinDate=2025-05-01, status=ACTIVE)
2025-05-04 18:44:29 [abdullateef] INFO  com.example.tailormaster.filter.LoggingInterceptor - User 'abdullateef' is requesting: GET /tailor-master/labors
2025-05-04 18:44:29 [abdullateef] INFO  com.example.tailormaster.controller.labor.LaborController - User accessed the labor list page.
2025-05-04 18:44:29 [abdullateef] INFO  com.example.tailormaster.controller.labor.LaborController - Retrieved labors: [Labor(name=TestLabor, contact=03001122334, skills=Stitching, joinDate=2025-05-03, status=ACTIVE), Labor(name=LaborTest3, contact=03221122333, skills=Stitching, joinDate=2025-05-04, status=ACTIVE), Labor(name=LaborTest4, contact=03002211223, skills=update, joinDate=null, status=ACTIVE), Labor(name=LaborTest4, contact=03002211223, skills=Finishing, joinDate=2025-05-01, status=ACTIVE)] 
2025-05-04 18:44:30 [abdullateef] INFO  com.example.tailormaster.filter.LoggingInterceptor - User 'abdullateef' is requesting: GET /tailor-master/dashboard/notifications/upcoming-deliveries
2025-05-04 18:44:30 [abdullateef] INFO  com.example.tailormaster.controller.dashboard.DashboardController - Requested upcoming deliveries.
2025-05-04 18:44:30 [abdullateef] INFO  com.example.tailormaster.service.dashboard.DashboardService - Upcoming deliveries fetched: 8
2025-05-04 18:44:30 [abdullateef] INFO  com.example.tailormaster.controller.dashboard.DashboardController - Upcoming deliveries fetched: 8
2025-05-04 18:44:33 [abdullateef] INFO  com.example.tailormaster.filter.LoggingInterceptor - User 'abdullateef' is requesting: GET /tailor-master/labors/edit/KGVj8nyO__2P4pAt8n8QCG3126fn049zWPhS1yUdKoQ=
2025-05-04 18:44:33 [abdullateef] INFO  com.example.tailormaster.controller.labor.LaborController - Displaying update labor form for labor ID: KGVj8nyO__2P4pAt8n8QCG3126fn049zWPhS1yUdKoQ=
2025-05-04 18:44:33 [abdullateef] INFO  com.example.tailormaster.controller.labor.LaborController - Populated Labor for edit form: Optional[Labor(name=LaborTest4, contact=03002211223, skills=Finishing, joinDate=2025-05-01, status=ACTIVE)]
2025-05-04 18:44:34 [abdullateef] INFO  com.example.tailormaster.filter.LoggingInterceptor - User 'abdullateef' is requesting: GET /tailor-master/dashboard/notifications/upcoming-deliveries
2025-05-04 18:44:34 [abdullateef] INFO  com.example.tailormaster.controller.dashboard.DashboardController - Requested upcoming deliveries.
2025-05-04 18:44:34 [abdullateef] INFO  com.example.tailormaster.service.dashboard.DashboardService - Upcoming deliveries fetched: 8
2025-05-04 18:44:34 [abdullateef] INFO  com.example.tailormaster.controller.dashboard.DashboardController - Upcoming deliveries fetched: 8
2025-05-04 18:45:07 [abdullateef] INFO  com.example.tailormaster.filter.LoggingInterceptor - User 'abdullateef' is requesting: GET /tailor-master/customers
2025-05-04 18:45:07 [abdullateef] INFO  com.example.tailormaster.filter.LoggingInterceptor - User 'abdullateef' is requesting: GET /tailor-master/dashboard/notifications/upcoming-deliveries
2025-05-04 18:45:07 [abdullateef] INFO  com.example.tailormaster.controller.dashboard.DashboardController - Requested upcoming deliveries.
2025-05-04 18:45:07 [abdullateef] INFO  com.example.tailormaster.service.dashboard.DashboardService - Upcoming deliveries fetched: 8
2025-05-04 18:45:07 [abdullateef] INFO  com.example.tailormaster.controller.dashboard.DashboardController - Upcoming deliveries fetched: 8
2025-05-04 18:45:07 [abdullateef] INFO  com.example.tailormaster.filter.LoggingInterceptor - User 'abdullateef' is requesting: GET /tailor-master/customers/datatable
2025-05-04 18:45:07 [abdullateef] INFO  com.example.tailormaster.controller.CustomerController - Fetching customers data with search value: , sort direction: asc, start date: null, end date: null
2025-05-04 18:45:09 [abdullateef] INFO  com.example.tailormaster.filter.LoggingInterceptor - User 'abdullateef' is requesting: GET /tailor-master/customers/edit/NetUUGWdPc3FV-Wfn6WW2du10bSACMRnMxz1e1LrIG0=
2025-05-04 18:45:09 [abdullateef] INFO  com.example.tailormaster.controller.CustomerController - Displaying edit form for customer ID (encrypted): NetUUGWdPc3FV-Wfn6WW2du10bSACMRnMxz1e1LrIG0=
2025-05-04 18:45:09 [abdullateef] INFO  com.example.tailormaster.service.product.ProductService - Fetching all active products.
2025-05-04 18:45:09 [abdullateef] INFO  com.example.tailormaster.service.product.ProductService - Retrieved 2 active products.
2025-05-04 18:45:09 [abdullateef] INFO  com.example.tailormaster.controller.CustomerController - Populated CustomerRegistrationDTO for edit form: CustomerRegistrationDTO(customer=Customer(fullName=LedgerTest11, phoneNumber=03008877666, enabled=false), products=[Product(type=QAMEEZ, name=قميض, description=, price=2000.00, enabled=true), Product(type=SHALWAR, name=شلوار, description=, price=500.00, enabled=true)], customerMeasurements={1=CustomerMeasurement(customer=Customer(fullName=LedgerTest11, phoneNumber=03008877666, enabled=false), product=Product(type=QAMEEZ, name=قميض, description=, price=2000.00, enabled=true), chest=34, sleeveLength=32, shoulder=67, hips=null, waist=null, barcode=LedgerTest1103008877666-9e867f65-d576-4782-b003-b33996cb7848), 2=CustomerMeasurement(customer=Customer(fullName=LedgerTest11, phoneNumber=03008877666, enabled=false), product=Product(type=SHALWAR, name=شلوار, description=, price=500.00, enabled=true), chest=null, sleeveLength=null, shoulder=null, hips=11, waist=22, barcode=LedgerTest1103008877666-9884cfa8-1dfd-4fea-a5c7-25d995a663de)}, selectedProductIds=[1, 2])
2025-05-04 18:45:09 [abdullateef] INFO  com.example.tailormaster.filter.LoggingInterceptor - User 'abdullateef' is requesting: GET /tailor-master/dashboard/notifications/upcoming-deliveries
2025-05-04 18:45:09 [abdullateef] INFO  com.example.tailormaster.controller.dashboard.DashboardController - Requested upcoming deliveries.
2025-05-04 18:45:09 [abdullateef] INFO  com.example.tailormaster.service.dashboard.DashboardService - Upcoming deliveries fetched: 8
2025-05-04 18:45:09 [abdullateef] INFO  com.example.tailormaster.controller.dashboard.DashboardController - Upcoming deliveries fetched: 8
2025-05-04 18:45:34 [abdullateef] INFO  com.example.tailormaster.filter.LoggingInterceptor - User 'abdullateef' is requesting: GET /tailor-master/customers
2025-05-04 18:45:34 [abdullateef] INFO  com.example.tailormaster.filter.LoggingInterceptor - User 'abdullateef' is requesting: GET /tailor-master/dashboard/notifications/upcoming-deliveries
2025-05-04 18:45:34 [abdullateef] INFO  com.example.tailormaster.controller.dashboard.DashboardController - Requested upcoming deliveries.
2025-05-04 18:45:34 [abdullateef] INFO  com.example.tailormaster.service.dashboard.DashboardService - Upcoming deliveries fetched: 8
2025-05-04 18:45:34 [abdullateef] INFO  com.example.tailormaster.controller.dashboard.DashboardController - Upcoming deliveries fetched: 8
2025-05-04 18:45:34 [abdullateef] INFO  com.example.tailormaster.filter.LoggingInterceptor - User 'abdullateef' is requesting: GET /tailor-master/customers/datatable
2025-05-04 18:45:34 [abdullateef] INFO  com.example.tailormaster.controller.CustomerController - Fetching customers data with search value: , sort direction: asc, start date: null, end date: null
2025-05-04 19:27:51 [] INFO  org.springframework.boot.web.embedded.tomcat.GracefulShutdown - Commencing graceful shutdown. Waiting for active requests to complete
2025-05-04 19:27:54 [] INFO  org.springframework.boot.web.embedded.tomcat.GracefulShutdown - Graceful shutdown complete
2025-05-04 19:27:54 [] INFO  org.springframework.orm.jpa.LocalContainerEntityManagerFactoryBean - Closing JPA EntityManagerFactory for persistence unit 'default'
2025-05-04 19:27:55 [] INFO  com.zaxxer.hikari.HikariDataSource - HikariPool-1 - Shutdown initiated...
2025-05-04 19:27:55 [] INFO  com.zaxxer.hikari.HikariDataSource - HikariPool-1 - Shutdown completed.
2025-05-04 19:54:36 [] INFO  org.hibernate.validator.internal.util.Version - HV000001: Hibernate Validator 8.0.2.Final
2025-05-04 19:54:36 [] INFO  com.example.tailormaster.TailorMasterAppApplication - Starting TailorMasterAppApplication using Java 17.0.2 with PID 9176 (E:\Development-Workspaces\tailor-master-app\tailor-master-app\target\classes started by wajiz.pk in E:\Development-Workspaces\tailor-master-app\tailor-master-app)
2025-05-04 19:54:36 [] INFO  com.example.tailormaster.TailorMasterAppApplication - No active profile set, falling back to 1 default profile: "default"
2025-05-04 19:54:37 [] INFO  org.springframework.boot.devtools.env.DevToolsPropertyDefaultsPostProcessor - Devtools property defaults active! Set 'spring.devtools.add-properties' to 'false' to disable
2025-05-04 19:54:37 [] INFO  org.springframework.boot.devtools.env.DevToolsPropertyDefaultsPostProcessor - For additional web related logging consider setting the 'logging.level.web' property to 'DEBUG'
2025-05-04 19:54:39 [] INFO  org.springframework.data.repository.config.RepositoryConfigurationDelegate - Bootstrapping Spring Data JPA repositories in DEFAULT mode.
2025-05-04 19:54:39 [] INFO  org.springframework.data.repository.config.RepositoryConfigurationDelegate - Finished Spring Data repository scanning in 183 ms. Found 12 JPA repository interfaces.
2025-05-04 19:54:40 [] INFO  org.springframework.boot.web.embedded.tomcat.TomcatWebServer - Tomcat initialized with port 8080 (http)
2025-05-04 19:54:40 [] INFO  org.apache.coyote.http11.Http11NioProtocol - Initializing ProtocolHandler ["http-nio-8080"]
2025-05-04 19:54:40 [] INFO  org.apache.catalina.core.StandardService - Starting service [Tomcat]
2025-05-04 19:54:40 [] INFO  org.apache.catalina.core.StandardEngine - Starting Servlet engine: [Apache Tomcat/10.1.40]
2025-05-04 19:54:40 [] INFO  org.apache.catalina.core.ContainerBase.[Tomcat].[localhost].[/tailor-master] - Initializing Spring embedded WebApplicationContext
2025-05-04 19:54:40 [] INFO  org.springframework.boot.web.servlet.context.ServletWebServerApplicationContext - Root WebApplicationContext: initialization completed in 3520 ms
2025-05-04 19:54:40 [] INFO  org.hibernate.jpa.internal.util.LogHelper - HHH000204: Processing PersistenceUnitInfo [name: default]
2025-05-04 19:54:41 [] INFO  org.hibernate.Version - HHH000412: Hibernate ORM core version 6.6.4.Final
2025-05-04 19:54:41 [] INFO  org.hibernate.cache.internal.RegionFactoryInitiator - HHH000026: Second-level cache disabled
2025-05-04 19:54:41 [] INFO  org.springframework.orm.jpa.persistenceunit.SpringPersistenceUnitInfo - No LoadTimeWeaver setup: ignoring JPA class transformer
2025-05-04 19:54:41 [] INFO  com.zaxxer.hikari.HikariDataSource - HikariPool-1 - Starting...
2025-05-04 19:54:42 [] INFO  com.zaxxer.hikari.pool.HikariPool - HikariPool-1 - Added connection com.mysql.cj.jdbc.ConnectionImpl@76ed3b65
2025-05-04 19:54:42 [] INFO  com.zaxxer.hikari.HikariDataSource - HikariPool-1 - Start completed.
2025-05-04 19:54:42 [] INFO  org.hibernate.orm.connections.pooling - HHH10001005: Database info:
	Database JDBC URL [Connecting through datasource 'HikariDataSource (HikariPool-1)']
	Database driver: undefined/unknown
	Database version: 8.0.28
	Autocommit mode: undefined/unknown
	Isolation level: undefined/unknown
	Minimum pool size: undefined/unknown
	Maximum pool size: undefined/unknown
2025-05-04 19:54:45 [] INFO  org.hibernate.engine.transaction.jta.platform.internal.JtaPlatformInitiator - HHH000489: No JTA platform available (set 'hibernate.transaction.jta.platform' to enable JTA platform integration)
2025-05-04 19:54:47 [] INFO  org.springframework.orm.jpa.LocalContainerEntityManagerFactoryBean - Initialized JPA EntityManagerFactory for persistence unit 'default'
2025-05-04 19:54:48 [] INFO  org.springframework.data.jpa.repository.query.QueryEnhancerFactory - Hibernate is in classpath; If applicable, HQL parser will be used.
2025-05-04 19:54:53 [] WARN  org.springframework.boot.autoconfigure.orm.jpa.JpaBaseConfiguration$JpaWebConfiguration - spring.jpa.open-in-view is enabled by default. Therefore, database queries may be performed during view rendering. Explicitly configure spring.jpa.open-in-view to disable this warning
2025-05-04 19:54:53 [] INFO  org.springframework.security.config.annotation.authentication.configuration.InitializeAuthenticationProviderBeanManagerConfigurer$InitializeAuthenticationProviderManagerConfigurer - Global AuthenticationManager configured with AuthenticationProvider bean with name authenticationProvider
2025-05-04 19:54:53 [] WARN  org.springframework.security.config.annotation.authentication.configuration.InitializeUserDetailsBeanManagerConfigurer$InitializeUserDetailsManagerConfigurer - Global AuthenticationManager configured with an AuthenticationProvider bean. UserDetailsService beans will not be used by Spring Security for automatically configuring username/password login. Consider removing the AuthenticationProvider bean. Alternatively, consider using the UserDetailsService in a manually instantiated DaoAuthenticationProvider. If the current configuration is intentional, to turn off this warning, increase the logging level of 'org.springframework.security.config.annotation.authentication.configuration.InitializeUserDetailsBeanManagerConfigurer' to ERROR
2025-05-04 19:54:54 [] INFO  org.springframework.boot.devtools.autoconfigure.OptionalLiveReloadServer - LiveReload server is running on port 35729
2025-05-04 19:54:55 [] INFO  org.apache.coyote.http11.Http11NioProtocol - Starting ProtocolHandler ["http-nio-8080"]
2025-05-04 19:54:55 [] INFO  org.springframework.boot.web.embedded.tomcat.TomcatWebServer - Tomcat started on port 8080 (http) with context path '/tailor-master'
2025-05-04 19:54:55 [] INFO  com.example.tailormaster.TailorMasterAppApplication - Started TailorMasterAppApplication in 19.633 seconds (process running for 23.168)
2025-05-04 19:56:17 [] INFO  org.apache.catalina.core.ContainerBase.[Tomcat].[localhost].[/tailor-master] - Initializing Spring DispatcherServlet 'dispatcherServlet'
2025-05-04 19:56:17 [] INFO  org.springframework.web.servlet.DispatcherServlet - Initializing Servlet 'dispatcherServlet'
2025-05-04 19:56:17 [] INFO  org.springframework.web.servlet.DispatcherServlet - Completed initialization in 3 ms
2025-05-04 19:56:17 [] WARN  org.apache.catalina.util.SessionIdGeneratorBase - Creation of SecureRandom instance for session ID generation using [SHA1PRNG] took [139] milliseconds.
2025-05-04 19:56:17 [ANONYMOUS] INFO  com.example.tailormaster.filter.LoggingInterceptor - User 'ANONYMOUS' is requesting: GET /tailor-master/login
2025-05-04 19:56:17 [ANONYMOUS] INFO  com.example.tailormaster.controller.AuthController - Accessed login page
2025-05-04 19:56:27 [abdullateef] INFO  com.example.tailormaster.filter.LoggingInterceptor - User 'abdullateef' is requesting: GET /tailor-master/dashboard
2025-05-04 19:56:28 [abdullateef] INFO  com.example.tailormaster.controller.AuthController - User 'abdullateef' accessed the dashboard
2025-05-04 19:56:29 [abdullateef] INFO  com.example.tailormaster.filter.LoggingInterceptor - User 'abdullateef' is requesting: GET /tailor-master/dashboard/total-customers
2025-05-04 19:56:29 [abdullateef] INFO  com.example.tailormaster.filter.LoggingInterceptor - User 'abdullateef' is requesting: GET /tailor-master/dashboard/notifications/upcoming-deliveries
2025-05-04 19:56:29 [abdullateef] INFO  com.example.tailormaster.filter.LoggingInterceptor - User 'abdullateef' is requesting: GET /tailor-master/dashboard/total-orders
2025-05-04 19:56:29 [abdullateef] INFO  com.example.tailormaster.filter.LoggingInterceptor - User 'abdullateef' is requesting: GET /tailor-master/dashboard/pending-payments
2025-05-04 19:56:29 [abdullateef] INFO  com.example.tailormaster.filter.LoggingInterceptor - User 'abdullateef' is requesting: GET /tailor-master/dashboard/revenue-this-month
2025-05-04 19:56:29 [abdullateef] INFO  com.example.tailormaster.controller.dashboard.DashboardController - Requested upcoming deliveries.
2025-05-04 19:56:29 [abdullateef] INFO  com.example.tailormaster.filter.LoggingInterceptor - User 'abdullateef' is requesting: GET /tailor-master/dashboard/monthly-revenue-trends
2025-05-04 19:56:29 [abdullateef] INFO  com.example.tailormaster.controller.dashboard.DashboardController - Requested total customers.
2025-05-04 19:56:29 [abdullateef] INFO  com.example.tailormaster.controller.dashboard.DashboardController - Requested total orders.
2025-05-04 19:56:29 [abdullateef] INFO  com.example.tailormaster.controller.dashboard.DashboardController - Requested revenue-this-month.
2025-05-04 19:56:29 [abdullateef] INFO  com.example.tailormaster.controller.dashboard.DashboardController - Requested monthly-revenue-trends.
2025-05-04 19:56:29 [abdullateef] INFO  com.example.tailormaster.controller.dashboard.DashboardController - Requested pending payments.
2025-05-04 19:56:29 [abdullateef] INFO  com.example.tailormaster.service.dashboard.DashboardService - Total pending payments: 7
2025-05-04 19:56:29 [abdullateef] INFO  com.example.tailormaster.controller.dashboard.DashboardController - Pending payments: 7
2025-05-04 19:56:29 [abdullateef] INFO  com.example.tailormaster.service.dashboard.DashboardService - Revenue this month: 12000.00
2025-05-04 19:56:29 [abdullateef] INFO  com.example.tailormaster.controller.dashboard.DashboardController - Revenue this month: 12000.00
2025-05-04 19:56:29 [abdullateef] INFO  com.example.tailormaster.filter.LoggingInterceptor - User 'abdullateef' is requesting: GET /tailor-master/dashboard/order-status-counts
2025-05-04 19:56:29 [abdullateef] INFO  com.example.tailormaster.service.dashboard.DashboardService - Upcoming deliveries fetched: 8
2025-05-04 19:56:29 [abdullateef] INFO  com.example.tailormaster.controller.dashboard.DashboardController - Upcoming deliveries fetched: 8
2025-05-04 19:56:29 [abdullateef] INFO  com.example.tailormaster.controller.dashboard.DashboardController - Requested order-status-counts.
2025-05-04 19:56:29 [abdullateef] INFO  com.example.tailormaster.service.dashboard.DashboardService - Order status counts: {Cancelled=1, Pending=7, InProgress=1, Completed=41, Ready for Pickup=7}
2025-05-04 19:56:29 [abdullateef] INFO  com.example.tailormaster.controller.dashboard.DashboardController - Order status counts: {Cancelled=1, Pending=7, InProgress=1, Completed=41, Ready for Pickup=7}
2025-05-04 19:56:29 [abdullateef] INFO  com.example.tailormaster.service.dashboard.DashboardService - Monthly revenue trends fetched successfully
2025-05-04 19:56:29 [abdullateef] INFO  com.example.tailormaster.filter.LoggingInterceptor - User 'abdullateef' is requesting: GET /tailor-master/dashboard/recent-orders
2025-05-04 19:56:29 [abdullateef] INFO  com.example.tailormaster.filter.LoggingInterceptor - User 'abdullateef' is requesting: GET /tailor-master/dashboard/customers/top
2025-05-04 19:56:29 [abdullateef] INFO  com.example.tailormaster.controller.dashboard.DashboardController - Requested recent-orders.
2025-05-04 19:56:29 [abdullateef] INFO  com.example.tailormaster.controller.dashboard.DashboardController - Requested top customers.
2025-05-04 19:56:29 [abdullateef] INFO  com.example.tailormaster.service.dashboard.DashboardService - Top customers fetched: 5
2025-05-04 19:56:29 [abdullateef] INFO  com.example.tailormaster.controller.dashboard.DashboardController - Top customers fetched: 5
2025-05-04 19:56:29 [abdullateef] INFO  com.example.tailormaster.service.dashboard.DashboardService - Recent orders fetched: 5 orders
2025-05-04 19:56:29 [abdullateef] INFO  com.example.tailormaster.controller.dashboard.DashboardController - Recent orders fetched: 5
2025-05-04 19:56:29 [abdullateef] INFO  com.example.tailormaster.service.dashboard.DashboardService - Total orders: 50
2025-05-04 19:56:29 [abdullateef] INFO  com.example.tailormaster.controller.dashboard.DashboardController - Total orders: 50
2025-05-04 19:56:29 [abdullateef] INFO  com.example.tailormaster.service.dashboard.DashboardService - Total customers: 43
2025-05-04 19:56:29 [abdullateef] INFO  com.example.tailormaster.controller.dashboard.DashboardController - Total customers: 43
2025-05-04 19:56:33 [abdullateef] INFO  com.example.tailormaster.filter.LoggingInterceptor - User 'abdullateef' is requesting: GET /tailor-master/customers
2025-05-04 19:56:33 [abdullateef] INFO  com.example.tailormaster.filter.LoggingInterceptor - User 'abdullateef' is requesting: GET /tailor-master/dashboard/notifications/upcoming-deliveries
2025-05-04 19:56:33 [abdullateef] INFO  com.example.tailormaster.controller.dashboard.DashboardController - Requested upcoming deliveries.
2025-05-04 19:56:33 [abdullateef] INFO  com.example.tailormaster.service.dashboard.DashboardService - Upcoming deliveries fetched: 8
2025-05-04 19:56:33 [abdullateef] INFO  com.example.tailormaster.controller.dashboard.DashboardController - Upcoming deliveries fetched: 8
2025-05-04 19:56:34 [abdullateef] INFO  com.example.tailormaster.filter.LoggingInterceptor - User 'abdullateef' is requesting: GET /tailor-master/customers/datatable
2025-05-04 19:56:34 [abdullateef] INFO  com.example.tailormaster.controller.CustomerController - Fetching customers data with search value: , sort direction: asc, start date: null, end date: null
2025-05-04 19:56:35 [abdullateef] INFO  com.example.tailormaster.filter.LoggingInterceptor - User 'abdullateef' is requesting: GET /tailor-master/customers/create
2025-05-04 19:56:35 [abdullateef] INFO  com.example.tailormaster.service.product.ProductService - Fetching all active products.
2025-05-04 19:56:35 [abdullateef] INFO  com.example.tailormaster.service.product.ProductService - Retrieved 2 active products.
2025-05-04 19:56:36 [abdullateef] ERROR org.thymeleaf.TemplateEngine - [THYMELEAF][http-nio-8080-exec-5] Exception processing template "customer/create": An error happened during template parsing (template: "class path resource [templates/customer/create.html]")
org.thymeleaf.exceptions.TemplateInputException: An error happened during template parsing (template: "class path resource [templates/customer/create.html]")
	at org.thymeleaf.templateparser.markup.AbstractMarkupTemplateParser.parse(AbstractMarkupTemplateParser.java:241) ~[thymeleaf-3.1.3.RELEASE.jar:3.1.3.RELEASE]
	at org.thymeleaf.templateparser.markup.AbstractMarkupTemplateParser.parseStandalone(AbstractMarkupTemplateParser.java:100) ~[thymeleaf-3.1.3.RELEASE.jar:3.1.3.RELEASE]
	at org.thymeleaf.engine.TemplateManager.parseAndProcess(TemplateManager.java:666) ~[thymeleaf-3.1.3.RELEASE.jar:3.1.3.RELEASE]
	at org.thymeleaf.TemplateEngine.process(TemplateEngine.java:1103) ~[thymeleaf-3.1.3.RELEASE.jar:3.1.3.RELEASE]
	at org.thymeleaf.TemplateEngine.process(TemplateEngine.java:1077) ~[thymeleaf-3.1.3.RELEASE.jar:3.1.3.RELEASE]
	at org.thymeleaf.spring6.view.ThymeleafView.renderFragment(ThymeleafView.java:372) ~[thymeleaf-spring6-3.1.3.RELEASE.jar:3.1.3.RELEASE]
	at org.thymeleaf.spring6.view.ThymeleafView.render(ThymeleafView.java:192) ~[thymeleaf-spring6-3.1.3.RELEASE.jar:3.1.3.RELEASE]
	at org.springframework.web.servlet.DispatcherServlet.render(DispatcherServlet.java:1435) ~[spring-webmvc-6.2.1.jar:6.2.1]
	at org.springframework.web.servlet.DispatcherServlet.processDispatchResult(DispatcherServlet.java:1167) ~[spring-webmvc-6.2.1.jar:6.2.1]
	at org.springframework.web.servlet.DispatcherServlet.doDispatch(DispatcherServlet.java:1105) ~[spring-webmvc-6.2.1.jar:6.2.1]
	at org.springframework.web.servlet.DispatcherServlet.doService(DispatcherServlet.java:978) ~[spring-webmvc-6.2.1.jar:6.2.1]
	at org.springframework.web.servlet.FrameworkServlet.processRequest(FrameworkServlet.java:1014) ~[spring-webmvc-6.2.1.jar:6.2.1]
	at org.springframework.web.servlet.FrameworkServlet.doGet(FrameworkServlet.java:903) ~[spring-webmvc-6.2.1.jar:6.2.1]
	at jakarta.servlet.http.HttpServlet.service(HttpServlet.java:564) ~[tomcat-embed-core-10.1.40.jar:6.0]
	at org.springframework.web.servlet.FrameworkServlet.service(FrameworkServlet.java:885) ~[spring-webmvc-6.2.1.jar:6.2.1]
	at jakarta.servlet.http.HttpServlet.service(HttpServlet.java:658) ~[tomcat-embed-core-10.1.40.jar:6.0]
	at org.apache.catalina.core.ApplicationFilterChain.internalDoFilter(ApplicationFilterChain.java:195) ~[tomcat-embed-core-10.1.40.jar:10.1.40]
	at org.apache.catalina.core.ApplicationFilterChain.doFilter(ApplicationFilterChain.java:140) ~[tomcat-embed-core-10.1.40.jar:10.1.40]
	at org.apache.tomcat.websocket.server.WsFilter.doFilter(WsFilter.java:51) ~[tomcat-embed-websocket-10.1.40.jar:10.1.40]
	at org.apache.catalina.core.ApplicationFilterChain.internalDoFilter(ApplicationFilterChain.java:164) ~[tomcat-embed-core-10.1.40.jar:10.1.40]
	at org.apache.catalina.core.ApplicationFilterChain.doFilter(ApplicationFilterChain.java:140) ~[tomcat-embed-core-10.1.40.jar:10.1.40]
	at com.example.tailormaster.filter.LoggingMDCFilter.doFilter(LoggingMDCFilter.java:30) ~[classes/:?]
	at org.apache.catalina.core.ApplicationFilterChain.internalDoFilter(ApplicationFilterChain.java:164) ~[tomcat-embed-core-10.1.40.jar:10.1.40]
	at org.apache.catalina.core.ApplicationFilterChain.doFilter(ApplicationFilterChain.java:140) ~[tomcat-embed-core-10.1.40.jar:10.1.40]
	at org.springframework.web.filter.CompositeFilter$VirtualFilterChain.doFilter(CompositeFilter.java:108) ~[spring-web-6.2.1.jar:6.2.1]
	at org.springframework.security.web.FilterChainProxy.lambda$doFilterInternal$3(FilterChainProxy.java:231) ~[spring-security-web-6.4.2.jar:6.4.2]
	at org.springframework.security.web.FilterChainProxy$VirtualFilterChain.doFilter(FilterChainProxy.java:365) ~[spring-security-web-6.4.2.jar:6.4.2]
	at org.springframework.security.web.access.intercept.AuthorizationFilter.doFilter(AuthorizationFilter.java:101) ~[spring-security-web-6.4.2.jar:6.4.2]
	at org.springframework.security.web.FilterChainProxy$VirtualFilterChain.doFilter(FilterChainProxy.java:374) ~[spring-security-web-6.4.2.jar:6.4.2]
	at org.springframework.security.web.access.ExceptionTranslationFilter.doFilter(ExceptionTranslationFilter.java:126) ~[spring-security-web-6.4.2.jar:6.4.2]
	at org.springframework.security.web.access.ExceptionTranslationFilter.doFilter(ExceptionTranslationFilter.java:120) ~[spring-security-web-6.4.2.jar:6.4.2]
	at org.springframework.security.web.FilterChainProxy$VirtualFilterChain.doFilter(FilterChainProxy.java:374) ~[spring-security-web-6.4.2.jar:6.4.2]
	at org.springframework.security.web.authentication.AnonymousAuthenticationFilter.doFilter(AnonymousAuthenticationFilter.java:100) ~[spring-security-web-6.4.2.jar:6.4.2]
	at org.springframework.security.web.FilterChainProxy$VirtualFilterChain.doFilter(FilterChainProxy.java:374) ~[spring-security-web-6.4.2.jar:6.4.2]
	at org.springframework.security.web.servletapi.SecurityContextHolderAwareRequestFilter.doFilter(SecurityContextHolderAwareRequestFilter.java:179) ~[spring-security-web-6.4.2.jar:6.4.2]
	at org.springframework.security.web.FilterChainProxy$VirtualFilterChain.doFilter(FilterChainProxy.java:374) ~[spring-security-web-6.4.2.jar:6.4.2]
	at org.springframework.security.web.savedrequest.RequestCacheAwareFilter.doFilter(RequestCacheAwareFilter.java:63) ~[spring-security-web-6.4.2.jar:6.4.2]
	at org.springframework.security.web.FilterChainProxy$VirtualFilterChain.doFilter(FilterChainProxy.java:374) ~[spring-security-web-6.4.2.jar:6.4.2]
	at org.springframework.security.web.authentication.AbstractAuthenticationProcessingFilter.doFilter(AbstractAuthenticationProcessingFilter.java:227) ~[spring-security-web-6.4.2.jar:6.4.2]
	at org.springframework.security.web.authentication.AbstractAuthenticationProcessingFilter.doFilter(AbstractAuthenticationProcessingFilter.java:221) ~[spring-security-web-6.4.2.jar:6.4.2]
	at org.springframework.security.web.FilterChainProxy$VirtualFilterChain.doFilter(FilterChainProxy.java:374) ~[spring-security-web-6.4.2.jar:6.4.2]
	at org.springframework.security.web.authentication.logout.LogoutFilter.doFilter(LogoutFilter.java:107) ~[spring-security-web-6.4.2.jar:6.4.2]
	at org.springframework.security.web.authentication.logout.LogoutFilter.doFilter(LogoutFilter.java:93) ~[spring-security-web-6.4.2.jar:6.4.2]
	at org.springframework.security.web.FilterChainProxy$VirtualFilterChain.doFilter(FilterChainProxy.java:374) ~[spring-security-web-6.4.2.jar:6.4.2]
	at org.springframework.security.web.csrf.CsrfFilter.doFilterInternal(CsrfFilter.java:117) ~[spring-security-web-6.4.2.jar:6.4.2]
	at org.springframework.web.filter.OncePerRequestFilter.doFilter(OncePerRequestFilter.java:116) ~[spring-web-6.2.1.jar:6.2.1]
	at org.springframework.security.web.FilterChainProxy$VirtualFilterChain.doFilter(FilterChainProxy.java:374) ~[spring-security-web-6.4.2.jar:6.4.2]
	at org.springframework.security.web.header.HeaderWriterFilter.doHeadersAfter(HeaderWriterFilter.java:90) ~[spring-security-web-6.4.2.jar:6.4.2]
	at org.springframework.security.web.header.HeaderWriterFilter.doFilterInternal(HeaderWriterFilter.java:75) ~[spring-security-web-6.4.2.jar:6.4.2]
	at org.springframework.web.filter.OncePerRequestFilter.doFilter(OncePerRequestFilter.java:116) ~[spring-web-6.2.1.jar:6.2.1]
	at org.springframework.security.web.FilterChainProxy$VirtualFilterChain.doFilter(FilterChainProxy.java:374) ~[spring-security-web-6.4.2.jar:6.4.2]
	at org.springframework.security.web.context.SecurityContextHolderFilter.doFilter(SecurityContextHolderFilter.java:82) ~[spring-security-web-6.4.2.jar:6.4.2]
	at org.springframework.security.web.context.SecurityContextHolderFilter.doFilter(SecurityContextHolderFilter.java:69) ~[spring-security-web-6.4.2.jar:6.4.2]
	at org.springframework.security.web.FilterChainProxy$VirtualFilterChain.doFilter(FilterChainProxy.java:374) ~[spring-security-web-6.4.2.jar:6.4.2]
	at org.springframework.security.web.context.request.async.WebAsyncManagerIntegrationFilter.doFilterInternal(WebAsyncManagerIntegrationFilter.java:62) ~[spring-security-web-6.4.2.jar:6.4.2]
	at org.springframework.web.filter.OncePerRequestFilter.doFilter(OncePerRequestFilter.java:116) ~[spring-web-6.2.1.jar:6.2.1]
	at org.springframework.security.web.FilterChainProxy$VirtualFilterChain.doFilter(FilterChainProxy.java:374) ~[spring-security-web-6.4.2.jar:6.4.2]
	at org.springframework.security.web.session.DisableEncodeUrlFilter.doFilterInternal(DisableEncodeUrlFilter.java:42) ~[spring-security-web-6.4.2.jar:6.4.2]
	at org.springframework.web.filter.OncePerRequestFilter.doFilter(OncePerRequestFilter.java:116) ~[spring-web-6.2.1.jar:6.2.1]
	at org.springframework.security.web.FilterChainProxy$VirtualFilterChain.doFilter(FilterChainProxy.java:374) ~[spring-security-web-6.4.2.jar:6.4.2]
	at org.springframework.security.web.FilterChainProxy.doFilterInternal(FilterChainProxy.java:233) ~[spring-security-web-6.4.2.jar:6.4.2]
	at org.springframework.security.web.FilterChainProxy.doFilter(FilterChainProxy.java:191) ~[spring-security-web-6.4.2.jar:6.4.2]
	at org.springframework.web.filter.CompositeFilter$VirtualFilterChain.doFilter(CompositeFilter.java:113) ~[spring-web-6.2.1.jar:6.2.1]
	at org.springframework.web.servlet.handler.HandlerMappingIntrospector.lambda$createCacheFilter$3(HandlerMappingIntrospector.java:243) ~[spring-webmvc-6.2.1.jar:6.2.1]
	at org.springframework.web.filter.CompositeFilter$VirtualFilterChain.doFilter(CompositeFilter.java:113) [spring-web-6.2.1.jar:6.2.1]
	at org.springframework.web.filter.CompositeFilter.doFilter(CompositeFilter.java:74) [spring-web-6.2.1.jar:6.2.1]
	at org.springframework.security.config.annotation.web.configuration.WebMvcSecurityConfiguration$CompositeFilterChainProxy.doFilter(WebMvcSecurityConfiguration.java:238) [spring-security-config-6.4.2.jar:6.4.2]
	at org.springframework.web.filter.DelegatingFilterProxy.invokeDelegate(DelegatingFilterProxy.java:362) [spring-web-6.2.1.jar:6.2.1]
	at org.springframework.web.filter.DelegatingFilterProxy.doFilter(DelegatingFilterProxy.java:278) [spring-web-6.2.1.jar:6.2.1]
	at org.apache.catalina.core.ApplicationFilterChain.internalDoFilter(ApplicationFilterChain.java:164) [tomcat-embed-core-10.1.40.jar:10.1.40]
	at org.apache.catalina.core.ApplicationFilterChain.doFilter(ApplicationFilterChain.java:140) [tomcat-embed-core-10.1.40.jar:10.1.40]
	at org.springframework.web.filter.RequestContextFilter.doFilterInternal(RequestContextFilter.java:100) [spring-web-6.2.1.jar:6.2.1]
	at org.springframework.web.filter.OncePerRequestFilter.doFilter(OncePerRequestFilter.java:116) [spring-web-6.2.1.jar:6.2.1]
	at org.apache.catalina.core.ApplicationFilterChain.internalDoFilter(ApplicationFilterChain.java:164) [tomcat-embed-core-10.1.40.jar:10.1.40]
	at org.apache.catalina.core.ApplicationFilterChain.doFilter(ApplicationFilterChain.java:140) [tomcat-embed-core-10.1.40.jar:10.1.40]
	at org.springframework.web.filter.FormContentFilter.doFilterInternal(FormContentFilter.java:93) [spring-web-6.2.1.jar:6.2.1]
	at org.springframework.web.filter.OncePerRequestFilter.doFilter(OncePerRequestFilter.java:116) [spring-web-6.2.1.jar:6.2.1]
	at org.apache.catalina.core.ApplicationFilterChain.internalDoFilter(ApplicationFilterChain.java:164) [tomcat-embed-core-10.1.40.jar:10.1.40]
	at org.apache.catalina.core.ApplicationFilterChain.doFilter(ApplicationFilterChain.java:140) [tomcat-embed-core-10.1.40.jar:10.1.40]
	at org.springframework.web.filter.CharacterEncodingFilter.doFilterInternal(CharacterEncodingFilter.java:201) [spring-web-6.2.1.jar:6.2.1]
	at org.springframework.web.filter.OncePerRequestFilter.doFilter(OncePerRequestFilter.java:116) [spring-web-6.2.1.jar:6.2.1]
	at org.apache.catalina.core.ApplicationFilterChain.internalDoFilter(ApplicationFilterChain.java:164) [tomcat-embed-core-10.1.40.jar:10.1.40]
	at org.apache.catalina.core.ApplicationFilterChain.doFilter(ApplicationFilterChain.java:140) [tomcat-embed-core-10.1.40.jar:10.1.40]
	at org.apache.catalina.core.StandardWrapperValve.invoke(StandardWrapperValve.java:167) [tomcat-embed-core-10.1.40.jar:10.1.40]
	at org.apache.catalina.core.StandardContextValve.invoke(StandardContextValve.java:90) [tomcat-embed-core-10.1.40.jar:10.1.40]
	at org.apache.catalina.authenticator.AuthenticatorBase.invoke(AuthenticatorBase.java:483) [tomcat-embed-core-10.1.40.jar:10.1.40]
	at org.apache.catalina.core.StandardHostValve.invoke(StandardHostValve.java:116) [tomcat-embed-core-10.1.40.jar:10.1.40]
	at org.apache.catalina.valves.ErrorReportValve.invoke(ErrorReportValve.java:93) [tomcat-embed-core-10.1.40.jar:10.1.40]
	at org.apache.catalina.core.StandardEngineValve.invoke(StandardEngineValve.java:74) [tomcat-embed-core-10.1.40.jar:10.1.40]
	at org.apache.catalina.connector.CoyoteAdapter.service(CoyoteAdapter.java:344) [tomcat-embed-core-10.1.40.jar:10.1.40]
	at org.apache.coyote.http11.Http11Processor.service(Http11Processor.java:398) [tomcat-embed-core-10.1.40.jar:10.1.40]
	at org.apache.coyote.AbstractProcessorLight.process(AbstractProcessorLight.java:63) [tomcat-embed-core-10.1.40.jar:10.1.40]
	at org.apache.coyote.AbstractProtocol$ConnectionHandler.process(AbstractProtocol.java:903) [tomcat-embed-core-10.1.40.jar:10.1.40]
	at org.apache.tomcat.util.net.NioEndpoint$SocketProcessor.doRun(NioEndpoint.java:1740) [tomcat-embed-core-10.1.40.jar:10.1.40]
	at org.apache.tomcat.util.net.SocketProcessorBase.run(SocketProcessorBase.java:52) [tomcat-embed-core-10.1.40.jar:10.1.40]
	at org.apache.tomcat.util.threads.ThreadPoolExecutor.runWorker(ThreadPoolExecutor.java:1189) [tomcat-embed-core-10.1.40.jar:10.1.40]
	at org.apache.tomcat.util.threads.ThreadPoolExecutor$Worker.run(ThreadPoolExecutor.java:658) [tomcat-embed-core-10.1.40.jar:10.1.40]
	at org.apache.tomcat.util.threads.TaskThread$WrappingRunnable.run(TaskThread.java:63) [tomcat-embed-core-10.1.40.jar:10.1.40]
	at java.base/java.lang.Thread.run(Thread.java:833) [?:?]
Caused by: org.attoparser.ParseException: Exception evaluating SpringEL expression: "product.id" (template: "customer/create" - line 89, col 73)
	at org.attoparser.MarkupParser.parseDocument(MarkupParser.java:393) ~[attoparser-2.0.7.RELEASE.jar:2.0.7.RELEASE]
	at org.attoparser.MarkupParser.parse(MarkupParser.java:257) ~[attoparser-2.0.7.RELEASE.jar:2.0.7.RELEASE]
	at org.thymeleaf.templateparser.markup.AbstractMarkupTemplateParser.parse(AbstractMarkupTemplateParser.java:230) ~[thymeleaf-3.1.3.RELEASE.jar:3.1.3.RELEASE]
	... 98 more
Caused by: org.thymeleaf.exceptions.TemplateProcessingException: Exception evaluating SpringEL expression: "product.id" (template: "customer/create" - line 89, col 73)
	at org.thymeleaf.spring6.expression.SPELVariableExpressionEvaluator.evaluate(SPELVariableExpressionEvaluator.java:292) ~[thymeleaf-spring6-3.1.3.RELEASE.jar:3.1.3.RELEASE]
	at org.thymeleaf.standard.expression.VariableExpression.executeVariableExpression(VariableExpression.java:166) ~[thymeleaf-3.1.3.RELEASE.jar:3.1.3.RELEASE]
	at org.thymeleaf.standard.expression.SimpleExpression.executeSimple(SimpleExpression.java:66) ~[thymeleaf-3.1.3.RELEASE.jar:3.1.3.RELEASE]
	at org.thymeleaf.standard.expression.Expression.execute(Expression.java:109) ~[thymeleaf-3.1.3.RELEASE.jar:3.1.3.RELEASE]
	at org.thymeleaf.standard.expression.Expression.execute(Expression.java:138) ~[thymeleaf-3.1.3.RELEASE.jar:3.1.3.RELEASE]
	at org.thymeleaf.standard.expression.Expression.execute(Expression.java:125) ~[thymeleaf-3.1.3.RELEASE.jar:3.1.3.RELEASE]
	at org.thymeleaf.standard.inline.AbstractStandardInliner.processExpression(AbstractStandardInliner.java:528) ~[thymeleaf-3.1.3.RELEASE.jar:3.1.3.RELEASE]
	at org.thymeleaf.standard.inline.AbstractStandardInliner.performInlining(AbstractStandardInliner.java:389) ~[thymeleaf-3.1.3.RELEASE.jar:3.1.3.RELEASE]
	at org.thymeleaf.standard.inline.AbstractStandardInliner.inline(AbstractStandardInliner.java:283) ~[thymeleaf-3.1.3.RELEASE.jar:3.1.3.RELEASE]
	at org.thymeleaf.standard.processor.StandardInliningCommentProcessor.doProcess(StandardInliningCommentProcessor.java:55) ~[thymeleaf-3.1.3.RELEASE.jar:3.1.3.RELEASE]
	at org.thymeleaf.processor.comment.AbstractCommentProcessor.process(AbstractCommentProcessor.java:57) ~[thymeleaf-3.1.3.RELEASE.jar:3.1.3.RELEASE]
	at org.thymeleaf.util.ProcessorConfigurationUtils$CommentProcessorWrapper.process(ProcessorConfigurationUtils.java:681) ~[thymeleaf-3.1.3.RELEASE.jar:3.1.3.RELEASE]
	at org.thymeleaf.engine.ProcessorTemplateHandler.handleComment(ProcessorTemplateHandler.java:665) ~[thymeleaf-3.1.3.RELEASE.jar:3.1.3.RELEASE]
	at org.thymeleaf.engine.TemplateHandlerAdapterMarkupHandler.handleComment(TemplateHandlerAdapterMarkupHandler.java:205) ~[thymeleaf-3.1.3.RELEASE.jar:3.1.3.RELEASE]
	at org.attoparser.AbstractChainedMarkupHandler.handleComment(AbstractChainedMarkupHandler.java:193) ~[attoparser-2.0.7.RELEASE.jar:2.0.7.RELEASE]
	at org.attoparser.HtmlMarkupHandler.handleComment(HtmlMarkupHandler.java:195) ~[attoparser-2.0.7.RELEASE.jar:2.0.7.RELEASE]
	at org.attoparser.AbstractChainedMarkupHandler.handleComment(AbstractChainedMarkupHandler.java:193) ~[attoparser-2.0.7.RELEASE.jar:2.0.7.RELEASE]
	at org.attoparser.ParsingCommentMarkupUtil.parseComment(ParsingCommentMarkupUtil.java:54) ~[attoparser-2.0.7.RELEASE.jar:2.0.7.RELEASE]
	at org.attoparser.MarkupParser.parseBuffer(MarkupParser.java:753) ~[attoparser-2.0.7.RELEASE.jar:2.0.7.RELEASE]
	at org.attoparser.MarkupParser.parseDocument(MarkupParser.java:301) ~[attoparser-2.0.7.RELEASE.jar:2.0.7.RELEASE]
	at org.attoparser.MarkupParser.parse(MarkupParser.java:257) ~[attoparser-2.0.7.RELEASE.jar:2.0.7.RELEASE]
	at org.thymeleaf.templateparser.markup.AbstractMarkupTemplateParser.parse(AbstractMarkupTemplateParser.java:230) ~[thymeleaf-3.1.3.RELEASE.jar:3.1.3.RELEASE]
	... 98 more
Caused by: org.springframework.expression.spel.SpelEvaluationException: EL1007E: Property or field 'id' cannot be found on null
	at org.springframework.expression.spel.ast.PropertyOrFieldReference.readProperty(PropertyOrFieldReference.java:225) ~[spring-expression-6.2.1.jar:6.2.1]
	at org.springframework.expression.spel.ast.PropertyOrFieldReference.getValueInternal(PropertyOrFieldReference.java:112) ~[spring-expression-6.2.1.jar:6.2.1]
	at org.springframework.expression.spel.ast.PropertyOrFieldReference$AccessorValueRef.getValue(PropertyOrFieldReference.java:376) ~[spring-expression-6.2.1.jar:6.2.1]
	at org.springframework.expression.spel.ast.CompoundExpression.getValueInternal(CompoundExpression.java:97) ~[spring-expression-6.2.1.jar:6.2.1]
	at org.springframework.expression.spel.ast.SpelNodeImpl.getValue(SpelNodeImpl.java:116) ~[spring-expression-6.2.1.jar:6.2.1]
	at org.springframework.expression.spel.standard.SpelExpression.getValue(SpelExpression.java:338) ~[spring-expression-6.2.1.jar:6.2.1]
	at org.thymeleaf.spring6.expression.SPELVariableExpressionEvaluator.evaluate(SPELVariableExpressionEvaluator.java:265) ~[thymeleaf-spring6-3.1.3.RELEASE.jar:3.1.3.RELEASE]
	at org.thymeleaf.standard.expression.VariableExpression.executeVariableExpression(VariableExpression.java:166) ~[thymeleaf-3.1.3.RELEASE.jar:3.1.3.RELEASE]
	at org.thymeleaf.standard.expression.SimpleExpression.executeSimple(SimpleExpression.java:66) ~[thymeleaf-3.1.3.RELEASE.jar:3.1.3.RELEASE]
	at org.thymeleaf.standard.expression.Expression.execute(Expression.java:109) ~[thymeleaf-3.1.3.RELEASE.jar:3.1.3.RELEASE]
	at org.thymeleaf.standard.expression.Expression.execute(Expression.java:138) ~[thymeleaf-3.1.3.RELEASE.jar:3.1.3.RELEASE]
	at org.thymeleaf.standard.expression.Expression.execute(Expression.java:125) ~[thymeleaf-3.1.3.RELEASE.jar:3.1.3.RELEASE]
	at org.thymeleaf.standard.inline.AbstractStandardInliner.processExpression(AbstractStandardInliner.java:528) ~[thymeleaf-3.1.3.RELEASE.jar:3.1.3.RELEASE]
	at org.thymeleaf.standard.inline.AbstractStandardInliner.performInlining(AbstractStandardInliner.java:389) ~[thymeleaf-3.1.3.RELEASE.jar:3.1.3.RELEASE]
	at org.thymeleaf.standard.inline.AbstractStandardInliner.inline(AbstractStandardInliner.java:283) ~[thymeleaf-3.1.3.RELEASE.jar:3.1.3.RELEASE]
	at org.thymeleaf.standard.processor.StandardInliningCommentProcessor.doProcess(StandardInliningCommentProcessor.java:55) ~[thymeleaf-3.1.3.RELEASE.jar:3.1.3.RELEASE]
	at org.thymeleaf.processor.comment.AbstractCommentProcessor.process(AbstractCommentProcessor.java:57) ~[thymeleaf-3.1.3.RELEASE.jar:3.1.3.RELEASE]
	at org.thymeleaf.util.ProcessorConfigurationUtils$CommentProcessorWrapper.process(ProcessorConfigurationUtils.java:681) ~[thymeleaf-3.1.3.RELEASE.jar:3.1.3.RELEASE]
	at org.thymeleaf.engine.ProcessorTemplateHandler.handleComment(ProcessorTemplateHandler.java:665) ~[thymeleaf-3.1.3.RELEASE.jar:3.1.3.RELEASE]
	at org.thymeleaf.engine.TemplateHandlerAdapterMarkupHandler.handleComment(TemplateHandlerAdapterMarkupHandler.java:205) ~[thymeleaf-3.1.3.RELEASE.jar:3.1.3.RELEASE]
	at org.attoparser.AbstractChainedMarkupHandler.handleComment(AbstractChainedMarkupHandler.java:193) ~[attoparser-2.0.7.RELEASE.jar:2.0.7.RELEASE]
	at org.attoparser.HtmlMarkupHandler.handleComment(HtmlMarkupHandler.java:195) ~[attoparser-2.0.7.RELEASE.jar:2.0.7.RELEASE]
	at org.attoparser.AbstractChainedMarkupHandler.handleComment(AbstractChainedMarkupHandler.java:193) ~[attoparser-2.0.7.RELEASE.jar:2.0.7.RELEASE]
	at org.attoparser.ParsingCommentMarkupUtil.parseComment(ParsingCommentMarkupUtil.java:54) ~[attoparser-2.0.7.RELEASE.jar:2.0.7.RELEASE]
	at org.attoparser.MarkupParser.parseBuffer(MarkupParser.java:753) ~[attoparser-2.0.7.RELEASE.jar:2.0.7.RELEASE]
	at org.attoparser.MarkupParser.parseDocument(MarkupParser.java:301) ~[attoparser-2.0.7.RELEASE.jar:2.0.7.RELEASE]
	at org.attoparser.MarkupParser.parse(MarkupParser.java:257) ~[attoparser-2.0.7.RELEASE.jar:2.0.7.RELEASE]
	at org.thymeleaf.templateparser.markup.AbstractMarkupTemplateParser.parse(AbstractMarkupTemplateParser.java:230) ~[thymeleaf-3.1.3.RELEASE.jar:3.1.3.RELEASE]
	... 98 more
2025-05-04 19:56:36 [] ERROR org.apache.catalina.core.ContainerBase.[Tomcat].[localhost].[/tailor-master].[dispatcherServlet] - Servlet.service() for servlet [dispatcherServlet] in context with path [/tailor-master] threw exception [Request processing failed: org.thymeleaf.exceptions.TemplateInputException: An error happened during template parsing (template: "class path resource [templates/customer/create.html]")] with root cause
org.springframework.expression.spel.SpelEvaluationException: EL1007E: Property or field 'id' cannot be found on null
	at org.springframework.expression.spel.ast.PropertyOrFieldReference.readProperty(PropertyOrFieldReference.java:225) ~[spring-expression-6.2.1.jar:6.2.1]
	at org.springframework.expression.spel.ast.PropertyOrFieldReference.getValueInternal(PropertyOrFieldReference.java:112) ~[spring-expression-6.2.1.jar:6.2.1]
	at org.springframework.expression.spel.ast.PropertyOrFieldReference$AccessorValueRef.getValue(PropertyOrFieldReference.java:376) ~[spring-expression-6.2.1.jar:6.2.1]
	at org.springframework.expression.spel.ast.CompoundExpression.getValueInternal(CompoundExpression.java:97) ~[spring-expression-6.2.1.jar:6.2.1]
	at org.springframework.expression.spel.ast.SpelNodeImpl.getValue(SpelNodeImpl.java:116) ~[spring-expression-6.2.1.jar:6.2.1]
	at org.springframework.expression.spel.standard.SpelExpression.getValue(SpelExpression.java:338) ~[spring-expression-6.2.1.jar:6.2.1]
	at org.thymeleaf.spring6.expression.SPELVariableExpressionEvaluator.evaluate(SPELVariableExpressionEvaluator.java:265) ~[thymeleaf-spring6-3.1.3.RELEASE.jar:3.1.3.RELEASE]
	at org.thymeleaf.standard.expression.VariableExpression.executeVariableExpression(VariableExpression.java:166) ~[thymeleaf-3.1.3.RELEASE.jar:3.1.3.RELEASE]
	at org.thymeleaf.standard.expression.SimpleExpression.executeSimple(SimpleExpression.java:66) ~[thymeleaf-3.1.3.RELEASE.jar:3.1.3.RELEASE]
	at org.thymeleaf.standard.expression.Expression.execute(Expression.java:109) ~[thymeleaf-3.1.3.RELEASE.jar:3.1.3.RELEASE]
	at org.thymeleaf.standard.expression.Expression.execute(Expression.java:138) ~[thymeleaf-3.1.3.RELEASE.jar:3.1.3.RELEASE]
	at org.thymeleaf.standard.expression.Expression.execute(Expression.java:125) ~[thymeleaf-3.1.3.RELEASE.jar:3.1.3.RELEASE]
	at org.thymeleaf.standard.inline.AbstractStandardInliner.processExpression(AbstractStandardInliner.java:528) ~[thymeleaf-3.1.3.RELEASE.jar:3.1.3.RELEASE]
	at org.thymeleaf.standard.inline.AbstractStandardInliner.performInlining(AbstractStandardInliner.java:389) ~[thymeleaf-3.1.3.RELEASE.jar:3.1.3.RELEASE]
	at org.thymeleaf.standard.inline.AbstractStandardInliner.inline(AbstractStandardInliner.java:283) ~[thymeleaf-3.1.3.RELEASE.jar:3.1.3.RELEASE]
	at org.thymeleaf.standard.processor.StandardInliningCommentProcessor.doProcess(StandardInliningCommentProcessor.java:55) ~[thymeleaf-3.1.3.RELEASE.jar:3.1.3.RELEASE]
	at org.thymeleaf.processor.comment.AbstractCommentProcessor.process(AbstractCommentProcessor.java:57) ~[thymeleaf-3.1.3.RELEASE.jar:3.1.3.RELEASE]
	at org.thymeleaf.util.ProcessorConfigurationUtils$CommentProcessorWrapper.process(ProcessorConfigurationUtils.java:681) ~[thymeleaf-3.1.3.RELEASE.jar:3.1.3.RELEASE]
	at org.thymeleaf.engine.ProcessorTemplateHandler.handleComment(ProcessorTemplateHandler.java:665) ~[thymeleaf-3.1.3.RELEASE.jar:3.1.3.RELEASE]
	at org.thymeleaf.engine.TemplateHandlerAdapterMarkupHandler.handleComment(TemplateHandlerAdapterMarkupHandler.java:205) ~[thymeleaf-3.1.3.RELEASE.jar:3.1.3.RELEASE]
	at org.attoparser.AbstractChainedMarkupHandler.handleComment(AbstractChainedMarkupHandler.java:193) ~[attoparser-2.0.7.RELEASE.jar:2.0.7.RELEASE]
	at org.attoparser.HtmlMarkupHandler.handleComment(HtmlMarkupHandler.java:195) ~[attoparser-2.0.7.RELEASE.jar:2.0.7.RELEASE]
	at org.attoparser.AbstractChainedMarkupHandler.handleComment(AbstractChainedMarkupHandler.java:193) ~[attoparser-2.0.7.RELEASE.jar:2.0.7.RELEASE]
	at org.attoparser.ParsingCommentMarkupUtil.parseComment(ParsingCommentMarkupUtil.java:54) ~[attoparser-2.0.7.RELEASE.jar:2.0.7.RELEASE]
	at org.attoparser.MarkupParser.parseBuffer(MarkupParser.java:753) ~[attoparser-2.0.7.RELEASE.jar:2.0.7.RELEASE]
	at org.attoparser.MarkupParser.parseDocument(MarkupParser.java:301) ~[attoparser-2.0.7.RELEASE.jar:2.0.7.RELEASE]
	at org.attoparser.MarkupParser.parse(MarkupParser.java:257) ~[attoparser-2.0.7.RELEASE.jar:2.0.7.RELEASE]
	at org.thymeleaf.templateparser.markup.AbstractMarkupTemplateParser.parse(AbstractMarkupTemplateParser.java:230) ~[thymeleaf-3.1.3.RELEASE.jar:3.1.3.RELEASE]
	at org.thymeleaf.templateparser.markup.AbstractMarkupTemplateParser.parseStandalone(AbstractMarkupTemplateParser.java:100) ~[thymeleaf-3.1.3.RELEASE.jar:3.1.3.RELEASE]
	at org.thymeleaf.engine.TemplateManager.parseAndProcess(TemplateManager.java:666) ~[thymeleaf-3.1.3.RELEASE.jar:3.1.3.RELEASE]
	at org.thymeleaf.TemplateEngine.process(TemplateEngine.java:1103) ~[thymeleaf-3.1.3.RELEASE.jar:3.1.3.RELEASE]
	at org.thymeleaf.TemplateEngine.process(TemplateEngine.java:1077) ~[thymeleaf-3.1.3.RELEASE.jar:3.1.3.RELEASE]
	at org.thymeleaf.spring6.view.ThymeleafView.renderFragment(ThymeleafView.java:372) ~[thymeleaf-spring6-3.1.3.RELEASE.jar:3.1.3.RELEASE]
	at org.thymeleaf.spring6.view.ThymeleafView.render(ThymeleafView.java:192) ~[thymeleaf-spring6-3.1.3.RELEASE.jar:3.1.3.RELEASE]
	at org.springframework.web.servlet.DispatcherServlet.render(DispatcherServlet.java:1435) ~[spring-webmvc-6.2.1.jar:6.2.1]
	at org.springframework.web.servlet.DispatcherServlet.processDispatchResult(DispatcherServlet.java:1167) ~[spring-webmvc-6.2.1.jar:6.2.1]
	at org.springframework.web.servlet.DispatcherServlet.doDispatch(DispatcherServlet.java:1105) ~[spring-webmvc-6.2.1.jar:6.2.1]
	at org.springframework.web.servlet.DispatcherServlet.doService(DispatcherServlet.java:978) ~[spring-webmvc-6.2.1.jar:6.2.1]
	at org.springframework.web.servlet.FrameworkServlet.processRequest(FrameworkServlet.java:1014) ~[spring-webmvc-6.2.1.jar:6.2.1]
	at org.springframework.web.servlet.FrameworkServlet.doGet(FrameworkServlet.java:903) ~[spring-webmvc-6.2.1.jar:6.2.1]
	at jakarta.servlet.http.HttpServlet.service(HttpServlet.java:564) ~[tomcat-embed-core-10.1.40.jar:6.0]
	at org.springframework.web.servlet.FrameworkServlet.service(FrameworkServlet.java:885) ~[spring-webmvc-6.2.1.jar:6.2.1]
	at jakarta.servlet.http.HttpServlet.service(HttpServlet.java:658) ~[tomcat-embed-core-10.1.40.jar:6.0]
	at org.apache.catalina.core.ApplicationFilterChain.internalDoFilter(ApplicationFilterChain.java:195) ~[tomcat-embed-core-10.1.40.jar:10.1.40]
	at org.apache.catalina.core.ApplicationFilterChain.doFilter(ApplicationFilterChain.java:140) ~[tomcat-embed-core-10.1.40.jar:10.1.40]
	at org.apache.tomcat.websocket.server.WsFilter.doFilter(WsFilter.java:51) ~[tomcat-embed-websocket-10.1.40.jar:10.1.40]
	at org.apache.catalina.core.ApplicationFilterChain.internalDoFilter(ApplicationFilterChain.java:164) ~[tomcat-embed-core-10.1.40.jar:10.1.40]
	at org.apache.catalina.core.ApplicationFilterChain.doFilter(ApplicationFilterChain.java:140) ~[tomcat-embed-core-10.1.40.jar:10.1.40]
	at com.example.tailormaster.filter.LoggingMDCFilter.doFilter(LoggingMDCFilter.java:30) ~[classes/:?]
	at org.apache.catalina.core.ApplicationFilterChain.internalDoFilter(ApplicationFilterChain.java:164) ~[tomcat-embed-core-10.1.40.jar:10.1.40]
	at org.apache.catalina.core.ApplicationFilterChain.doFilter(ApplicationFilterChain.java:140) ~[tomcat-embed-core-10.1.40.jar:10.1.40]
	at org.springframework.web.filter.CompositeFilter$VirtualFilterChain.doFilter(CompositeFilter.java:108) ~[spring-web-6.2.1.jar:6.2.1]
	at org.springframework.security.web.FilterChainProxy.lambda$doFilterInternal$3(FilterChainProxy.java:231) ~[spring-security-web-6.4.2.jar:6.4.2]
	at org.springframework.security.web.FilterChainProxy$VirtualFilterChain.doFilter(FilterChainProxy.java:365) ~[spring-security-web-6.4.2.jar:6.4.2]
	at org.springframework.security.web.access.intercept.AuthorizationFilter.doFilter(AuthorizationFilter.java:101) ~[spring-security-web-6.4.2.jar:6.4.2]
	at org.springframework.security.web.FilterChainProxy$VirtualFilterChain.doFilter(FilterChainProxy.java:374) ~[spring-security-web-6.4.2.jar:6.4.2]
	at org.springframework.security.web.access.ExceptionTranslationFilter.doFilter(ExceptionTranslationFilter.java:126) ~[spring-security-web-6.4.2.jar:6.4.2]
	at org.springframework.security.web.access.ExceptionTranslationFilter.doFilter(ExceptionTranslationFilter.java:120) ~[spring-security-web-6.4.2.jar:6.4.2]
	at org.springframework.security.web.FilterChainProxy$VirtualFilterChain.doFilter(FilterChainProxy.java:374) ~[spring-security-web-6.4.2.jar:6.4.2]
	at org.springframework.security.web.authentication.AnonymousAuthenticationFilter.doFilter(AnonymousAuthenticationFilter.java:100) ~[spring-security-web-6.4.2.jar:6.4.2]
	at org.springframework.security.web.FilterChainProxy$VirtualFilterChain.doFilter(FilterChainProxy.java:374) ~[spring-security-web-6.4.2.jar:6.4.2]
	at org.springframework.security.web.servletapi.SecurityContextHolderAwareRequestFilter.doFilter(SecurityContextHolderAwareRequestFilter.java:179) ~[spring-security-web-6.4.2.jar:6.4.2]
	at org.springframework.security.web.FilterChainProxy$VirtualFilterChain.doFilter(FilterChainProxy.java:374) ~[spring-security-web-6.4.2.jar:6.4.2]
	at org.springframework.security.web.savedrequest.RequestCacheAwareFilter.doFilter(RequestCacheAwareFilter.java:63) ~[spring-security-web-6.4.2.jar:6.4.2]
	at org.springframework.security.web.FilterChainProxy$VirtualFilterChain.doFilter(FilterChainProxy.java:374) ~[spring-security-web-6.4.2.jar:6.4.2]
	at org.springframework.security.web.authentication.AbstractAuthenticationProcessingFilter.doFilter(AbstractAuthenticationProcessingFilter.java:227) ~[spring-security-web-6.4.2.jar:6.4.2]
	at org.springframework.security.web.authentication.AbstractAuthenticationProcessingFilter.doFilter(AbstractAuthenticationProcessingFilter.java:221) ~[spring-security-web-6.4.2.jar:6.4.2]
	at org.springframework.security.web.FilterChainProxy$VirtualFilterChain.doFilter(FilterChainProxy.java:374) ~[spring-security-web-6.4.2.jar:6.4.2]
	at org.springframework.security.web.authentication.logout.LogoutFilter.doFilter(LogoutFilter.java:107) ~[spring-security-web-6.4.2.jar:6.4.2]
	at org.springframework.security.web.authentication.logout.LogoutFilter.doFilter(LogoutFilter.java:93) ~[spring-security-web-6.4.2.jar:6.4.2]
	at org.springframework.security.web.FilterChainProxy$VirtualFilterChain.doFilter(FilterChainProxy.java:374) ~[spring-security-web-6.4.2.jar:6.4.2]
	at org.springframework.security.web.csrf.CsrfFilter.doFilterInternal(CsrfFilter.java:117) ~[spring-security-web-6.4.2.jar:6.4.2]
	at org.springframework.web.filter.OncePerRequestFilter.doFilter(OncePerRequestFilter.java:116) ~[spring-web-6.2.1.jar:6.2.1]
	at org.springframework.security.web.FilterChainProxy$VirtualFilterChain.doFilter(FilterChainProxy.java:374) ~[spring-security-web-6.4.2.jar:6.4.2]
	at org.springframework.security.web.header.HeaderWriterFilter.doHeadersAfter(HeaderWriterFilter.java:90) ~[spring-security-web-6.4.2.jar:6.4.2]
	at org.springframework.security.web.header.HeaderWriterFilter.doFilterInternal(HeaderWriterFilter.java:75) ~[spring-security-web-6.4.2.jar:6.4.2]
	at org.springframework.web.filter.OncePerRequestFilter.doFilter(OncePerRequestFilter.java:116) ~[spring-web-6.2.1.jar:6.2.1]
	at org.springframework.security.web.FilterChainProxy$VirtualFilterChain.doFilter(FilterChainProxy.java:374) ~[spring-security-web-6.4.2.jar:6.4.2]
	at org.springframework.security.web.context.SecurityContextHolderFilter.doFilter(SecurityContextHolderFilter.java:82) ~[spring-security-web-6.4.2.jar:6.4.2]
	at org.springframework.security.web.context.SecurityContextHolderFilter.doFilter(SecurityContextHolderFilter.java:69) ~[spring-security-web-6.4.2.jar:6.4.2]
	at org.springframework.security.web.FilterChainProxy$VirtualFilterChain.doFilter(FilterChainProxy.java:374) ~[spring-security-web-6.4.2.jar:6.4.2]
	at org.springframework.security.web.context.request.async.WebAsyncManagerIntegrationFilter.doFilterInternal(WebAsyncManagerIntegrationFilter.java:62) ~[spring-security-web-6.4.2.jar:6.4.2]
	at org.springframework.web.filter.OncePerRequestFilter.doFilter(OncePerRequestFilter.java:116) ~[spring-web-6.2.1.jar:6.2.1]
	at org.springframework.security.web.FilterChainProxy$VirtualFilterChain.doFilter(FilterChainProxy.java:374) ~[spring-security-web-6.4.2.jar:6.4.2]
	at org.springframework.security.web.session.DisableEncodeUrlFilter.doFilterInternal(DisableEncodeUrlFilter.java:42) ~[spring-security-web-6.4.2.jar:6.4.2]
	at org.springframework.web.filter.OncePerRequestFilter.doFilter(OncePerRequestFilter.java:116) ~[spring-web-6.2.1.jar:6.2.1]
	at org.springframework.security.web.FilterChainProxy$VirtualFilterChain.doFilter(FilterChainProxy.java:374) ~[spring-security-web-6.4.2.jar:6.4.2]
	at org.springframework.security.web.FilterChainProxy.doFilterInternal(FilterChainProxy.java:233) ~[spring-security-web-6.4.2.jar:6.4.2]
	at org.springframework.security.web.FilterChainProxy.doFilter(FilterChainProxy.java:191) ~[spring-security-web-6.4.2.jar:6.4.2]
	at org.springframework.web.filter.CompositeFilter$VirtualFilterChain.doFilter(CompositeFilter.java:113) ~[spring-web-6.2.1.jar:6.2.1]
	at org.springframework.web.servlet.handler.HandlerMappingIntrospector.lambda$createCacheFilter$3(HandlerMappingIntrospector.java:243) ~[spring-webmvc-6.2.1.jar:6.2.1]
	at org.springframework.web.filter.CompositeFilter$VirtualFilterChain.doFilter(CompositeFilter.java:113) ~[spring-web-6.2.1.jar:6.2.1]
	at org.springframework.web.filter.CompositeFilter.doFilter(CompositeFilter.java:74) ~[spring-web-6.2.1.jar:6.2.1]
	at org.springframework.security.config.annotation.web.configuration.WebMvcSecurityConfiguration$CompositeFilterChainProxy.doFilter(WebMvcSecurityConfiguration.java:238) ~[spring-security-config-6.4.2.jar:6.4.2]
	at org.springframework.web.filter.DelegatingFilterProxy.invokeDelegate(DelegatingFilterProxy.java:362) ~[spring-web-6.2.1.jar:6.2.1]
	at org.springframework.web.filter.DelegatingFilterProxy.doFilter(DelegatingFilterProxy.java:278) ~[spring-web-6.2.1.jar:6.2.1]
	at org.apache.catalina.core.ApplicationFilterChain.internalDoFilter(ApplicationFilterChain.java:164) ~[tomcat-embed-core-10.1.40.jar:10.1.40]
	at org.apache.catalina.core.ApplicationFilterChain.doFilter(ApplicationFilterChain.java:140) ~[tomcat-embed-core-10.1.40.jar:10.1.40]
	at org.springframework.web.filter.RequestContextFilter.doFilterInternal(RequestContextFilter.java:100) ~[spring-web-6.2.1.jar:6.2.1]
	at org.springframework.web.filter.OncePerRequestFilter.doFilter(OncePerRequestFilter.java:116) ~[spring-web-6.2.1.jar:6.2.1]
	at org.apache.catalina.core.ApplicationFilterChain.internalDoFilter(ApplicationFilterChain.java:164) ~[tomcat-embed-core-10.1.40.jar:10.1.40]
	at org.apache.catalina.core.ApplicationFilterChain.doFilter(ApplicationFilterChain.java:140) ~[tomcat-embed-core-10.1.40.jar:10.1.40]
	at org.springframework.web.filter.FormContentFilter.doFilterInternal(FormContentFilter.java:93) ~[spring-web-6.2.1.jar:6.2.1]
	at org.springframework.web.filter.OncePerRequestFilter.doFilter(OncePerRequestFilter.java:116) ~[spring-web-6.2.1.jar:6.2.1]
	at org.apache.catalina.core.ApplicationFilterChain.internalDoFilter(ApplicationFilterChain.java:164) ~[tomcat-embed-core-10.1.40.jar:10.1.40]
	at org.apache.catalina.core.ApplicationFilterChain.doFilter(ApplicationFilterChain.java:140) ~[tomcat-embed-core-10.1.40.jar:10.1.40]
	at org.springframework.web.filter.CharacterEncodingFilter.doFilterInternal(CharacterEncodingFilter.java:201) ~[spring-web-6.2.1.jar:6.2.1]
	at org.springframework.web.filter.OncePerRequestFilter.doFilter(OncePerRequestFilter.java:116) ~[spring-web-6.2.1.jar:6.2.1]
	at org.apache.catalina.core.ApplicationFilterChain.internalDoFilter(ApplicationFilterChain.java:164) ~[tomcat-embed-core-10.1.40.jar:10.1.40]
	at org.apache.catalina.core.ApplicationFilterChain.doFilter(ApplicationFilterChain.java:140) ~[tomcat-embed-core-10.1.40.jar:10.1.40]
	at org.apache.catalina.core.StandardWrapperValve.invoke(StandardWrapperValve.java:167) [tomcat-embed-core-10.1.40.jar:10.1.40]
	at org.apache.catalina.core.StandardContextValve.invoke(StandardContextValve.java:90) [tomcat-embed-core-10.1.40.jar:10.1.40]
	at org.apache.catalina.authenticator.AuthenticatorBase.invoke(AuthenticatorBase.java:483) [tomcat-embed-core-10.1.40.jar:10.1.40]
	at org.apache.catalina.core.StandardHostValve.invoke(StandardHostValve.java:116) [tomcat-embed-core-10.1.40.jar:10.1.40]
	at org.apache.catalina.valves.ErrorReportValve.invoke(ErrorReportValve.java:93) [tomcat-embed-core-10.1.40.jar:10.1.40]
	at org.apache.catalina.core.StandardEngineValve.invoke(StandardEngineValve.java:74) [tomcat-embed-core-10.1.40.jar:10.1.40]
	at org.apache.catalina.connector.CoyoteAdapter.service(CoyoteAdapter.java:344) [tomcat-embed-core-10.1.40.jar:10.1.40]
	at org.apache.coyote.http11.Http11Processor.service(Http11Processor.java:398) [tomcat-embed-core-10.1.40.jar:10.1.40]
	at org.apache.coyote.AbstractProcessorLight.process(AbstractProcessorLight.java:63) [tomcat-embed-core-10.1.40.jar:10.1.40]
	at org.apache.coyote.AbstractProtocol$ConnectionHandler.process(AbstractProtocol.java:903) [tomcat-embed-core-10.1.40.jar:10.1.40]
	at org.apache.tomcat.util.net.NioEndpoint$SocketProcessor.doRun(NioEndpoint.java:1740) [tomcat-embed-core-10.1.40.jar:10.1.40]
	at org.apache.tomcat.util.net.SocketProcessorBase.run(SocketProcessorBase.java:52) [tomcat-embed-core-10.1.40.jar:10.1.40]
	at org.apache.tomcat.util.threads.ThreadPoolExecutor.runWorker(ThreadPoolExecutor.java:1189) [tomcat-embed-core-10.1.40.jar:10.1.40]
	at org.apache.tomcat.util.threads.ThreadPoolExecutor$Worker.run(ThreadPoolExecutor.java:658) [tomcat-embed-core-10.1.40.jar:10.1.40]
	at org.apache.tomcat.util.threads.TaskThread$WrappingRunnable.run(TaskThread.java:63) [tomcat-embed-core-10.1.40.jar:10.1.40]
	at java.base/java.lang.Thread.run(Thread.java:833) [?:?]
2025-05-04 19:56:36 [] INFO  com.example.tailormaster.filter.LoggingInterceptor - User 'null' is requesting: GET /tailor-master/error
2025-05-04 19:59:19 [abdullateef] INFO  com.example.tailormaster.filter.LoggingInterceptor - User 'abdullateef' is requesting: GET /tailor-master/customers
2025-05-04 19:59:20 [abdullateef] INFO  com.example.tailormaster.filter.LoggingInterceptor - User 'abdullateef' is requesting: GET /tailor-master/dashboard/notifications/upcoming-deliveries
2025-05-04 19:59:20 [abdullateef] INFO  com.example.tailormaster.filter.LoggingInterceptor - User 'abdullateef' is requesting: GET /tailor-master/customers/datatable
2025-05-04 19:59:20 [abdullateef] INFO  com.example.tailormaster.controller.dashboard.DashboardController - Requested upcoming deliveries.
2025-05-04 19:59:20 [abdullateef] INFO  com.example.tailormaster.controller.CustomerController - Fetching customers data with search value: , sort direction: asc, start date: null, end date: null
2025-05-04 19:59:20 [abdullateef] INFO  com.example.tailormaster.service.dashboard.DashboardService - Upcoming deliveries fetched: 8
2025-05-04 19:59:20 [abdullateef] INFO  com.example.tailormaster.controller.dashboard.DashboardController - Upcoming deliveries fetched: 8
2025-05-04 20:01:26 [abdullateef] INFO  com.example.tailormaster.filter.LoggingInterceptor - User 'abdullateef' is requesting: GET /tailor-master/customers
2025-05-04 20:01:26 [abdullateef] INFO  com.example.tailormaster.filter.LoggingInterceptor - User 'abdullateef' is requesting: GET /tailor-master/dashboard/notifications/upcoming-deliveries
2025-05-04 20:01:26 [abdullateef] INFO  com.example.tailormaster.controller.dashboard.DashboardController - Requested upcoming deliveries.
2025-05-04 20:01:26 [abdullateef] INFO  com.example.tailormaster.filter.LoggingInterceptor - User 'abdullateef' is requesting: GET /tailor-master/customers/datatable
2025-05-04 20:01:26 [abdullateef] INFO  com.example.tailormaster.controller.CustomerController - Fetching customers data with search value: , sort direction: asc, start date: null, end date: null
2025-05-04 20:01:26 [abdullateef] INFO  com.example.tailormaster.service.dashboard.DashboardService - Upcoming deliveries fetched: 8
2025-05-04 20:01:26 [abdullateef] INFO  com.example.tailormaster.controller.dashboard.DashboardController - Upcoming deliveries fetched: 8
2025-05-04 20:01:28 [abdullateef] INFO  com.example.tailormaster.filter.LoggingInterceptor - User 'abdullateef' is requesting: GET /tailor-master/customers/create
2025-05-04 20:01:28 [abdullateef] INFO  com.example.tailormaster.service.product.ProductService - Fetching all active products.
2025-05-04 20:01:28 [abdullateef] INFO  com.example.tailormaster.service.product.ProductService - Retrieved 2 active products.
2025-05-04 20:01:28 [abdullateef] ERROR org.thymeleaf.TemplateEngine - [THYMELEAF][http-nio-8080-exec-6] Exception processing template "customer/create": An error happened during template parsing (template: "class path resource [templates/customer/create.html]")
org.thymeleaf.exceptions.TemplateInputException: An error happened during template parsing (template: "class path resource [templates/customer/create.html]")
	at org.thymeleaf.templateparser.markup.AbstractMarkupTemplateParser.parse(AbstractMarkupTemplateParser.java:241) ~[thymeleaf-3.1.3.RELEASE.jar:3.1.3.RELEASE]
	at org.thymeleaf.templateparser.markup.AbstractMarkupTemplateParser.parseStandalone(AbstractMarkupTemplateParser.java:100) ~[thymeleaf-3.1.3.RELEASE.jar:3.1.3.RELEASE]
	at org.thymeleaf.engine.TemplateManager.parseAndProcess(TemplateManager.java:666) ~[thymeleaf-3.1.3.RELEASE.jar:3.1.3.RELEASE]
	at org.thymeleaf.TemplateEngine.process(TemplateEngine.java:1103) ~[thymeleaf-3.1.3.RELEASE.jar:3.1.3.RELEASE]
	at org.thymeleaf.TemplateEngine.process(TemplateEngine.java:1077) ~[thymeleaf-3.1.3.RELEASE.jar:3.1.3.RELEASE]
	at org.thymeleaf.spring6.view.ThymeleafView.renderFragment(ThymeleafView.java:372) ~[thymeleaf-spring6-3.1.3.RELEASE.jar:3.1.3.RELEASE]
	at org.thymeleaf.spring6.view.ThymeleafView.render(ThymeleafView.java:192) ~[thymeleaf-spring6-3.1.3.RELEASE.jar:3.1.3.RELEASE]
	at org.springframework.web.servlet.DispatcherServlet.render(DispatcherServlet.java:1435) ~[spring-webmvc-6.2.1.jar:6.2.1]
	at org.springframework.web.servlet.DispatcherServlet.processDispatchResult(DispatcherServlet.java:1167) ~[spring-webmvc-6.2.1.jar:6.2.1]
	at org.springframework.web.servlet.DispatcherServlet.doDispatch(DispatcherServlet.java:1105) ~[spring-webmvc-6.2.1.jar:6.2.1]
	at org.springframework.web.servlet.DispatcherServlet.doService(DispatcherServlet.java:978) ~[spring-webmvc-6.2.1.jar:6.2.1]
	at org.springframework.web.servlet.FrameworkServlet.processRequest(FrameworkServlet.java:1014) ~[spring-webmvc-6.2.1.jar:6.2.1]
	at org.springframework.web.servlet.FrameworkServlet.doGet(FrameworkServlet.java:903) ~[spring-webmvc-6.2.1.jar:6.2.1]
	at jakarta.servlet.http.HttpServlet.service(HttpServlet.java:564) ~[tomcat-embed-core-10.1.40.jar:6.0]
	at org.springframework.web.servlet.FrameworkServlet.service(FrameworkServlet.java:885) ~[spring-webmvc-6.2.1.jar:6.2.1]
	at jakarta.servlet.http.HttpServlet.service(HttpServlet.java:658) ~[tomcat-embed-core-10.1.40.jar:6.0]
	at org.apache.catalina.core.ApplicationFilterChain.internalDoFilter(ApplicationFilterChain.java:195) ~[tomcat-embed-core-10.1.40.jar:10.1.40]
	at org.apache.catalina.core.ApplicationFilterChain.doFilter(ApplicationFilterChain.java:140) ~[tomcat-embed-core-10.1.40.jar:10.1.40]
	at org.apache.tomcat.websocket.server.WsFilter.doFilter(WsFilter.java:51) ~[tomcat-embed-websocket-10.1.40.jar:10.1.40]
	at org.apache.catalina.core.ApplicationFilterChain.internalDoFilter(ApplicationFilterChain.java:164) ~[tomcat-embed-core-10.1.40.jar:10.1.40]
	at org.apache.catalina.core.ApplicationFilterChain.doFilter(ApplicationFilterChain.java:140) ~[tomcat-embed-core-10.1.40.jar:10.1.40]
	at com.example.tailormaster.filter.LoggingMDCFilter.doFilter(LoggingMDCFilter.java:30) ~[classes/:?]
	at org.apache.catalina.core.ApplicationFilterChain.internalDoFilter(ApplicationFilterChain.java:164) ~[tomcat-embed-core-10.1.40.jar:10.1.40]
	at org.apache.catalina.core.ApplicationFilterChain.doFilter(ApplicationFilterChain.java:140) ~[tomcat-embed-core-10.1.40.jar:10.1.40]
	at org.springframework.web.filter.CompositeFilter$VirtualFilterChain.doFilter(CompositeFilter.java:108) ~[spring-web-6.2.1.jar:6.2.1]
	at org.springframework.security.web.FilterChainProxy.lambda$doFilterInternal$3(FilterChainProxy.java:231) ~[spring-security-web-6.4.2.jar:6.4.2]
	at org.springframework.security.web.FilterChainProxy$VirtualFilterChain.doFilter(FilterChainProxy.java:365) ~[spring-security-web-6.4.2.jar:6.4.2]
	at org.springframework.security.web.access.intercept.AuthorizationFilter.doFilter(AuthorizationFilter.java:101) ~[spring-security-web-6.4.2.jar:6.4.2]
	at org.springframework.security.web.FilterChainProxy$VirtualFilterChain.doFilter(FilterChainProxy.java:374) ~[spring-security-web-6.4.2.jar:6.4.2]
	at org.springframework.security.web.access.ExceptionTranslationFilter.doFilter(ExceptionTranslationFilter.java:126) ~[spring-security-web-6.4.2.jar:6.4.2]
	at org.springframework.security.web.access.ExceptionTranslationFilter.doFilter(ExceptionTranslationFilter.java:120) ~[spring-security-web-6.4.2.jar:6.4.2]
	at org.springframework.security.web.FilterChainProxy$VirtualFilterChain.doFilter(FilterChainProxy.java:374) ~[spring-security-web-6.4.2.jar:6.4.2]
	at org.springframework.security.web.authentication.AnonymousAuthenticationFilter.doFilter(AnonymousAuthenticationFilter.java:100) ~[spring-security-web-6.4.2.jar:6.4.2]
	at org.springframework.security.web.FilterChainProxy$VirtualFilterChain.doFilter(FilterChainProxy.java:374) ~[spring-security-web-6.4.2.jar:6.4.2]
	at org.springframework.security.web.servletapi.SecurityContextHolderAwareRequestFilter.doFilter(SecurityContextHolderAwareRequestFilter.java:179) ~[spring-security-web-6.4.2.jar:6.4.2]
	at org.springframework.security.web.FilterChainProxy$VirtualFilterChain.doFilter(FilterChainProxy.java:374) ~[spring-security-web-6.4.2.jar:6.4.2]
	at org.springframework.security.web.savedrequest.RequestCacheAwareFilter.doFilter(RequestCacheAwareFilter.java:63) ~[spring-security-web-6.4.2.jar:6.4.2]
	at org.springframework.security.web.FilterChainProxy$VirtualFilterChain.doFilter(FilterChainProxy.java:374) ~[spring-security-web-6.4.2.jar:6.4.2]
	at org.springframework.security.web.authentication.AbstractAuthenticationProcessingFilter.doFilter(AbstractAuthenticationProcessingFilter.java:227) ~[spring-security-web-6.4.2.jar:6.4.2]
	at org.springframework.security.web.authentication.AbstractAuthenticationProcessingFilter.doFilter(AbstractAuthenticationProcessingFilter.java:221) ~[spring-security-web-6.4.2.jar:6.4.2]
	at org.springframework.security.web.FilterChainProxy$VirtualFilterChain.doFilter(FilterChainProxy.java:374) ~[spring-security-web-6.4.2.jar:6.4.2]
	at org.springframework.security.web.authentication.logout.LogoutFilter.doFilter(LogoutFilter.java:107) ~[spring-security-web-6.4.2.jar:6.4.2]
	at org.springframework.security.web.authentication.logout.LogoutFilter.doFilter(LogoutFilter.java:93) ~[spring-security-web-6.4.2.jar:6.4.2]
	at org.springframework.security.web.FilterChainProxy$VirtualFilterChain.doFilter(FilterChainProxy.java:374) ~[spring-security-web-6.4.2.jar:6.4.2]
	at org.springframework.security.web.csrf.CsrfFilter.doFilterInternal(CsrfFilter.java:117) ~[spring-security-web-6.4.2.jar:6.4.2]
	at org.springframework.web.filter.OncePerRequestFilter.doFilter(OncePerRequestFilter.java:116) ~[spring-web-6.2.1.jar:6.2.1]
	at org.springframework.security.web.FilterChainProxy$VirtualFilterChain.doFilter(FilterChainProxy.java:374) ~[spring-security-web-6.4.2.jar:6.4.2]
	at org.springframework.security.web.header.HeaderWriterFilter.doHeadersAfter(HeaderWriterFilter.java:90) ~[spring-security-web-6.4.2.jar:6.4.2]
	at org.springframework.security.web.header.HeaderWriterFilter.doFilterInternal(HeaderWriterFilter.java:75) ~[spring-security-web-6.4.2.jar:6.4.2]
	at org.springframework.web.filter.OncePerRequestFilter.doFilter(OncePerRequestFilter.java:116) ~[spring-web-6.2.1.jar:6.2.1]
	at org.springframework.security.web.FilterChainProxy$VirtualFilterChain.doFilter(FilterChainProxy.java:374) ~[spring-security-web-6.4.2.jar:6.4.2]
	at org.springframework.security.web.context.SecurityContextHolderFilter.doFilter(SecurityContextHolderFilter.java:82) ~[spring-security-web-6.4.2.jar:6.4.2]
	at org.springframework.security.web.context.SecurityContextHolderFilter.doFilter(SecurityContextHolderFilter.java:69) ~[spring-security-web-6.4.2.jar:6.4.2]
	at org.springframework.security.web.FilterChainProxy$VirtualFilterChain.doFilter(FilterChainProxy.java:374) ~[spring-security-web-6.4.2.jar:6.4.2]
	at org.springframework.security.web.context.request.async.WebAsyncManagerIntegrationFilter.doFilterInternal(WebAsyncManagerIntegrationFilter.java:62) ~[spring-security-web-6.4.2.jar:6.4.2]
	at org.springframework.web.filter.OncePerRequestFilter.doFilter(OncePerRequestFilter.java:116) ~[spring-web-6.2.1.jar:6.2.1]
	at org.springframework.security.web.FilterChainProxy$VirtualFilterChain.doFilter(FilterChainProxy.java:374) ~[spring-security-web-6.4.2.jar:6.4.2]
	at org.springframework.security.web.session.DisableEncodeUrlFilter.doFilterInternal(DisableEncodeUrlFilter.java:42) ~[spring-security-web-6.4.2.jar:6.4.2]
	at org.springframework.web.filter.OncePerRequestFilter.doFilter(OncePerRequestFilter.java:116) ~[spring-web-6.2.1.jar:6.2.1]
	at org.springframework.security.web.FilterChainProxy$VirtualFilterChain.doFilter(FilterChainProxy.java:374) ~[spring-security-web-6.4.2.jar:6.4.2]
	at org.springframework.security.web.FilterChainProxy.doFilterInternal(FilterChainProxy.java:233) ~[spring-security-web-6.4.2.jar:6.4.2]
	at org.springframework.security.web.FilterChainProxy.doFilter(FilterChainProxy.java:191) ~[spring-security-web-6.4.2.jar:6.4.2]
	at org.springframework.web.filter.CompositeFilter$VirtualFilterChain.doFilter(CompositeFilter.java:113) ~[spring-web-6.2.1.jar:6.2.1]
	at org.springframework.web.servlet.handler.HandlerMappingIntrospector.lambda$createCacheFilter$3(HandlerMappingIntrospector.java:243) ~[spring-webmvc-6.2.1.jar:6.2.1]
	at org.springframework.web.filter.CompositeFilter$VirtualFilterChain.doFilter(CompositeFilter.java:113) [spring-web-6.2.1.jar:6.2.1]
	at org.springframework.web.filter.CompositeFilter.doFilter(CompositeFilter.java:74) [spring-web-6.2.1.jar:6.2.1]
	at org.springframework.security.config.annotation.web.configuration.WebMvcSecurityConfiguration$CompositeFilterChainProxy.doFilter(WebMvcSecurityConfiguration.java:238) [spring-security-config-6.4.2.jar:6.4.2]
	at org.springframework.web.filter.DelegatingFilterProxy.invokeDelegate(DelegatingFilterProxy.java:362) [spring-web-6.2.1.jar:6.2.1]
	at org.springframework.web.filter.DelegatingFilterProxy.doFilter(DelegatingFilterProxy.java:278) [spring-web-6.2.1.jar:6.2.1]
	at org.apache.catalina.core.ApplicationFilterChain.internalDoFilter(ApplicationFilterChain.java:164) [tomcat-embed-core-10.1.40.jar:10.1.40]
	at org.apache.catalina.core.ApplicationFilterChain.doFilter(ApplicationFilterChain.java:140) [tomcat-embed-core-10.1.40.jar:10.1.40]
	at org.springframework.web.filter.RequestContextFilter.doFilterInternal(RequestContextFilter.java:100) [spring-web-6.2.1.jar:6.2.1]
	at org.springframework.web.filter.OncePerRequestFilter.doFilter(OncePerRequestFilter.java:116) [spring-web-6.2.1.jar:6.2.1]
	at org.apache.catalina.core.ApplicationFilterChain.internalDoFilter(ApplicationFilterChain.java:164) [tomcat-embed-core-10.1.40.jar:10.1.40]
	at org.apache.catalina.core.ApplicationFilterChain.doFilter(ApplicationFilterChain.java:140) [tomcat-embed-core-10.1.40.jar:10.1.40]
	at org.springframework.web.filter.FormContentFilter.doFilterInternal(FormContentFilter.java:93) [spring-web-6.2.1.jar:6.2.1]
	at org.springframework.web.filter.OncePerRequestFilter.doFilter(OncePerRequestFilter.java:116) [spring-web-6.2.1.jar:6.2.1]
	at org.apache.catalina.core.ApplicationFilterChain.internalDoFilter(ApplicationFilterChain.java:164) [tomcat-embed-core-10.1.40.jar:10.1.40]
	at org.apache.catalina.core.ApplicationFilterChain.doFilter(ApplicationFilterChain.java:140) [tomcat-embed-core-10.1.40.jar:10.1.40]
	at org.springframework.web.filter.CharacterEncodingFilter.doFilterInternal(CharacterEncodingFilter.java:201) [spring-web-6.2.1.jar:6.2.1]
	at org.springframework.web.filter.OncePerRequestFilter.doFilter(OncePerRequestFilter.java:116) [spring-web-6.2.1.jar:6.2.1]
	at org.apache.catalina.core.ApplicationFilterChain.internalDoFilter(ApplicationFilterChain.java:164) [tomcat-embed-core-10.1.40.jar:10.1.40]
	at org.apache.catalina.core.ApplicationFilterChain.doFilter(ApplicationFilterChain.java:140) [tomcat-embed-core-10.1.40.jar:10.1.40]
	at org.apache.catalina.core.StandardWrapperValve.invoke(StandardWrapperValve.java:167) [tomcat-embed-core-10.1.40.jar:10.1.40]
	at org.apache.catalina.core.StandardContextValve.invoke(StandardContextValve.java:90) [tomcat-embed-core-10.1.40.jar:10.1.40]
	at org.apache.catalina.authenticator.AuthenticatorBase.invoke(AuthenticatorBase.java:483) [tomcat-embed-core-10.1.40.jar:10.1.40]
	at org.apache.catalina.core.StandardHostValve.invoke(StandardHostValve.java:116) [tomcat-embed-core-10.1.40.jar:10.1.40]
	at org.apache.catalina.valves.ErrorReportValve.invoke(ErrorReportValve.java:93) [tomcat-embed-core-10.1.40.jar:10.1.40]
	at org.apache.catalina.core.StandardEngineValve.invoke(StandardEngineValve.java:74) [tomcat-embed-core-10.1.40.jar:10.1.40]
	at org.apache.catalina.connector.CoyoteAdapter.service(CoyoteAdapter.java:344) [tomcat-embed-core-10.1.40.jar:10.1.40]
	at org.apache.coyote.http11.Http11Processor.service(Http11Processor.java:398) [tomcat-embed-core-10.1.40.jar:10.1.40]
	at org.apache.coyote.AbstractProcessorLight.process(AbstractProcessorLight.java:63) [tomcat-embed-core-10.1.40.jar:10.1.40]
	at org.apache.coyote.AbstractProtocol$ConnectionHandler.process(AbstractProtocol.java:903) [tomcat-embed-core-10.1.40.jar:10.1.40]
	at org.apache.tomcat.util.net.NioEndpoint$SocketProcessor.doRun(NioEndpoint.java:1740) [tomcat-embed-core-10.1.40.jar:10.1.40]
	at org.apache.tomcat.util.net.SocketProcessorBase.run(SocketProcessorBase.java:52) [tomcat-embed-core-10.1.40.jar:10.1.40]
	at org.apache.tomcat.util.threads.ThreadPoolExecutor.runWorker(ThreadPoolExecutor.java:1189) [tomcat-embed-core-10.1.40.jar:10.1.40]
	at org.apache.tomcat.util.threads.ThreadPoolExecutor$Worker.run(ThreadPoolExecutor.java:658) [tomcat-embed-core-10.1.40.jar:10.1.40]
	at org.apache.tomcat.util.threads.TaskThread$WrappingRunnable.run(TaskThread.java:63) [tomcat-embed-core-10.1.40.jar:10.1.40]
	at java.base/java.lang.Thread.run(Thread.java:833) [?:?]
Caused by: org.attoparser.ParseException: Exception evaluating SpringEL expression: "product.id" (template: "customer/create" - line 89, col 73)
	at org.attoparser.MarkupParser.parseDocument(MarkupParser.java:393) ~[attoparser-2.0.7.RELEASE.jar:2.0.7.RELEASE]
	at org.attoparser.MarkupParser.parse(MarkupParser.java:257) ~[attoparser-2.0.7.RELEASE.jar:2.0.7.RELEASE]
	at org.thymeleaf.templateparser.markup.AbstractMarkupTemplateParser.parse(AbstractMarkupTemplateParser.java:230) ~[thymeleaf-3.1.3.RELEASE.jar:3.1.3.RELEASE]
	... 98 more
Caused by: org.thymeleaf.exceptions.TemplateProcessingException: Exception evaluating SpringEL expression: "product.id" (template: "customer/create" - line 89, col 73)
	at org.thymeleaf.spring6.expression.SPELVariableExpressionEvaluator.evaluate(SPELVariableExpressionEvaluator.java:292) ~[thymeleaf-spring6-3.1.3.RELEASE.jar:3.1.3.RELEASE]
	at org.thymeleaf.standard.expression.VariableExpression.executeVariableExpression(VariableExpression.java:166) ~[thymeleaf-3.1.3.RELEASE.jar:3.1.3.RELEASE]
	at org.thymeleaf.standard.expression.SimpleExpression.executeSimple(SimpleExpression.java:66) ~[thymeleaf-3.1.3.RELEASE.jar:3.1.3.RELEASE]
	at org.thymeleaf.standard.expression.Expression.execute(Expression.java:109) ~[thymeleaf-3.1.3.RELEASE.jar:3.1.3.RELEASE]
	at org.thymeleaf.standard.expression.Expression.execute(Expression.java:138) ~[thymeleaf-3.1.3.RELEASE.jar:3.1.3.RELEASE]
	at org.thymeleaf.standard.expression.Expression.execute(Expression.java:125) ~[thymeleaf-3.1.3.RELEASE.jar:3.1.3.RELEASE]
	at org.thymeleaf.standard.inline.AbstractStandardInliner.processExpression(AbstractStandardInliner.java:528) ~[thymeleaf-3.1.3.RELEASE.jar:3.1.3.RELEASE]
	at org.thymeleaf.standard.inline.AbstractStandardInliner.performInlining(AbstractStandardInliner.java:389) ~[thymeleaf-3.1.3.RELEASE.jar:3.1.3.RELEASE]
	at org.thymeleaf.standard.inline.AbstractStandardInliner.inline(AbstractStandardInliner.java:283) ~[thymeleaf-3.1.3.RELEASE.jar:3.1.3.RELEASE]
	at org.thymeleaf.standard.processor.StandardInliningCommentProcessor.doProcess(StandardInliningCommentProcessor.java:55) ~[thymeleaf-3.1.3.RELEASE.jar:3.1.3.RELEASE]
	at org.thymeleaf.processor.comment.AbstractCommentProcessor.process(AbstractCommentProcessor.java:57) ~[thymeleaf-3.1.3.RELEASE.jar:3.1.3.RELEASE]
	at org.thymeleaf.util.ProcessorConfigurationUtils$CommentProcessorWrapper.process(ProcessorConfigurationUtils.java:681) ~[thymeleaf-3.1.3.RELEASE.jar:3.1.3.RELEASE]
	at org.thymeleaf.engine.ProcessorTemplateHandler.handleComment(ProcessorTemplateHandler.java:665) ~[thymeleaf-3.1.3.RELEASE.jar:3.1.3.RELEASE]
	at org.thymeleaf.engine.TemplateHandlerAdapterMarkupHandler.handleComment(TemplateHandlerAdapterMarkupHandler.java:205) ~[thymeleaf-3.1.3.RELEASE.jar:3.1.3.RELEASE]
	at org.attoparser.AbstractChainedMarkupHandler.handleComment(AbstractChainedMarkupHandler.java:193) ~[attoparser-2.0.7.RELEASE.jar:2.0.7.RELEASE]
	at org.attoparser.HtmlMarkupHandler.handleComment(HtmlMarkupHandler.java:195) ~[attoparser-2.0.7.RELEASE.jar:2.0.7.RELEASE]
	at org.attoparser.AbstractChainedMarkupHandler.handleComment(AbstractChainedMarkupHandler.java:193) ~[attoparser-2.0.7.RELEASE.jar:2.0.7.RELEASE]
	at org.attoparser.ParsingCommentMarkupUtil.parseComment(ParsingCommentMarkupUtil.java:54) ~[attoparser-2.0.7.RELEASE.jar:2.0.7.RELEASE]
	at org.attoparser.MarkupParser.parseBuffer(MarkupParser.java:753) ~[attoparser-2.0.7.RELEASE.jar:2.0.7.RELEASE]
	at org.attoparser.MarkupParser.parseDocument(MarkupParser.java:301) ~[attoparser-2.0.7.RELEASE.jar:2.0.7.RELEASE]
	at org.attoparser.MarkupParser.parse(MarkupParser.java:257) ~[attoparser-2.0.7.RELEASE.jar:2.0.7.RELEASE]
	at org.thymeleaf.templateparser.markup.AbstractMarkupTemplateParser.parse(AbstractMarkupTemplateParser.java:230) ~[thymeleaf-3.1.3.RELEASE.jar:3.1.3.RELEASE]
	... 98 more
Caused by: org.springframework.expression.spel.SpelEvaluationException: EL1007E: Property or field 'id' cannot be found on null
	at org.springframework.expression.spel.ast.PropertyOrFieldReference.readProperty(PropertyOrFieldReference.java:225) ~[spring-expression-6.2.1.jar:6.2.1]
	at org.springframework.expression.spel.ast.PropertyOrFieldReference.getValueInternal(PropertyOrFieldReference.java:112) ~[spring-expression-6.2.1.jar:6.2.1]
	at org.springframework.expression.spel.ast.PropertyOrFieldReference$AccessorValueRef.getValue(PropertyOrFieldReference.java:376) ~[spring-expression-6.2.1.jar:6.2.1]
	at org.springframework.expression.spel.ast.CompoundExpression.getValueInternal(CompoundExpression.java:97) ~[spring-expression-6.2.1.jar:6.2.1]
	at org.springframework.expression.spel.ast.SpelNodeImpl.getValue(SpelNodeImpl.java:116) ~[spring-expression-6.2.1.jar:6.2.1]
	at org.springframework.expression.spel.standard.SpelExpression.getValue(SpelExpression.java:338) ~[spring-expression-6.2.1.jar:6.2.1]
	at org.thymeleaf.spring6.expression.SPELVariableExpressionEvaluator.evaluate(SPELVariableExpressionEvaluator.java:265) ~[thymeleaf-spring6-3.1.3.RELEASE.jar:3.1.3.RELEASE]
	at org.thymeleaf.standard.expression.VariableExpression.executeVariableExpression(VariableExpression.java:166) ~[thymeleaf-3.1.3.RELEASE.jar:3.1.3.RELEASE]
	at org.thymeleaf.standard.expression.SimpleExpression.executeSimple(SimpleExpression.java:66) ~[thymeleaf-3.1.3.RELEASE.jar:3.1.3.RELEASE]
	at org.thymeleaf.standard.expression.Expression.execute(Expression.java:109) ~[thymeleaf-3.1.3.RELEASE.jar:3.1.3.RELEASE]
	at org.thymeleaf.standard.expression.Expression.execute(Expression.java:138) ~[thymeleaf-3.1.3.RELEASE.jar:3.1.3.RELEASE]
	at org.thymeleaf.standard.expression.Expression.execute(Expression.java:125) ~[thymeleaf-3.1.3.RELEASE.jar:3.1.3.RELEASE]
	at org.thymeleaf.standard.inline.AbstractStandardInliner.processExpression(AbstractStandardInliner.java:528) ~[thymeleaf-3.1.3.RELEASE.jar:3.1.3.RELEASE]
	at org.thymeleaf.standard.inline.AbstractStandardInliner.performInlining(AbstractStandardInliner.java:389) ~[thymeleaf-3.1.3.RELEASE.jar:3.1.3.RELEASE]
	at org.thymeleaf.standard.inline.AbstractStandardInliner.inline(AbstractStandardInliner.java:283) ~[thymeleaf-3.1.3.RELEASE.jar:3.1.3.RELEASE]
	at org.thymeleaf.standard.processor.StandardInliningCommentProcessor.doProcess(StandardInliningCommentProcessor.java:55) ~[thymeleaf-3.1.3.RELEASE.jar:3.1.3.RELEASE]
	at org.thymeleaf.processor.comment.AbstractCommentProcessor.process(AbstractCommentProcessor.java:57) ~[thymeleaf-3.1.3.RELEASE.jar:3.1.3.RELEASE]
	at org.thymeleaf.util.ProcessorConfigurationUtils$CommentProcessorWrapper.process(ProcessorConfigurationUtils.java:681) ~[thymeleaf-3.1.3.RELEASE.jar:3.1.3.RELEASE]
	at org.thymeleaf.engine.ProcessorTemplateHandler.handleComment(ProcessorTemplateHandler.java:665) ~[thymeleaf-3.1.3.RELEASE.jar:3.1.3.RELEASE]
	at org.thymeleaf.engine.TemplateHandlerAdapterMarkupHandler.handleComment(TemplateHandlerAdapterMarkupHandler.java:205) ~[thymeleaf-3.1.3.RELEASE.jar:3.1.3.RELEASE]
	at org.attoparser.AbstractChainedMarkupHandler.handleComment(AbstractChainedMarkupHandler.java:193) ~[attoparser-2.0.7.RELEASE.jar:2.0.7.RELEASE]
	at org.attoparser.HtmlMarkupHandler.handleComment(HtmlMarkupHandler.java:195) ~[attoparser-2.0.7.RELEASE.jar:2.0.7.RELEASE]
	at org.attoparser.AbstractChainedMarkupHandler.handleComment(AbstractChainedMarkupHandler.java:193) ~[attoparser-2.0.7.RELEASE.jar:2.0.7.RELEASE]
	at org.attoparser.ParsingCommentMarkupUtil.parseComment(ParsingCommentMarkupUtil.java:54) ~[attoparser-2.0.7.RELEASE.jar:2.0.7.RELEASE]
	at org.attoparser.MarkupParser.parseBuffer(MarkupParser.java:753) ~[attoparser-2.0.7.RELEASE.jar:2.0.7.RELEASE]
	at org.attoparser.MarkupParser.parseDocument(MarkupParser.java:301) ~[attoparser-2.0.7.RELEASE.jar:2.0.7.RELEASE]
	at org.attoparser.MarkupParser.parse(MarkupParser.java:257) ~[attoparser-2.0.7.RELEASE.jar:2.0.7.RELEASE]
	at org.thymeleaf.templateparser.markup.AbstractMarkupTemplateParser.parse(AbstractMarkupTemplateParser.java:230) ~[thymeleaf-3.1.3.RELEASE.jar:3.1.3.RELEASE]
	... 98 more
2025-05-04 20:01:28 [] ERROR org.apache.catalina.core.ContainerBase.[Tomcat].[localhost].[/tailor-master].[dispatcherServlet] - Servlet.service() for servlet [dispatcherServlet] in context with path [/tailor-master] threw exception [Request processing failed: org.thymeleaf.exceptions.TemplateInputException: An error happened during template parsing (template: "class path resource [templates/customer/create.html]")] with root cause
org.springframework.expression.spel.SpelEvaluationException: EL1007E: Property or field 'id' cannot be found on null
	at org.springframework.expression.spel.ast.PropertyOrFieldReference.readProperty(PropertyOrFieldReference.java:225) ~[spring-expression-6.2.1.jar:6.2.1]
	at org.springframework.expression.spel.ast.PropertyOrFieldReference.getValueInternal(PropertyOrFieldReference.java:112) ~[spring-expression-6.2.1.jar:6.2.1]
	at org.springframework.expression.spel.ast.PropertyOrFieldReference$AccessorValueRef.getValue(PropertyOrFieldReference.java:376) ~[spring-expression-6.2.1.jar:6.2.1]
	at org.springframework.expression.spel.ast.CompoundExpression.getValueInternal(CompoundExpression.java:97) ~[spring-expression-6.2.1.jar:6.2.1]
	at org.springframework.expression.spel.ast.SpelNodeImpl.getValue(SpelNodeImpl.java:116) ~[spring-expression-6.2.1.jar:6.2.1]
	at org.springframework.expression.spel.standard.SpelExpression.getValue(SpelExpression.java:338) ~[spring-expression-6.2.1.jar:6.2.1]
	at org.thymeleaf.spring6.expression.SPELVariableExpressionEvaluator.evaluate(SPELVariableExpressionEvaluator.java:265) ~[thymeleaf-spring6-3.1.3.RELEASE.jar:3.1.3.RELEASE]
	at org.thymeleaf.standard.expression.VariableExpression.executeVariableExpression(VariableExpression.java:166) ~[thymeleaf-3.1.3.RELEASE.jar:3.1.3.RELEASE]
	at org.thymeleaf.standard.expression.SimpleExpression.executeSimple(SimpleExpression.java:66) ~[thymeleaf-3.1.3.RELEASE.jar:3.1.3.RELEASE]
	at org.thymeleaf.standard.expression.Expression.execute(Expression.java:109) ~[thymeleaf-3.1.3.RELEASE.jar:3.1.3.RELEASE]
	at org.thymeleaf.standard.expression.Expression.execute(Expression.java:138) ~[thymeleaf-3.1.3.RELEASE.jar:3.1.3.RELEASE]
	at org.thymeleaf.standard.expression.Expression.execute(Expression.java:125) ~[thymeleaf-3.1.3.RELEASE.jar:3.1.3.RELEASE]
	at org.thymeleaf.standard.inline.AbstractStandardInliner.processExpression(AbstractStandardInliner.java:528) ~[thymeleaf-3.1.3.RELEASE.jar:3.1.3.RELEASE]
	at org.thymeleaf.standard.inline.AbstractStandardInliner.performInlining(AbstractStandardInliner.java:389) ~[thymeleaf-3.1.3.RELEASE.jar:3.1.3.RELEASE]
	at org.thymeleaf.standard.inline.AbstractStandardInliner.inline(AbstractStandardInliner.java:283) ~[thymeleaf-3.1.3.RELEASE.jar:3.1.3.RELEASE]
	at org.thymeleaf.standard.processor.StandardInliningCommentProcessor.doProcess(StandardInliningCommentProcessor.java:55) ~[thymeleaf-3.1.3.RELEASE.jar:3.1.3.RELEASE]
	at org.thymeleaf.processor.comment.AbstractCommentProcessor.process(AbstractCommentProcessor.java:57) ~[thymeleaf-3.1.3.RELEASE.jar:3.1.3.RELEASE]
	at org.thymeleaf.util.ProcessorConfigurationUtils$CommentProcessorWrapper.process(ProcessorConfigurationUtils.java:681) ~[thymeleaf-3.1.3.RELEASE.jar:3.1.3.RELEASE]
	at org.thymeleaf.engine.ProcessorTemplateHandler.handleComment(ProcessorTemplateHandler.java:665) ~[thymeleaf-3.1.3.RELEASE.jar:3.1.3.RELEASE]
	at org.thymeleaf.engine.TemplateHandlerAdapterMarkupHandler.handleComment(TemplateHandlerAdapterMarkupHandler.java:205) ~[thymeleaf-3.1.3.RELEASE.jar:3.1.3.RELEASE]
	at org.attoparser.AbstractChainedMarkupHandler.handleComment(AbstractChainedMarkupHandler.java:193) ~[attoparser-2.0.7.RELEASE.jar:2.0.7.RELEASE]
	at org.attoparser.HtmlMarkupHandler.handleComment(HtmlMarkupHandler.java:195) ~[attoparser-2.0.7.RELEASE.jar:2.0.7.RELEASE]
	at org.attoparser.AbstractChainedMarkupHandler.handleComment(AbstractChainedMarkupHandler.java:193) ~[attoparser-2.0.7.RELEASE.jar:2.0.7.RELEASE]
	at org.attoparser.ParsingCommentMarkupUtil.parseComment(ParsingCommentMarkupUtil.java:54) ~[attoparser-2.0.7.RELEASE.jar:2.0.7.RELEASE]
	at org.attoparser.MarkupParser.parseBuffer(MarkupParser.java:753) ~[attoparser-2.0.7.RELEASE.jar:2.0.7.RELEASE]
	at org.attoparser.MarkupParser.parseDocument(MarkupParser.java:301) ~[attoparser-2.0.7.RELEASE.jar:2.0.7.RELEASE]
	at org.attoparser.MarkupParser.parse(MarkupParser.java:257) ~[attoparser-2.0.7.RELEASE.jar:2.0.7.RELEASE]
	at org.thymeleaf.templateparser.markup.AbstractMarkupTemplateParser.parse(AbstractMarkupTemplateParser.java:230) ~[thymeleaf-3.1.3.RELEASE.jar:3.1.3.RELEASE]
	at org.thymeleaf.templateparser.markup.AbstractMarkupTemplateParser.parseStandalone(AbstractMarkupTemplateParser.java:100) ~[thymeleaf-3.1.3.RELEASE.jar:3.1.3.RELEASE]
	at org.thymeleaf.engine.TemplateManager.parseAndProcess(TemplateManager.java:666) ~[thymeleaf-3.1.3.RELEASE.jar:3.1.3.RELEASE]
	at org.thymeleaf.TemplateEngine.process(TemplateEngine.java:1103) ~[thymeleaf-3.1.3.RELEASE.jar:3.1.3.RELEASE]
	at org.thymeleaf.TemplateEngine.process(TemplateEngine.java:1077) ~[thymeleaf-3.1.3.RELEASE.jar:3.1.3.RELEASE]
	at org.thymeleaf.spring6.view.ThymeleafView.renderFragment(ThymeleafView.java:372) ~[thymeleaf-spring6-3.1.3.RELEASE.jar:3.1.3.RELEASE]
	at org.thymeleaf.spring6.view.ThymeleafView.render(ThymeleafView.java:192) ~[thymeleaf-spring6-3.1.3.RELEASE.jar:3.1.3.RELEASE]
	at org.springframework.web.servlet.DispatcherServlet.render(DispatcherServlet.java:1435) ~[spring-webmvc-6.2.1.jar:6.2.1]
	at org.springframework.web.servlet.DispatcherServlet.processDispatchResult(DispatcherServlet.java:1167) ~[spring-webmvc-6.2.1.jar:6.2.1]
	at org.springframework.web.servlet.DispatcherServlet.doDispatch(DispatcherServlet.java:1105) ~[spring-webmvc-6.2.1.jar:6.2.1]
	at org.springframework.web.servlet.DispatcherServlet.doService(DispatcherServlet.java:978) ~[spring-webmvc-6.2.1.jar:6.2.1]
	at org.springframework.web.servlet.FrameworkServlet.processRequest(FrameworkServlet.java:1014) ~[spring-webmvc-6.2.1.jar:6.2.1]
	at org.springframework.web.servlet.FrameworkServlet.doGet(FrameworkServlet.java:903) ~[spring-webmvc-6.2.1.jar:6.2.1]
	at jakarta.servlet.http.HttpServlet.service(HttpServlet.java:564) ~[tomcat-embed-core-10.1.40.jar:6.0]
	at org.springframework.web.servlet.FrameworkServlet.service(FrameworkServlet.java:885) ~[spring-webmvc-6.2.1.jar:6.2.1]
	at jakarta.servlet.http.HttpServlet.service(HttpServlet.java:658) ~[tomcat-embed-core-10.1.40.jar:6.0]
	at org.apache.catalina.core.ApplicationFilterChain.internalDoFilter(ApplicationFilterChain.java:195) ~[tomcat-embed-core-10.1.40.jar:10.1.40]
	at org.apache.catalina.core.ApplicationFilterChain.doFilter(ApplicationFilterChain.java:140) ~[tomcat-embed-core-10.1.40.jar:10.1.40]
	at org.apache.tomcat.websocket.server.WsFilter.doFilter(WsFilter.java:51) ~[tomcat-embed-websocket-10.1.40.jar:10.1.40]
	at org.apache.catalina.core.ApplicationFilterChain.internalDoFilter(ApplicationFilterChain.java:164) ~[tomcat-embed-core-10.1.40.jar:10.1.40]
	at org.apache.catalina.core.ApplicationFilterChain.doFilter(ApplicationFilterChain.java:140) ~[tomcat-embed-core-10.1.40.jar:10.1.40]
	at com.example.tailormaster.filter.LoggingMDCFilter.doFilter(LoggingMDCFilter.java:30) ~[classes/:?]
	at org.apache.catalina.core.ApplicationFilterChain.internalDoFilter(ApplicationFilterChain.java:164) ~[tomcat-embed-core-10.1.40.jar:10.1.40]
	at org.apache.catalina.core.ApplicationFilterChain.doFilter(ApplicationFilterChain.java:140) ~[tomcat-embed-core-10.1.40.jar:10.1.40]
	at org.springframework.web.filter.CompositeFilter$VirtualFilterChain.doFilter(CompositeFilter.java:108) ~[spring-web-6.2.1.jar:6.2.1]
	at org.springframework.security.web.FilterChainProxy.lambda$doFilterInternal$3(FilterChainProxy.java:231) ~[spring-security-web-6.4.2.jar:6.4.2]
	at org.springframework.security.web.FilterChainProxy$VirtualFilterChain.doFilter(FilterChainProxy.java:365) ~[spring-security-web-6.4.2.jar:6.4.2]
	at org.springframework.security.web.access.intercept.AuthorizationFilter.doFilter(AuthorizationFilter.java:101) ~[spring-security-web-6.4.2.jar:6.4.2]
	at org.springframework.security.web.FilterChainProxy$VirtualFilterChain.doFilter(FilterChainProxy.java:374) ~[spring-security-web-6.4.2.jar:6.4.2]
	at org.springframework.security.web.access.ExceptionTranslationFilter.doFilter(ExceptionTranslationFilter.java:126) ~[spring-security-web-6.4.2.jar:6.4.2]
	at org.springframework.security.web.access.ExceptionTranslationFilter.doFilter(ExceptionTranslationFilter.java:120) ~[spring-security-web-6.4.2.jar:6.4.2]
	at org.springframework.security.web.FilterChainProxy$VirtualFilterChain.doFilter(FilterChainProxy.java:374) ~[spring-security-web-6.4.2.jar:6.4.2]
	at org.springframework.security.web.authentication.AnonymousAuthenticationFilter.doFilter(AnonymousAuthenticationFilter.java:100) ~[spring-security-web-6.4.2.jar:6.4.2]
	at org.springframework.security.web.FilterChainProxy$VirtualFilterChain.doFilter(FilterChainProxy.java:374) ~[spring-security-web-6.4.2.jar:6.4.2]
	at org.springframework.security.web.servletapi.SecurityContextHolderAwareRequestFilter.doFilter(SecurityContextHolderAwareRequestFilter.java:179) ~[spring-security-web-6.4.2.jar:6.4.2]
	at org.springframework.security.web.FilterChainProxy$VirtualFilterChain.doFilter(FilterChainProxy.java:374) ~[spring-security-web-6.4.2.jar:6.4.2]
	at org.springframework.security.web.savedrequest.RequestCacheAwareFilter.doFilter(RequestCacheAwareFilter.java:63) ~[spring-security-web-6.4.2.jar:6.4.2]
	at org.springframework.security.web.FilterChainProxy$VirtualFilterChain.doFilter(FilterChainProxy.java:374) ~[spring-security-web-6.4.2.jar:6.4.2]
	at org.springframework.security.web.authentication.AbstractAuthenticationProcessingFilter.doFilter(AbstractAuthenticationProcessingFilter.java:227) ~[spring-security-web-6.4.2.jar:6.4.2]
	at org.springframework.security.web.authentication.AbstractAuthenticationProcessingFilter.doFilter(AbstractAuthenticationProcessingFilter.java:221) ~[spring-security-web-6.4.2.jar:6.4.2]
	at org.springframework.security.web.FilterChainProxy$VirtualFilterChain.doFilter(FilterChainProxy.java:374) ~[spring-security-web-6.4.2.jar:6.4.2]
	at org.springframework.security.web.authentication.logout.LogoutFilter.doFilter(LogoutFilter.java:107) ~[spring-security-web-6.4.2.jar:6.4.2]
	at org.springframework.security.web.authentication.logout.LogoutFilter.doFilter(LogoutFilter.java:93) ~[spring-security-web-6.4.2.jar:6.4.2]
	at org.springframework.security.web.FilterChainProxy$VirtualFilterChain.doFilter(FilterChainProxy.java:374) ~[spring-security-web-6.4.2.jar:6.4.2]
	at org.springframework.security.web.csrf.CsrfFilter.doFilterInternal(CsrfFilter.java:117) ~[spring-security-web-6.4.2.jar:6.4.2]
	at org.springframework.web.filter.OncePerRequestFilter.doFilter(OncePerRequestFilter.java:116) ~[spring-web-6.2.1.jar:6.2.1]
	at org.springframework.security.web.FilterChainProxy$VirtualFilterChain.doFilter(FilterChainProxy.java:374) ~[spring-security-web-6.4.2.jar:6.4.2]
	at org.springframework.security.web.header.HeaderWriterFilter.doHeadersAfter(HeaderWriterFilter.java:90) ~[spring-security-web-6.4.2.jar:6.4.2]
	at org.springframework.security.web.header.HeaderWriterFilter.doFilterInternal(HeaderWriterFilter.java:75) ~[spring-security-web-6.4.2.jar:6.4.2]
	at org.springframework.web.filter.OncePerRequestFilter.doFilter(OncePerRequestFilter.java:116) ~[spring-web-6.2.1.jar:6.2.1]
	at org.springframework.security.web.FilterChainProxy$VirtualFilterChain.doFilter(FilterChainProxy.java:374) ~[spring-security-web-6.4.2.jar:6.4.2]
	at org.springframework.security.web.context.SecurityContextHolderFilter.doFilter(SecurityContextHolderFilter.java:82) ~[spring-security-web-6.4.2.jar:6.4.2]
	at org.springframework.security.web.context.SecurityContextHolderFilter.doFilter(SecurityContextHolderFilter.java:69) ~[spring-security-web-6.4.2.jar:6.4.2]
	at org.springframework.security.web.FilterChainProxy$VirtualFilterChain.doFilter(FilterChainProxy.java:374) ~[spring-security-web-6.4.2.jar:6.4.2]
	at org.springframework.security.web.context.request.async.WebAsyncManagerIntegrationFilter.doFilterInternal(WebAsyncManagerIntegrationFilter.java:62) ~[spring-security-web-6.4.2.jar:6.4.2]
	at org.springframework.web.filter.OncePerRequestFilter.doFilter(OncePerRequestFilter.java:116) ~[spring-web-6.2.1.jar:6.2.1]
	at org.springframework.security.web.FilterChainProxy$VirtualFilterChain.doFilter(FilterChainProxy.java:374) ~[spring-security-web-6.4.2.jar:6.4.2]
	at org.springframework.security.web.session.DisableEncodeUrlFilter.doFilterInternal(DisableEncodeUrlFilter.java:42) ~[spring-security-web-6.4.2.jar:6.4.2]
	at org.springframework.web.filter.OncePerRequestFilter.doFilter(OncePerRequestFilter.java:116) ~[spring-web-6.2.1.jar:6.2.1]
	at org.springframework.security.web.FilterChainProxy$VirtualFilterChain.doFilter(FilterChainProxy.java:374) ~[spring-security-web-6.4.2.jar:6.4.2]
	at org.springframework.security.web.FilterChainProxy.doFilterInternal(FilterChainProxy.java:233) ~[spring-security-web-6.4.2.jar:6.4.2]
	at org.springframework.security.web.FilterChainProxy.doFilter(FilterChainProxy.java:191) ~[spring-security-web-6.4.2.jar:6.4.2]
	at org.springframework.web.filter.CompositeFilter$VirtualFilterChain.doFilter(CompositeFilter.java:113) ~[spring-web-6.2.1.jar:6.2.1]
	at org.springframework.web.servlet.handler.HandlerMappingIntrospector.lambda$createCacheFilter$3(HandlerMappingIntrospector.java:243) ~[spring-webmvc-6.2.1.jar:6.2.1]
	at org.springframework.web.filter.CompositeFilter$VirtualFilterChain.doFilter(CompositeFilter.java:113) ~[spring-web-6.2.1.jar:6.2.1]
	at org.springframework.web.filter.CompositeFilter.doFilter(CompositeFilter.java:74) ~[spring-web-6.2.1.jar:6.2.1]
	at org.springframework.security.config.annotation.web.configuration.WebMvcSecurityConfiguration$CompositeFilterChainProxy.doFilter(WebMvcSecurityConfiguration.java:238) ~[spring-security-config-6.4.2.jar:6.4.2]
	at org.springframework.web.filter.DelegatingFilterProxy.invokeDelegate(DelegatingFilterProxy.java:362) ~[spring-web-6.2.1.jar:6.2.1]
	at org.springframework.web.filter.DelegatingFilterProxy.doFilter(DelegatingFilterProxy.java:278) ~[spring-web-6.2.1.jar:6.2.1]
	at org.apache.catalina.core.ApplicationFilterChain.internalDoFilter(ApplicationFilterChain.java:164) ~[tomcat-embed-core-10.1.40.jar:10.1.40]
	at org.apache.catalina.core.ApplicationFilterChain.doFilter(ApplicationFilterChain.java:140) ~[tomcat-embed-core-10.1.40.jar:10.1.40]
	at org.springframework.web.filter.RequestContextFilter.doFilterInternal(RequestContextFilter.java:100) ~[spring-web-6.2.1.jar:6.2.1]
	at org.springframework.web.filter.OncePerRequestFilter.doFilter(OncePerRequestFilter.java:116) ~[spring-web-6.2.1.jar:6.2.1]
	at org.apache.catalina.core.ApplicationFilterChain.internalDoFilter(ApplicationFilterChain.java:164) ~[tomcat-embed-core-10.1.40.jar:10.1.40]
	at org.apache.catalina.core.ApplicationFilterChain.doFilter(ApplicationFilterChain.java:140) ~[tomcat-embed-core-10.1.40.jar:10.1.40]
	at org.springframework.web.filter.FormContentFilter.doFilterInternal(FormContentFilter.java:93) ~[spring-web-6.2.1.jar:6.2.1]
	at org.springframework.web.filter.OncePerRequestFilter.doFilter(OncePerRequestFilter.java:116) ~[spring-web-6.2.1.jar:6.2.1]
	at org.apache.catalina.core.ApplicationFilterChain.internalDoFilter(ApplicationFilterChain.java:164) ~[tomcat-embed-core-10.1.40.jar:10.1.40]
	at org.apache.catalina.core.ApplicationFilterChain.doFilter(ApplicationFilterChain.java:140) ~[tomcat-embed-core-10.1.40.jar:10.1.40]
	at org.springframework.web.filter.CharacterEncodingFilter.doFilterInternal(CharacterEncodingFilter.java:201) ~[spring-web-6.2.1.jar:6.2.1]
	at org.springframework.web.filter.OncePerRequestFilter.doFilter(OncePerRequestFilter.java:116) ~[spring-web-6.2.1.jar:6.2.1]
	at org.apache.catalina.core.ApplicationFilterChain.internalDoFilter(ApplicationFilterChain.java:164) ~[tomcat-embed-core-10.1.40.jar:10.1.40]
	at org.apache.catalina.core.ApplicationFilterChain.doFilter(ApplicationFilterChain.java:140) ~[tomcat-embed-core-10.1.40.jar:10.1.40]
	at org.apache.catalina.core.StandardWrapperValve.invoke(StandardWrapperValve.java:167) [tomcat-embed-core-10.1.40.jar:10.1.40]
	at org.apache.catalina.core.StandardContextValve.invoke(StandardContextValve.java:90) [tomcat-embed-core-10.1.40.jar:10.1.40]
	at org.apache.catalina.authenticator.AuthenticatorBase.invoke(AuthenticatorBase.java:483) [tomcat-embed-core-10.1.40.jar:10.1.40]
	at org.apache.catalina.core.StandardHostValve.invoke(StandardHostValve.java:116) [tomcat-embed-core-10.1.40.jar:10.1.40]
	at org.apache.catalina.valves.ErrorReportValve.invoke(ErrorReportValve.java:93) [tomcat-embed-core-10.1.40.jar:10.1.40]
	at org.apache.catalina.core.StandardEngineValve.invoke(StandardEngineValve.java:74) [tomcat-embed-core-10.1.40.jar:10.1.40]
	at org.apache.catalina.connector.CoyoteAdapter.service(CoyoteAdapter.java:344) [tomcat-embed-core-10.1.40.jar:10.1.40]
	at org.apache.coyote.http11.Http11Processor.service(Http11Processor.java:398) [tomcat-embed-core-10.1.40.jar:10.1.40]
	at org.apache.coyote.AbstractProcessorLight.process(AbstractProcessorLight.java:63) [tomcat-embed-core-10.1.40.jar:10.1.40]
	at org.apache.coyote.AbstractProtocol$ConnectionHandler.process(AbstractProtocol.java:903) [tomcat-embed-core-10.1.40.jar:10.1.40]
	at org.apache.tomcat.util.net.NioEndpoint$SocketProcessor.doRun(NioEndpoint.java:1740) [tomcat-embed-core-10.1.40.jar:10.1.40]
	at org.apache.tomcat.util.net.SocketProcessorBase.run(SocketProcessorBase.java:52) [tomcat-embed-core-10.1.40.jar:10.1.40]
	at org.apache.tomcat.util.threads.ThreadPoolExecutor.runWorker(ThreadPoolExecutor.java:1189) [tomcat-embed-core-10.1.40.jar:10.1.40]
	at org.apache.tomcat.util.threads.ThreadPoolExecutor$Worker.run(ThreadPoolExecutor.java:658) [tomcat-embed-core-10.1.40.jar:10.1.40]
	at org.apache.tomcat.util.threads.TaskThread$WrappingRunnable.run(TaskThread.java:63) [tomcat-embed-core-10.1.40.jar:10.1.40]
	at java.base/java.lang.Thread.run(Thread.java:833) [?:?]
2025-05-04 20:01:28 [] INFO  com.example.tailormaster.filter.LoggingInterceptor - User 'null' is requesting: GET /tailor-master/error
2025-05-04 20:02:01 [] INFO  org.springframework.boot.web.embedded.tomcat.GracefulShutdown - Commencing graceful shutdown. Waiting for active requests to complete
2025-05-04 20:02:03 [] INFO  org.springframework.boot.web.embedded.tomcat.GracefulShutdown - Graceful shutdown complete
2025-05-04 20:02:03 [] INFO  org.springframework.orm.jpa.LocalContainerEntityManagerFactoryBean - Closing JPA EntityManagerFactory for persistence unit 'default'
2025-05-04 20:02:03 [] INFO  com.zaxxer.hikari.HikariDataSource - HikariPool-1 - Shutdown initiated...
2025-05-04 20:02:03 [] INFO  com.zaxxer.hikari.HikariDataSource - HikariPool-1 - Shutdown completed.
2025-05-04 20:02:12 [] INFO  org.hibernate.validator.internal.util.Version - HV000001: Hibernate Validator 8.0.2.Final
2025-05-04 20:02:12 [] INFO  com.example.tailormaster.TailorMasterAppApplication - Starting TailorMasterAppApplication using Java 17.0.2 with PID 3188 (E:\Development-Workspaces\tailor-master-app\tailor-master-app\target\classes started by wajiz.pk in E:\Development-Workspaces\tailor-master-app\tailor-master-app)
2025-05-04 20:02:13 [] INFO  com.example.tailormaster.TailorMasterAppApplication - No active profile set, falling back to 1 default profile: "default"
2025-05-04 20:02:13 [] INFO  org.springframework.boot.devtools.env.DevToolsPropertyDefaultsPostProcessor - Devtools property defaults active! Set 'spring.devtools.add-properties' to 'false' to disable
2025-05-04 20:02:13 [] INFO  org.springframework.boot.devtools.env.DevToolsPropertyDefaultsPostProcessor - For additional web related logging consider setting the 'logging.level.web' property to 'DEBUG'
2025-05-04 20:02:15 [] INFO  org.springframework.data.repository.config.RepositoryConfigurationDelegate - Bootstrapping Spring Data JPA repositories in DEFAULT mode.
2025-05-04 20:02:15 [] INFO  org.springframework.data.repository.config.RepositoryConfigurationDelegate - Finished Spring Data repository scanning in 255 ms. Found 12 JPA repository interfaces.
2025-05-04 20:02:17 [] INFO  org.springframework.boot.web.embedded.tomcat.TomcatWebServer - Tomcat initialized with port 8080 (http)
2025-05-04 20:02:17 [] INFO  org.apache.coyote.http11.Http11NioProtocol - Initializing ProtocolHandler ["http-nio-8080"]
2025-05-04 20:02:17 [] INFO  org.apache.catalina.core.StandardService - Starting service [Tomcat]
2025-05-04 20:02:17 [] INFO  org.apache.catalina.core.StandardEngine - Starting Servlet engine: [Apache Tomcat/10.1.40]
2025-05-04 20:02:17 [] INFO  org.apache.catalina.core.ContainerBase.[Tomcat].[localhost].[/tailor-master] - Initializing Spring embedded WebApplicationContext
2025-05-04 20:02:17 [] INFO  org.springframework.boot.web.servlet.context.ServletWebServerApplicationContext - Root WebApplicationContext: initialization completed in 4608 ms
2025-05-04 20:02:18 [] INFO  org.hibernate.jpa.internal.util.LogHelper - HHH000204: Processing PersistenceUnitInfo [name: default]
2025-05-04 20:02:18 [] INFO  org.hibernate.Version - HHH000412: Hibernate ORM core version 6.6.4.Final
2025-05-04 20:02:18 [] INFO  org.hibernate.cache.internal.RegionFactoryInitiator - HHH000026: Second-level cache disabled
2025-05-04 20:02:19 [] INFO  org.springframework.orm.jpa.persistenceunit.SpringPersistenceUnitInfo - No LoadTimeWeaver setup: ignoring JPA class transformer
2025-05-04 20:02:19 [] INFO  com.zaxxer.hikari.HikariDataSource - HikariPool-1 - Starting...
2025-05-04 20:02:20 [] INFO  com.zaxxer.hikari.pool.HikariPool - HikariPool-1 - Added connection com.mysql.cj.jdbc.ConnectionImpl@9924bd2
2025-05-04 20:02:20 [] INFO  com.zaxxer.hikari.HikariDataSource - HikariPool-1 - Start completed.
2025-05-04 20:02:20 [] INFO  org.hibernate.orm.connections.pooling - HHH10001005: Database info:
	Database JDBC URL [Connecting through datasource 'HikariDataSource (HikariPool-1)']
	Database driver: undefined/unknown
	Database version: 8.0.28
	Autocommit mode: undefined/unknown
	Isolation level: undefined/unknown
	Minimum pool size: undefined/unknown
	Maximum pool size: undefined/unknown
2025-05-04 20:02:24 [] INFO  org.hibernate.engine.transaction.jta.platform.internal.JtaPlatformInitiator - HHH000489: No JTA platform available (set 'hibernate.transaction.jta.platform' to enable JTA platform integration)
2025-05-04 20:02:24 [] INFO  org.springframework.orm.jpa.LocalContainerEntityManagerFactoryBean - Initialized JPA EntityManagerFactory for persistence unit 'default'
2025-05-04 20:02:25 [] INFO  org.springframework.data.jpa.repository.query.QueryEnhancerFactory - Hibernate is in classpath; If applicable, HQL parser will be used.
2025-05-04 20:02:30 [] WARN  org.springframework.boot.autoconfigure.orm.jpa.JpaBaseConfiguration$JpaWebConfiguration - spring.jpa.open-in-view is enabled by default. Therefore, database queries may be performed during view rendering. Explicitly configure spring.jpa.open-in-view to disable this warning
2025-05-04 20:02:31 [] INFO  org.springframework.security.config.annotation.authentication.configuration.InitializeAuthenticationProviderBeanManagerConfigurer$InitializeAuthenticationProviderManagerConfigurer - Global AuthenticationManager configured with AuthenticationProvider bean with name authenticationProvider
2025-05-04 20:02:31 [] WARN  org.springframework.security.config.annotation.authentication.configuration.InitializeUserDetailsBeanManagerConfigurer$InitializeUserDetailsManagerConfigurer - Global AuthenticationManager configured with an AuthenticationProvider bean. UserDetailsService beans will not be used by Spring Security for automatically configuring username/password login. Consider removing the AuthenticationProvider bean. Alternatively, consider using the UserDetailsService in a manually instantiated DaoAuthenticationProvider. If the current configuration is intentional, to turn off this warning, increase the logging level of 'org.springframework.security.config.annotation.authentication.configuration.InitializeUserDetailsBeanManagerConfigurer' to ERROR
2025-05-04 20:02:32 [] INFO  org.springframework.boot.devtools.autoconfigure.OptionalLiveReloadServer - LiveReload server is running on port 35729
2025-05-04 20:02:32 [] INFO  org.apache.coyote.http11.Http11NioProtocol - Starting ProtocolHandler ["http-nio-8080"]
2025-05-04 20:02:32 [] INFO  org.springframework.boot.web.embedded.tomcat.TomcatWebServer - Tomcat started on port 8080 (http) with context path '/tailor-master'
2025-05-04 20:02:32 [] INFO  com.example.tailormaster.TailorMasterAppApplication - Started TailorMasterAppApplication in 21.167 seconds (process running for 24.658)
2025-05-04 20:03:27 [] INFO  org.apache.catalina.core.ContainerBase.[Tomcat].[localhost].[/tailor-master] - Initializing Spring DispatcherServlet 'dispatcherServlet'
2025-05-04 20:03:27 [] INFO  org.springframework.web.servlet.DispatcherServlet - Initializing Servlet 'dispatcherServlet'
2025-05-04 20:03:27 [] INFO  org.springframework.web.servlet.DispatcherServlet - Completed initialization in 0 ms
2025-05-04 20:03:28 [abdullateef] INFO  com.example.tailormaster.filter.LoggingInterceptor - User 'abdullateef' is requesting: GET /tailor-master/customers/create
2025-05-04 20:03:28 [abdullateef] INFO  com.example.tailormaster.service.product.ProductService - Fetching all active products.
2025-05-04 20:03:28 [abdullateef] INFO  com.example.tailormaster.service.product.ProductService - Retrieved 2 active products.
2025-05-04 20:03:31 [abdullateef] ERROR org.thymeleaf.TemplateEngine - [THYMELEAF][http-nio-8080-exec-1] Exception processing template "customer/create": An error happened during template parsing (template: "class path resource [templates/customer/create.html]")
org.thymeleaf.exceptions.TemplateInputException: An error happened during template parsing (template: "class path resource [templates/customer/create.html]")
	at org.thymeleaf.templateparser.markup.AbstractMarkupTemplateParser.parse(AbstractMarkupTemplateParser.java:241) ~[thymeleaf-3.1.3.RELEASE.jar:3.1.3.RELEASE]
	at org.thymeleaf.templateparser.markup.AbstractMarkupTemplateParser.parseStandalone(AbstractMarkupTemplateParser.java:100) ~[thymeleaf-3.1.3.RELEASE.jar:3.1.3.RELEASE]
	at org.thymeleaf.engine.TemplateManager.parseAndProcess(TemplateManager.java:666) ~[thymeleaf-3.1.3.RELEASE.jar:3.1.3.RELEASE]
	at org.thymeleaf.TemplateEngine.process(TemplateEngine.java:1103) ~[thymeleaf-3.1.3.RELEASE.jar:3.1.3.RELEASE]
	at org.thymeleaf.TemplateEngine.process(TemplateEngine.java:1077) ~[thymeleaf-3.1.3.RELEASE.jar:3.1.3.RELEASE]
	at org.thymeleaf.spring6.view.ThymeleafView.renderFragment(ThymeleafView.java:372) ~[thymeleaf-spring6-3.1.3.RELEASE.jar:3.1.3.RELEASE]
	at org.thymeleaf.spring6.view.ThymeleafView.render(ThymeleafView.java:192) ~[thymeleaf-spring6-3.1.3.RELEASE.jar:3.1.3.RELEASE]
	at org.springframework.web.servlet.DispatcherServlet.render(DispatcherServlet.java:1435) ~[spring-webmvc-6.2.1.jar:6.2.1]
	at org.springframework.web.servlet.DispatcherServlet.processDispatchResult(DispatcherServlet.java:1167) ~[spring-webmvc-6.2.1.jar:6.2.1]
	at org.springframework.web.servlet.DispatcherServlet.doDispatch(DispatcherServlet.java:1105) ~[spring-webmvc-6.2.1.jar:6.2.1]
	at org.springframework.web.servlet.DispatcherServlet.doService(DispatcherServlet.java:978) ~[spring-webmvc-6.2.1.jar:6.2.1]
	at org.springframework.web.servlet.FrameworkServlet.processRequest(FrameworkServlet.java:1014) ~[spring-webmvc-6.2.1.jar:6.2.1]
	at org.springframework.web.servlet.FrameworkServlet.doGet(FrameworkServlet.java:903) ~[spring-webmvc-6.2.1.jar:6.2.1]
	at jakarta.servlet.http.HttpServlet.service(HttpServlet.java:564) ~[tomcat-embed-core-10.1.40.jar:6.0]
	at org.springframework.web.servlet.FrameworkServlet.service(FrameworkServlet.java:885) ~[spring-webmvc-6.2.1.jar:6.2.1]
	at jakarta.servlet.http.HttpServlet.service(HttpServlet.java:658) ~[tomcat-embed-core-10.1.40.jar:6.0]
	at org.apache.catalina.core.ApplicationFilterChain.internalDoFilter(ApplicationFilterChain.java:195) ~[tomcat-embed-core-10.1.40.jar:10.1.40]
	at org.apache.catalina.core.ApplicationFilterChain.doFilter(ApplicationFilterChain.java:140) ~[tomcat-embed-core-10.1.40.jar:10.1.40]
	at org.apache.tomcat.websocket.server.WsFilter.doFilter(WsFilter.java:51) ~[tomcat-embed-websocket-10.1.40.jar:10.1.40]
	at org.apache.catalina.core.ApplicationFilterChain.internalDoFilter(ApplicationFilterChain.java:164) ~[tomcat-embed-core-10.1.40.jar:10.1.40]
	at org.apache.catalina.core.ApplicationFilterChain.doFilter(ApplicationFilterChain.java:140) ~[tomcat-embed-core-10.1.40.jar:10.1.40]
	at com.example.tailormaster.filter.LoggingMDCFilter.doFilter(LoggingMDCFilter.java:30) ~[classes/:?]
	at org.apache.catalina.core.ApplicationFilterChain.internalDoFilter(ApplicationFilterChain.java:164) ~[tomcat-embed-core-10.1.40.jar:10.1.40]
	at org.apache.catalina.core.ApplicationFilterChain.doFilter(ApplicationFilterChain.java:140) ~[tomcat-embed-core-10.1.40.jar:10.1.40]
	at org.springframework.web.filter.CompositeFilter$VirtualFilterChain.doFilter(CompositeFilter.java:108) ~[spring-web-6.2.1.jar:6.2.1]
	at org.springframework.security.web.FilterChainProxy.lambda$doFilterInternal$3(FilterChainProxy.java:231) ~[spring-security-web-6.4.2.jar:6.4.2]
	at org.springframework.security.web.FilterChainProxy$VirtualFilterChain.doFilter(FilterChainProxy.java:365) ~[spring-security-web-6.4.2.jar:6.4.2]
	at org.springframework.security.web.access.intercept.AuthorizationFilter.doFilter(AuthorizationFilter.java:101) ~[spring-security-web-6.4.2.jar:6.4.2]
	at org.springframework.security.web.FilterChainProxy$VirtualFilterChain.doFilter(FilterChainProxy.java:374) ~[spring-security-web-6.4.2.jar:6.4.2]
	at org.springframework.security.web.access.ExceptionTranslationFilter.doFilter(ExceptionTranslationFilter.java:126) ~[spring-security-web-6.4.2.jar:6.4.2]
	at org.springframework.security.web.access.ExceptionTranslationFilter.doFilter(ExceptionTranslationFilter.java:120) ~[spring-security-web-6.4.2.jar:6.4.2]
	at org.springframework.security.web.FilterChainProxy$VirtualFilterChain.doFilter(FilterChainProxy.java:374) ~[spring-security-web-6.4.2.jar:6.4.2]
	at org.springframework.security.web.authentication.AnonymousAuthenticationFilter.doFilter(AnonymousAuthenticationFilter.java:100) ~[spring-security-web-6.4.2.jar:6.4.2]
	at org.springframework.security.web.FilterChainProxy$VirtualFilterChain.doFilter(FilterChainProxy.java:374) ~[spring-security-web-6.4.2.jar:6.4.2]
	at org.springframework.security.web.servletapi.SecurityContextHolderAwareRequestFilter.doFilter(SecurityContextHolderAwareRequestFilter.java:179) ~[spring-security-web-6.4.2.jar:6.4.2]
	at org.springframework.security.web.FilterChainProxy$VirtualFilterChain.doFilter(FilterChainProxy.java:374) ~[spring-security-web-6.4.2.jar:6.4.2]
	at org.springframework.security.web.savedrequest.RequestCacheAwareFilter.doFilter(RequestCacheAwareFilter.java:63) ~[spring-security-web-6.4.2.jar:6.4.2]
	at org.springframework.security.web.FilterChainProxy$VirtualFilterChain.doFilter(FilterChainProxy.java:374) ~[spring-security-web-6.4.2.jar:6.4.2]
	at org.springframework.security.web.authentication.AbstractAuthenticationProcessingFilter.doFilter(AbstractAuthenticationProcessingFilter.java:227) ~[spring-security-web-6.4.2.jar:6.4.2]
	at org.springframework.security.web.authentication.AbstractAuthenticationProcessingFilter.doFilter(AbstractAuthenticationProcessingFilter.java:221) ~[spring-security-web-6.4.2.jar:6.4.2]
	at org.springframework.security.web.FilterChainProxy$VirtualFilterChain.doFilter(FilterChainProxy.java:374) ~[spring-security-web-6.4.2.jar:6.4.2]
	at org.springframework.security.web.authentication.logout.LogoutFilter.doFilter(LogoutFilter.java:107) ~[spring-security-web-6.4.2.jar:6.4.2]
	at org.springframework.security.web.authentication.logout.LogoutFilter.doFilter(LogoutFilter.java:93) ~[spring-security-web-6.4.2.jar:6.4.2]
	at org.springframework.security.web.FilterChainProxy$VirtualFilterChain.doFilter(FilterChainProxy.java:374) ~[spring-security-web-6.4.2.jar:6.4.2]
	at org.springframework.security.web.csrf.CsrfFilter.doFilterInternal(CsrfFilter.java:117) ~[spring-security-web-6.4.2.jar:6.4.2]
	at org.springframework.web.filter.OncePerRequestFilter.doFilter(OncePerRequestFilter.java:116) ~[spring-web-6.2.1.jar:6.2.1]
	at org.springframework.security.web.FilterChainProxy$VirtualFilterChain.doFilter(FilterChainProxy.java:374) ~[spring-security-web-6.4.2.jar:6.4.2]
	at org.springframework.security.web.header.HeaderWriterFilter.doHeadersAfter(HeaderWriterFilter.java:90) ~[spring-security-web-6.4.2.jar:6.4.2]
	at org.springframework.security.web.header.HeaderWriterFilter.doFilterInternal(HeaderWriterFilter.java:75) ~[spring-security-web-6.4.2.jar:6.4.2]
	at org.springframework.web.filter.OncePerRequestFilter.doFilter(OncePerRequestFilter.java:116) ~[spring-web-6.2.1.jar:6.2.1]
	at org.springframework.security.web.FilterChainProxy$VirtualFilterChain.doFilter(FilterChainProxy.java:374) ~[spring-security-web-6.4.2.jar:6.4.2]
	at org.springframework.security.web.context.SecurityContextHolderFilter.doFilter(SecurityContextHolderFilter.java:82) ~[spring-security-web-6.4.2.jar:6.4.2]
	at org.springframework.security.web.context.SecurityContextHolderFilter.doFilter(SecurityContextHolderFilter.java:69) ~[spring-security-web-6.4.2.jar:6.4.2]
	at org.springframework.security.web.FilterChainProxy$VirtualFilterChain.doFilter(FilterChainProxy.java:374) ~[spring-security-web-6.4.2.jar:6.4.2]
	at org.springframework.security.web.context.request.async.WebAsyncManagerIntegrationFilter.doFilterInternal(WebAsyncManagerIntegrationFilter.java:62) ~[spring-security-web-6.4.2.jar:6.4.2]
	at org.springframework.web.filter.OncePerRequestFilter.doFilter(OncePerRequestFilter.java:116) ~[spring-web-6.2.1.jar:6.2.1]
	at org.springframework.security.web.FilterChainProxy$VirtualFilterChain.doFilter(FilterChainProxy.java:374) ~[spring-security-web-6.4.2.jar:6.4.2]
	at org.springframework.security.web.session.DisableEncodeUrlFilter.doFilterInternal(DisableEncodeUrlFilter.java:42) ~[spring-security-web-6.4.2.jar:6.4.2]
	at org.springframework.web.filter.OncePerRequestFilter.doFilter(OncePerRequestFilter.java:116) ~[spring-web-6.2.1.jar:6.2.1]
	at org.springframework.security.web.FilterChainProxy$VirtualFilterChain.doFilter(FilterChainProxy.java:374) ~[spring-security-web-6.4.2.jar:6.4.2]
	at org.springframework.security.web.FilterChainProxy.doFilterInternal(FilterChainProxy.java:233) ~[spring-security-web-6.4.2.jar:6.4.2]
	at org.springframework.security.web.FilterChainProxy.doFilter(FilterChainProxy.java:191) ~[spring-security-web-6.4.2.jar:6.4.2]
	at org.springframework.web.filter.CompositeFilter$VirtualFilterChain.doFilter(CompositeFilter.java:113) ~[spring-web-6.2.1.jar:6.2.1]
	at org.springframework.web.servlet.handler.HandlerMappingIntrospector.lambda$createCacheFilter$3(HandlerMappingIntrospector.java:243) ~[spring-webmvc-6.2.1.jar:6.2.1]
	at org.springframework.web.filter.CompositeFilter$VirtualFilterChain.doFilter(CompositeFilter.java:113) [spring-web-6.2.1.jar:6.2.1]
	at org.springframework.web.filter.CompositeFilter.doFilter(CompositeFilter.java:74) [spring-web-6.2.1.jar:6.2.1]
	at org.springframework.security.config.annotation.web.configuration.WebMvcSecurityConfiguration$CompositeFilterChainProxy.doFilter(WebMvcSecurityConfiguration.java:238) [spring-security-config-6.4.2.jar:6.4.2]
	at org.springframework.web.filter.DelegatingFilterProxy.invokeDelegate(DelegatingFilterProxy.java:362) [spring-web-6.2.1.jar:6.2.1]
	at org.springframework.web.filter.DelegatingFilterProxy.doFilter(DelegatingFilterProxy.java:278) [spring-web-6.2.1.jar:6.2.1]
	at org.apache.catalina.core.ApplicationFilterChain.internalDoFilter(ApplicationFilterChain.java:164) [tomcat-embed-core-10.1.40.jar:10.1.40]
	at org.apache.catalina.core.ApplicationFilterChain.doFilter(ApplicationFilterChain.java:140) [tomcat-embed-core-10.1.40.jar:10.1.40]
	at org.springframework.web.filter.RequestContextFilter.doFilterInternal(RequestContextFilter.java:100) [spring-web-6.2.1.jar:6.2.1]
	at org.springframework.web.filter.OncePerRequestFilter.doFilter(OncePerRequestFilter.java:116) [spring-web-6.2.1.jar:6.2.1]
	at org.apache.catalina.core.ApplicationFilterChain.internalDoFilter(ApplicationFilterChain.java:164) [tomcat-embed-core-10.1.40.jar:10.1.40]
	at org.apache.catalina.core.ApplicationFilterChain.doFilter(ApplicationFilterChain.java:140) [tomcat-embed-core-10.1.40.jar:10.1.40]
	at org.springframework.web.filter.FormContentFilter.doFilterInternal(FormContentFilter.java:93) [spring-web-6.2.1.jar:6.2.1]
	at org.springframework.web.filter.OncePerRequestFilter.doFilter(OncePerRequestFilter.java:116) [spring-web-6.2.1.jar:6.2.1]
	at org.apache.catalina.core.ApplicationFilterChain.internalDoFilter(ApplicationFilterChain.java:164) [tomcat-embed-core-10.1.40.jar:10.1.40]
	at org.apache.catalina.core.ApplicationFilterChain.doFilter(ApplicationFilterChain.java:140) [tomcat-embed-core-10.1.40.jar:10.1.40]
	at org.springframework.web.filter.CharacterEncodingFilter.doFilterInternal(CharacterEncodingFilter.java:201) [spring-web-6.2.1.jar:6.2.1]
	at org.springframework.web.filter.OncePerRequestFilter.doFilter(OncePerRequestFilter.java:116) [spring-web-6.2.1.jar:6.2.1]
	at org.apache.catalina.core.ApplicationFilterChain.internalDoFilter(ApplicationFilterChain.java:164) [tomcat-embed-core-10.1.40.jar:10.1.40]
	at org.apache.catalina.core.ApplicationFilterChain.doFilter(ApplicationFilterChain.java:140) [tomcat-embed-core-10.1.40.jar:10.1.40]
	at org.apache.catalina.core.StandardWrapperValve.invoke(StandardWrapperValve.java:167) [tomcat-embed-core-10.1.40.jar:10.1.40]
	at org.apache.catalina.core.StandardContextValve.invoke(StandardContextValve.java:90) [tomcat-embed-core-10.1.40.jar:10.1.40]
	at org.apache.catalina.authenticator.AuthenticatorBase.invoke(AuthenticatorBase.java:483) [tomcat-embed-core-10.1.40.jar:10.1.40]
	at org.apache.catalina.core.StandardHostValve.invoke(StandardHostValve.java:116) [tomcat-embed-core-10.1.40.jar:10.1.40]
	at org.apache.catalina.valves.ErrorReportValve.invoke(ErrorReportValve.java:93) [tomcat-embed-core-10.1.40.jar:10.1.40]
	at org.apache.catalina.core.StandardEngineValve.invoke(StandardEngineValve.java:74) [tomcat-embed-core-10.1.40.jar:10.1.40]
	at org.apache.catalina.connector.CoyoteAdapter.service(CoyoteAdapter.java:344) [tomcat-embed-core-10.1.40.jar:10.1.40]
	at org.apache.coyote.http11.Http11Processor.service(Http11Processor.java:398) [tomcat-embed-core-10.1.40.jar:10.1.40]
	at org.apache.coyote.AbstractProcessorLight.process(AbstractProcessorLight.java:63) [tomcat-embed-core-10.1.40.jar:10.1.40]
	at org.apache.coyote.AbstractProtocol$ConnectionHandler.process(AbstractProtocol.java:903) [tomcat-embed-core-10.1.40.jar:10.1.40]
	at org.apache.tomcat.util.net.NioEndpoint$SocketProcessor.doRun(NioEndpoint.java:1740) [tomcat-embed-core-10.1.40.jar:10.1.40]
	at org.apache.tomcat.util.net.SocketProcessorBase.run(SocketProcessorBase.java:52) [tomcat-embed-core-10.1.40.jar:10.1.40]
	at org.apache.tomcat.util.threads.ThreadPoolExecutor.runWorker(ThreadPoolExecutor.java:1189) [tomcat-embed-core-10.1.40.jar:10.1.40]
	at org.apache.tomcat.util.threads.ThreadPoolExecutor$Worker.run(ThreadPoolExecutor.java:658) [tomcat-embed-core-10.1.40.jar:10.1.40]
	at org.apache.tomcat.util.threads.TaskThread$WrappingRunnable.run(TaskThread.java:63) [tomcat-embed-core-10.1.40.jar:10.1.40]
	at java.base/java.lang.Thread.run(Thread.java:833) [?:?]
Caused by: org.attoparser.ParseException: Exception evaluating SpringEL expression: "product.id" (template: "customer/create" - line 89, col 73)
	at org.attoparser.MarkupParser.parseDocument(MarkupParser.java:393) ~[attoparser-2.0.7.RELEASE.jar:2.0.7.RELEASE]
	at org.attoparser.MarkupParser.parse(MarkupParser.java:257) ~[attoparser-2.0.7.RELEASE.jar:2.0.7.RELEASE]
	at org.thymeleaf.templateparser.markup.AbstractMarkupTemplateParser.parse(AbstractMarkupTemplateParser.java:230) ~[thymeleaf-3.1.3.RELEASE.jar:3.1.3.RELEASE]
	... 98 more
Caused by: org.thymeleaf.exceptions.TemplateProcessingException: Exception evaluating SpringEL expression: "product.id" (template: "customer/create" - line 89, col 73)
	at org.thymeleaf.spring6.expression.SPELVariableExpressionEvaluator.evaluate(SPELVariableExpressionEvaluator.java:292) ~[thymeleaf-spring6-3.1.3.RELEASE.jar:3.1.3.RELEASE]
	at org.thymeleaf.standard.expression.VariableExpression.executeVariableExpression(VariableExpression.java:166) ~[thymeleaf-3.1.3.RELEASE.jar:3.1.3.RELEASE]
	at org.thymeleaf.standard.expression.SimpleExpression.executeSimple(SimpleExpression.java:66) ~[thymeleaf-3.1.3.RELEASE.jar:3.1.3.RELEASE]
	at org.thymeleaf.standard.expression.Expression.execute(Expression.java:109) ~[thymeleaf-3.1.3.RELEASE.jar:3.1.3.RELEASE]
	at org.thymeleaf.standard.expression.Expression.execute(Expression.java:138) ~[thymeleaf-3.1.3.RELEASE.jar:3.1.3.RELEASE]
	at org.thymeleaf.standard.expression.Expression.execute(Expression.java:125) ~[thymeleaf-3.1.3.RELEASE.jar:3.1.3.RELEASE]
	at org.thymeleaf.standard.inline.AbstractStandardInliner.processExpression(AbstractStandardInliner.java:528) ~[thymeleaf-3.1.3.RELEASE.jar:3.1.3.RELEASE]
	at org.thymeleaf.standard.inline.AbstractStandardInliner.performInlining(AbstractStandardInliner.java:389) ~[thymeleaf-3.1.3.RELEASE.jar:3.1.3.RELEASE]
	at org.thymeleaf.standard.inline.AbstractStandardInliner.inline(AbstractStandardInliner.java:283) ~[thymeleaf-3.1.3.RELEASE.jar:3.1.3.RELEASE]
	at org.thymeleaf.standard.processor.StandardInliningCommentProcessor.doProcess(StandardInliningCommentProcessor.java:55) ~[thymeleaf-3.1.3.RELEASE.jar:3.1.3.RELEASE]
	at org.thymeleaf.processor.comment.AbstractCommentProcessor.process(AbstractCommentProcessor.java:57) ~[thymeleaf-3.1.3.RELEASE.jar:3.1.3.RELEASE]
	at org.thymeleaf.util.ProcessorConfigurationUtils$CommentProcessorWrapper.process(ProcessorConfigurationUtils.java:681) ~[thymeleaf-3.1.3.RELEASE.jar:3.1.3.RELEASE]
	at org.thymeleaf.engine.ProcessorTemplateHandler.handleComment(ProcessorTemplateHandler.java:665) ~[thymeleaf-3.1.3.RELEASE.jar:3.1.3.RELEASE]
	at org.thymeleaf.engine.TemplateHandlerAdapterMarkupHandler.handleComment(TemplateHandlerAdapterMarkupHandler.java:205) ~[thymeleaf-3.1.3.RELEASE.jar:3.1.3.RELEASE]
	at org.attoparser.AbstractChainedMarkupHandler.handleComment(AbstractChainedMarkupHandler.java:193) ~[attoparser-2.0.7.RELEASE.jar:2.0.7.RELEASE]
	at org.attoparser.HtmlMarkupHandler.handleComment(HtmlMarkupHandler.java:195) ~[attoparser-2.0.7.RELEASE.jar:2.0.7.RELEASE]
	at org.attoparser.AbstractChainedMarkupHandler.handleComment(AbstractChainedMarkupHandler.java:193) ~[attoparser-2.0.7.RELEASE.jar:2.0.7.RELEASE]
	at org.attoparser.ParsingCommentMarkupUtil.parseComment(ParsingCommentMarkupUtil.java:54) ~[attoparser-2.0.7.RELEASE.jar:2.0.7.RELEASE]
	at org.attoparser.MarkupParser.parseBuffer(MarkupParser.java:753) ~[attoparser-2.0.7.RELEASE.jar:2.0.7.RELEASE]
	at org.attoparser.MarkupParser.parseDocument(MarkupParser.java:301) ~[attoparser-2.0.7.RELEASE.jar:2.0.7.RELEASE]
	at org.attoparser.MarkupParser.parse(MarkupParser.java:257) ~[attoparser-2.0.7.RELEASE.jar:2.0.7.RELEASE]
	at org.thymeleaf.templateparser.markup.AbstractMarkupTemplateParser.parse(AbstractMarkupTemplateParser.java:230) ~[thymeleaf-3.1.3.RELEASE.jar:3.1.3.RELEASE]
	... 98 more
Caused by: org.springframework.expression.spel.SpelEvaluationException: EL1007E: Property or field 'id' cannot be found on null
	at org.springframework.expression.spel.ast.PropertyOrFieldReference.readProperty(PropertyOrFieldReference.java:225) ~[spring-expression-6.2.1.jar:6.2.1]
	at org.springframework.expression.spel.ast.PropertyOrFieldReference.getValueInternal(PropertyOrFieldReference.java:112) ~[spring-expression-6.2.1.jar:6.2.1]
	at org.springframework.expression.spel.ast.PropertyOrFieldReference$AccessorValueRef.getValue(PropertyOrFieldReference.java:376) ~[spring-expression-6.2.1.jar:6.2.1]
	at org.springframework.expression.spel.ast.CompoundExpression.getValueInternal(CompoundExpression.java:97) ~[spring-expression-6.2.1.jar:6.2.1]
	at org.springframework.expression.spel.ast.SpelNodeImpl.getValue(SpelNodeImpl.java:116) ~[spring-expression-6.2.1.jar:6.2.1]
	at org.springframework.expression.spel.standard.SpelExpression.getValue(SpelExpression.java:338) ~[spring-expression-6.2.1.jar:6.2.1]
	at org.thymeleaf.spring6.expression.SPELVariableExpressionEvaluator.evaluate(SPELVariableExpressionEvaluator.java:265) ~[thymeleaf-spring6-3.1.3.RELEASE.jar:3.1.3.RELEASE]
	at org.thymeleaf.standard.expression.VariableExpression.executeVariableExpression(VariableExpression.java:166) ~[thymeleaf-3.1.3.RELEASE.jar:3.1.3.RELEASE]
	at org.thymeleaf.standard.expression.SimpleExpression.executeSimple(SimpleExpression.java:66) ~[thymeleaf-3.1.3.RELEASE.jar:3.1.3.RELEASE]
	at org.thymeleaf.standard.expression.Expression.execute(Expression.java:109) ~[thymeleaf-3.1.3.RELEASE.jar:3.1.3.RELEASE]
	at org.thymeleaf.standard.expression.Expression.execute(Expression.java:138) ~[thymeleaf-3.1.3.RELEASE.jar:3.1.3.RELEASE]
	at org.thymeleaf.standard.expression.Expression.execute(Expression.java:125) ~[thymeleaf-3.1.3.RELEASE.jar:3.1.3.RELEASE]
	at org.thymeleaf.standard.inline.AbstractStandardInliner.processExpression(AbstractStandardInliner.java:528) ~[thymeleaf-3.1.3.RELEASE.jar:3.1.3.RELEASE]
	at org.thymeleaf.standard.inline.AbstractStandardInliner.performInlining(AbstractStandardInliner.java:389) ~[thymeleaf-3.1.3.RELEASE.jar:3.1.3.RELEASE]
	at org.thymeleaf.standard.inline.AbstractStandardInliner.inline(AbstractStandardInliner.java:283) ~[thymeleaf-3.1.3.RELEASE.jar:3.1.3.RELEASE]
	at org.thymeleaf.standard.processor.StandardInliningCommentProcessor.doProcess(StandardInliningCommentProcessor.java:55) ~[thymeleaf-3.1.3.RELEASE.jar:3.1.3.RELEASE]
	at org.thymeleaf.processor.comment.AbstractCommentProcessor.process(AbstractCommentProcessor.java:57) ~[thymeleaf-3.1.3.RELEASE.jar:3.1.3.RELEASE]
	at org.thymeleaf.util.ProcessorConfigurationUtils$CommentProcessorWrapper.process(ProcessorConfigurationUtils.java:681) ~[thymeleaf-3.1.3.RELEASE.jar:3.1.3.RELEASE]
	at org.thymeleaf.engine.ProcessorTemplateHandler.handleComment(ProcessorTemplateHandler.java:665) ~[thymeleaf-3.1.3.RELEASE.jar:3.1.3.RELEASE]
	at org.thymeleaf.engine.TemplateHandlerAdapterMarkupHandler.handleComment(TemplateHandlerAdapterMarkupHandler.java:205) ~[thymeleaf-3.1.3.RELEASE.jar:3.1.3.RELEASE]
	at org.attoparser.AbstractChainedMarkupHandler.handleComment(AbstractChainedMarkupHandler.java:193) ~[attoparser-2.0.7.RELEASE.jar:2.0.7.RELEASE]
	at org.attoparser.HtmlMarkupHandler.handleComment(HtmlMarkupHandler.java:195) ~[attoparser-2.0.7.RELEASE.jar:2.0.7.RELEASE]
	at org.attoparser.AbstractChainedMarkupHandler.handleComment(AbstractChainedMarkupHandler.java:193) ~[attoparser-2.0.7.RELEASE.jar:2.0.7.RELEASE]
	at org.attoparser.ParsingCommentMarkupUtil.parseComment(ParsingCommentMarkupUtil.java:54) ~[attoparser-2.0.7.RELEASE.jar:2.0.7.RELEASE]
	at org.attoparser.MarkupParser.parseBuffer(MarkupParser.java:753) ~[attoparser-2.0.7.RELEASE.jar:2.0.7.RELEASE]
	at org.attoparser.MarkupParser.parseDocument(MarkupParser.java:301) ~[attoparser-2.0.7.RELEASE.jar:2.0.7.RELEASE]
	at org.attoparser.MarkupParser.parse(MarkupParser.java:257) ~[attoparser-2.0.7.RELEASE.jar:2.0.7.RELEASE]
	at org.thymeleaf.templateparser.markup.AbstractMarkupTemplateParser.parse(AbstractMarkupTemplateParser.java:230) ~[thymeleaf-3.1.3.RELEASE.jar:3.1.3.RELEASE]
	... 98 more
2025-05-04 20:03:31 [] ERROR org.apache.catalina.core.ContainerBase.[Tomcat].[localhost].[/tailor-master].[dispatcherServlet] - Servlet.service() for servlet [dispatcherServlet] in context with path [/tailor-master] threw exception [Request processing failed: org.thymeleaf.exceptions.TemplateInputException: An error happened during template parsing (template: "class path resource [templates/customer/create.html]")] with root cause
org.springframework.expression.spel.SpelEvaluationException: EL1007E: Property or field 'id' cannot be found on null
	at org.springframework.expression.spel.ast.PropertyOrFieldReference.readProperty(PropertyOrFieldReference.java:225) ~[spring-expression-6.2.1.jar:6.2.1]
	at org.springframework.expression.spel.ast.PropertyOrFieldReference.getValueInternal(PropertyOrFieldReference.java:112) ~[spring-expression-6.2.1.jar:6.2.1]
	at org.springframework.expression.spel.ast.PropertyOrFieldReference$AccessorValueRef.getValue(PropertyOrFieldReference.java:376) ~[spring-expression-6.2.1.jar:6.2.1]
	at org.springframework.expression.spel.ast.CompoundExpression.getValueInternal(CompoundExpression.java:97) ~[spring-expression-6.2.1.jar:6.2.1]
	at org.springframework.expression.spel.ast.SpelNodeImpl.getValue(SpelNodeImpl.java:116) ~[spring-expression-6.2.1.jar:6.2.1]
	at org.springframework.expression.spel.standard.SpelExpression.getValue(SpelExpression.java:338) ~[spring-expression-6.2.1.jar:6.2.1]
	at org.thymeleaf.spring6.expression.SPELVariableExpressionEvaluator.evaluate(SPELVariableExpressionEvaluator.java:265) ~[thymeleaf-spring6-3.1.3.RELEASE.jar:3.1.3.RELEASE]
	at org.thymeleaf.standard.expression.VariableExpression.executeVariableExpression(VariableExpression.java:166) ~[thymeleaf-3.1.3.RELEASE.jar:3.1.3.RELEASE]
	at org.thymeleaf.standard.expression.SimpleExpression.executeSimple(SimpleExpression.java:66) ~[thymeleaf-3.1.3.RELEASE.jar:3.1.3.RELEASE]
	at org.thymeleaf.standard.expression.Expression.execute(Expression.java:109) ~[thymeleaf-3.1.3.RELEASE.jar:3.1.3.RELEASE]
	at org.thymeleaf.standard.expression.Expression.execute(Expression.java:138) ~[thymeleaf-3.1.3.RELEASE.jar:3.1.3.RELEASE]
	at org.thymeleaf.standard.expression.Expression.execute(Expression.java:125) ~[thymeleaf-3.1.3.RELEASE.jar:3.1.3.RELEASE]
	at org.thymeleaf.standard.inline.AbstractStandardInliner.processExpression(AbstractStandardInliner.java:528) ~[thymeleaf-3.1.3.RELEASE.jar:3.1.3.RELEASE]
	at org.thymeleaf.standard.inline.AbstractStandardInliner.performInlining(AbstractStandardInliner.java:389) ~[thymeleaf-3.1.3.RELEASE.jar:3.1.3.RELEASE]
	at org.thymeleaf.standard.inline.AbstractStandardInliner.inline(AbstractStandardInliner.java:283) ~[thymeleaf-3.1.3.RELEASE.jar:3.1.3.RELEASE]
	at org.thymeleaf.standard.processor.StandardInliningCommentProcessor.doProcess(StandardInliningCommentProcessor.java:55) ~[thymeleaf-3.1.3.RELEASE.jar:3.1.3.RELEASE]
	at org.thymeleaf.processor.comment.AbstractCommentProcessor.process(AbstractCommentProcessor.java:57) ~[thymeleaf-3.1.3.RELEASE.jar:3.1.3.RELEASE]
	at org.thymeleaf.util.ProcessorConfigurationUtils$CommentProcessorWrapper.process(ProcessorConfigurationUtils.java:681) ~[thymeleaf-3.1.3.RELEASE.jar:3.1.3.RELEASE]
	at org.thymeleaf.engine.ProcessorTemplateHandler.handleComment(ProcessorTemplateHandler.java:665) ~[thymeleaf-3.1.3.RELEASE.jar:3.1.3.RELEASE]
	at org.thymeleaf.engine.TemplateHandlerAdapterMarkupHandler.handleComment(TemplateHandlerAdapterMarkupHandler.java:205) ~[thymeleaf-3.1.3.RELEASE.jar:3.1.3.RELEASE]
	at org.attoparser.AbstractChainedMarkupHandler.handleComment(AbstractChainedMarkupHandler.java:193) ~[attoparser-2.0.7.RELEASE.jar:2.0.7.RELEASE]
	at org.attoparser.HtmlMarkupHandler.handleComment(HtmlMarkupHandler.java:195) ~[attoparser-2.0.7.RELEASE.jar:2.0.7.RELEASE]
	at org.attoparser.AbstractChainedMarkupHandler.handleComment(AbstractChainedMarkupHandler.java:193) ~[attoparser-2.0.7.RELEASE.jar:2.0.7.RELEASE]
	at org.attoparser.ParsingCommentMarkupUtil.parseComment(ParsingCommentMarkupUtil.java:54) ~[attoparser-2.0.7.RELEASE.jar:2.0.7.RELEASE]
	at org.attoparser.MarkupParser.parseBuffer(MarkupParser.java:753) ~[attoparser-2.0.7.RELEASE.jar:2.0.7.RELEASE]
	at org.attoparser.MarkupParser.parseDocument(MarkupParser.java:301) ~[attoparser-2.0.7.RELEASE.jar:2.0.7.RELEASE]
	at org.attoparser.MarkupParser.parse(MarkupParser.java:257) ~[attoparser-2.0.7.RELEASE.jar:2.0.7.RELEASE]
	at org.thymeleaf.templateparser.markup.AbstractMarkupTemplateParser.parse(AbstractMarkupTemplateParser.java:230) ~[thymeleaf-3.1.3.RELEASE.jar:3.1.3.RELEASE]
	at org.thymeleaf.templateparser.markup.AbstractMarkupTemplateParser.parseStandalone(AbstractMarkupTemplateParser.java:100) ~[thymeleaf-3.1.3.RELEASE.jar:3.1.3.RELEASE]
	at org.thymeleaf.engine.TemplateManager.parseAndProcess(TemplateManager.java:666) ~[thymeleaf-3.1.3.RELEASE.jar:3.1.3.RELEASE]
	at org.thymeleaf.TemplateEngine.process(TemplateEngine.java:1103) ~[thymeleaf-3.1.3.RELEASE.jar:3.1.3.RELEASE]
	at org.thymeleaf.TemplateEngine.process(TemplateEngine.java:1077) ~[thymeleaf-3.1.3.RELEASE.jar:3.1.3.RELEASE]
	at org.thymeleaf.spring6.view.ThymeleafView.renderFragment(ThymeleafView.java:372) ~[thymeleaf-spring6-3.1.3.RELEASE.jar:3.1.3.RELEASE]
	at org.thymeleaf.spring6.view.ThymeleafView.render(ThymeleafView.java:192) ~[thymeleaf-spring6-3.1.3.RELEASE.jar:3.1.3.RELEASE]
	at org.springframework.web.servlet.DispatcherServlet.render(DispatcherServlet.java:1435) ~[spring-webmvc-6.2.1.jar:6.2.1]
	at org.springframework.web.servlet.DispatcherServlet.processDispatchResult(DispatcherServlet.java:1167) ~[spring-webmvc-6.2.1.jar:6.2.1]
	at org.springframework.web.servlet.DispatcherServlet.doDispatch(DispatcherServlet.java:1105) ~[spring-webmvc-6.2.1.jar:6.2.1]
	at org.springframework.web.servlet.DispatcherServlet.doService(DispatcherServlet.java:978) ~[spring-webmvc-6.2.1.jar:6.2.1]
	at org.springframework.web.servlet.FrameworkServlet.processRequest(FrameworkServlet.java:1014) ~[spring-webmvc-6.2.1.jar:6.2.1]
	at org.springframework.web.servlet.FrameworkServlet.doGet(FrameworkServlet.java:903) ~[spring-webmvc-6.2.1.jar:6.2.1]
	at jakarta.servlet.http.HttpServlet.service(HttpServlet.java:564) ~[tomcat-embed-core-10.1.40.jar:6.0]
	at org.springframework.web.servlet.FrameworkServlet.service(FrameworkServlet.java:885) ~[spring-webmvc-6.2.1.jar:6.2.1]
	at jakarta.servlet.http.HttpServlet.service(HttpServlet.java:658) ~[tomcat-embed-core-10.1.40.jar:6.0]
	at org.apache.catalina.core.ApplicationFilterChain.internalDoFilter(ApplicationFilterChain.java:195) ~[tomcat-embed-core-10.1.40.jar:10.1.40]
	at org.apache.catalina.core.ApplicationFilterChain.doFilter(ApplicationFilterChain.java:140) ~[tomcat-embed-core-10.1.40.jar:10.1.40]
	at org.apache.tomcat.websocket.server.WsFilter.doFilter(WsFilter.java:51) ~[tomcat-embed-websocket-10.1.40.jar:10.1.40]
	at org.apache.catalina.core.ApplicationFilterChain.internalDoFilter(ApplicationFilterChain.java:164) ~[tomcat-embed-core-10.1.40.jar:10.1.40]
	at org.apache.catalina.core.ApplicationFilterChain.doFilter(ApplicationFilterChain.java:140) ~[tomcat-embed-core-10.1.40.jar:10.1.40]
	at com.example.tailormaster.filter.LoggingMDCFilter.doFilter(LoggingMDCFilter.java:30) ~[classes/:?]
	at org.apache.catalina.core.ApplicationFilterChain.internalDoFilter(ApplicationFilterChain.java:164) ~[tomcat-embed-core-10.1.40.jar:10.1.40]
	at org.apache.catalina.core.ApplicationFilterChain.doFilter(ApplicationFilterChain.java:140) ~[tomcat-embed-core-10.1.40.jar:10.1.40]
	at org.springframework.web.filter.CompositeFilter$VirtualFilterChain.doFilter(CompositeFilter.java:108) ~[spring-web-6.2.1.jar:6.2.1]
	at org.springframework.security.web.FilterChainProxy.lambda$doFilterInternal$3(FilterChainProxy.java:231) ~[spring-security-web-6.4.2.jar:6.4.2]
	at org.springframework.security.web.FilterChainProxy$VirtualFilterChain.doFilter(FilterChainProxy.java:365) ~[spring-security-web-6.4.2.jar:6.4.2]
	at org.springframework.security.web.access.intercept.AuthorizationFilter.doFilter(AuthorizationFilter.java:101) ~[spring-security-web-6.4.2.jar:6.4.2]
	at org.springframework.security.web.FilterChainProxy$VirtualFilterChain.doFilter(FilterChainProxy.java:374) ~[spring-security-web-6.4.2.jar:6.4.2]
	at org.springframework.security.web.access.ExceptionTranslationFilter.doFilter(ExceptionTranslationFilter.java:126) ~[spring-security-web-6.4.2.jar:6.4.2]
	at org.springframework.security.web.access.ExceptionTranslationFilter.doFilter(ExceptionTranslationFilter.java:120) ~[spring-security-web-6.4.2.jar:6.4.2]
	at org.springframework.security.web.FilterChainProxy$VirtualFilterChain.doFilter(FilterChainProxy.java:374) ~[spring-security-web-6.4.2.jar:6.4.2]
	at org.springframework.security.web.authentication.AnonymousAuthenticationFilter.doFilter(AnonymousAuthenticationFilter.java:100) ~[spring-security-web-6.4.2.jar:6.4.2]
	at org.springframework.security.web.FilterChainProxy$VirtualFilterChain.doFilter(FilterChainProxy.java:374) ~[spring-security-web-6.4.2.jar:6.4.2]
	at org.springframework.security.web.servletapi.SecurityContextHolderAwareRequestFilter.doFilter(SecurityContextHolderAwareRequestFilter.java:179) ~[spring-security-web-6.4.2.jar:6.4.2]
	at org.springframework.security.web.FilterChainProxy$VirtualFilterChain.doFilter(FilterChainProxy.java:374) ~[spring-security-web-6.4.2.jar:6.4.2]
	at org.springframework.security.web.savedrequest.RequestCacheAwareFilter.doFilter(RequestCacheAwareFilter.java:63) ~[spring-security-web-6.4.2.jar:6.4.2]
	at org.springframework.security.web.FilterChainProxy$VirtualFilterChain.doFilter(FilterChainProxy.java:374) ~[spring-security-web-6.4.2.jar:6.4.2]
	at org.springframework.security.web.authentication.AbstractAuthenticationProcessingFilter.doFilter(AbstractAuthenticationProcessingFilter.java:227) ~[spring-security-web-6.4.2.jar:6.4.2]
	at org.springframework.security.web.authentication.AbstractAuthenticationProcessingFilter.doFilter(AbstractAuthenticationProcessingFilter.java:221) ~[spring-security-web-6.4.2.jar:6.4.2]
	at org.springframework.security.web.FilterChainProxy$VirtualFilterChain.doFilter(FilterChainProxy.java:374) ~[spring-security-web-6.4.2.jar:6.4.2]
	at org.springframework.security.web.authentication.logout.LogoutFilter.doFilter(LogoutFilter.java:107) ~[spring-security-web-6.4.2.jar:6.4.2]
	at org.springframework.security.web.authentication.logout.LogoutFilter.doFilter(LogoutFilter.java:93) ~[spring-security-web-6.4.2.jar:6.4.2]
	at org.springframework.security.web.FilterChainProxy$VirtualFilterChain.doFilter(FilterChainProxy.java:374) ~[spring-security-web-6.4.2.jar:6.4.2]
	at org.springframework.security.web.csrf.CsrfFilter.doFilterInternal(CsrfFilter.java:117) ~[spring-security-web-6.4.2.jar:6.4.2]
	at org.springframework.web.filter.OncePerRequestFilter.doFilter(OncePerRequestFilter.java:116) ~[spring-web-6.2.1.jar:6.2.1]
	at org.springframework.security.web.FilterChainProxy$VirtualFilterChain.doFilter(FilterChainProxy.java:374) ~[spring-security-web-6.4.2.jar:6.4.2]
	at org.springframework.security.web.header.HeaderWriterFilter.doHeadersAfter(HeaderWriterFilter.java:90) ~[spring-security-web-6.4.2.jar:6.4.2]
	at org.springframework.security.web.header.HeaderWriterFilter.doFilterInternal(HeaderWriterFilter.java:75) ~[spring-security-web-6.4.2.jar:6.4.2]
	at org.springframework.web.filter.OncePerRequestFilter.doFilter(OncePerRequestFilter.java:116) ~[spring-web-6.2.1.jar:6.2.1]
	at org.springframework.security.web.FilterChainProxy$VirtualFilterChain.doFilter(FilterChainProxy.java:374) ~[spring-security-web-6.4.2.jar:6.4.2]
	at org.springframework.security.web.context.SecurityContextHolderFilter.doFilter(SecurityContextHolderFilter.java:82) ~[spring-security-web-6.4.2.jar:6.4.2]
	at org.springframework.security.web.context.SecurityContextHolderFilter.doFilter(SecurityContextHolderFilter.java:69) ~[spring-security-web-6.4.2.jar:6.4.2]
	at org.springframework.security.web.FilterChainProxy$VirtualFilterChain.doFilter(FilterChainProxy.java:374) ~[spring-security-web-6.4.2.jar:6.4.2]
	at org.springframework.security.web.context.request.async.WebAsyncManagerIntegrationFilter.doFilterInternal(WebAsyncManagerIntegrationFilter.java:62) ~[spring-security-web-6.4.2.jar:6.4.2]
	at org.springframework.web.filter.OncePerRequestFilter.doFilter(OncePerRequestFilter.java:116) ~[spring-web-6.2.1.jar:6.2.1]
	at org.springframework.security.web.FilterChainProxy$VirtualFilterChain.doFilter(FilterChainProxy.java:374) ~[spring-security-web-6.4.2.jar:6.4.2]
	at org.springframework.security.web.session.DisableEncodeUrlFilter.doFilterInternal(DisableEncodeUrlFilter.java:42) ~[spring-security-web-6.4.2.jar:6.4.2]
	at org.springframework.web.filter.OncePerRequestFilter.doFilter(OncePerRequestFilter.java:116) ~[spring-web-6.2.1.jar:6.2.1]
	at org.springframework.security.web.FilterChainProxy$VirtualFilterChain.doFilter(FilterChainProxy.java:374) ~[spring-security-web-6.4.2.jar:6.4.2]
	at org.springframework.security.web.FilterChainProxy.doFilterInternal(FilterChainProxy.java:233) ~[spring-security-web-6.4.2.jar:6.4.2]
	at org.springframework.security.web.FilterChainProxy.doFilter(FilterChainProxy.java:191) ~[spring-security-web-6.4.2.jar:6.4.2]
	at org.springframework.web.filter.CompositeFilter$VirtualFilterChain.doFilter(CompositeFilter.java:113) ~[spring-web-6.2.1.jar:6.2.1]
	at org.springframework.web.servlet.handler.HandlerMappingIntrospector.lambda$createCacheFilter$3(HandlerMappingIntrospector.java:243) ~[spring-webmvc-6.2.1.jar:6.2.1]
	at org.springframework.web.filter.CompositeFilter$VirtualFilterChain.doFilter(CompositeFilter.java:113) ~[spring-web-6.2.1.jar:6.2.1]
	at org.springframework.web.filter.CompositeFilter.doFilter(CompositeFilter.java:74) ~[spring-web-6.2.1.jar:6.2.1]
	at org.springframework.security.config.annotation.web.configuration.WebMvcSecurityConfiguration$CompositeFilterChainProxy.doFilter(WebMvcSecurityConfiguration.java:238) ~[spring-security-config-6.4.2.jar:6.4.2]
	at org.springframework.web.filter.DelegatingFilterProxy.invokeDelegate(DelegatingFilterProxy.java:362) ~[spring-web-6.2.1.jar:6.2.1]
	at org.springframework.web.filter.DelegatingFilterProxy.doFilter(DelegatingFilterProxy.java:278) ~[spring-web-6.2.1.jar:6.2.1]
	at org.apache.catalina.core.ApplicationFilterChain.internalDoFilter(ApplicationFilterChain.java:164) ~[tomcat-embed-core-10.1.40.jar:10.1.40]
	at org.apache.catalina.core.ApplicationFilterChain.doFilter(ApplicationFilterChain.java:140) ~[tomcat-embed-core-10.1.40.jar:10.1.40]
	at org.springframework.web.filter.RequestContextFilter.doFilterInternal(RequestContextFilter.java:100) ~[spring-web-6.2.1.jar:6.2.1]
	at org.springframework.web.filter.OncePerRequestFilter.doFilter(OncePerRequestFilter.java:116) ~[spring-web-6.2.1.jar:6.2.1]
	at org.apache.catalina.core.ApplicationFilterChain.internalDoFilter(ApplicationFilterChain.java:164) ~[tomcat-embed-core-10.1.40.jar:10.1.40]
	at org.apache.catalina.core.ApplicationFilterChain.doFilter(ApplicationFilterChain.java:140) ~[tomcat-embed-core-10.1.40.jar:10.1.40]
	at org.springframework.web.filter.FormContentFilter.doFilterInternal(FormContentFilter.java:93) ~[spring-web-6.2.1.jar:6.2.1]
	at org.springframework.web.filter.OncePerRequestFilter.doFilter(OncePerRequestFilter.java:116) ~[spring-web-6.2.1.jar:6.2.1]
	at org.apache.catalina.core.ApplicationFilterChain.internalDoFilter(ApplicationFilterChain.java:164) ~[tomcat-embed-core-10.1.40.jar:10.1.40]
	at org.apache.catalina.core.ApplicationFilterChain.doFilter(ApplicationFilterChain.java:140) ~[tomcat-embed-core-10.1.40.jar:10.1.40]
	at org.springframework.web.filter.CharacterEncodingFilter.doFilterInternal(CharacterEncodingFilter.java:201) ~[spring-web-6.2.1.jar:6.2.1]
	at org.springframework.web.filter.OncePerRequestFilter.doFilter(OncePerRequestFilter.java:116) ~[spring-web-6.2.1.jar:6.2.1]
	at org.apache.catalina.core.ApplicationFilterChain.internalDoFilter(ApplicationFilterChain.java:164) ~[tomcat-embed-core-10.1.40.jar:10.1.40]
	at org.apache.catalina.core.ApplicationFilterChain.doFilter(ApplicationFilterChain.java:140) ~[tomcat-embed-core-10.1.40.jar:10.1.40]
	at org.apache.catalina.core.StandardWrapperValve.invoke(StandardWrapperValve.java:167) [tomcat-embed-core-10.1.40.jar:10.1.40]
	at org.apache.catalina.core.StandardContextValve.invoke(StandardContextValve.java:90) [tomcat-embed-core-10.1.40.jar:10.1.40]
	at org.apache.catalina.authenticator.AuthenticatorBase.invoke(AuthenticatorBase.java:483) [tomcat-embed-core-10.1.40.jar:10.1.40]
	at org.apache.catalina.core.StandardHostValve.invoke(StandardHostValve.java:116) [tomcat-embed-core-10.1.40.jar:10.1.40]
	at org.apache.catalina.valves.ErrorReportValve.invoke(ErrorReportValve.java:93) [tomcat-embed-core-10.1.40.jar:10.1.40]
	at org.apache.catalina.core.StandardEngineValve.invoke(StandardEngineValve.java:74) [tomcat-embed-core-10.1.40.jar:10.1.40]
	at org.apache.catalina.connector.CoyoteAdapter.service(CoyoteAdapter.java:344) [tomcat-embed-core-10.1.40.jar:10.1.40]
	at org.apache.coyote.http11.Http11Processor.service(Http11Processor.java:398) [tomcat-embed-core-10.1.40.jar:10.1.40]
	at org.apache.coyote.AbstractProcessorLight.process(AbstractProcessorLight.java:63) [tomcat-embed-core-10.1.40.jar:10.1.40]
	at org.apache.coyote.AbstractProtocol$ConnectionHandler.process(AbstractProtocol.java:903) [tomcat-embed-core-10.1.40.jar:10.1.40]
	at org.apache.tomcat.util.net.NioEndpoint$SocketProcessor.doRun(NioEndpoint.java:1740) [tomcat-embed-core-10.1.40.jar:10.1.40]
	at org.apache.tomcat.util.net.SocketProcessorBase.run(SocketProcessorBase.java:52) [tomcat-embed-core-10.1.40.jar:10.1.40]
	at org.apache.tomcat.util.threads.ThreadPoolExecutor.runWorker(ThreadPoolExecutor.java:1189) [tomcat-embed-core-10.1.40.jar:10.1.40]
	at org.apache.tomcat.util.threads.ThreadPoolExecutor$Worker.run(ThreadPoolExecutor.java:658) [tomcat-embed-core-10.1.40.jar:10.1.40]
	at org.apache.tomcat.util.threads.TaskThread$WrappingRunnable.run(TaskThread.java:63) [tomcat-embed-core-10.1.40.jar:10.1.40]
	at java.base/java.lang.Thread.run(Thread.java:833) [?:?]
2025-05-04 20:03:31 [] INFO  com.example.tailormaster.filter.LoggingInterceptor - User 'null' is requesting: GET /tailor-master/error
2025-05-04 20:04:41 [abdullateef] INFO  com.example.tailormaster.filter.LoggingInterceptor - User 'abdullateef' is requesting: GET /tailor-master/customers/create
2025-05-04 20:04:41 [abdullateef] INFO  com.example.tailormaster.service.product.ProductService - Fetching all active products.
2025-05-04 20:04:41 [abdullateef] INFO  com.example.tailormaster.service.product.ProductService - Retrieved 2 active products.
2025-05-04 20:04:41 [abdullateef] ERROR org.thymeleaf.TemplateEngine - [THYMELEAF][http-nio-8080-exec-3] Exception processing template "customer/create": An error happened during template parsing (template: "class path resource [templates/customer/create.html]")
org.thymeleaf.exceptions.TemplateInputException: An error happened during template parsing (template: "class path resource [templates/customer/create.html]")
	at org.thymeleaf.templateparser.markup.AbstractMarkupTemplateParser.parse(AbstractMarkupTemplateParser.java:241) ~[thymeleaf-3.1.3.RELEASE.jar:3.1.3.RELEASE]
	at org.thymeleaf.templateparser.markup.AbstractMarkupTemplateParser.parseStandalone(AbstractMarkupTemplateParser.java:100) ~[thymeleaf-3.1.3.RELEASE.jar:3.1.3.RELEASE]
	at org.thymeleaf.engine.TemplateManager.parseAndProcess(TemplateManager.java:666) ~[thymeleaf-3.1.3.RELEASE.jar:3.1.3.RELEASE]
	at org.thymeleaf.TemplateEngine.process(TemplateEngine.java:1103) ~[thymeleaf-3.1.3.RELEASE.jar:3.1.3.RELEASE]
	at org.thymeleaf.TemplateEngine.process(TemplateEngine.java:1077) ~[thymeleaf-3.1.3.RELEASE.jar:3.1.3.RELEASE]
	at org.thymeleaf.spring6.view.ThymeleafView.renderFragment(ThymeleafView.java:372) ~[thymeleaf-spring6-3.1.3.RELEASE.jar:3.1.3.RELEASE]
	at org.thymeleaf.spring6.view.ThymeleafView.render(ThymeleafView.java:192) ~[thymeleaf-spring6-3.1.3.RELEASE.jar:3.1.3.RELEASE]
	at org.springframework.web.servlet.DispatcherServlet.render(DispatcherServlet.java:1435) ~[spring-webmvc-6.2.1.jar:6.2.1]
	at org.springframework.web.servlet.DispatcherServlet.processDispatchResult(DispatcherServlet.java:1167) ~[spring-webmvc-6.2.1.jar:6.2.1]
	at org.springframework.web.servlet.DispatcherServlet.doDispatch(DispatcherServlet.java:1105) ~[spring-webmvc-6.2.1.jar:6.2.1]
	at org.springframework.web.servlet.DispatcherServlet.doService(DispatcherServlet.java:978) ~[spring-webmvc-6.2.1.jar:6.2.1]
	at org.springframework.web.servlet.FrameworkServlet.processRequest(FrameworkServlet.java:1014) ~[spring-webmvc-6.2.1.jar:6.2.1]
	at org.springframework.web.servlet.FrameworkServlet.doGet(FrameworkServlet.java:903) ~[spring-webmvc-6.2.1.jar:6.2.1]
	at jakarta.servlet.http.HttpServlet.service(HttpServlet.java:564) ~[tomcat-embed-core-10.1.40.jar:6.0]
	at org.springframework.web.servlet.FrameworkServlet.service(FrameworkServlet.java:885) ~[spring-webmvc-6.2.1.jar:6.2.1]
	at jakarta.servlet.http.HttpServlet.service(HttpServlet.java:658) ~[tomcat-embed-core-10.1.40.jar:6.0]
	at org.apache.catalina.core.ApplicationFilterChain.internalDoFilter(ApplicationFilterChain.java:195) ~[tomcat-embed-core-10.1.40.jar:10.1.40]
	at org.apache.catalina.core.ApplicationFilterChain.doFilter(ApplicationFilterChain.java:140) ~[tomcat-embed-core-10.1.40.jar:10.1.40]
	at org.apache.tomcat.websocket.server.WsFilter.doFilter(WsFilter.java:51) ~[tomcat-embed-websocket-10.1.40.jar:10.1.40]
	at org.apache.catalina.core.ApplicationFilterChain.internalDoFilter(ApplicationFilterChain.java:164) ~[tomcat-embed-core-10.1.40.jar:10.1.40]
	at org.apache.catalina.core.ApplicationFilterChain.doFilter(ApplicationFilterChain.java:140) ~[tomcat-embed-core-10.1.40.jar:10.1.40]
	at com.example.tailormaster.filter.LoggingMDCFilter.doFilter(LoggingMDCFilter.java:30) ~[classes/:?]
	at org.apache.catalina.core.ApplicationFilterChain.internalDoFilter(ApplicationFilterChain.java:164) ~[tomcat-embed-core-10.1.40.jar:10.1.40]
	at org.apache.catalina.core.ApplicationFilterChain.doFilter(ApplicationFilterChain.java:140) ~[tomcat-embed-core-10.1.40.jar:10.1.40]
	at org.springframework.web.filter.CompositeFilter$VirtualFilterChain.doFilter(CompositeFilter.java:108) ~[spring-web-6.2.1.jar:6.2.1]
	at org.springframework.security.web.FilterChainProxy.lambda$doFilterInternal$3(FilterChainProxy.java:231) ~[spring-security-web-6.4.2.jar:6.4.2]
	at org.springframework.security.web.FilterChainProxy$VirtualFilterChain.doFilter(FilterChainProxy.java:365) ~[spring-security-web-6.4.2.jar:6.4.2]
	at org.springframework.security.web.access.intercept.AuthorizationFilter.doFilter(AuthorizationFilter.java:101) ~[spring-security-web-6.4.2.jar:6.4.2]
	at org.springframework.security.web.FilterChainProxy$VirtualFilterChain.doFilter(FilterChainProxy.java:374) ~[spring-security-web-6.4.2.jar:6.4.2]
	at org.springframework.security.web.access.ExceptionTranslationFilter.doFilter(ExceptionTranslationFilter.java:126) ~[spring-security-web-6.4.2.jar:6.4.2]
	at org.springframework.security.web.access.ExceptionTranslationFilter.doFilter(ExceptionTranslationFilter.java:120) ~[spring-security-web-6.4.2.jar:6.4.2]
	at org.springframework.security.web.FilterChainProxy$VirtualFilterChain.doFilter(FilterChainProxy.java:374) ~[spring-security-web-6.4.2.jar:6.4.2]
	at org.springframework.security.web.authentication.AnonymousAuthenticationFilter.doFilter(AnonymousAuthenticationFilter.java:100) ~[spring-security-web-6.4.2.jar:6.4.2]
	at org.springframework.security.web.FilterChainProxy$VirtualFilterChain.doFilter(FilterChainProxy.java:374) ~[spring-security-web-6.4.2.jar:6.4.2]
	at org.springframework.security.web.servletapi.SecurityContextHolderAwareRequestFilter.doFilter(SecurityContextHolderAwareRequestFilter.java:179) ~[spring-security-web-6.4.2.jar:6.4.2]
	at org.springframework.security.web.FilterChainProxy$VirtualFilterChain.doFilter(FilterChainProxy.java:374) ~[spring-security-web-6.4.2.jar:6.4.2]
	at org.springframework.security.web.savedrequest.RequestCacheAwareFilter.doFilter(RequestCacheAwareFilter.java:63) ~[spring-security-web-6.4.2.jar:6.4.2]
	at org.springframework.security.web.FilterChainProxy$VirtualFilterChain.doFilter(FilterChainProxy.java:374) ~[spring-security-web-6.4.2.jar:6.4.2]
	at org.springframework.security.web.authentication.AbstractAuthenticationProcessingFilter.doFilter(AbstractAuthenticationProcessingFilter.java:227) ~[spring-security-web-6.4.2.jar:6.4.2]
	at org.springframework.security.web.authentication.AbstractAuthenticationProcessingFilter.doFilter(AbstractAuthenticationProcessingFilter.java:221) ~[spring-security-web-6.4.2.jar:6.4.2]
	at org.springframework.security.web.FilterChainProxy$VirtualFilterChain.doFilter(FilterChainProxy.java:374) ~[spring-security-web-6.4.2.jar:6.4.2]
	at org.springframework.security.web.authentication.logout.LogoutFilter.doFilter(LogoutFilter.java:107) ~[spring-security-web-6.4.2.jar:6.4.2]
	at org.springframework.security.web.authentication.logout.LogoutFilter.doFilter(LogoutFilter.java:93) ~[spring-security-web-6.4.2.jar:6.4.2]
	at org.springframework.security.web.FilterChainProxy$VirtualFilterChain.doFilter(FilterChainProxy.java:374) ~[spring-security-web-6.4.2.jar:6.4.2]
	at org.springframework.security.web.csrf.CsrfFilter.doFilterInternal(CsrfFilter.java:117) ~[spring-security-web-6.4.2.jar:6.4.2]
	at org.springframework.web.filter.OncePerRequestFilter.doFilter(OncePerRequestFilter.java:116) ~[spring-web-6.2.1.jar:6.2.1]
	at org.springframework.security.web.FilterChainProxy$VirtualFilterChain.doFilter(FilterChainProxy.java:374) ~[spring-security-web-6.4.2.jar:6.4.2]
	at org.springframework.security.web.header.HeaderWriterFilter.doHeadersAfter(HeaderWriterFilter.java:90) ~[spring-security-web-6.4.2.jar:6.4.2]
	at org.springframework.security.web.header.HeaderWriterFilter.doFilterInternal(HeaderWriterFilter.java:75) ~[spring-security-web-6.4.2.jar:6.4.2]
	at org.springframework.web.filter.OncePerRequestFilter.doFilter(OncePerRequestFilter.java:116) ~[spring-web-6.2.1.jar:6.2.1]
	at org.springframework.security.web.FilterChainProxy$VirtualFilterChain.doFilter(FilterChainProxy.java:374) ~[spring-security-web-6.4.2.jar:6.4.2]
	at org.springframework.security.web.context.SecurityContextHolderFilter.doFilter(SecurityContextHolderFilter.java:82) ~[spring-security-web-6.4.2.jar:6.4.2]
	at org.springframework.security.web.context.SecurityContextHolderFilter.doFilter(SecurityContextHolderFilter.java:69) ~[spring-security-web-6.4.2.jar:6.4.2]
	at org.springframework.security.web.FilterChainProxy$VirtualFilterChain.doFilter(FilterChainProxy.java:374) ~[spring-security-web-6.4.2.jar:6.4.2]
	at org.springframework.security.web.context.request.async.WebAsyncManagerIntegrationFilter.doFilterInternal(WebAsyncManagerIntegrationFilter.java:62) ~[spring-security-web-6.4.2.jar:6.4.2]
	at org.springframework.web.filter.OncePerRequestFilter.doFilter(OncePerRequestFilter.java:116) ~[spring-web-6.2.1.jar:6.2.1]
	at org.springframework.security.web.FilterChainProxy$VirtualFilterChain.doFilter(FilterChainProxy.java:374) ~[spring-security-web-6.4.2.jar:6.4.2]
	at org.springframework.security.web.session.DisableEncodeUrlFilter.doFilterInternal(DisableEncodeUrlFilter.java:42) ~[spring-security-web-6.4.2.jar:6.4.2]
	at org.springframework.web.filter.OncePerRequestFilter.doFilter(OncePerRequestFilter.java:116) ~[spring-web-6.2.1.jar:6.2.1]
	at org.springframework.security.web.FilterChainProxy$VirtualFilterChain.doFilter(FilterChainProxy.java:374) ~[spring-security-web-6.4.2.jar:6.4.2]
	at org.springframework.security.web.FilterChainProxy.doFilterInternal(FilterChainProxy.java:233) ~[spring-security-web-6.4.2.jar:6.4.2]
	at org.springframework.security.web.FilterChainProxy.doFilter(FilterChainProxy.java:191) ~[spring-security-web-6.4.2.jar:6.4.2]
	at org.springframework.web.filter.CompositeFilter$VirtualFilterChain.doFilter(CompositeFilter.java:113) ~[spring-web-6.2.1.jar:6.2.1]
	at org.springframework.web.servlet.handler.HandlerMappingIntrospector.lambda$createCacheFilter$3(HandlerMappingIntrospector.java:243) ~[spring-webmvc-6.2.1.jar:6.2.1]
	at org.springframework.web.filter.CompositeFilter$VirtualFilterChain.doFilter(CompositeFilter.java:113) [spring-web-6.2.1.jar:6.2.1]
	at org.springframework.web.filter.CompositeFilter.doFilter(CompositeFilter.java:74) [spring-web-6.2.1.jar:6.2.1]
	at org.springframework.security.config.annotation.web.configuration.WebMvcSecurityConfiguration$CompositeFilterChainProxy.doFilter(WebMvcSecurityConfiguration.java:238) [spring-security-config-6.4.2.jar:6.4.2]
	at org.springframework.web.filter.DelegatingFilterProxy.invokeDelegate(DelegatingFilterProxy.java:362) [spring-web-6.2.1.jar:6.2.1]
	at org.springframework.web.filter.DelegatingFilterProxy.doFilter(DelegatingFilterProxy.java:278) [spring-web-6.2.1.jar:6.2.1]
	at org.apache.catalina.core.ApplicationFilterChain.internalDoFilter(ApplicationFilterChain.java:164) [tomcat-embed-core-10.1.40.jar:10.1.40]
	at org.apache.catalina.core.ApplicationFilterChain.doFilter(ApplicationFilterChain.java:140) [tomcat-embed-core-10.1.40.jar:10.1.40]
	at org.springframework.web.filter.RequestContextFilter.doFilterInternal(RequestContextFilter.java:100) [spring-web-6.2.1.jar:6.2.1]
	at org.springframework.web.filter.OncePerRequestFilter.doFilter(OncePerRequestFilter.java:116) [spring-web-6.2.1.jar:6.2.1]
	at org.apache.catalina.core.ApplicationFilterChain.internalDoFilter(ApplicationFilterChain.java:164) [tomcat-embed-core-10.1.40.jar:10.1.40]
	at org.apache.catalina.core.ApplicationFilterChain.doFilter(ApplicationFilterChain.java:140) [tomcat-embed-core-10.1.40.jar:10.1.40]
	at org.springframework.web.filter.FormContentFilter.doFilterInternal(FormContentFilter.java:93) [spring-web-6.2.1.jar:6.2.1]
	at org.springframework.web.filter.OncePerRequestFilter.doFilter(OncePerRequestFilter.java:116) [spring-web-6.2.1.jar:6.2.1]
	at org.apache.catalina.core.ApplicationFilterChain.internalDoFilter(ApplicationFilterChain.java:164) [tomcat-embed-core-10.1.40.jar:10.1.40]
	at org.apache.catalina.core.ApplicationFilterChain.doFilter(ApplicationFilterChain.java:140) [tomcat-embed-core-10.1.40.jar:10.1.40]
	at org.springframework.web.filter.CharacterEncodingFilter.doFilterInternal(CharacterEncodingFilter.java:201) [spring-web-6.2.1.jar:6.2.1]
	at org.springframework.web.filter.OncePerRequestFilter.doFilter(OncePerRequestFilter.java:116) [spring-web-6.2.1.jar:6.2.1]
	at org.apache.catalina.core.ApplicationFilterChain.internalDoFilter(ApplicationFilterChain.java:164) [tomcat-embed-core-10.1.40.jar:10.1.40]
	at org.apache.catalina.core.ApplicationFilterChain.doFilter(ApplicationFilterChain.java:140) [tomcat-embed-core-10.1.40.jar:10.1.40]
	at org.apache.catalina.core.StandardWrapperValve.invoke(StandardWrapperValve.java:167) [tomcat-embed-core-10.1.40.jar:10.1.40]
	at org.apache.catalina.core.StandardContextValve.invoke(StandardContextValve.java:90) [tomcat-embed-core-10.1.40.jar:10.1.40]
	at org.apache.catalina.authenticator.AuthenticatorBase.invoke(AuthenticatorBase.java:483) [tomcat-embed-core-10.1.40.jar:10.1.40]
	at org.apache.catalina.core.StandardHostValve.invoke(StandardHostValve.java:116) [tomcat-embed-core-10.1.40.jar:10.1.40]
	at org.apache.catalina.valves.ErrorReportValve.invoke(ErrorReportValve.java:93) [tomcat-embed-core-10.1.40.jar:10.1.40]
	at org.apache.catalina.core.StandardEngineValve.invoke(StandardEngineValve.java:74) [tomcat-embed-core-10.1.40.jar:10.1.40]
	at org.apache.catalina.connector.CoyoteAdapter.service(CoyoteAdapter.java:344) [tomcat-embed-core-10.1.40.jar:10.1.40]
	at org.apache.coyote.http11.Http11Processor.service(Http11Processor.java:398) [tomcat-embed-core-10.1.40.jar:10.1.40]
	at org.apache.coyote.AbstractProcessorLight.process(AbstractProcessorLight.java:63) [tomcat-embed-core-10.1.40.jar:10.1.40]
	at org.apache.coyote.AbstractProtocol$ConnectionHandler.process(AbstractProtocol.java:903) [tomcat-embed-core-10.1.40.jar:10.1.40]
	at org.apache.tomcat.util.net.NioEndpoint$SocketProcessor.doRun(NioEndpoint.java:1740) [tomcat-embed-core-10.1.40.jar:10.1.40]
	at org.apache.tomcat.util.net.SocketProcessorBase.run(SocketProcessorBase.java:52) [tomcat-embed-core-10.1.40.jar:10.1.40]
	at org.apache.tomcat.util.threads.ThreadPoolExecutor.runWorker(ThreadPoolExecutor.java:1189) [tomcat-embed-core-10.1.40.jar:10.1.40]
	at org.apache.tomcat.util.threads.ThreadPoolExecutor$Worker.run(ThreadPoolExecutor.java:658) [tomcat-embed-core-10.1.40.jar:10.1.40]
	at org.apache.tomcat.util.threads.TaskThread$WrappingRunnable.run(TaskThread.java:63) [tomcat-embed-core-10.1.40.jar:10.1.40]
	at java.base/java.lang.Thread.run(Thread.java:833) [?:?]
Caused by: org.attoparser.ParseException: Exception evaluating SpringEL expression: "product.id" (template: "customer/create" - line 89, col 73)
	at org.attoparser.MarkupParser.parseDocument(MarkupParser.java:393) ~[attoparser-2.0.7.RELEASE.jar:2.0.7.RELEASE]
	at org.attoparser.MarkupParser.parse(MarkupParser.java:257) ~[attoparser-2.0.7.RELEASE.jar:2.0.7.RELEASE]
	at org.thymeleaf.templateparser.markup.AbstractMarkupTemplateParser.parse(AbstractMarkupTemplateParser.java:230) ~[thymeleaf-3.1.3.RELEASE.jar:3.1.3.RELEASE]
	... 98 more
Caused by: org.thymeleaf.exceptions.TemplateProcessingException: Exception evaluating SpringEL expression: "product.id" (template: "customer/create" - line 89, col 73)
	at org.thymeleaf.spring6.expression.SPELVariableExpressionEvaluator.evaluate(SPELVariableExpressionEvaluator.java:292) ~[thymeleaf-spring6-3.1.3.RELEASE.jar:3.1.3.RELEASE]
	at org.thymeleaf.standard.expression.VariableExpression.executeVariableExpression(VariableExpression.java:166) ~[thymeleaf-3.1.3.RELEASE.jar:3.1.3.RELEASE]
	at org.thymeleaf.standard.expression.SimpleExpression.executeSimple(SimpleExpression.java:66) ~[thymeleaf-3.1.3.RELEASE.jar:3.1.3.RELEASE]
	at org.thymeleaf.standard.expression.Expression.execute(Expression.java:109) ~[thymeleaf-3.1.3.RELEASE.jar:3.1.3.RELEASE]
	at org.thymeleaf.standard.expression.Expression.execute(Expression.java:138) ~[thymeleaf-3.1.3.RELEASE.jar:3.1.3.RELEASE]
	at org.thymeleaf.standard.expression.Expression.execute(Expression.java:125) ~[thymeleaf-3.1.3.RELEASE.jar:3.1.3.RELEASE]
	at org.thymeleaf.standard.inline.AbstractStandardInliner.processExpression(AbstractStandardInliner.java:528) ~[thymeleaf-3.1.3.RELEASE.jar:3.1.3.RELEASE]
	at org.thymeleaf.standard.inline.AbstractStandardInliner.performInlining(AbstractStandardInliner.java:389) ~[thymeleaf-3.1.3.RELEASE.jar:3.1.3.RELEASE]
	at org.thymeleaf.standard.inline.AbstractStandardInliner.inline(AbstractStandardInliner.java:283) ~[thymeleaf-3.1.3.RELEASE.jar:3.1.3.RELEASE]
	at org.thymeleaf.standard.processor.StandardInliningCommentProcessor.doProcess(StandardInliningCommentProcessor.java:55) ~[thymeleaf-3.1.3.RELEASE.jar:3.1.3.RELEASE]
	at org.thymeleaf.processor.comment.AbstractCommentProcessor.process(AbstractCommentProcessor.java:57) ~[thymeleaf-3.1.3.RELEASE.jar:3.1.3.RELEASE]
	at org.thymeleaf.util.ProcessorConfigurationUtils$CommentProcessorWrapper.process(ProcessorConfigurationUtils.java:681) ~[thymeleaf-3.1.3.RELEASE.jar:3.1.3.RELEASE]
	at org.thymeleaf.engine.ProcessorTemplateHandler.handleComment(ProcessorTemplateHandler.java:665) ~[thymeleaf-3.1.3.RELEASE.jar:3.1.3.RELEASE]
	at org.thymeleaf.engine.TemplateHandlerAdapterMarkupHandler.handleComment(TemplateHandlerAdapterMarkupHandler.java:205) ~[thymeleaf-3.1.3.RELEASE.jar:3.1.3.RELEASE]
	at org.attoparser.AbstractChainedMarkupHandler.handleComment(AbstractChainedMarkupHandler.java:193) ~[attoparser-2.0.7.RELEASE.jar:2.0.7.RELEASE]
	at org.attoparser.HtmlMarkupHandler.handleComment(HtmlMarkupHandler.java:195) ~[attoparser-2.0.7.RELEASE.jar:2.0.7.RELEASE]
	at org.attoparser.AbstractChainedMarkupHandler.handleComment(AbstractChainedMarkupHandler.java:193) ~[attoparser-2.0.7.RELEASE.jar:2.0.7.RELEASE]
	at org.attoparser.ParsingCommentMarkupUtil.parseComment(ParsingCommentMarkupUtil.java:54) ~[attoparser-2.0.7.RELEASE.jar:2.0.7.RELEASE]
	at org.attoparser.MarkupParser.parseBuffer(MarkupParser.java:753) ~[attoparser-2.0.7.RELEASE.jar:2.0.7.RELEASE]
	at org.attoparser.MarkupParser.parseDocument(MarkupParser.java:301) ~[attoparser-2.0.7.RELEASE.jar:2.0.7.RELEASE]
	at org.attoparser.MarkupParser.parse(MarkupParser.java:257) ~[attoparser-2.0.7.RELEASE.jar:2.0.7.RELEASE]
	at org.thymeleaf.templateparser.markup.AbstractMarkupTemplateParser.parse(AbstractMarkupTemplateParser.java:230) ~[thymeleaf-3.1.3.RELEASE.jar:3.1.3.RELEASE]
	... 98 more
Caused by: org.springframework.expression.spel.SpelEvaluationException: EL1007E: Property or field 'id' cannot be found on null
	at org.springframework.expression.spel.ast.PropertyOrFieldReference.readProperty(PropertyOrFieldReference.java:225) ~[spring-expression-6.2.1.jar:6.2.1]
	at org.springframework.expression.spel.ast.PropertyOrFieldReference.getValueInternal(PropertyOrFieldReference.java:112) ~[spring-expression-6.2.1.jar:6.2.1]
	at org.springframework.expression.spel.ast.PropertyOrFieldReference$AccessorValueRef.getValue(PropertyOrFieldReference.java:376) ~[spring-expression-6.2.1.jar:6.2.1]
	at org.springframework.expression.spel.ast.CompoundExpression.getValueInternal(CompoundExpression.java:97) ~[spring-expression-6.2.1.jar:6.2.1]
	at org.springframework.expression.spel.ast.SpelNodeImpl.getValue(SpelNodeImpl.java:116) ~[spring-expression-6.2.1.jar:6.2.1]
	at org.springframework.expression.spel.standard.SpelExpression.getValue(SpelExpression.java:338) ~[spring-expression-6.2.1.jar:6.2.1]
	at org.thymeleaf.spring6.expression.SPELVariableExpressionEvaluator.evaluate(SPELVariableExpressionEvaluator.java:265) ~[thymeleaf-spring6-3.1.3.RELEASE.jar:3.1.3.RELEASE]
	at org.thymeleaf.standard.expression.VariableExpression.executeVariableExpression(VariableExpression.java:166) ~[thymeleaf-3.1.3.RELEASE.jar:3.1.3.RELEASE]
	at org.thymeleaf.standard.expression.SimpleExpression.executeSimple(SimpleExpression.java:66) ~[thymeleaf-3.1.3.RELEASE.jar:3.1.3.RELEASE]
	at org.thymeleaf.standard.expression.Expression.execute(Expression.java:109) ~[thymeleaf-3.1.3.RELEASE.jar:3.1.3.RELEASE]
	at org.thymeleaf.standard.expression.Expression.execute(Expression.java:138) ~[thymeleaf-3.1.3.RELEASE.jar:3.1.3.RELEASE]
	at org.thymeleaf.standard.expression.Expression.execute(Expression.java:125) ~[thymeleaf-3.1.3.RELEASE.jar:3.1.3.RELEASE]
	at org.thymeleaf.standard.inline.AbstractStandardInliner.processExpression(AbstractStandardInliner.java:528) ~[thymeleaf-3.1.3.RELEASE.jar:3.1.3.RELEASE]
	at org.thymeleaf.standard.inline.AbstractStandardInliner.performInlining(AbstractStandardInliner.java:389) ~[thymeleaf-3.1.3.RELEASE.jar:3.1.3.RELEASE]
	at org.thymeleaf.standard.inline.AbstractStandardInliner.inline(AbstractStandardInliner.java:283) ~[thymeleaf-3.1.3.RELEASE.jar:3.1.3.RELEASE]
	at org.thymeleaf.standard.processor.StandardInliningCommentProcessor.doProcess(StandardInliningCommentProcessor.java:55) ~[thymeleaf-3.1.3.RELEASE.jar:3.1.3.RELEASE]
	at org.thymeleaf.processor.comment.AbstractCommentProcessor.process(AbstractCommentProcessor.java:57) ~[thymeleaf-3.1.3.RELEASE.jar:3.1.3.RELEASE]
	at org.thymeleaf.util.ProcessorConfigurationUtils$CommentProcessorWrapper.process(ProcessorConfigurationUtils.java:681) ~[thymeleaf-3.1.3.RELEASE.jar:3.1.3.RELEASE]
	at org.thymeleaf.engine.ProcessorTemplateHandler.handleComment(ProcessorTemplateHandler.java:665) ~[thymeleaf-3.1.3.RELEASE.jar:3.1.3.RELEASE]
	at org.thymeleaf.engine.TemplateHandlerAdapterMarkupHandler.handleComment(TemplateHandlerAdapterMarkupHandler.java:205) ~[thymeleaf-3.1.3.RELEASE.jar:3.1.3.RELEASE]
	at org.attoparser.AbstractChainedMarkupHandler.handleComment(AbstractChainedMarkupHandler.java:193) ~[attoparser-2.0.7.RELEASE.jar:2.0.7.RELEASE]
	at org.attoparser.HtmlMarkupHandler.handleComment(HtmlMarkupHandler.java:195) ~[attoparser-2.0.7.RELEASE.jar:2.0.7.RELEASE]
	at org.attoparser.AbstractChainedMarkupHandler.handleComment(AbstractChainedMarkupHandler.java:193) ~[attoparser-2.0.7.RELEASE.jar:2.0.7.RELEASE]
	at org.attoparser.ParsingCommentMarkupUtil.parseComment(ParsingCommentMarkupUtil.java:54) ~[attoparser-2.0.7.RELEASE.jar:2.0.7.RELEASE]
	at org.attoparser.MarkupParser.parseBuffer(MarkupParser.java:753) ~[attoparser-2.0.7.RELEASE.jar:2.0.7.RELEASE]
	at org.attoparser.MarkupParser.parseDocument(MarkupParser.java:301) ~[attoparser-2.0.7.RELEASE.jar:2.0.7.RELEASE]
	at org.attoparser.MarkupParser.parse(MarkupParser.java:257) ~[attoparser-2.0.7.RELEASE.jar:2.0.7.RELEASE]
	at org.thymeleaf.templateparser.markup.AbstractMarkupTemplateParser.parse(AbstractMarkupTemplateParser.java:230) ~[thymeleaf-3.1.3.RELEASE.jar:3.1.3.RELEASE]
	... 98 more
2025-05-04 20:04:41 [] ERROR org.apache.catalina.core.ContainerBase.[Tomcat].[localhost].[/tailor-master].[dispatcherServlet] - Servlet.service() for servlet [dispatcherServlet] in context with path [/tailor-master] threw exception [Request processing failed: org.thymeleaf.exceptions.TemplateInputException: An error happened during template parsing (template: "class path resource [templates/customer/create.html]")] with root cause
org.springframework.expression.spel.SpelEvaluationException: EL1007E: Property or field 'id' cannot be found on null
	at org.springframework.expression.spel.ast.PropertyOrFieldReference.readProperty(PropertyOrFieldReference.java:225) ~[spring-expression-6.2.1.jar:6.2.1]
	at org.springframework.expression.spel.ast.PropertyOrFieldReference.getValueInternal(PropertyOrFieldReference.java:112) ~[spring-expression-6.2.1.jar:6.2.1]
	at org.springframework.expression.spel.ast.PropertyOrFieldReference$AccessorValueRef.getValue(PropertyOrFieldReference.java:376) ~[spring-expression-6.2.1.jar:6.2.1]
	at org.springframework.expression.spel.ast.CompoundExpression.getValueInternal(CompoundExpression.java:97) ~[spring-expression-6.2.1.jar:6.2.1]
	at org.springframework.expression.spel.ast.SpelNodeImpl.getValue(SpelNodeImpl.java:116) ~[spring-expression-6.2.1.jar:6.2.1]
	at org.springframework.expression.spel.standard.SpelExpression.getValue(SpelExpression.java:338) ~[spring-expression-6.2.1.jar:6.2.1]
	at org.thymeleaf.spring6.expression.SPELVariableExpressionEvaluator.evaluate(SPELVariableExpressionEvaluator.java:265) ~[thymeleaf-spring6-3.1.3.RELEASE.jar:3.1.3.RELEASE]
	at org.thymeleaf.standard.expression.VariableExpression.executeVariableExpression(VariableExpression.java:166) ~[thymeleaf-3.1.3.RELEASE.jar:3.1.3.RELEASE]
	at org.thymeleaf.standard.expression.SimpleExpression.executeSimple(SimpleExpression.java:66) ~[thymeleaf-3.1.3.RELEASE.jar:3.1.3.RELEASE]
	at org.thymeleaf.standard.expression.Expression.execute(Expression.java:109) ~[thymeleaf-3.1.3.RELEASE.jar:3.1.3.RELEASE]
	at org.thymeleaf.standard.expression.Expression.execute(Expression.java:138) ~[thymeleaf-3.1.3.RELEASE.jar:3.1.3.RELEASE]
	at org.thymeleaf.standard.expression.Expression.execute(Expression.java:125) ~[thymeleaf-3.1.3.RELEASE.jar:3.1.3.RELEASE]
	at org.thymeleaf.standard.inline.AbstractStandardInliner.processExpression(AbstractStandardInliner.java:528) ~[thymeleaf-3.1.3.RELEASE.jar:3.1.3.RELEASE]
	at org.thymeleaf.standard.inline.AbstractStandardInliner.performInlining(AbstractStandardInliner.java:389) ~[thymeleaf-3.1.3.RELEASE.jar:3.1.3.RELEASE]
	at org.thymeleaf.standard.inline.AbstractStandardInliner.inline(AbstractStandardInliner.java:283) ~[thymeleaf-3.1.3.RELEASE.jar:3.1.3.RELEASE]
	at org.thymeleaf.standard.processor.StandardInliningCommentProcessor.doProcess(StandardInliningCommentProcessor.java:55) ~[thymeleaf-3.1.3.RELEASE.jar:3.1.3.RELEASE]
	at org.thymeleaf.processor.comment.AbstractCommentProcessor.process(AbstractCommentProcessor.java:57) ~[thymeleaf-3.1.3.RELEASE.jar:3.1.3.RELEASE]
	at org.thymeleaf.util.ProcessorConfigurationUtils$CommentProcessorWrapper.process(ProcessorConfigurationUtils.java:681) ~[thymeleaf-3.1.3.RELEASE.jar:3.1.3.RELEASE]
	at org.thymeleaf.engine.ProcessorTemplateHandler.handleComment(ProcessorTemplateHandler.java:665) ~[thymeleaf-3.1.3.RELEASE.jar:3.1.3.RELEASE]
	at org.thymeleaf.engine.TemplateHandlerAdapterMarkupHandler.handleComment(TemplateHandlerAdapterMarkupHandler.java:205) ~[thymeleaf-3.1.3.RELEASE.jar:3.1.3.RELEASE]
	at org.attoparser.AbstractChainedMarkupHandler.handleComment(AbstractChainedMarkupHandler.java:193) ~[attoparser-2.0.7.RELEASE.jar:2.0.7.RELEASE]
	at org.attoparser.HtmlMarkupHandler.handleComment(HtmlMarkupHandler.java:195) ~[attoparser-2.0.7.RELEASE.jar:2.0.7.RELEASE]
	at org.attoparser.AbstractChainedMarkupHandler.handleComment(AbstractChainedMarkupHandler.java:193) ~[attoparser-2.0.7.RELEASE.jar:2.0.7.RELEASE]
	at org.attoparser.ParsingCommentMarkupUtil.parseComment(ParsingCommentMarkupUtil.java:54) ~[attoparser-2.0.7.RELEASE.jar:2.0.7.RELEASE]
	at org.attoparser.MarkupParser.parseBuffer(MarkupParser.java:753) ~[attoparser-2.0.7.RELEASE.jar:2.0.7.RELEASE]
	at org.attoparser.MarkupParser.parseDocument(MarkupParser.java:301) ~[attoparser-2.0.7.RELEASE.jar:2.0.7.RELEASE]
	at org.attoparser.MarkupParser.parse(MarkupParser.java:257) ~[attoparser-2.0.7.RELEASE.jar:2.0.7.RELEASE]
	at org.thymeleaf.templateparser.markup.AbstractMarkupTemplateParser.parse(AbstractMarkupTemplateParser.java:230) ~[thymeleaf-3.1.3.RELEASE.jar:3.1.3.RELEASE]
	at org.thymeleaf.templateparser.markup.AbstractMarkupTemplateParser.parseStandalone(AbstractMarkupTemplateParser.java:100) ~[thymeleaf-3.1.3.RELEASE.jar:3.1.3.RELEASE]
	at org.thymeleaf.engine.TemplateManager.parseAndProcess(TemplateManager.java:666) ~[thymeleaf-3.1.3.RELEASE.jar:3.1.3.RELEASE]
	at org.thymeleaf.TemplateEngine.process(TemplateEngine.java:1103) ~[thymeleaf-3.1.3.RELEASE.jar:3.1.3.RELEASE]
	at org.thymeleaf.TemplateEngine.process(TemplateEngine.java:1077) ~[thymeleaf-3.1.3.RELEASE.jar:3.1.3.RELEASE]
	at org.thymeleaf.spring6.view.ThymeleafView.renderFragment(ThymeleafView.java:372) ~[thymeleaf-spring6-3.1.3.RELEASE.jar:3.1.3.RELEASE]
	at org.thymeleaf.spring6.view.ThymeleafView.render(ThymeleafView.java:192) ~[thymeleaf-spring6-3.1.3.RELEASE.jar:3.1.3.RELEASE]
	at org.springframework.web.servlet.DispatcherServlet.render(DispatcherServlet.java:1435) ~[spring-webmvc-6.2.1.jar:6.2.1]
	at org.springframework.web.servlet.DispatcherServlet.processDispatchResult(DispatcherServlet.java:1167) ~[spring-webmvc-6.2.1.jar:6.2.1]
	at org.springframework.web.servlet.DispatcherServlet.doDispatch(DispatcherServlet.java:1105) ~[spring-webmvc-6.2.1.jar:6.2.1]
	at org.springframework.web.servlet.DispatcherServlet.doService(DispatcherServlet.java:978) ~[spring-webmvc-6.2.1.jar:6.2.1]
	at org.springframework.web.servlet.FrameworkServlet.processRequest(FrameworkServlet.java:1014) ~[spring-webmvc-6.2.1.jar:6.2.1]
	at org.springframework.web.servlet.FrameworkServlet.doGet(FrameworkServlet.java:903) ~[spring-webmvc-6.2.1.jar:6.2.1]
	at jakarta.servlet.http.HttpServlet.service(HttpServlet.java:564) ~[tomcat-embed-core-10.1.40.jar:6.0]
	at org.springframework.web.servlet.FrameworkServlet.service(FrameworkServlet.java:885) ~[spring-webmvc-6.2.1.jar:6.2.1]
	at jakarta.servlet.http.HttpServlet.service(HttpServlet.java:658) ~[tomcat-embed-core-10.1.40.jar:6.0]
	at org.apache.catalina.core.ApplicationFilterChain.internalDoFilter(ApplicationFilterChain.java:195) ~[tomcat-embed-core-10.1.40.jar:10.1.40]
	at org.apache.catalina.core.ApplicationFilterChain.doFilter(ApplicationFilterChain.java:140) ~[tomcat-embed-core-10.1.40.jar:10.1.40]
	at org.apache.tomcat.websocket.server.WsFilter.doFilter(WsFilter.java:51) ~[tomcat-embed-websocket-10.1.40.jar:10.1.40]
	at org.apache.catalina.core.ApplicationFilterChain.internalDoFilter(ApplicationFilterChain.java:164) ~[tomcat-embed-core-10.1.40.jar:10.1.40]
	at org.apache.catalina.core.ApplicationFilterChain.doFilter(ApplicationFilterChain.java:140) ~[tomcat-embed-core-10.1.40.jar:10.1.40]
	at com.example.tailormaster.filter.LoggingMDCFilter.doFilter(LoggingMDCFilter.java:30) ~[classes/:?]
	at org.apache.catalina.core.ApplicationFilterChain.internalDoFilter(ApplicationFilterChain.java:164) ~[tomcat-embed-core-10.1.40.jar:10.1.40]
	at org.apache.catalina.core.ApplicationFilterChain.doFilter(ApplicationFilterChain.java:140) ~[tomcat-embed-core-10.1.40.jar:10.1.40]
	at org.springframework.web.filter.CompositeFilter$VirtualFilterChain.doFilter(CompositeFilter.java:108) ~[spring-web-6.2.1.jar:6.2.1]
	at org.springframework.security.web.FilterChainProxy.lambda$doFilterInternal$3(FilterChainProxy.java:231) ~[spring-security-web-6.4.2.jar:6.4.2]
	at org.springframework.security.web.FilterChainProxy$VirtualFilterChain.doFilter(FilterChainProxy.java:365) ~[spring-security-web-6.4.2.jar:6.4.2]
	at org.springframework.security.web.access.intercept.AuthorizationFilter.doFilter(AuthorizationFilter.java:101) ~[spring-security-web-6.4.2.jar:6.4.2]
	at org.springframework.security.web.FilterChainProxy$VirtualFilterChain.doFilter(FilterChainProxy.java:374) ~[spring-security-web-6.4.2.jar:6.4.2]
	at org.springframework.security.web.access.ExceptionTranslationFilter.doFilter(ExceptionTranslationFilter.java:126) ~[spring-security-web-6.4.2.jar:6.4.2]
	at org.springframework.security.web.access.ExceptionTranslationFilter.doFilter(ExceptionTranslationFilter.java:120) ~[spring-security-web-6.4.2.jar:6.4.2]
	at org.springframework.security.web.FilterChainProxy$VirtualFilterChain.doFilter(FilterChainProxy.java:374) ~[spring-security-web-6.4.2.jar:6.4.2]
	at org.springframework.security.web.authentication.AnonymousAuthenticationFilter.doFilter(AnonymousAuthenticationFilter.java:100) ~[spring-security-web-6.4.2.jar:6.4.2]
	at org.springframework.security.web.FilterChainProxy$VirtualFilterChain.doFilter(FilterChainProxy.java:374) ~[spring-security-web-6.4.2.jar:6.4.2]
	at org.springframework.security.web.servletapi.SecurityContextHolderAwareRequestFilter.doFilter(SecurityContextHolderAwareRequestFilter.java:179) ~[spring-security-web-6.4.2.jar:6.4.2]
	at org.springframework.security.web.FilterChainProxy$VirtualFilterChain.doFilter(FilterChainProxy.java:374) ~[spring-security-web-6.4.2.jar:6.4.2]
	at org.springframework.security.web.savedrequest.RequestCacheAwareFilter.doFilter(RequestCacheAwareFilter.java:63) ~[spring-security-web-6.4.2.jar:6.4.2]
	at org.springframework.security.web.FilterChainProxy$VirtualFilterChain.doFilter(FilterChainProxy.java:374) ~[spring-security-web-6.4.2.jar:6.4.2]
	at org.springframework.security.web.authentication.AbstractAuthenticationProcessingFilter.doFilter(AbstractAuthenticationProcessingFilter.java:227) ~[spring-security-web-6.4.2.jar:6.4.2]
	at org.springframework.security.web.authentication.AbstractAuthenticationProcessingFilter.doFilter(AbstractAuthenticationProcessingFilter.java:221) ~[spring-security-web-6.4.2.jar:6.4.2]
	at org.springframework.security.web.FilterChainProxy$VirtualFilterChain.doFilter(FilterChainProxy.java:374) ~[spring-security-web-6.4.2.jar:6.4.2]
	at org.springframework.security.web.authentication.logout.LogoutFilter.doFilter(LogoutFilter.java:107) ~[spring-security-web-6.4.2.jar:6.4.2]
	at org.springframework.security.web.authentication.logout.LogoutFilter.doFilter(LogoutFilter.java:93) ~[spring-security-web-6.4.2.jar:6.4.2]
	at org.springframework.security.web.FilterChainProxy$VirtualFilterChain.doFilter(FilterChainProxy.java:374) ~[spring-security-web-6.4.2.jar:6.4.2]
	at org.springframework.security.web.csrf.CsrfFilter.doFilterInternal(CsrfFilter.java:117) ~[spring-security-web-6.4.2.jar:6.4.2]
	at org.springframework.web.filter.OncePerRequestFilter.doFilter(OncePerRequestFilter.java:116) ~[spring-web-6.2.1.jar:6.2.1]
	at org.springframework.security.web.FilterChainProxy$VirtualFilterChain.doFilter(FilterChainProxy.java:374) ~[spring-security-web-6.4.2.jar:6.4.2]
	at org.springframework.security.web.header.HeaderWriterFilter.doHeadersAfter(HeaderWriterFilter.java:90) ~[spring-security-web-6.4.2.jar:6.4.2]
	at org.springframework.security.web.header.HeaderWriterFilter.doFilterInternal(HeaderWriterFilter.java:75) ~[spring-security-web-6.4.2.jar:6.4.2]
	at org.springframework.web.filter.OncePerRequestFilter.doFilter(OncePerRequestFilter.java:116) ~[spring-web-6.2.1.jar:6.2.1]
	at org.springframework.security.web.FilterChainProxy$VirtualFilterChain.doFilter(FilterChainProxy.java:374) ~[spring-security-web-6.4.2.jar:6.4.2]
	at org.springframework.security.web.context.SecurityContextHolderFilter.doFilter(SecurityContextHolderFilter.java:82) ~[spring-security-web-6.4.2.jar:6.4.2]
	at org.springframework.security.web.context.SecurityContextHolderFilter.doFilter(SecurityContextHolderFilter.java:69) ~[spring-security-web-6.4.2.jar:6.4.2]
	at org.springframework.security.web.FilterChainProxy$VirtualFilterChain.doFilter(FilterChainProxy.java:374) ~[spring-security-web-6.4.2.jar:6.4.2]
	at org.springframework.security.web.context.request.async.WebAsyncManagerIntegrationFilter.doFilterInternal(WebAsyncManagerIntegrationFilter.java:62) ~[spring-security-web-6.4.2.jar:6.4.2]
	at org.springframework.web.filter.OncePerRequestFilter.doFilter(OncePerRequestFilter.java:116) ~[spring-web-6.2.1.jar:6.2.1]
	at org.springframework.security.web.FilterChainProxy$VirtualFilterChain.doFilter(FilterChainProxy.java:374) ~[spring-security-web-6.4.2.jar:6.4.2]
	at org.springframework.security.web.session.DisableEncodeUrlFilter.doFilterInternal(DisableEncodeUrlFilter.java:42) ~[spring-security-web-6.4.2.jar:6.4.2]
	at org.springframework.web.filter.OncePerRequestFilter.doFilter(OncePerRequestFilter.java:116) ~[spring-web-6.2.1.jar:6.2.1]
	at org.springframework.security.web.FilterChainProxy$VirtualFilterChain.doFilter(FilterChainProxy.java:374) ~[spring-security-web-6.4.2.jar:6.4.2]
	at org.springframework.security.web.FilterChainProxy.doFilterInternal(FilterChainProxy.java:233) ~[spring-security-web-6.4.2.jar:6.4.2]
	at org.springframework.security.web.FilterChainProxy.doFilter(FilterChainProxy.java:191) ~[spring-security-web-6.4.2.jar:6.4.2]
	at org.springframework.web.filter.CompositeFilter$VirtualFilterChain.doFilter(CompositeFilter.java:113) ~[spring-web-6.2.1.jar:6.2.1]
	at org.springframework.web.servlet.handler.HandlerMappingIntrospector.lambda$createCacheFilter$3(HandlerMappingIntrospector.java:243) ~[spring-webmvc-6.2.1.jar:6.2.1]
	at org.springframework.web.filter.CompositeFilter$VirtualFilterChain.doFilter(CompositeFilter.java:113) ~[spring-web-6.2.1.jar:6.2.1]
	at org.springframework.web.filter.CompositeFilter.doFilter(CompositeFilter.java:74) ~[spring-web-6.2.1.jar:6.2.1]
	at org.springframework.security.config.annotation.web.configuration.WebMvcSecurityConfiguration$CompositeFilterChainProxy.doFilter(WebMvcSecurityConfiguration.java:238) ~[spring-security-config-6.4.2.jar:6.4.2]
	at org.springframework.web.filter.DelegatingFilterProxy.invokeDelegate(DelegatingFilterProxy.java:362) ~[spring-web-6.2.1.jar:6.2.1]
	at org.springframework.web.filter.DelegatingFilterProxy.doFilter(DelegatingFilterProxy.java:278) ~[spring-web-6.2.1.jar:6.2.1]
	at org.apache.catalina.core.ApplicationFilterChain.internalDoFilter(ApplicationFilterChain.java:164) ~[tomcat-embed-core-10.1.40.jar:10.1.40]
	at org.apache.catalina.core.ApplicationFilterChain.doFilter(ApplicationFilterChain.java:140) ~[tomcat-embed-core-10.1.40.jar:10.1.40]
	at org.springframework.web.filter.RequestContextFilter.doFilterInternal(RequestContextFilter.java:100) ~[spring-web-6.2.1.jar:6.2.1]
	at org.springframework.web.filter.OncePerRequestFilter.doFilter(OncePerRequestFilter.java:116) ~[spring-web-6.2.1.jar:6.2.1]
	at org.apache.catalina.core.ApplicationFilterChain.internalDoFilter(ApplicationFilterChain.java:164) ~[tomcat-embed-core-10.1.40.jar:10.1.40]
	at org.apache.catalina.core.ApplicationFilterChain.doFilter(ApplicationFilterChain.java:140) ~[tomcat-embed-core-10.1.40.jar:10.1.40]
	at org.springframework.web.filter.FormContentFilter.doFilterInternal(FormContentFilter.java:93) ~[spring-web-6.2.1.jar:6.2.1]
	at org.springframework.web.filter.OncePerRequestFilter.doFilter(OncePerRequestFilter.java:116) ~[spring-web-6.2.1.jar:6.2.1]
	at org.apache.catalina.core.ApplicationFilterChain.internalDoFilter(ApplicationFilterChain.java:164) ~[tomcat-embed-core-10.1.40.jar:10.1.40]
	at org.apache.catalina.core.ApplicationFilterChain.doFilter(ApplicationFilterChain.java:140) ~[tomcat-embed-core-10.1.40.jar:10.1.40]
	at org.springframework.web.filter.CharacterEncodingFilter.doFilterInternal(CharacterEncodingFilter.java:201) ~[spring-web-6.2.1.jar:6.2.1]
	at org.springframework.web.filter.OncePerRequestFilter.doFilter(OncePerRequestFilter.java:116) ~[spring-web-6.2.1.jar:6.2.1]
	at org.apache.catalina.core.ApplicationFilterChain.internalDoFilter(ApplicationFilterChain.java:164) ~[tomcat-embed-core-10.1.40.jar:10.1.40]
	at org.apache.catalina.core.ApplicationFilterChain.doFilter(ApplicationFilterChain.java:140) ~[tomcat-embed-core-10.1.40.jar:10.1.40]
	at org.apache.catalina.core.StandardWrapperValve.invoke(StandardWrapperValve.java:167) [tomcat-embed-core-10.1.40.jar:10.1.40]
	at org.apache.catalina.core.StandardContextValve.invoke(StandardContextValve.java:90) [tomcat-embed-core-10.1.40.jar:10.1.40]
	at org.apache.catalina.authenticator.AuthenticatorBase.invoke(AuthenticatorBase.java:483) [tomcat-embed-core-10.1.40.jar:10.1.40]
	at org.apache.catalina.core.StandardHostValve.invoke(StandardHostValve.java:116) [tomcat-embed-core-10.1.40.jar:10.1.40]
	at org.apache.catalina.valves.ErrorReportValve.invoke(ErrorReportValve.java:93) [tomcat-embed-core-10.1.40.jar:10.1.40]
	at org.apache.catalina.core.StandardEngineValve.invoke(StandardEngineValve.java:74) [tomcat-embed-core-10.1.40.jar:10.1.40]
	at org.apache.catalina.connector.CoyoteAdapter.service(CoyoteAdapter.java:344) [tomcat-embed-core-10.1.40.jar:10.1.40]
	at org.apache.coyote.http11.Http11Processor.service(Http11Processor.java:398) [tomcat-embed-core-10.1.40.jar:10.1.40]
	at org.apache.coyote.AbstractProcessorLight.process(AbstractProcessorLight.java:63) [tomcat-embed-core-10.1.40.jar:10.1.40]
	at org.apache.coyote.AbstractProtocol$ConnectionHandler.process(AbstractProtocol.java:903) [tomcat-embed-core-10.1.40.jar:10.1.40]
	at org.apache.tomcat.util.net.NioEndpoint$SocketProcessor.doRun(NioEndpoint.java:1740) [tomcat-embed-core-10.1.40.jar:10.1.40]
	at org.apache.tomcat.util.net.SocketProcessorBase.run(SocketProcessorBase.java:52) [tomcat-embed-core-10.1.40.jar:10.1.40]
	at org.apache.tomcat.util.threads.ThreadPoolExecutor.runWorker(ThreadPoolExecutor.java:1189) [tomcat-embed-core-10.1.40.jar:10.1.40]
	at org.apache.tomcat.util.threads.ThreadPoolExecutor$Worker.run(ThreadPoolExecutor.java:658) [tomcat-embed-core-10.1.40.jar:10.1.40]
	at org.apache.tomcat.util.threads.TaskThread$WrappingRunnable.run(TaskThread.java:63) [tomcat-embed-core-10.1.40.jar:10.1.40]
	at java.base/java.lang.Thread.run(Thread.java:833) [?:?]
2025-05-04 20:04:41 [] INFO  com.example.tailormaster.filter.LoggingInterceptor - User 'null' is requesting: GET /tailor-master/error
2025-05-04 20:04:43 [abdullateef] INFO  com.example.tailormaster.filter.LoggingInterceptor - User 'abdullateef' is requesting: GET /tailor-master/customers
2025-05-04 20:04:43 [abdullateef] INFO  com.example.tailormaster.filter.LoggingInterceptor - User 'abdullateef' is requesting: GET /tailor-master/dashboard/notifications/upcoming-deliveries
2025-05-04 20:04:43 [abdullateef] INFO  com.example.tailormaster.controller.dashboard.DashboardController - Requested upcoming deliveries.
2025-05-04 20:04:43 [abdullateef] INFO  com.example.tailormaster.filter.LoggingInterceptor - User 'abdullateef' is requesting: GET /tailor-master/customers/datatable
2025-05-04 20:04:43 [abdullateef] INFO  com.example.tailormaster.controller.CustomerController - Fetching customers data with search value: , sort direction: asc, start date: null, end date: null
2025-05-04 20:04:43 [abdullateef] INFO  com.example.tailormaster.service.dashboard.DashboardService - Upcoming deliveries fetched: 8
2025-05-04 20:04:43 [abdullateef] INFO  com.example.tailormaster.controller.dashboard.DashboardController - Upcoming deliveries fetched: 8
2025-05-04 20:04:45 [abdullateef] INFO  com.example.tailormaster.filter.LoggingInterceptor - User 'abdullateef' is requesting: GET /tailor-master/dashboard
2025-05-04 20:04:45 [abdullateef] INFO  com.example.tailormaster.controller.AuthController - User 'abdullateef' accessed the dashboard
2025-05-04 20:04:45 [abdullateef] INFO  com.example.tailormaster.filter.LoggingInterceptor - User 'abdullateef' is requesting: GET /tailor-master/dashboard/total-customers
2025-05-04 20:04:45 [abdullateef] INFO  com.example.tailormaster.filter.LoggingInterceptor - User 'abdullateef' is requesting: GET /tailor-master/dashboard/pending-payments
2025-05-04 20:04:45 [abdullateef] INFO  com.example.tailormaster.filter.LoggingInterceptor - User 'abdullateef' is requesting: GET /tailor-master/dashboard/total-orders
2025-05-04 20:04:45 [abdullateef] INFO  com.example.tailormaster.filter.LoggingInterceptor - User 'abdullateef' is requesting: GET /tailor-master/dashboard/notifications/upcoming-deliveries
2025-05-04 20:04:45 [abdullateef] INFO  com.example.tailormaster.controller.dashboard.DashboardController - Requested total customers.
2025-05-04 20:04:45 [abdullateef] INFO  com.example.tailormaster.controller.dashboard.DashboardController - Requested total orders.
2025-05-04 20:04:45 [abdullateef] INFO  com.example.tailormaster.controller.dashboard.DashboardController - Requested pending payments.
2025-05-04 20:04:45 [abdullateef] INFO  com.example.tailormaster.filter.LoggingInterceptor - User 'abdullateef' is requesting: GET /tailor-master/dashboard/revenue-this-month
2025-05-04 20:04:45 [abdullateef] INFO  com.example.tailormaster.service.dashboard.DashboardService - Total pending payments: 7
2025-05-04 20:04:45 [abdullateef] INFO  com.example.tailormaster.controller.dashboard.DashboardController - Pending payments: 7
2025-05-04 20:04:45 [abdullateef] INFO  com.example.tailormaster.controller.dashboard.DashboardController - Requested upcoming deliveries.
2025-05-04 20:04:45 [abdullateef] INFO  com.example.tailormaster.filter.LoggingInterceptor - User 'abdullateef' is requesting: GET /tailor-master/dashboard/monthly-revenue-trends
2025-05-04 20:04:45 [abdullateef] INFO  com.example.tailormaster.controller.dashboard.DashboardController - Requested revenue-this-month.
2025-05-04 20:04:45 [abdullateef] INFO  com.example.tailormaster.filter.LoggingInterceptor - User 'abdullateef' is requesting: GET /tailor-master/dashboard/order-status-counts
2025-05-04 20:04:45 [abdullateef] INFO  com.example.tailormaster.service.dashboard.DashboardService - Revenue this month: 12000.00
2025-05-04 20:04:45 [abdullateef] INFO  com.example.tailormaster.controller.dashboard.DashboardController - Revenue this month: 12000.00
2025-05-04 20:04:45 [abdullateef] INFO  com.example.tailormaster.controller.dashboard.DashboardController - Requested monthly-revenue-trends.
2025-05-04 20:04:45 [abdullateef] INFO  com.example.tailormaster.controller.dashboard.DashboardController - Requested order-status-counts.
2025-05-04 20:04:46 [abdullateef] INFO  com.example.tailormaster.service.dashboard.DashboardService - Upcoming deliveries fetched: 8
2025-05-04 20:04:46 [abdullateef] INFO  com.example.tailormaster.controller.dashboard.DashboardController - Upcoming deliveries fetched: 8
2025-05-04 20:04:46 [abdullateef] INFO  com.example.tailormaster.service.dashboard.DashboardService - Order status counts: {Cancelled=1, Pending=7, InProgress=1, Completed=41, Ready for Pickup=7}
2025-05-04 20:04:46 [abdullateef] INFO  com.example.tailormaster.controller.dashboard.DashboardController - Order status counts: {Cancelled=1, Pending=7, InProgress=1, Completed=41, Ready for Pickup=7}
2025-05-04 20:04:46 [abdullateef] INFO  com.example.tailormaster.filter.LoggingInterceptor - User 'abdullateef' is requesting: GET /tailor-master/dashboard/customers/top
2025-05-04 20:04:46 [abdullateef] INFO  com.example.tailormaster.service.dashboard.DashboardService - Monthly revenue trends fetched successfully
2025-05-04 20:04:46 [abdullateef] INFO  com.example.tailormaster.filter.LoggingInterceptor - User 'abdullateef' is requesting: GET /tailor-master/dashboard/recent-orders
2025-05-04 20:04:46 [abdullateef] INFO  com.example.tailormaster.controller.dashboard.DashboardController - Requested recent-orders.
2025-05-04 20:04:46 [abdullateef] INFO  com.example.tailormaster.controller.dashboard.DashboardController - Requested top customers.
2025-05-04 20:04:46 [abdullateef] INFO  com.example.tailormaster.service.dashboard.DashboardService - Top customers fetched: 5
2025-05-04 20:04:46 [abdullateef] INFO  com.example.tailormaster.controller.dashboard.DashboardController - Top customers fetched: 5
2025-05-04 20:04:46 [abdullateef] INFO  com.example.tailormaster.service.dashboard.DashboardService - Recent orders fetched: 5 orders
2025-05-04 20:04:46 [abdullateef] INFO  com.example.tailormaster.controller.dashboard.DashboardController - Recent orders fetched: 5
2025-05-04 20:04:46 [abdullateef] INFO  com.example.tailormaster.service.dashboard.DashboardService - Total customers: 43
2025-05-04 20:04:46 [abdullateef] INFO  com.example.tailormaster.controller.dashboard.DashboardController - Total customers: 43
2025-05-04 20:04:46 [abdullateef] INFO  com.example.tailormaster.service.dashboard.DashboardService - Total orders: 50
2025-05-04 20:04:46 [abdullateef] INFO  com.example.tailormaster.controller.dashboard.DashboardController - Total orders: 50
2025-05-04 20:04:54 [abdullateef] INFO  com.example.tailormaster.filter.LoggingInterceptor - User 'abdullateef' is requesting: GET /tailor-master/customers
2025-05-04 20:04:55 [abdullateef] INFO  com.example.tailormaster.filter.LoggingInterceptor - User 'abdullateef' is requesting: GET /tailor-master/dashboard/notifications/upcoming-deliveries
2025-05-04 20:04:55 [abdullateef] INFO  com.example.tailormaster.controller.dashboard.DashboardController - Requested upcoming deliveries.
2025-05-04 20:04:55 [abdullateef] INFO  com.example.tailormaster.filter.LoggingInterceptor - User 'abdullateef' is requesting: GET /tailor-master/customers/datatable
2025-05-04 20:04:55 [abdullateef] INFO  com.example.tailormaster.controller.CustomerController - Fetching customers data with search value: , sort direction: asc, start date: null, end date: null
2025-05-04 20:04:55 [abdullateef] INFO  com.example.tailormaster.service.dashboard.DashboardService - Upcoming deliveries fetched: 8
2025-05-04 20:04:55 [abdullateef] INFO  com.example.tailormaster.controller.dashboard.DashboardController - Upcoming deliveries fetched: 8
2025-05-04 20:05:02 [abdullateef] INFO  com.example.tailormaster.filter.LoggingInterceptor - User 'abdullateef' is requesting: GET /tailor-master/customers/create
2025-05-04 20:05:02 [abdullateef] INFO  com.example.tailormaster.service.product.ProductService - Fetching all active products.
2025-05-04 20:05:02 [abdullateef] INFO  com.example.tailormaster.service.product.ProductService - Retrieved 2 active products.
2025-05-04 20:05:02 [abdullateef] ERROR org.thymeleaf.TemplateEngine - [THYMELEAF][http-nio-8080-exec-10] Exception processing template "customer/create": An error happened during template parsing (template: "class path resource [templates/customer/create.html]")
org.thymeleaf.exceptions.TemplateInputException: An error happened during template parsing (template: "class path resource [templates/customer/create.html]")
	at org.thymeleaf.templateparser.markup.AbstractMarkupTemplateParser.parse(AbstractMarkupTemplateParser.java:241) ~[thymeleaf-3.1.3.RELEASE.jar:3.1.3.RELEASE]
	at org.thymeleaf.templateparser.markup.AbstractMarkupTemplateParser.parseStandalone(AbstractMarkupTemplateParser.java:100) ~[thymeleaf-3.1.3.RELEASE.jar:3.1.3.RELEASE]
	at org.thymeleaf.engine.TemplateManager.parseAndProcess(TemplateManager.java:666) ~[thymeleaf-3.1.3.RELEASE.jar:3.1.3.RELEASE]
	at org.thymeleaf.TemplateEngine.process(TemplateEngine.java:1103) ~[thymeleaf-3.1.3.RELEASE.jar:3.1.3.RELEASE]
	at org.thymeleaf.TemplateEngine.process(TemplateEngine.java:1077) ~[thymeleaf-3.1.3.RELEASE.jar:3.1.3.RELEASE]
	at org.thymeleaf.spring6.view.ThymeleafView.renderFragment(ThymeleafView.java:372) ~[thymeleaf-spring6-3.1.3.RELEASE.jar:3.1.3.RELEASE]
	at org.thymeleaf.spring6.view.ThymeleafView.render(ThymeleafView.java:192) ~[thymeleaf-spring6-3.1.3.RELEASE.jar:3.1.3.RELEASE]
	at org.springframework.web.servlet.DispatcherServlet.render(DispatcherServlet.java:1435) ~[spring-webmvc-6.2.1.jar:6.2.1]
	at org.springframework.web.servlet.DispatcherServlet.processDispatchResult(DispatcherServlet.java:1167) ~[spring-webmvc-6.2.1.jar:6.2.1]
	at org.springframework.web.servlet.DispatcherServlet.doDispatch(DispatcherServlet.java:1105) ~[spring-webmvc-6.2.1.jar:6.2.1]
	at org.springframework.web.servlet.DispatcherServlet.doService(DispatcherServlet.java:978) ~[spring-webmvc-6.2.1.jar:6.2.1]
	at org.springframework.web.servlet.FrameworkServlet.processRequest(FrameworkServlet.java:1014) ~[spring-webmvc-6.2.1.jar:6.2.1]
	at org.springframework.web.servlet.FrameworkServlet.doGet(FrameworkServlet.java:903) ~[spring-webmvc-6.2.1.jar:6.2.1]
	at jakarta.servlet.http.HttpServlet.service(HttpServlet.java:564) ~[tomcat-embed-core-10.1.40.jar:6.0]
	at org.springframework.web.servlet.FrameworkServlet.service(FrameworkServlet.java:885) ~[spring-webmvc-6.2.1.jar:6.2.1]
	at jakarta.servlet.http.HttpServlet.service(HttpServlet.java:658) ~[tomcat-embed-core-10.1.40.jar:6.0]
	at org.apache.catalina.core.ApplicationFilterChain.internalDoFilter(ApplicationFilterChain.java:195) ~[tomcat-embed-core-10.1.40.jar:10.1.40]
	at org.apache.catalina.core.ApplicationFilterChain.doFilter(ApplicationFilterChain.java:140) ~[tomcat-embed-core-10.1.40.jar:10.1.40]
	at org.apache.tomcat.websocket.server.WsFilter.doFilter(WsFilter.java:51) ~[tomcat-embed-websocket-10.1.40.jar:10.1.40]
	at org.apache.catalina.core.ApplicationFilterChain.internalDoFilter(ApplicationFilterChain.java:164) ~[tomcat-embed-core-10.1.40.jar:10.1.40]
	at org.apache.catalina.core.ApplicationFilterChain.doFilter(ApplicationFilterChain.java:140) ~[tomcat-embed-core-10.1.40.jar:10.1.40]
	at com.example.tailormaster.filter.LoggingMDCFilter.doFilter(LoggingMDCFilter.java:30) ~[classes/:?]
	at org.apache.catalina.core.ApplicationFilterChain.internalDoFilter(ApplicationFilterChain.java:164) ~[tomcat-embed-core-10.1.40.jar:10.1.40]
	at org.apache.catalina.core.ApplicationFilterChain.doFilter(ApplicationFilterChain.java:140) ~[tomcat-embed-core-10.1.40.jar:10.1.40]
	at org.springframework.web.filter.CompositeFilter$VirtualFilterChain.doFilter(CompositeFilter.java:108) ~[spring-web-6.2.1.jar:6.2.1]
	at org.springframework.security.web.FilterChainProxy.lambda$doFilterInternal$3(FilterChainProxy.java:231) ~[spring-security-web-6.4.2.jar:6.4.2]
	at org.springframework.security.web.FilterChainProxy$VirtualFilterChain.doFilter(FilterChainProxy.java:365) ~[spring-security-web-6.4.2.jar:6.4.2]
	at org.springframework.security.web.access.intercept.AuthorizationFilter.doFilter(AuthorizationFilter.java:101) ~[spring-security-web-6.4.2.jar:6.4.2]
	at org.springframework.security.web.FilterChainProxy$VirtualFilterChain.doFilter(FilterChainProxy.java:374) ~[spring-security-web-6.4.2.jar:6.4.2]
	at org.springframework.security.web.access.ExceptionTranslationFilter.doFilter(ExceptionTranslationFilter.java:126) ~[spring-security-web-6.4.2.jar:6.4.2]
	at org.springframework.security.web.access.ExceptionTranslationFilter.doFilter(ExceptionTranslationFilter.java:120) ~[spring-security-web-6.4.2.jar:6.4.2]
	at org.springframework.security.web.FilterChainProxy$VirtualFilterChain.doFilter(FilterChainProxy.java:374) ~[spring-security-web-6.4.2.jar:6.4.2]
	at org.springframework.security.web.authentication.AnonymousAuthenticationFilter.doFilter(AnonymousAuthenticationFilter.java:100) ~[spring-security-web-6.4.2.jar:6.4.2]
	at org.springframework.security.web.FilterChainProxy$VirtualFilterChain.doFilter(FilterChainProxy.java:374) ~[spring-security-web-6.4.2.jar:6.4.2]
	at org.springframework.security.web.servletapi.SecurityContextHolderAwareRequestFilter.doFilter(SecurityContextHolderAwareRequestFilter.java:179) ~[spring-security-web-6.4.2.jar:6.4.2]
	at org.springframework.security.web.FilterChainProxy$VirtualFilterChain.doFilter(FilterChainProxy.java:374) ~[spring-security-web-6.4.2.jar:6.4.2]
	at org.springframework.security.web.savedrequest.RequestCacheAwareFilter.doFilter(RequestCacheAwareFilter.java:63) ~[spring-security-web-6.4.2.jar:6.4.2]
	at org.springframework.security.web.FilterChainProxy$VirtualFilterChain.doFilter(FilterChainProxy.java:374) ~[spring-security-web-6.4.2.jar:6.4.2]
	at org.springframework.security.web.authentication.AbstractAuthenticationProcessingFilter.doFilter(AbstractAuthenticationProcessingFilter.java:227) ~[spring-security-web-6.4.2.jar:6.4.2]
	at org.springframework.security.web.authentication.AbstractAuthenticationProcessingFilter.doFilter(AbstractAuthenticationProcessingFilter.java:221) ~[spring-security-web-6.4.2.jar:6.4.2]
	at org.springframework.security.web.FilterChainProxy$VirtualFilterChain.doFilter(FilterChainProxy.java:374) ~[spring-security-web-6.4.2.jar:6.4.2]
	at org.springframework.security.web.authentication.logout.LogoutFilter.doFilter(LogoutFilter.java:107) ~[spring-security-web-6.4.2.jar:6.4.2]
	at org.springframework.security.web.authentication.logout.LogoutFilter.doFilter(LogoutFilter.java:93) ~[spring-security-web-6.4.2.jar:6.4.2]
	at org.springframework.security.web.FilterChainProxy$VirtualFilterChain.doFilter(FilterChainProxy.java:374) ~[spring-security-web-6.4.2.jar:6.4.2]
	at org.springframework.security.web.csrf.CsrfFilter.doFilterInternal(CsrfFilter.java:117) ~[spring-security-web-6.4.2.jar:6.4.2]
	at org.springframework.web.filter.OncePerRequestFilter.doFilter(OncePerRequestFilter.java:116) ~[spring-web-6.2.1.jar:6.2.1]
	at org.springframework.security.web.FilterChainProxy$VirtualFilterChain.doFilter(FilterChainProxy.java:374) ~[spring-security-web-6.4.2.jar:6.4.2]
	at org.springframework.security.web.header.HeaderWriterFilter.doHeadersAfter(HeaderWriterFilter.java:90) ~[spring-security-web-6.4.2.jar:6.4.2]
	at org.springframework.security.web.header.HeaderWriterFilter.doFilterInternal(HeaderWriterFilter.java:75) ~[spring-security-web-6.4.2.jar:6.4.2]
	at org.springframework.web.filter.OncePerRequestFilter.doFilter(OncePerRequestFilter.java:116) ~[spring-web-6.2.1.jar:6.2.1]
	at org.springframework.security.web.FilterChainProxy$VirtualFilterChain.doFilter(FilterChainProxy.java:374) ~[spring-security-web-6.4.2.jar:6.4.2]
	at org.springframework.security.web.context.SecurityContextHolderFilter.doFilter(SecurityContextHolderFilter.java:82) ~[spring-security-web-6.4.2.jar:6.4.2]
	at org.springframework.security.web.context.SecurityContextHolderFilter.doFilter(SecurityContextHolderFilter.java:69) ~[spring-security-web-6.4.2.jar:6.4.2]
	at org.springframework.security.web.FilterChainProxy$VirtualFilterChain.doFilter(FilterChainProxy.java:374) ~[spring-security-web-6.4.2.jar:6.4.2]
	at org.springframework.security.web.context.request.async.WebAsyncManagerIntegrationFilter.doFilterInternal(WebAsyncManagerIntegrationFilter.java:62) ~[spring-security-web-6.4.2.jar:6.4.2]
	at org.springframework.web.filter.OncePerRequestFilter.doFilter(OncePerRequestFilter.java:116) ~[spring-web-6.2.1.jar:6.2.1]
	at org.springframework.security.web.FilterChainProxy$VirtualFilterChain.doFilter(FilterChainProxy.java:374) ~[spring-security-web-6.4.2.jar:6.4.2]
	at org.springframework.security.web.session.DisableEncodeUrlFilter.doFilterInternal(DisableEncodeUrlFilter.java:42) ~[spring-security-web-6.4.2.jar:6.4.2]
	at org.springframework.web.filter.OncePerRequestFilter.doFilter(OncePerRequestFilter.java:116) ~[spring-web-6.2.1.jar:6.2.1]
	at org.springframework.security.web.FilterChainProxy$VirtualFilterChain.doFilter(FilterChainProxy.java:374) ~[spring-security-web-6.4.2.jar:6.4.2]
	at org.springframework.security.web.FilterChainProxy.doFilterInternal(FilterChainProxy.java:233) ~[spring-security-web-6.4.2.jar:6.4.2]
	at org.springframework.security.web.FilterChainProxy.doFilter(FilterChainProxy.java:191) ~[spring-security-web-6.4.2.jar:6.4.2]
	at org.springframework.web.filter.CompositeFilter$VirtualFilterChain.doFilter(CompositeFilter.java:113) ~[spring-web-6.2.1.jar:6.2.1]
	at org.springframework.web.servlet.handler.HandlerMappingIntrospector.lambda$createCacheFilter$3(HandlerMappingIntrospector.java:243) ~[spring-webmvc-6.2.1.jar:6.2.1]
	at org.springframework.web.filter.CompositeFilter$VirtualFilterChain.doFilter(CompositeFilter.java:113) [spring-web-6.2.1.jar:6.2.1]
	at org.springframework.web.filter.CompositeFilter.doFilter(CompositeFilter.java:74) [spring-web-6.2.1.jar:6.2.1]
	at org.springframework.security.config.annotation.web.configuration.WebMvcSecurityConfiguration$CompositeFilterChainProxy.doFilter(WebMvcSecurityConfiguration.java:238) [spring-security-config-6.4.2.jar:6.4.2]
	at org.springframework.web.filter.DelegatingFilterProxy.invokeDelegate(DelegatingFilterProxy.java:362) [spring-web-6.2.1.jar:6.2.1]
	at org.springframework.web.filter.DelegatingFilterProxy.doFilter(DelegatingFilterProxy.java:278) [spring-web-6.2.1.jar:6.2.1]
	at org.apache.catalina.core.ApplicationFilterChain.internalDoFilter(ApplicationFilterChain.java:164) [tomcat-embed-core-10.1.40.jar:10.1.40]
	at org.apache.catalina.core.ApplicationFilterChain.doFilter(ApplicationFilterChain.java:140) [tomcat-embed-core-10.1.40.jar:10.1.40]
	at org.springframework.web.filter.RequestContextFilter.doFilterInternal(RequestContextFilter.java:100) [spring-web-6.2.1.jar:6.2.1]
	at org.springframework.web.filter.OncePerRequestFilter.doFilter(OncePerRequestFilter.java:116) [spring-web-6.2.1.jar:6.2.1]
	at org.apache.catalina.core.ApplicationFilterChain.internalDoFilter(ApplicationFilterChain.java:164) [tomcat-embed-core-10.1.40.jar:10.1.40]
	at org.apache.catalina.core.ApplicationFilterChain.doFilter(ApplicationFilterChain.java:140) [tomcat-embed-core-10.1.40.jar:10.1.40]
	at org.springframework.web.filter.FormContentFilter.doFilterInternal(FormContentFilter.java:93) [spring-web-6.2.1.jar:6.2.1]
	at org.springframework.web.filter.OncePerRequestFilter.doFilter(OncePerRequestFilter.java:116) [spring-web-6.2.1.jar:6.2.1]
	at org.apache.catalina.core.ApplicationFilterChain.internalDoFilter(ApplicationFilterChain.java:164) [tomcat-embed-core-10.1.40.jar:10.1.40]
	at org.apache.catalina.core.ApplicationFilterChain.doFilter(ApplicationFilterChain.java:140) [tomcat-embed-core-10.1.40.jar:10.1.40]
	at org.springframework.web.filter.CharacterEncodingFilter.doFilterInternal(CharacterEncodingFilter.java:201) [spring-web-6.2.1.jar:6.2.1]
	at org.springframework.web.filter.OncePerRequestFilter.doFilter(OncePerRequestFilter.java:116) [spring-web-6.2.1.jar:6.2.1]
	at org.apache.catalina.core.ApplicationFilterChain.internalDoFilter(ApplicationFilterChain.java:164) [tomcat-embed-core-10.1.40.jar:10.1.40]
	at org.apache.catalina.core.ApplicationFilterChain.doFilter(ApplicationFilterChain.java:140) [tomcat-embed-core-10.1.40.jar:10.1.40]
	at org.apache.catalina.core.StandardWrapperValve.invoke(StandardWrapperValve.java:167) [tomcat-embed-core-10.1.40.jar:10.1.40]
	at org.apache.catalina.core.StandardContextValve.invoke(StandardContextValve.java:90) [tomcat-embed-core-10.1.40.jar:10.1.40]
	at org.apache.catalina.authenticator.AuthenticatorBase.invoke(AuthenticatorBase.java:483) [tomcat-embed-core-10.1.40.jar:10.1.40]
	at org.apache.catalina.core.StandardHostValve.invoke(StandardHostValve.java:116) [tomcat-embed-core-10.1.40.jar:10.1.40]
	at org.apache.catalina.valves.ErrorReportValve.invoke(ErrorReportValve.java:93) [tomcat-embed-core-10.1.40.jar:10.1.40]
	at org.apache.catalina.core.StandardEngineValve.invoke(StandardEngineValve.java:74) [tomcat-embed-core-10.1.40.jar:10.1.40]
	at org.apache.catalina.connector.CoyoteAdapter.service(CoyoteAdapter.java:344) [tomcat-embed-core-10.1.40.jar:10.1.40]
	at org.apache.coyote.http11.Http11Processor.service(Http11Processor.java:398) [tomcat-embed-core-10.1.40.jar:10.1.40]
	at org.apache.coyote.AbstractProcessorLight.process(AbstractProcessorLight.java:63) [tomcat-embed-core-10.1.40.jar:10.1.40]
	at org.apache.coyote.AbstractProtocol$ConnectionHandler.process(AbstractProtocol.java:903) [tomcat-embed-core-10.1.40.jar:10.1.40]
	at org.apache.tomcat.util.net.NioEndpoint$SocketProcessor.doRun(NioEndpoint.java:1740) [tomcat-embed-core-10.1.40.jar:10.1.40]
	at org.apache.tomcat.util.net.SocketProcessorBase.run(SocketProcessorBase.java:52) [tomcat-embed-core-10.1.40.jar:10.1.40]
	at org.apache.tomcat.util.threads.ThreadPoolExecutor.runWorker(ThreadPoolExecutor.java:1189) [tomcat-embed-core-10.1.40.jar:10.1.40]
	at org.apache.tomcat.util.threads.ThreadPoolExecutor$Worker.run(ThreadPoolExecutor.java:658) [tomcat-embed-core-10.1.40.jar:10.1.40]
	at org.apache.tomcat.util.threads.TaskThread$WrappingRunnable.run(TaskThread.java:63) [tomcat-embed-core-10.1.40.jar:10.1.40]
	at java.base/java.lang.Thread.run(Thread.java:833) [?:?]
Caused by: org.attoparser.ParseException: Exception evaluating SpringEL expression: "product.id" (template: "customer/create" - line 89, col 73)
	at org.attoparser.MarkupParser.parseDocument(MarkupParser.java:393) ~[attoparser-2.0.7.RELEASE.jar:2.0.7.RELEASE]
	at org.attoparser.MarkupParser.parse(MarkupParser.java:257) ~[attoparser-2.0.7.RELEASE.jar:2.0.7.RELEASE]
	at org.thymeleaf.templateparser.markup.AbstractMarkupTemplateParser.parse(AbstractMarkupTemplateParser.java:230) ~[thymeleaf-3.1.3.RELEASE.jar:3.1.3.RELEASE]
	... 98 more
Caused by: org.thymeleaf.exceptions.TemplateProcessingException: Exception evaluating SpringEL expression: "product.id" (template: "customer/create" - line 89, col 73)
	at org.thymeleaf.spring6.expression.SPELVariableExpressionEvaluator.evaluate(SPELVariableExpressionEvaluator.java:292) ~[thymeleaf-spring6-3.1.3.RELEASE.jar:3.1.3.RELEASE]
	at org.thymeleaf.standard.expression.VariableExpression.executeVariableExpression(VariableExpression.java:166) ~[thymeleaf-3.1.3.RELEASE.jar:3.1.3.RELEASE]
	at org.thymeleaf.standard.expression.SimpleExpression.executeSimple(SimpleExpression.java:66) ~[thymeleaf-3.1.3.RELEASE.jar:3.1.3.RELEASE]
	at org.thymeleaf.standard.expression.Expression.execute(Expression.java:109) ~[thymeleaf-3.1.3.RELEASE.jar:3.1.3.RELEASE]
	at org.thymeleaf.standard.expression.Expression.execute(Expression.java:138) ~[thymeleaf-3.1.3.RELEASE.jar:3.1.3.RELEASE]
	at org.thymeleaf.standard.expression.Expression.execute(Expression.java:125) ~[thymeleaf-3.1.3.RELEASE.jar:3.1.3.RELEASE]
	at org.thymeleaf.standard.inline.AbstractStandardInliner.processExpression(AbstractStandardInliner.java:528) ~[thymeleaf-3.1.3.RELEASE.jar:3.1.3.RELEASE]
	at org.thymeleaf.standard.inline.AbstractStandardInliner.performInlining(AbstractStandardInliner.java:389) ~[thymeleaf-3.1.3.RELEASE.jar:3.1.3.RELEASE]
	at org.thymeleaf.standard.inline.AbstractStandardInliner.inline(AbstractStandardInliner.java:283) ~[thymeleaf-3.1.3.RELEASE.jar:3.1.3.RELEASE]
	at org.thymeleaf.standard.processor.StandardInliningCommentProcessor.doProcess(StandardInliningCommentProcessor.java:55) ~[thymeleaf-3.1.3.RELEASE.jar:3.1.3.RELEASE]
	at org.thymeleaf.processor.comment.AbstractCommentProcessor.process(AbstractCommentProcessor.java:57) ~[thymeleaf-3.1.3.RELEASE.jar:3.1.3.RELEASE]
	at org.thymeleaf.util.ProcessorConfigurationUtils$CommentProcessorWrapper.process(ProcessorConfigurationUtils.java:681) ~[thymeleaf-3.1.3.RELEASE.jar:3.1.3.RELEASE]
	at org.thymeleaf.engine.ProcessorTemplateHandler.handleComment(ProcessorTemplateHandler.java:665) ~[thymeleaf-3.1.3.RELEASE.jar:3.1.3.RELEASE]
	at org.thymeleaf.engine.TemplateHandlerAdapterMarkupHandler.handleComment(TemplateHandlerAdapterMarkupHandler.java:205) ~[thymeleaf-3.1.3.RELEASE.jar:3.1.3.RELEASE]
	at org.attoparser.AbstractChainedMarkupHandler.handleComment(AbstractChainedMarkupHandler.java:193) ~[attoparser-2.0.7.RELEASE.jar:2.0.7.RELEASE]
	at org.attoparser.HtmlMarkupHandler.handleComment(HtmlMarkupHandler.java:195) ~[attoparser-2.0.7.RELEASE.jar:2.0.7.RELEASE]
	at org.attoparser.AbstractChainedMarkupHandler.handleComment(AbstractChainedMarkupHandler.java:193) ~[attoparser-2.0.7.RELEASE.jar:2.0.7.RELEASE]
	at org.attoparser.ParsingCommentMarkupUtil.parseComment(ParsingCommentMarkupUtil.java:54) ~[attoparser-2.0.7.RELEASE.jar:2.0.7.RELEASE]
	at org.attoparser.MarkupParser.parseBuffer(MarkupParser.java:753) ~[attoparser-2.0.7.RELEASE.jar:2.0.7.RELEASE]
	at org.attoparser.MarkupParser.parseDocument(MarkupParser.java:301) ~[attoparser-2.0.7.RELEASE.jar:2.0.7.RELEASE]
	at org.attoparser.MarkupParser.parse(MarkupParser.java:257) ~[attoparser-2.0.7.RELEASE.jar:2.0.7.RELEASE]
	at org.thymeleaf.templateparser.markup.AbstractMarkupTemplateParser.parse(AbstractMarkupTemplateParser.java:230) ~[thymeleaf-3.1.3.RELEASE.jar:3.1.3.RELEASE]
	... 98 more
Caused by: org.springframework.expression.spel.SpelEvaluationException: EL1007E: Property or field 'id' cannot be found on null
	at org.springframework.expression.spel.ast.PropertyOrFieldReference.readProperty(PropertyOrFieldReference.java:225) ~[spring-expression-6.2.1.jar:6.2.1]
	at org.springframework.expression.spel.ast.PropertyOrFieldReference.getValueInternal(PropertyOrFieldReference.java:112) ~[spring-expression-6.2.1.jar:6.2.1]
	at org.springframework.expression.spel.ast.PropertyOrFieldReference$AccessorValueRef.getValue(PropertyOrFieldReference.java:376) ~[spring-expression-6.2.1.jar:6.2.1]
	at org.springframework.expression.spel.ast.CompoundExpression.getValueInternal(CompoundExpression.java:97) ~[spring-expression-6.2.1.jar:6.2.1]
	at org.springframework.expression.spel.ast.SpelNodeImpl.getValue(SpelNodeImpl.java:116) ~[spring-expression-6.2.1.jar:6.2.1]
	at org.springframework.expression.spel.standard.SpelExpression.getValue(SpelExpression.java:338) ~[spring-expression-6.2.1.jar:6.2.1]
	at org.thymeleaf.spring6.expression.SPELVariableExpressionEvaluator.evaluate(SPELVariableExpressionEvaluator.java:265) ~[thymeleaf-spring6-3.1.3.RELEASE.jar:3.1.3.RELEASE]
	at org.thymeleaf.standard.expression.VariableExpression.executeVariableExpression(VariableExpression.java:166) ~[thymeleaf-3.1.3.RELEASE.jar:3.1.3.RELEASE]
	at org.thymeleaf.standard.expression.SimpleExpression.executeSimple(SimpleExpression.java:66) ~[thymeleaf-3.1.3.RELEASE.jar:3.1.3.RELEASE]
	at org.thymeleaf.standard.expression.Expression.execute(Expression.java:109) ~[thymeleaf-3.1.3.RELEASE.jar:3.1.3.RELEASE]
	at org.thymeleaf.standard.expression.Expression.execute(Expression.java:138) ~[thymeleaf-3.1.3.RELEASE.jar:3.1.3.RELEASE]
	at org.thymeleaf.standard.expression.Expression.execute(Expression.java:125) ~[thymeleaf-3.1.3.RELEASE.jar:3.1.3.RELEASE]
	at org.thymeleaf.standard.inline.AbstractStandardInliner.processExpression(AbstractStandardInliner.java:528) ~[thymeleaf-3.1.3.RELEASE.jar:3.1.3.RELEASE]
	at org.thymeleaf.standard.inline.AbstractStandardInliner.performInlining(AbstractStandardInliner.java:389) ~[thymeleaf-3.1.3.RELEASE.jar:3.1.3.RELEASE]
	at org.thymeleaf.standard.inline.AbstractStandardInliner.inline(AbstractStandardInliner.java:283) ~[thymeleaf-3.1.3.RELEASE.jar:3.1.3.RELEASE]
	at org.thymeleaf.standard.processor.StandardInliningCommentProcessor.doProcess(StandardInliningCommentProcessor.java:55) ~[thymeleaf-3.1.3.RELEASE.jar:3.1.3.RELEASE]
	at org.thymeleaf.processor.comment.AbstractCommentProcessor.process(AbstractCommentProcessor.java:57) ~[thymeleaf-3.1.3.RELEASE.jar:3.1.3.RELEASE]
	at org.thymeleaf.util.ProcessorConfigurationUtils$CommentProcessorWrapper.process(ProcessorConfigurationUtils.java:681) ~[thymeleaf-3.1.3.RELEASE.jar:3.1.3.RELEASE]
	at org.thymeleaf.engine.ProcessorTemplateHandler.handleComment(ProcessorTemplateHandler.java:665) ~[thymeleaf-3.1.3.RELEASE.jar:3.1.3.RELEASE]
	at org.thymeleaf.engine.TemplateHandlerAdapterMarkupHandler.handleComment(TemplateHandlerAdapterMarkupHandler.java:205) ~[thymeleaf-3.1.3.RELEASE.jar:3.1.3.RELEASE]
	at org.attoparser.AbstractChainedMarkupHandler.handleComment(AbstractChainedMarkupHandler.java:193) ~[attoparser-2.0.7.RELEASE.jar:2.0.7.RELEASE]
	at org.attoparser.HtmlMarkupHandler.handleComment(HtmlMarkupHandler.java:195) ~[attoparser-2.0.7.RELEASE.jar:2.0.7.RELEASE]
	at org.attoparser.AbstractChainedMarkupHandler.handleComment(AbstractChainedMarkupHandler.java:193) ~[attoparser-2.0.7.RELEASE.jar:2.0.7.RELEASE]
	at org.attoparser.ParsingCommentMarkupUtil.parseComment(ParsingCommentMarkupUtil.java:54) ~[attoparser-2.0.7.RELEASE.jar:2.0.7.RELEASE]
	at org.attoparser.MarkupParser.parseBuffer(MarkupParser.java:753) ~[attoparser-2.0.7.RELEASE.jar:2.0.7.RELEASE]
	at org.attoparser.MarkupParser.parseDocument(MarkupParser.java:301) ~[attoparser-2.0.7.RELEASE.jar:2.0.7.RELEASE]
	at org.attoparser.MarkupParser.parse(MarkupParser.java:257) ~[attoparser-2.0.7.RELEASE.jar:2.0.7.RELEASE]
	at org.thymeleaf.templateparser.markup.AbstractMarkupTemplateParser.parse(AbstractMarkupTemplateParser.java:230) ~[thymeleaf-3.1.3.RELEASE.jar:3.1.3.RELEASE]
	... 98 more
2025-05-04 20:05:02 [] ERROR org.apache.catalina.core.ContainerBase.[Tomcat].[localhost].[/tailor-master].[dispatcherServlet] - Servlet.service() for servlet [dispatcherServlet] in context with path [/tailor-master] threw exception [Request processing failed: org.thymeleaf.exceptions.TemplateInputException: An error happened during template parsing (template: "class path resource [templates/customer/create.html]")] with root cause
org.springframework.expression.spel.SpelEvaluationException: EL1007E: Property or field 'id' cannot be found on null
	at org.springframework.expression.spel.ast.PropertyOrFieldReference.readProperty(PropertyOrFieldReference.java:225) ~[spring-expression-6.2.1.jar:6.2.1]
	at org.springframework.expression.spel.ast.PropertyOrFieldReference.getValueInternal(PropertyOrFieldReference.java:112) ~[spring-expression-6.2.1.jar:6.2.1]
	at org.springframework.expression.spel.ast.PropertyOrFieldReference$AccessorValueRef.getValue(PropertyOrFieldReference.java:376) ~[spring-expression-6.2.1.jar:6.2.1]
	at org.springframework.expression.spel.ast.CompoundExpression.getValueInternal(CompoundExpression.java:97) ~[spring-expression-6.2.1.jar:6.2.1]
	at org.springframework.expression.spel.ast.SpelNodeImpl.getValue(SpelNodeImpl.java:116) ~[spring-expression-6.2.1.jar:6.2.1]
	at org.springframework.expression.spel.standard.SpelExpression.getValue(SpelExpression.java:338) ~[spring-expression-6.2.1.jar:6.2.1]
	at org.thymeleaf.spring6.expression.SPELVariableExpressionEvaluator.evaluate(SPELVariableExpressionEvaluator.java:265) ~[thymeleaf-spring6-3.1.3.RELEASE.jar:3.1.3.RELEASE]
	at org.thymeleaf.standard.expression.VariableExpression.executeVariableExpression(VariableExpression.java:166) ~[thymeleaf-3.1.3.RELEASE.jar:3.1.3.RELEASE]
	at org.thymeleaf.standard.expression.SimpleExpression.executeSimple(SimpleExpression.java:66) ~[thymeleaf-3.1.3.RELEASE.jar:3.1.3.RELEASE]
	at org.thymeleaf.standard.expression.Expression.execute(Expression.java:109) ~[thymeleaf-3.1.3.RELEASE.jar:3.1.3.RELEASE]
	at org.thymeleaf.standard.expression.Expression.execute(Expression.java:138) ~[thymeleaf-3.1.3.RELEASE.jar:3.1.3.RELEASE]
	at org.thymeleaf.standard.expression.Expression.execute(Expression.java:125) ~[thymeleaf-3.1.3.RELEASE.jar:3.1.3.RELEASE]
	at org.thymeleaf.standard.inline.AbstractStandardInliner.processExpression(AbstractStandardInliner.java:528) ~[thymeleaf-3.1.3.RELEASE.jar:3.1.3.RELEASE]
	at org.thymeleaf.standard.inline.AbstractStandardInliner.performInlining(AbstractStandardInliner.java:389) ~[thymeleaf-3.1.3.RELEASE.jar:3.1.3.RELEASE]
	at org.thymeleaf.standard.inline.AbstractStandardInliner.inline(AbstractStandardInliner.java:283) ~[thymeleaf-3.1.3.RELEASE.jar:3.1.3.RELEASE]
	at org.thymeleaf.standard.processor.StandardInliningCommentProcessor.doProcess(StandardInliningCommentProcessor.java:55) ~[thymeleaf-3.1.3.RELEASE.jar:3.1.3.RELEASE]
	at org.thymeleaf.processor.comment.AbstractCommentProcessor.process(AbstractCommentProcessor.java:57) ~[thymeleaf-3.1.3.RELEASE.jar:3.1.3.RELEASE]
	at org.thymeleaf.util.ProcessorConfigurationUtils$CommentProcessorWrapper.process(ProcessorConfigurationUtils.java:681) ~[thymeleaf-3.1.3.RELEASE.jar:3.1.3.RELEASE]
	at org.thymeleaf.engine.ProcessorTemplateHandler.handleComment(ProcessorTemplateHandler.java:665) ~[thymeleaf-3.1.3.RELEASE.jar:3.1.3.RELEASE]
	at org.thymeleaf.engine.TemplateHandlerAdapterMarkupHandler.handleComment(TemplateHandlerAdapterMarkupHandler.java:205) ~[thymeleaf-3.1.3.RELEASE.jar:3.1.3.RELEASE]
	at org.attoparser.AbstractChainedMarkupHandler.handleComment(AbstractChainedMarkupHandler.java:193) ~[attoparser-2.0.7.RELEASE.jar:2.0.7.RELEASE]
	at org.attoparser.HtmlMarkupHandler.handleComment(HtmlMarkupHandler.java:195) ~[attoparser-2.0.7.RELEASE.jar:2.0.7.RELEASE]
	at org.attoparser.AbstractChainedMarkupHandler.handleComment(AbstractChainedMarkupHandler.java:193) ~[attoparser-2.0.7.RELEASE.jar:2.0.7.RELEASE]
	at org.attoparser.ParsingCommentMarkupUtil.parseComment(ParsingCommentMarkupUtil.java:54) ~[attoparser-2.0.7.RELEASE.jar:2.0.7.RELEASE]
	at org.attoparser.MarkupParser.parseBuffer(MarkupParser.java:753) ~[attoparser-2.0.7.RELEASE.jar:2.0.7.RELEASE]
	at org.attoparser.MarkupParser.parseDocument(MarkupParser.java:301) ~[attoparser-2.0.7.RELEASE.jar:2.0.7.RELEASE]
	at org.attoparser.MarkupParser.parse(MarkupParser.java:257) ~[attoparser-2.0.7.RELEASE.jar:2.0.7.RELEASE]
	at org.thymeleaf.templateparser.markup.AbstractMarkupTemplateParser.parse(AbstractMarkupTemplateParser.java:230) ~[thymeleaf-3.1.3.RELEASE.jar:3.1.3.RELEASE]
	at org.thymeleaf.templateparser.markup.AbstractMarkupTemplateParser.parseStandalone(AbstractMarkupTemplateParser.java:100) ~[thymeleaf-3.1.3.RELEASE.jar:3.1.3.RELEASE]
	at org.thymeleaf.engine.TemplateManager.parseAndProcess(TemplateManager.java:666) ~[thymeleaf-3.1.3.RELEASE.jar:3.1.3.RELEASE]
	at org.thymeleaf.TemplateEngine.process(TemplateEngine.java:1103) ~[thymeleaf-3.1.3.RELEASE.jar:3.1.3.RELEASE]
	at org.thymeleaf.TemplateEngine.process(TemplateEngine.java:1077) ~[thymeleaf-3.1.3.RELEASE.jar:3.1.3.RELEASE]
	at org.thymeleaf.spring6.view.ThymeleafView.renderFragment(ThymeleafView.java:372) ~[thymeleaf-spring6-3.1.3.RELEASE.jar:3.1.3.RELEASE]
	at org.thymeleaf.spring6.view.ThymeleafView.render(ThymeleafView.java:192) ~[thymeleaf-spring6-3.1.3.RELEASE.jar:3.1.3.RELEASE]
	at org.springframework.web.servlet.DispatcherServlet.render(DispatcherServlet.java:1435) ~[spring-webmvc-6.2.1.jar:6.2.1]
	at org.springframework.web.servlet.DispatcherServlet.processDispatchResult(DispatcherServlet.java:1167) ~[spring-webmvc-6.2.1.jar:6.2.1]
	at org.springframework.web.servlet.DispatcherServlet.doDispatch(DispatcherServlet.java:1105) ~[spring-webmvc-6.2.1.jar:6.2.1]
	at org.springframework.web.servlet.DispatcherServlet.doService(DispatcherServlet.java:978) ~[spring-webmvc-6.2.1.jar:6.2.1]
	at org.springframework.web.servlet.FrameworkServlet.processRequest(FrameworkServlet.java:1014) ~[spring-webmvc-6.2.1.jar:6.2.1]
	at org.springframework.web.servlet.FrameworkServlet.doGet(FrameworkServlet.java:903) ~[spring-webmvc-6.2.1.jar:6.2.1]
	at jakarta.servlet.http.HttpServlet.service(HttpServlet.java:564) ~[tomcat-embed-core-10.1.40.jar:6.0]
	at org.springframework.web.servlet.FrameworkServlet.service(FrameworkServlet.java:885) ~[spring-webmvc-6.2.1.jar:6.2.1]
	at jakarta.servlet.http.HttpServlet.service(HttpServlet.java:658) ~[tomcat-embed-core-10.1.40.jar:6.0]
	at org.apache.catalina.core.ApplicationFilterChain.internalDoFilter(ApplicationFilterChain.java:195) ~[tomcat-embed-core-10.1.40.jar:10.1.40]
	at org.apache.catalina.core.ApplicationFilterChain.doFilter(ApplicationFilterChain.java:140) ~[tomcat-embed-core-10.1.40.jar:10.1.40]
	at org.apache.tomcat.websocket.server.WsFilter.doFilter(WsFilter.java:51) ~[tomcat-embed-websocket-10.1.40.jar:10.1.40]
	at org.apache.catalina.core.ApplicationFilterChain.internalDoFilter(ApplicationFilterChain.java:164) ~[tomcat-embed-core-10.1.40.jar:10.1.40]
	at org.apache.catalina.core.ApplicationFilterChain.doFilter(ApplicationFilterChain.java:140) ~[tomcat-embed-core-10.1.40.jar:10.1.40]
	at com.example.tailormaster.filter.LoggingMDCFilter.doFilter(LoggingMDCFilter.java:30) ~[classes/:?]
	at org.apache.catalina.core.ApplicationFilterChain.internalDoFilter(ApplicationFilterChain.java:164) ~[tomcat-embed-core-10.1.40.jar:10.1.40]
	at org.apache.catalina.core.ApplicationFilterChain.doFilter(ApplicationFilterChain.java:140) ~[tomcat-embed-core-10.1.40.jar:10.1.40]
	at org.springframework.web.filter.CompositeFilter$VirtualFilterChain.doFilter(CompositeFilter.java:108) ~[spring-web-6.2.1.jar:6.2.1]
	at org.springframework.security.web.FilterChainProxy.lambda$doFilterInternal$3(FilterChainProxy.java:231) ~[spring-security-web-6.4.2.jar:6.4.2]
	at org.springframework.security.web.FilterChainProxy$VirtualFilterChain.doFilter(FilterChainProxy.java:365) ~[spring-security-web-6.4.2.jar:6.4.2]
	at org.springframework.security.web.access.intercept.AuthorizationFilter.doFilter(AuthorizationFilter.java:101) ~[spring-security-web-6.4.2.jar:6.4.2]
	at org.springframework.security.web.FilterChainProxy$VirtualFilterChain.doFilter(FilterChainProxy.java:374) ~[spring-security-web-6.4.2.jar:6.4.2]
	at org.springframework.security.web.access.ExceptionTranslationFilter.doFilter(ExceptionTranslationFilter.java:126) ~[spring-security-web-6.4.2.jar:6.4.2]
	at org.springframework.security.web.access.ExceptionTranslationFilter.doFilter(ExceptionTranslationFilter.java:120) ~[spring-security-web-6.4.2.jar:6.4.2]
	at org.springframework.security.web.FilterChainProxy$VirtualFilterChain.doFilter(FilterChainProxy.java:374) ~[spring-security-web-6.4.2.jar:6.4.2]
	at org.springframework.security.web.authentication.AnonymousAuthenticationFilter.doFilter(AnonymousAuthenticationFilter.java:100) ~[spring-security-web-6.4.2.jar:6.4.2]
	at org.springframework.security.web.FilterChainProxy$VirtualFilterChain.doFilter(FilterChainProxy.java:374) ~[spring-security-web-6.4.2.jar:6.4.2]
	at org.springframework.security.web.servletapi.SecurityContextHolderAwareRequestFilter.doFilter(SecurityContextHolderAwareRequestFilter.java:179) ~[spring-security-web-6.4.2.jar:6.4.2]
	at org.springframework.security.web.FilterChainProxy$VirtualFilterChain.doFilter(FilterChainProxy.java:374) ~[spring-security-web-6.4.2.jar:6.4.2]
	at org.springframework.security.web.savedrequest.RequestCacheAwareFilter.doFilter(RequestCacheAwareFilter.java:63) ~[spring-security-web-6.4.2.jar:6.4.2]
	at org.springframework.security.web.FilterChainProxy$VirtualFilterChain.doFilter(FilterChainProxy.java:374) ~[spring-security-web-6.4.2.jar:6.4.2]
	at org.springframework.security.web.authentication.AbstractAuthenticationProcessingFilter.doFilter(AbstractAuthenticationProcessingFilter.java:227) ~[spring-security-web-6.4.2.jar:6.4.2]
	at org.springframework.security.web.authentication.AbstractAuthenticationProcessingFilter.doFilter(AbstractAuthenticationProcessingFilter.java:221) ~[spring-security-web-6.4.2.jar:6.4.2]
	at org.springframework.security.web.FilterChainProxy$VirtualFilterChain.doFilter(FilterChainProxy.java:374) ~[spring-security-web-6.4.2.jar:6.4.2]
	at org.springframework.security.web.authentication.logout.LogoutFilter.doFilter(LogoutFilter.java:107) ~[spring-security-web-6.4.2.jar:6.4.2]
	at org.springframework.security.web.authentication.logout.LogoutFilter.doFilter(LogoutFilter.java:93) ~[spring-security-web-6.4.2.jar:6.4.2]
	at org.springframework.security.web.FilterChainProxy$VirtualFilterChain.doFilter(FilterChainProxy.java:374) ~[spring-security-web-6.4.2.jar:6.4.2]
	at org.springframework.security.web.csrf.CsrfFilter.doFilterInternal(CsrfFilter.java:117) ~[spring-security-web-6.4.2.jar:6.4.2]
	at org.springframework.web.filter.OncePerRequestFilter.doFilter(OncePerRequestFilter.java:116) ~[spring-web-6.2.1.jar:6.2.1]
	at org.springframework.security.web.FilterChainProxy$VirtualFilterChain.doFilter(FilterChainProxy.java:374) ~[spring-security-web-6.4.2.jar:6.4.2]
	at org.springframework.security.web.header.HeaderWriterFilter.doHeadersAfter(HeaderWriterFilter.java:90) ~[spring-security-web-6.4.2.jar:6.4.2]
	at org.springframework.security.web.header.HeaderWriterFilter.doFilterInternal(HeaderWriterFilter.java:75) ~[spring-security-web-6.4.2.jar:6.4.2]
	at org.springframework.web.filter.OncePerRequestFilter.doFilter(OncePerRequestFilter.java:116) ~[spring-web-6.2.1.jar:6.2.1]
	at org.springframework.security.web.FilterChainProxy$VirtualFilterChain.doFilter(FilterChainProxy.java:374) ~[spring-security-web-6.4.2.jar:6.4.2]
	at org.springframework.security.web.context.SecurityContextHolderFilter.doFilter(SecurityContextHolderFilter.java:82) ~[spring-security-web-6.4.2.jar:6.4.2]
	at org.springframework.security.web.context.SecurityContextHolderFilter.doFilter(SecurityContextHolderFilter.java:69) ~[spring-security-web-6.4.2.jar:6.4.2]
	at org.springframework.security.web.FilterChainProxy$VirtualFilterChain.doFilter(FilterChainProxy.java:374) ~[spring-security-web-6.4.2.jar:6.4.2]
	at org.springframework.security.web.context.request.async.WebAsyncManagerIntegrationFilter.doFilterInternal(WebAsyncManagerIntegrationFilter.java:62) ~[spring-security-web-6.4.2.jar:6.4.2]
	at org.springframework.web.filter.OncePerRequestFilter.doFilter(OncePerRequestFilter.java:116) ~[spring-web-6.2.1.jar:6.2.1]
	at org.springframework.security.web.FilterChainProxy$VirtualFilterChain.doFilter(FilterChainProxy.java:374) ~[spring-security-web-6.4.2.jar:6.4.2]
	at org.springframework.security.web.session.DisableEncodeUrlFilter.doFilterInternal(DisableEncodeUrlFilter.java:42) ~[spring-security-web-6.4.2.jar:6.4.2]
	at org.springframework.web.filter.OncePerRequestFilter.doFilter(OncePerRequestFilter.java:116) ~[spring-web-6.2.1.jar:6.2.1]
	at org.springframework.security.web.FilterChainProxy$VirtualFilterChain.doFilter(FilterChainProxy.java:374) ~[spring-security-web-6.4.2.jar:6.4.2]
	at org.springframework.security.web.FilterChainProxy.doFilterInternal(FilterChainProxy.java:233) ~[spring-security-web-6.4.2.jar:6.4.2]
	at org.springframework.security.web.FilterChainProxy.doFilter(FilterChainProxy.java:191) ~[spring-security-web-6.4.2.jar:6.4.2]
	at org.springframework.web.filter.CompositeFilter$VirtualFilterChain.doFilter(CompositeFilter.java:113) ~[spring-web-6.2.1.jar:6.2.1]
	at org.springframework.web.servlet.handler.HandlerMappingIntrospector.lambda$createCacheFilter$3(HandlerMappingIntrospector.java:243) ~[spring-webmvc-6.2.1.jar:6.2.1]
	at org.springframework.web.filter.CompositeFilter$VirtualFilterChain.doFilter(CompositeFilter.java:113) ~[spring-web-6.2.1.jar:6.2.1]
	at org.springframework.web.filter.CompositeFilter.doFilter(CompositeFilter.java:74) ~[spring-web-6.2.1.jar:6.2.1]
	at org.springframework.security.config.annotation.web.configuration.WebMvcSecurityConfiguration$CompositeFilterChainProxy.doFilter(WebMvcSecurityConfiguration.java:238) ~[spring-security-config-6.4.2.jar:6.4.2]
	at org.springframework.web.filter.DelegatingFilterProxy.invokeDelegate(DelegatingFilterProxy.java:362) ~[spring-web-6.2.1.jar:6.2.1]
	at org.springframework.web.filter.DelegatingFilterProxy.doFilter(DelegatingFilterProxy.java:278) ~[spring-web-6.2.1.jar:6.2.1]
	at org.apache.catalina.core.ApplicationFilterChain.internalDoFilter(ApplicationFilterChain.java:164) ~[tomcat-embed-core-10.1.40.jar:10.1.40]
	at org.apache.catalina.core.ApplicationFilterChain.doFilter(ApplicationFilterChain.java:140) ~[tomcat-embed-core-10.1.40.jar:10.1.40]
	at org.springframework.web.filter.RequestContextFilter.doFilterInternal(RequestContextFilter.java:100) ~[spring-web-6.2.1.jar:6.2.1]
	at org.springframework.web.filter.OncePerRequestFilter.doFilter(OncePerRequestFilter.java:116) ~[spring-web-6.2.1.jar:6.2.1]
	at org.apache.catalina.core.ApplicationFilterChain.internalDoFilter(ApplicationFilterChain.java:164) ~[tomcat-embed-core-10.1.40.jar:10.1.40]
	at org.apache.catalina.core.ApplicationFilterChain.doFilter(ApplicationFilterChain.java:140) ~[tomcat-embed-core-10.1.40.jar:10.1.40]
	at org.springframework.web.filter.FormContentFilter.doFilterInternal(FormContentFilter.java:93) ~[spring-web-6.2.1.jar:6.2.1]
	at org.springframework.web.filter.OncePerRequestFilter.doFilter(OncePerRequestFilter.java:116) ~[spring-web-6.2.1.jar:6.2.1]
	at org.apache.catalina.core.ApplicationFilterChain.internalDoFilter(ApplicationFilterChain.java:164) ~[tomcat-embed-core-10.1.40.jar:10.1.40]
	at org.apache.catalina.core.ApplicationFilterChain.doFilter(ApplicationFilterChain.java:140) ~[tomcat-embed-core-10.1.40.jar:10.1.40]
	at org.springframework.web.filter.CharacterEncodingFilter.doFilterInternal(CharacterEncodingFilter.java:201) ~[spring-web-6.2.1.jar:6.2.1]
	at org.springframework.web.filter.OncePerRequestFilter.doFilter(OncePerRequestFilter.java:116) ~[spring-web-6.2.1.jar:6.2.1]
	at org.apache.catalina.core.ApplicationFilterChain.internalDoFilter(ApplicationFilterChain.java:164) ~[tomcat-embed-core-10.1.40.jar:10.1.40]
	at org.apache.catalina.core.ApplicationFilterChain.doFilter(ApplicationFilterChain.java:140) ~[tomcat-embed-core-10.1.40.jar:10.1.40]
	at org.apache.catalina.core.StandardWrapperValve.invoke(StandardWrapperValve.java:167) [tomcat-embed-core-10.1.40.jar:10.1.40]
	at org.apache.catalina.core.StandardContextValve.invoke(StandardContextValve.java:90) [tomcat-embed-core-10.1.40.jar:10.1.40]
	at org.apache.catalina.authenticator.AuthenticatorBase.invoke(AuthenticatorBase.java:483) [tomcat-embed-core-10.1.40.jar:10.1.40]
	at org.apache.catalina.core.StandardHostValve.invoke(StandardHostValve.java:116) [tomcat-embed-core-10.1.40.jar:10.1.40]
	at org.apache.catalina.valves.ErrorReportValve.invoke(ErrorReportValve.java:93) [tomcat-embed-core-10.1.40.jar:10.1.40]
	at org.apache.catalina.core.StandardEngineValve.invoke(StandardEngineValve.java:74) [tomcat-embed-core-10.1.40.jar:10.1.40]
	at org.apache.catalina.connector.CoyoteAdapter.service(CoyoteAdapter.java:344) [tomcat-embed-core-10.1.40.jar:10.1.40]
	at org.apache.coyote.http11.Http11Processor.service(Http11Processor.java:398) [tomcat-embed-core-10.1.40.jar:10.1.40]
	at org.apache.coyote.AbstractProcessorLight.process(AbstractProcessorLight.java:63) [tomcat-embed-core-10.1.40.jar:10.1.40]
	at org.apache.coyote.AbstractProtocol$ConnectionHandler.process(AbstractProtocol.java:903) [tomcat-embed-core-10.1.40.jar:10.1.40]
	at org.apache.tomcat.util.net.NioEndpoint$SocketProcessor.doRun(NioEndpoint.java:1740) [tomcat-embed-core-10.1.40.jar:10.1.40]
	at org.apache.tomcat.util.net.SocketProcessorBase.run(SocketProcessorBase.java:52) [tomcat-embed-core-10.1.40.jar:10.1.40]
	at org.apache.tomcat.util.threads.ThreadPoolExecutor.runWorker(ThreadPoolExecutor.java:1189) [tomcat-embed-core-10.1.40.jar:10.1.40]
	at org.apache.tomcat.util.threads.ThreadPoolExecutor$Worker.run(ThreadPoolExecutor.java:658) [tomcat-embed-core-10.1.40.jar:10.1.40]
	at org.apache.tomcat.util.threads.TaskThread$WrappingRunnable.run(TaskThread.java:63) [tomcat-embed-core-10.1.40.jar:10.1.40]
	at java.base/java.lang.Thread.run(Thread.java:833) [?:?]
2025-05-04 20:05:02 [] INFO  com.example.tailormaster.filter.LoggingInterceptor - User 'null' is requesting: GET /tailor-master/error
2025-05-04 20:08:19 [] INFO  org.springframework.boot.web.embedded.tomcat.GracefulShutdown - Commencing graceful shutdown. Waiting for active requests to complete
2025-05-04 20:08:21 [] INFO  org.springframework.boot.web.embedded.tomcat.GracefulShutdown - Graceful shutdown complete
2025-05-04 20:08:22 [] INFO  org.springframework.orm.jpa.LocalContainerEntityManagerFactoryBean - Closing JPA EntityManagerFactory for persistence unit 'default'
2025-05-04 20:08:22 [] INFO  com.zaxxer.hikari.HikariDataSource - HikariPool-1 - Shutdown initiated...
2025-05-04 20:08:22 [] INFO  com.zaxxer.hikari.HikariDataSource - HikariPool-1 - Shutdown completed.
2025-05-04 20:08:30 [] INFO  org.hibernate.validator.internal.util.Version - HV000001: Hibernate Validator 8.0.2.Final
2025-05-04 20:08:30 [] INFO  com.example.tailormaster.TailorMasterAppApplication - Starting TailorMasterAppApplication using Java 17.0.2 with PID 3300 (E:\Development-Workspaces\tailor-master-app\tailor-master-app\target\classes started by wajiz.pk in E:\Development-Workspaces\tailor-master-app\tailor-master-app)
2025-05-04 20:08:30 [] INFO  com.example.tailormaster.TailorMasterAppApplication - No active profile set, falling back to 1 default profile: "default"
2025-05-04 20:08:30 [] INFO  org.springframework.boot.devtools.env.DevToolsPropertyDefaultsPostProcessor - Devtools property defaults active! Set 'spring.devtools.add-properties' to 'false' to disable
2025-05-04 20:08:30 [] INFO  org.springframework.boot.devtools.env.DevToolsPropertyDefaultsPostProcessor - For additional web related logging consider setting the 'logging.level.web' property to 'DEBUG'
2025-05-04 20:08:32 [] INFO  org.springframework.data.repository.config.RepositoryConfigurationDelegate - Bootstrapping Spring Data JPA repositories in DEFAULT mode.
2025-05-04 20:08:32 [] INFO  org.springframework.data.repository.config.RepositoryConfigurationDelegate - Finished Spring Data repository scanning in 171 ms. Found 12 JPA repository interfaces.
2025-05-04 20:08:33 [] INFO  org.springframework.boot.web.embedded.tomcat.TomcatWebServer - Tomcat initialized with port 8080 (http)
2025-05-04 20:08:33 [] INFO  org.apache.coyote.http11.Http11NioProtocol - Initializing ProtocolHandler ["http-nio-8080"]
2025-05-04 20:08:33 [] INFO  org.apache.catalina.core.StandardService - Starting service [Tomcat]
2025-05-04 20:08:33 [] INFO  org.apache.catalina.core.StandardEngine - Starting Servlet engine: [Apache Tomcat/10.1.40]
2025-05-04 20:08:33 [] INFO  org.apache.catalina.core.ContainerBase.[Tomcat].[localhost].[/tailor-master] - Initializing Spring embedded WebApplicationContext
2025-05-04 20:08:33 [] INFO  org.springframework.boot.web.servlet.context.ServletWebServerApplicationContext - Root WebApplicationContext: initialization completed in 3025 ms
2025-05-04 20:08:34 [] INFO  org.hibernate.jpa.internal.util.LogHelper - HHH000204: Processing PersistenceUnitInfo [name: default]
2025-05-04 20:08:34 [] INFO  org.hibernate.Version - HHH000412: Hibernate ORM core version 6.6.4.Final
2025-05-04 20:08:34 [] INFO  org.hibernate.cache.internal.RegionFactoryInitiator - HHH000026: Second-level cache disabled
2025-05-04 20:08:34 [] INFO  org.springframework.orm.jpa.persistenceunit.SpringPersistenceUnitInfo - No LoadTimeWeaver setup: ignoring JPA class transformer
2025-05-04 20:08:34 [] INFO  com.zaxxer.hikari.HikariDataSource - HikariPool-1 - Starting...
2025-05-04 20:08:35 [] INFO  com.zaxxer.hikari.pool.HikariPool - HikariPool-1 - Added connection com.mysql.cj.jdbc.ConnectionImpl@71acaa3d
2025-05-04 20:08:35 [] INFO  com.zaxxer.hikari.HikariDataSource - HikariPool-1 - Start completed.
2025-05-04 20:08:35 [] INFO  org.hibernate.orm.connections.pooling - HHH10001005: Database info:
	Database JDBC URL [Connecting through datasource 'HikariDataSource (HikariPool-1)']
	Database driver: undefined/unknown
	Database version: 8.0.28
	Autocommit mode: undefined/unknown
	Isolation level: undefined/unknown
	Minimum pool size: undefined/unknown
	Maximum pool size: undefined/unknown
2025-05-04 20:08:37 [] INFO  org.hibernate.engine.transaction.jta.platform.internal.JtaPlatformInitiator - HHH000489: No JTA platform available (set 'hibernate.transaction.jta.platform' to enable JTA platform integration)
2025-05-04 20:08:37 [] INFO  org.springframework.orm.jpa.LocalContainerEntityManagerFactoryBean - Initialized JPA EntityManagerFactory for persistence unit 'default'
2025-05-04 20:08:38 [] INFO  org.springframework.data.jpa.repository.query.QueryEnhancerFactory - Hibernate is in classpath; If applicable, HQL parser will be used.
2025-05-04 20:08:41 [] WARN  org.springframework.boot.autoconfigure.orm.jpa.JpaBaseConfiguration$JpaWebConfiguration - spring.jpa.open-in-view is enabled by default. Therefore, database queries may be performed during view rendering. Explicitly configure spring.jpa.open-in-view to disable this warning
2025-05-04 20:08:41 [] INFO  org.springframework.security.config.annotation.authentication.configuration.InitializeAuthenticationProviderBeanManagerConfigurer$InitializeAuthenticationProviderManagerConfigurer - Global AuthenticationManager configured with AuthenticationProvider bean with name authenticationProvider
2025-05-04 20:08:41 [] WARN  org.springframework.security.config.annotation.authentication.configuration.InitializeUserDetailsBeanManagerConfigurer$InitializeUserDetailsManagerConfigurer - Global AuthenticationManager configured with an AuthenticationProvider bean. UserDetailsService beans will not be used by Spring Security for automatically configuring username/password login. Consider removing the AuthenticationProvider bean. Alternatively, consider using the UserDetailsService in a manually instantiated DaoAuthenticationProvider. If the current configuration is intentional, to turn off this warning, increase the logging level of 'org.springframework.security.config.annotation.authentication.configuration.InitializeUserDetailsBeanManagerConfigurer' to ERROR
2025-05-04 20:08:42 [] INFO  org.springframework.boot.devtools.autoconfigure.OptionalLiveReloadServer - LiveReload server is running on port 35729
2025-05-04 20:08:42 [] INFO  org.apache.coyote.http11.Http11NioProtocol - Starting ProtocolHandler ["http-nio-8080"]
2025-05-04 20:08:42 [] INFO  org.springframework.boot.web.embedded.tomcat.TomcatWebServer - Tomcat started on port 8080 (http) with context path '/tailor-master'
2025-05-04 20:08:42 [] INFO  com.example.tailormaster.TailorMasterAppApplication - Started TailorMasterAppApplication in 13.345 seconds (process running for 15.879)
2025-05-04 20:08:53 [] INFO  org.apache.catalina.core.ContainerBase.[Tomcat].[localhost].[/tailor-master] - Initializing Spring DispatcherServlet 'dispatcherServlet'
2025-05-04 20:08:53 [] INFO  org.springframework.web.servlet.DispatcherServlet - Initializing Servlet 'dispatcherServlet'
2025-05-04 20:08:53 [] INFO  org.springframework.web.servlet.DispatcherServlet - Completed initialization in 1 ms
2025-05-04 20:08:53 [abdullateef] INFO  com.example.tailormaster.filter.LoggingInterceptor - User 'abdullateef' is requesting: GET /tailor-master/customers/create
2025-05-04 20:08:53 [abdullateef] INFO  com.example.tailormaster.service.product.ProductService - Fetching all active products.
2025-05-04 20:08:53 [abdullateef] INFO  com.example.tailormaster.service.product.ProductService - Retrieved 2 active products.
2025-05-04 20:08:54 [abdullateef] INFO  com.example.tailormaster.filter.LoggingInterceptor - User 'abdullateef' is requesting: GET /tailor-master/dashboard/notifications/upcoming-deliveries
2025-05-04 20:08:54 [abdullateef] INFO  com.example.tailormaster.controller.dashboard.DashboardController - Requested upcoming deliveries.
2025-05-04 20:08:54 [abdullateef] INFO  com.example.tailormaster.service.dashboard.DashboardService - Upcoming deliveries fetched: 8
2025-05-04 20:08:54 [abdullateef] INFO  com.example.tailormaster.controller.dashboard.DashboardController - Upcoming deliveries fetched: 8
2025-05-04 20:11:46 [] INFO  org.springframework.boot.web.embedded.tomcat.GracefulShutdown - Commencing graceful shutdown. Waiting for active requests to complete
2025-05-04 20:11:47 [] INFO  org.springframework.boot.web.embedded.tomcat.GracefulShutdown - Graceful shutdown complete
2025-05-04 20:11:48 [] INFO  org.springframework.orm.jpa.LocalContainerEntityManagerFactoryBean - Closing JPA EntityManagerFactory for persistence unit 'default'
2025-05-04 20:11:49 [] INFO  com.zaxxer.hikari.HikariDataSource - HikariPool-1 - Shutdown initiated...
2025-05-04 20:11:49 [] INFO  com.zaxxer.hikari.HikariDataSource - HikariPool-1 - Shutdown completed.
2025-05-04 20:11:56 [] INFO  org.hibernate.validator.internal.util.Version - HV000001: Hibernate Validator 8.0.2.Final
2025-05-04 20:11:57 [] INFO  com.example.tailormaster.TailorMasterAppApplication - Starting TailorMasterAppApplication using Java 17.0.2 with PID 15732 (E:\Development-Workspaces\tailor-master-app\tailor-master-app\target\classes started by wajiz.pk in E:\Development-Workspaces\tailor-master-app\tailor-master-app)
2025-05-04 20:11:57 [] INFO  com.example.tailormaster.TailorMasterAppApplication - No active profile set, falling back to 1 default profile: "default"
2025-05-04 20:11:57 [] INFO  org.springframework.boot.devtools.env.DevToolsPropertyDefaultsPostProcessor - Devtools property defaults active! Set 'spring.devtools.add-properties' to 'false' to disable
2025-05-04 20:11:57 [] INFO  org.springframework.boot.devtools.env.DevToolsPropertyDefaultsPostProcessor - For additional web related logging consider setting the 'logging.level.web' property to 'DEBUG'
2025-05-04 20:11:59 [] INFO  org.springframework.data.repository.config.RepositoryConfigurationDelegate - Bootstrapping Spring Data JPA repositories in DEFAULT mode.
2025-05-04 20:11:59 [] INFO  org.springframework.data.repository.config.RepositoryConfigurationDelegate - Finished Spring Data repository scanning in 230 ms. Found 12 JPA repository interfaces.
2025-05-04 20:12:00 [] INFO  org.springframework.boot.web.embedded.tomcat.TomcatWebServer - Tomcat initialized with port 8080 (http)
2025-05-04 20:12:00 [] INFO  org.apache.coyote.http11.Http11NioProtocol - Initializing ProtocolHandler ["http-nio-8080"]
2025-05-04 20:12:00 [] INFO  org.apache.catalina.core.StandardService - Starting service [Tomcat]
2025-05-04 20:12:00 [] INFO  org.apache.catalina.core.StandardEngine - Starting Servlet engine: [Apache Tomcat/10.1.40]
2025-05-04 20:12:01 [] INFO  org.apache.catalina.core.ContainerBase.[Tomcat].[localhost].[/tailor-master] - Initializing Spring embedded WebApplicationContext
2025-05-04 20:12:01 [] INFO  org.springframework.boot.web.servlet.context.ServletWebServerApplicationContext - Root WebApplicationContext: initialization completed in 3853 ms
2025-05-04 20:12:01 [] INFO  org.hibernate.jpa.internal.util.LogHelper - HHH000204: Processing PersistenceUnitInfo [name: default]
2025-05-04 20:12:01 [] INFO  org.hibernate.Version - HHH000412: Hibernate ORM core version 6.6.4.Final
2025-05-04 20:12:01 [] INFO  org.hibernate.cache.internal.RegionFactoryInitiator - HHH000026: Second-level cache disabled
2025-05-04 20:12:02 [] INFO  org.springframework.orm.jpa.persistenceunit.SpringPersistenceUnitInfo - No LoadTimeWeaver setup: ignoring JPA class transformer
2025-05-04 20:12:02 [] INFO  com.zaxxer.hikari.HikariDataSource - HikariPool-1 - Starting...
2025-05-04 20:12:03 [] INFO  com.zaxxer.hikari.pool.HikariPool - HikariPool-1 - Added connection com.mysql.cj.jdbc.ConnectionImpl@286c0290
2025-05-04 20:12:03 [] INFO  com.zaxxer.hikari.HikariDataSource - HikariPool-1 - Start completed.
2025-05-04 20:12:03 [] INFO  org.hibernate.orm.connections.pooling - HHH10001005: Database info:
	Database JDBC URL [Connecting through datasource 'HikariDataSource (HikariPool-1)']
	Database driver: undefined/unknown
	Database version: 8.0.28
	Autocommit mode: undefined/unknown
	Isolation level: undefined/unknown
	Minimum pool size: undefined/unknown
	Maximum pool size: undefined/unknown
2025-05-04 20:12:05 [] INFO  org.hibernate.engine.transaction.jta.platform.internal.JtaPlatformInitiator - HHH000489: No JTA platform available (set 'hibernate.transaction.jta.platform' to enable JTA platform integration)
2025-05-04 20:12:05 [] INFO  org.springframework.orm.jpa.LocalContainerEntityManagerFactoryBean - Initialized JPA EntityManagerFactory for persistence unit 'default'
2025-05-04 20:12:06 [] INFO  org.springframework.data.jpa.repository.query.QueryEnhancerFactory - Hibernate is in classpath; If applicable, HQL parser will be used.
2025-05-04 20:12:10 [] WARN  org.springframework.boot.autoconfigure.orm.jpa.JpaBaseConfiguration$JpaWebConfiguration - spring.jpa.open-in-view is enabled by default. Therefore, database queries may be performed during view rendering. Explicitly configure spring.jpa.open-in-view to disable this warning
2025-05-04 20:12:10 [] INFO  org.springframework.security.config.annotation.authentication.configuration.InitializeAuthenticationProviderBeanManagerConfigurer$InitializeAuthenticationProviderManagerConfigurer - Global AuthenticationManager configured with AuthenticationProvider bean with name authenticationProvider
2025-05-04 20:12:10 [] WARN  org.springframework.security.config.annotation.authentication.configuration.InitializeUserDetailsBeanManagerConfigurer$InitializeUserDetailsManagerConfigurer - Global AuthenticationManager configured with an AuthenticationProvider bean. UserDetailsService beans will not be used by Spring Security for automatically configuring username/password login. Consider removing the AuthenticationProvider bean. Alternatively, consider using the UserDetailsService in a manually instantiated DaoAuthenticationProvider. If the current configuration is intentional, to turn off this warning, increase the logging level of 'org.springframework.security.config.annotation.authentication.configuration.InitializeUserDetailsBeanManagerConfigurer' to ERROR
2025-05-04 20:12:11 [] INFO  org.springframework.boot.devtools.autoconfigure.OptionalLiveReloadServer - LiveReload server is running on port 35729
2025-05-04 20:12:11 [] INFO  org.apache.coyote.http11.Http11NioProtocol - Starting ProtocolHandler ["http-nio-8080"]
2025-05-04 20:12:11 [] INFO  org.springframework.boot.web.embedded.tomcat.TomcatWebServer - Tomcat started on port 8080 (http) with context path '/tailor-master'
2025-05-04 20:12:11 [] INFO  com.example.tailormaster.TailorMasterAppApplication - Started TailorMasterAppApplication in 15.663 seconds (process running for 18.606)
2025-05-04 20:12:13 [] INFO  org.apache.catalina.core.ContainerBase.[Tomcat].[localhost].[/tailor-master] - Initializing Spring DispatcherServlet 'dispatcherServlet'
2025-05-04 20:12:13 [] INFO  org.springframework.web.servlet.DispatcherServlet - Initializing Servlet 'dispatcherServlet'
2025-05-04 20:12:13 [] INFO  org.springframework.web.servlet.DispatcherServlet - Completed initialization in 4 ms
2025-05-04 20:12:13 [abdullateef] INFO  com.example.tailormaster.filter.LoggingInterceptor - User 'abdullateef' is requesting: GET /tailor-master/customers/create
2025-05-04 20:12:14 [abdullateef] INFO  com.example.tailormaster.service.product.ProductService - Fetching all active products.
2025-05-04 20:12:14 [abdullateef] INFO  com.example.tailormaster.service.product.ProductService - Retrieved 2 active products.
2025-05-04 20:12:15 [abdullateef] INFO  com.example.tailormaster.filter.LoggingInterceptor - User 'abdullateef' is requesting: GET /tailor-master/dashboard/notifications/upcoming-deliveries
2025-05-04 20:12:15 [abdullateef] INFO  com.example.tailormaster.controller.dashboard.DashboardController - Requested upcoming deliveries.
2025-05-04 20:12:15 [abdullateef] INFO  com.example.tailormaster.service.dashboard.DashboardService - Upcoming deliveries fetched: 8
2025-05-04 20:12:15 [abdullateef] INFO  com.example.tailormaster.controller.dashboard.DashboardController - Upcoming deliveries fetched: 8
2025-05-04 20:13:00 [] INFO  org.springframework.boot.web.embedded.tomcat.GracefulShutdown - Commencing graceful shutdown. Waiting for active requests to complete
2025-05-04 20:13:01 [] INFO  org.springframework.boot.web.embedded.tomcat.GracefulShutdown - Graceful shutdown complete
2025-05-04 20:13:02 [] INFO  org.springframework.orm.jpa.LocalContainerEntityManagerFactoryBean - Closing JPA EntityManagerFactory for persistence unit 'default'
2025-05-04 20:13:02 [] INFO  com.zaxxer.hikari.HikariDataSource - HikariPool-1 - Shutdown initiated...
2025-05-04 20:13:02 [] INFO  com.zaxxer.hikari.HikariDataSource - HikariPool-1 - Shutdown completed.
2025-05-04 20:13:10 [] INFO  org.hibernate.validator.internal.util.Version - HV000001: Hibernate Validator 8.0.2.Final
2025-05-04 20:13:10 [] INFO  com.example.tailormaster.TailorMasterAppApplication - Starting TailorMasterAppApplication using Java 17.0.2 with PID 14096 (E:\Development-Workspaces\tailor-master-app\tailor-master-app\target\classes started by wajiz.pk in E:\Development-Workspaces\tailor-master-app\tailor-master-app)
2025-05-04 20:13:10 [] INFO  com.example.tailormaster.TailorMasterAppApplication - No active profile set, falling back to 1 default profile: "default"
2025-05-04 20:13:10 [] INFO  org.springframework.boot.devtools.env.DevToolsPropertyDefaultsPostProcessor - Devtools property defaults active! Set 'spring.devtools.add-properties' to 'false' to disable
2025-05-04 20:13:10 [] INFO  org.springframework.boot.devtools.env.DevToolsPropertyDefaultsPostProcessor - For additional web related logging consider setting the 'logging.level.web' property to 'DEBUG'
2025-05-04 20:13:12 [] INFO  org.springframework.data.repository.config.RepositoryConfigurationDelegate - Bootstrapping Spring Data JPA repositories in DEFAULT mode.
2025-05-04 20:13:12 [] INFO  org.springframework.data.repository.config.RepositoryConfigurationDelegate - Finished Spring Data repository scanning in 251 ms. Found 12 JPA repository interfaces.
2025-05-04 20:13:14 [] INFO  org.springframework.boot.web.embedded.tomcat.TomcatWebServer - Tomcat initialized with port 8080 (http)
2025-05-04 20:13:14 [] INFO  org.apache.coyote.http11.Http11NioProtocol - Initializing ProtocolHandler ["http-nio-8080"]
2025-05-04 20:13:14 [] INFO  org.apache.catalina.core.StandardService - Starting service [Tomcat]
2025-05-04 20:13:14 [] INFO  org.apache.catalina.core.StandardEngine - Starting Servlet engine: [Apache Tomcat/10.1.40]
2025-05-04 20:13:14 [] INFO  org.apache.catalina.core.ContainerBase.[Tomcat].[localhost].[/tailor-master] - Initializing Spring embedded WebApplicationContext
2025-05-04 20:13:14 [] INFO  org.springframework.boot.web.servlet.context.ServletWebServerApplicationContext - Root WebApplicationContext: initialization completed in 3653 ms
2025-05-04 20:13:14 [] INFO  org.hibernate.jpa.internal.util.LogHelper - HHH000204: Processing PersistenceUnitInfo [name: default]
2025-05-04 20:13:14 [] INFO  org.hibernate.Version - HHH000412: Hibernate ORM core version 6.6.4.Final
2025-05-04 20:13:14 [] INFO  org.hibernate.cache.internal.RegionFactoryInitiator - HHH000026: Second-level cache disabled
2025-05-04 20:13:15 [] INFO  org.springframework.orm.jpa.persistenceunit.SpringPersistenceUnitInfo - No LoadTimeWeaver setup: ignoring JPA class transformer
2025-05-04 20:13:15 [] INFO  com.zaxxer.hikari.HikariDataSource - HikariPool-1 - Starting...
2025-05-04 20:13:15 [] INFO  com.zaxxer.hikari.pool.HikariPool - HikariPool-1 - Added connection com.mysql.cj.jdbc.ConnectionImpl@6376796e
2025-05-04 20:13:15 [] INFO  com.zaxxer.hikari.HikariDataSource - HikariPool-1 - Start completed.
2025-05-04 20:13:16 [] INFO  org.hibernate.orm.connections.pooling - HHH10001005: Database info:
	Database JDBC URL [Connecting through datasource 'HikariDataSource (HikariPool-1)']
	Database driver: undefined/unknown
	Database version: 8.0.28
	Autocommit mode: undefined/unknown
	Isolation level: undefined/unknown
	Minimum pool size: undefined/unknown
	Maximum pool size: undefined/unknown
2025-05-04 20:13:18 [] INFO  org.hibernate.engine.transaction.jta.platform.internal.JtaPlatformInitiator - HHH000489: No JTA platform available (set 'hibernate.transaction.jta.platform' to enable JTA platform integration)
2025-05-04 20:13:18 [] INFO  org.springframework.orm.jpa.LocalContainerEntityManagerFactoryBean - Initialized JPA EntityManagerFactory for persistence unit 'default'
2025-05-04 20:13:19 [] INFO  org.springframework.data.jpa.repository.query.QueryEnhancerFactory - Hibernate is in classpath; If applicable, HQL parser will be used.
2025-05-04 20:13:22 [] WARN  org.springframework.boot.autoconfigure.orm.jpa.JpaBaseConfiguration$JpaWebConfiguration - spring.jpa.open-in-view is enabled by default. Therefore, database queries may be performed during view rendering. Explicitly configure spring.jpa.open-in-view to disable this warning
2025-05-04 20:13:22 [] INFO  org.springframework.security.config.annotation.authentication.configuration.InitializeAuthenticationProviderBeanManagerConfigurer$InitializeAuthenticationProviderManagerConfigurer - Global AuthenticationManager configured with AuthenticationProvider bean with name authenticationProvider
2025-05-04 20:13:22 [] WARN  org.springframework.security.config.annotation.authentication.configuration.InitializeUserDetailsBeanManagerConfigurer$InitializeUserDetailsManagerConfigurer - Global AuthenticationManager configured with an AuthenticationProvider bean. UserDetailsService beans will not be used by Spring Security for automatically configuring username/password login. Consider removing the AuthenticationProvider bean. Alternatively, consider using the UserDetailsService in a manually instantiated DaoAuthenticationProvider. If the current configuration is intentional, to turn off this warning, increase the logging level of 'org.springframework.security.config.annotation.authentication.configuration.InitializeUserDetailsBeanManagerConfigurer' to ERROR
2025-05-04 20:13:24 [] INFO  org.springframework.boot.devtools.autoconfigure.OptionalLiveReloadServer - LiveReload server is running on port 35729
2025-05-04 20:13:24 [] INFO  org.apache.coyote.http11.Http11NioProtocol - Starting ProtocolHandler ["http-nio-8080"]
2025-05-04 20:13:24 [] INFO  org.springframework.boot.web.embedded.tomcat.TomcatWebServer - Tomcat started on port 8080 (http) with context path '/tailor-master'
2025-05-04 20:13:24 [] INFO  com.example.tailormaster.TailorMasterAppApplication - Started TailorMasterAppApplication in 14.806 seconds (process running for 17.268)
2025-05-04 20:13:28 [] INFO  org.apache.catalina.core.ContainerBase.[Tomcat].[localhost].[/tailor-master] - Initializing Spring DispatcherServlet 'dispatcherServlet'
2025-05-04 20:13:28 [] INFO  org.springframework.web.servlet.DispatcherServlet - Initializing Servlet 'dispatcherServlet'
2025-05-04 20:13:28 [] INFO  org.springframework.web.servlet.DispatcherServlet - Completed initialization in 2 ms
2025-05-04 20:13:28 [abdullateef] INFO  com.example.tailormaster.filter.LoggingInterceptor - User 'abdullateef' is requesting: GET /tailor-master/customers/create
2025-05-04 20:13:28 [abdullateef] INFO  com.example.tailormaster.service.product.ProductService - Fetching all active products.
2025-05-04 20:13:28 [abdullateef] INFO  com.example.tailormaster.service.product.ProductService - Retrieved 2 active products.
2025-05-04 20:13:29 [abdullateef] INFO  com.example.tailormaster.filter.LoggingInterceptor - User 'abdullateef' is requesting: GET /tailor-master/dashboard/notifications/upcoming-deliveries
2025-05-04 20:13:29 [abdullateef] INFO  com.example.tailormaster.controller.dashboard.DashboardController - Requested upcoming deliveries.
2025-05-04 20:13:29 [abdullateef] INFO  com.example.tailormaster.service.dashboard.DashboardService - Upcoming deliveries fetched: 8
2025-05-04 20:13:29 [abdullateef] INFO  com.example.tailormaster.controller.dashboard.DashboardController - Upcoming deliveries fetched: 8
2025-05-04 20:14:37 [] INFO  org.springframework.boot.web.embedded.tomcat.GracefulShutdown - Commencing graceful shutdown. Waiting for active requests to complete
2025-05-04 20:14:38 [] INFO  org.springframework.boot.web.embedded.tomcat.GracefulShutdown - Graceful shutdown complete
2025-05-04 20:14:39 [] INFO  org.springframework.orm.jpa.LocalContainerEntityManagerFactoryBean - Closing JPA EntityManagerFactory for persistence unit 'default'
2025-05-04 20:14:40 [] INFO  com.zaxxer.hikari.HikariDataSource - HikariPool-1 - Shutdown initiated...
2025-05-04 20:14:40 [] INFO  com.zaxxer.hikari.HikariDataSource - HikariPool-1 - Shutdown completed.
2025-05-04 20:14:47 [] INFO  org.hibernate.validator.internal.util.Version - HV000001: Hibernate Validator 8.0.2.Final
2025-05-04 20:14:47 [] INFO  com.example.tailormaster.TailorMasterAppApplication - Starting TailorMasterAppApplication using Java 17.0.2 with PID 7056 (E:\Development-Workspaces\tailor-master-app\tailor-master-app\target\classes started by wajiz.pk in E:\Development-Workspaces\tailor-master-app\tailor-master-app)
2025-05-04 20:14:47 [] INFO  com.example.tailormaster.TailorMasterAppApplication - No active profile set, falling back to 1 default profile: "default"
2025-05-04 20:14:47 [] INFO  org.springframework.boot.devtools.env.DevToolsPropertyDefaultsPostProcessor - Devtools property defaults active! Set 'spring.devtools.add-properties' to 'false' to disable
2025-05-04 20:14:47 [] INFO  org.springframework.boot.devtools.env.DevToolsPropertyDefaultsPostProcessor - For additional web related logging consider setting the 'logging.level.web' property to 'DEBUG'
2025-05-04 20:14:49 [] INFO  org.springframework.data.repository.config.RepositoryConfigurationDelegate - Bootstrapping Spring Data JPA repositories in DEFAULT mode.
2025-05-04 20:14:49 [] INFO  org.springframework.data.repository.config.RepositoryConfigurationDelegate - Finished Spring Data repository scanning in 186 ms. Found 12 JPA repository interfaces.
2025-05-04 20:14:50 [] INFO  org.springframework.boot.web.embedded.tomcat.TomcatWebServer - Tomcat initialized with port 8080 (http)
2025-05-04 20:14:50 [] INFO  org.apache.coyote.http11.Http11NioProtocol - Initializing ProtocolHandler ["http-nio-8080"]
2025-05-04 20:14:50 [] INFO  org.apache.catalina.core.StandardService - Starting service [Tomcat]
2025-05-04 20:14:50 [] INFO  org.apache.catalina.core.StandardEngine - Starting Servlet engine: [Apache Tomcat/10.1.40]
2025-05-04 20:14:50 [] INFO  org.apache.catalina.core.ContainerBase.[Tomcat].[localhost].[/tailor-master] - Initializing Spring embedded WebApplicationContext
2025-05-04 20:14:50 [] INFO  org.springframework.boot.web.servlet.context.ServletWebServerApplicationContext - Root WebApplicationContext: initialization completed in 3075 ms
2025-05-04 20:14:50 [] INFO  org.hibernate.jpa.internal.util.LogHelper - HHH000204: Processing PersistenceUnitInfo [name: default]
2025-05-04 20:14:51 [] INFO  org.hibernate.Version - HHH000412: Hibernate ORM core version 6.6.4.Final
2025-05-04 20:14:51 [] INFO  org.hibernate.cache.internal.RegionFactoryInitiator - HHH000026: Second-level cache disabled
2025-05-04 20:14:51 [] INFO  org.springframework.orm.jpa.persistenceunit.SpringPersistenceUnitInfo - No LoadTimeWeaver setup: ignoring JPA class transformer
2025-05-04 20:14:51 [] INFO  com.zaxxer.hikari.HikariDataSource - HikariPool-1 - Starting...
2025-05-04 20:14:52 [] INFO  com.zaxxer.hikari.pool.HikariPool - HikariPool-1 - Added connection com.mysql.cj.jdbc.ConnectionImpl@7e13bdbb
2025-05-04 20:14:52 [] INFO  com.zaxxer.hikari.HikariDataSource - HikariPool-1 - Start completed.
2025-05-04 20:14:52 [] INFO  org.hibernate.orm.connections.pooling - HHH10001005: Database info:
	Database JDBC URL [Connecting through datasource 'HikariDataSource (HikariPool-1)']
	Database driver: undefined/unknown
	Database version: 8.0.28
	Autocommit mode: undefined/unknown
	Isolation level: undefined/unknown
	Minimum pool size: undefined/unknown
	Maximum pool size: undefined/unknown
2025-05-04 20:14:55 [] INFO  org.hibernate.engine.transaction.jta.platform.internal.JtaPlatformInitiator - HHH000489: No JTA platform available (set 'hibernate.transaction.jta.platform' to enable JTA platform integration)
2025-05-04 20:14:55 [] INFO  org.springframework.orm.jpa.LocalContainerEntityManagerFactoryBean - Initialized JPA EntityManagerFactory for persistence unit 'default'
2025-05-04 20:14:55 [] INFO  org.springframework.data.jpa.repository.query.QueryEnhancerFactory - Hibernate is in classpath; If applicable, HQL parser will be used.
2025-05-04 20:14:59 [] WARN  org.springframework.boot.autoconfigure.orm.jpa.JpaBaseConfiguration$JpaWebConfiguration - spring.jpa.open-in-view is enabled by default. Therefore, database queries may be performed during view rendering. Explicitly configure spring.jpa.open-in-view to disable this warning
2025-05-04 20:14:59 [] INFO  org.springframework.security.config.annotation.authentication.configuration.InitializeAuthenticationProviderBeanManagerConfigurer$InitializeAuthenticationProviderManagerConfigurer - Global AuthenticationManager configured with AuthenticationProvider bean with name authenticationProvider
2025-05-04 20:14:59 [] WARN  org.springframework.security.config.annotation.authentication.configuration.InitializeUserDetailsBeanManagerConfigurer$InitializeUserDetailsManagerConfigurer - Global AuthenticationManager configured with an AuthenticationProvider bean. UserDetailsService beans will not be used by Spring Security for automatically configuring username/password login. Consider removing the AuthenticationProvider bean. Alternatively, consider using the UserDetailsService in a manually instantiated DaoAuthenticationProvider. If the current configuration is intentional, to turn off this warning, increase the logging level of 'org.springframework.security.config.annotation.authentication.configuration.InitializeUserDetailsBeanManagerConfigurer' to ERROR
2025-05-04 20:15:00 [] INFO  org.springframework.boot.devtools.autoconfigure.OptionalLiveReloadServer - LiveReload server is running on port 35729
2025-05-04 20:15:00 [] INFO  org.apache.coyote.http11.Http11NioProtocol - Starting ProtocolHandler ["http-nio-8080"]
2025-05-04 20:15:00 [] INFO  org.springframework.boot.web.embedded.tomcat.TomcatWebServer - Tomcat started on port 8080 (http) with context path '/tailor-master'
2025-05-04 20:15:00 [] INFO  com.example.tailormaster.TailorMasterAppApplication - Started TailorMasterAppApplication in 14.324 seconds (process running for 16.899)
2025-05-04 20:15:08 [] INFO  org.apache.catalina.core.ContainerBase.[Tomcat].[localhost].[/tailor-master] - Initializing Spring DispatcherServlet 'dispatcherServlet'
2025-05-04 20:15:08 [] INFO  org.springframework.web.servlet.DispatcherServlet - Initializing Servlet 'dispatcherServlet'
2025-05-04 20:15:08 [] INFO  org.springframework.web.servlet.DispatcherServlet - Completed initialization in 2 ms
2025-05-04 20:15:08 [abdullateef] INFO  com.example.tailormaster.filter.LoggingInterceptor - User 'abdullateef' is requesting: GET /tailor-master/customers/create
2025-05-04 20:15:08 [abdullateef] INFO  com.example.tailormaster.service.product.ProductService - Fetching all active products.
2025-05-04 20:15:08 [abdullateef] INFO  com.example.tailormaster.service.product.ProductService - Retrieved 2 active products.
2025-05-04 20:15:09 [abdullateef] INFO  com.example.tailormaster.filter.LoggingInterceptor - User 'abdullateef' is requesting: GET /tailor-master/dashboard/notifications/upcoming-deliveries
2025-05-04 20:15:09 [abdullateef] INFO  com.example.tailormaster.controller.dashboard.DashboardController - Requested upcoming deliveries.
2025-05-04 20:15:09 [abdullateef] INFO  com.example.tailormaster.service.dashboard.DashboardService - Upcoming deliveries fetched: 8
2025-05-04 20:15:09 [abdullateef] INFO  com.example.tailormaster.controller.dashboard.DashboardController - Upcoming deliveries fetched: 8
2025-05-04 20:18:24 [] INFO  org.springframework.boot.web.embedded.tomcat.GracefulShutdown - Commencing graceful shutdown. Waiting for active requests to complete
2025-05-04 20:18:25 [] INFO  org.springframework.boot.web.embedded.tomcat.GracefulShutdown - Graceful shutdown complete
2025-05-04 20:18:25 [] INFO  org.springframework.orm.jpa.LocalContainerEntityManagerFactoryBean - Closing JPA EntityManagerFactory for persistence unit 'default'
2025-05-04 20:18:25 [] INFO  com.zaxxer.hikari.HikariDataSource - HikariPool-1 - Shutdown initiated...
2025-05-04 20:18:25 [] INFO  com.zaxxer.hikari.HikariDataSource - HikariPool-1 - Shutdown completed.
2025-05-04 20:18:33 [] INFO  org.hibernate.validator.internal.util.Version - HV000001: Hibernate Validator 8.0.2.Final
2025-05-04 20:18:33 [] INFO  com.example.tailormaster.TailorMasterAppApplication - Starting TailorMasterAppApplication using Java 17.0.2 with PID 16936 (E:\Development-Workspaces\tailor-master-app\tailor-master-app\target\classes started by wajiz.pk in E:\Development-Workspaces\tailor-master-app\tailor-master-app)
2025-05-04 20:18:33 [] INFO  com.example.tailormaster.TailorMasterAppApplication - No active profile set, falling back to 1 default profile: "default"
2025-05-04 20:18:33 [] INFO  org.springframework.boot.devtools.env.DevToolsPropertyDefaultsPostProcessor - Devtools property defaults active! Set 'spring.devtools.add-properties' to 'false' to disable
2025-05-04 20:18:33 [] INFO  org.springframework.boot.devtools.env.DevToolsPropertyDefaultsPostProcessor - For additional web related logging consider setting the 'logging.level.web' property to 'DEBUG'
2025-05-04 20:18:35 [] INFO  org.springframework.data.repository.config.RepositoryConfigurationDelegate - Bootstrapping Spring Data JPA repositories in DEFAULT mode.
2025-05-04 20:18:35 [] INFO  org.springframework.data.repository.config.RepositoryConfigurationDelegate - Finished Spring Data repository scanning in 221 ms. Found 12 JPA repository interfaces.
2025-05-04 20:18:36 [] INFO  org.springframework.boot.web.embedded.tomcat.TomcatWebServer - Tomcat initialized with port 8080 (http)
2025-05-04 20:18:36 [] INFO  org.apache.coyote.http11.Http11NioProtocol - Initializing ProtocolHandler ["http-nio-8080"]
2025-05-04 20:18:36 [] INFO  org.apache.catalina.core.StandardService - Starting service [Tomcat]
2025-05-04 20:18:36 [] INFO  org.apache.catalina.core.StandardEngine - Starting Servlet engine: [Apache Tomcat/10.1.40]
2025-05-04 20:18:36 [] INFO  org.apache.catalina.core.ContainerBase.[Tomcat].[localhost].[/tailor-master] - Initializing Spring embedded WebApplicationContext
2025-05-04 20:18:36 [] INFO  org.springframework.boot.web.servlet.context.ServletWebServerApplicationContext - Root WebApplicationContext: initialization completed in 3092 ms
2025-05-04 20:18:36 [] INFO  org.hibernate.jpa.internal.util.LogHelper - HHH000204: Processing PersistenceUnitInfo [name: default]
2025-05-04 20:18:37 [] INFO  org.hibernate.Version - HHH000412: Hibernate ORM core version 6.6.4.Final
2025-05-04 20:18:37 [] INFO  org.hibernate.cache.internal.RegionFactoryInitiator - HHH000026: Second-level cache disabled
2025-05-04 20:18:37 [] INFO  org.springframework.orm.jpa.persistenceunit.SpringPersistenceUnitInfo - No LoadTimeWeaver setup: ignoring JPA class transformer
2025-05-04 20:18:37 [] INFO  com.zaxxer.hikari.HikariDataSource - HikariPool-1 - Starting...
2025-05-04 20:18:38 [] INFO  com.zaxxer.hikari.pool.HikariPool - HikariPool-1 - Added connection com.mysql.cj.jdbc.ConnectionImpl@73252cd3
2025-05-04 20:18:38 [] INFO  com.zaxxer.hikari.HikariDataSource - HikariPool-1 - Start completed.
2025-05-04 20:18:38 [] INFO  org.hibernate.orm.connections.pooling - HHH10001005: Database info:
	Database JDBC URL [Connecting through datasource 'HikariDataSource (HikariPool-1)']
	Database driver: undefined/unknown
	Database version: 8.0.28
	Autocommit mode: undefined/unknown
	Isolation level: undefined/unknown
	Minimum pool size: undefined/unknown
	Maximum pool size: undefined/unknown
2025-05-04 20:18:40 [] INFO  org.hibernate.engine.transaction.jta.platform.internal.JtaPlatformInitiator - HHH000489: No JTA platform available (set 'hibernate.transaction.jta.platform' to enable JTA platform integration)
2025-05-04 20:18:41 [] INFO  org.springframework.orm.jpa.LocalContainerEntityManagerFactoryBean - Initialized JPA EntityManagerFactory for persistence unit 'default'
2025-05-04 20:18:41 [] INFO  org.springframework.data.jpa.repository.query.QueryEnhancerFactory - Hibernate is in classpath; If applicable, HQL parser will be used.
2025-05-04 20:18:44 [] WARN  org.springframework.boot.autoconfigure.orm.jpa.JpaBaseConfiguration$JpaWebConfiguration - spring.jpa.open-in-view is enabled by default. Therefore, database queries may be performed during view rendering. Explicitly configure spring.jpa.open-in-view to disable this warning
2025-05-04 20:18:45 [] INFO  org.springframework.security.config.annotation.authentication.configuration.InitializeAuthenticationProviderBeanManagerConfigurer$InitializeAuthenticationProviderManagerConfigurer - Global AuthenticationManager configured with AuthenticationProvider bean with name authenticationProvider
2025-05-04 20:18:45 [] WARN  org.springframework.security.config.annotation.authentication.configuration.InitializeUserDetailsBeanManagerConfigurer$InitializeUserDetailsManagerConfigurer - Global AuthenticationManager configured with an AuthenticationProvider bean. UserDetailsService beans will not be used by Spring Security for automatically configuring username/password login. Consider removing the AuthenticationProvider bean. Alternatively, consider using the UserDetailsService in a manually instantiated DaoAuthenticationProvider. If the current configuration is intentional, to turn off this warning, increase the logging level of 'org.springframework.security.config.annotation.authentication.configuration.InitializeUserDetailsBeanManagerConfigurer' to ERROR
2025-05-04 20:18:46 [] INFO  org.springframework.boot.devtools.autoconfigure.OptionalLiveReloadServer - LiveReload server is running on port 35729
2025-05-04 20:18:46 [] INFO  org.apache.coyote.http11.Http11NioProtocol - Starting ProtocolHandler ["http-nio-8080"]
2025-05-04 20:18:46 [] INFO  org.springframework.boot.web.embedded.tomcat.TomcatWebServer - Tomcat started on port 8080 (http) with context path '/tailor-master'
2025-05-04 20:18:46 [] INFO  com.example.tailormaster.TailorMasterAppApplication - Started TailorMasterAppApplication in 13.939 seconds (process running for 16.502)
2025-05-04 20:18:54 [] INFO  org.apache.catalina.core.ContainerBase.[Tomcat].[localhost].[/tailor-master] - Initializing Spring DispatcherServlet 'dispatcherServlet'
2025-05-04 20:18:54 [] INFO  org.springframework.web.servlet.DispatcherServlet - Initializing Servlet 'dispatcherServlet'
2025-05-04 20:18:54 [] INFO  org.springframework.web.servlet.DispatcherServlet - Completed initialization in 1 ms
2025-05-04 20:18:54 [abdullateef] INFO  com.example.tailormaster.filter.LoggingInterceptor - User 'abdullateef' is requesting: GET /tailor-master/customers/create
2025-05-04 20:18:54 [abdullateef] INFO  com.example.tailormaster.service.product.ProductService - Fetching all active products.
2025-05-04 20:18:54 [abdullateef] INFO  com.example.tailormaster.service.product.ProductService - Retrieved 2 active products.
2025-05-04 20:18:55 [abdullateef] INFO  com.example.tailormaster.filter.LoggingInterceptor - User 'abdullateef' is requesting: GET /tailor-master/dashboard/notifications/upcoming-deliveries
2025-05-04 20:18:55 [abdullateef] INFO  com.example.tailormaster.controller.dashboard.DashboardController - Requested upcoming deliveries.
2025-05-04 20:18:55 [abdullateef] INFO  com.example.tailormaster.service.dashboard.DashboardService - Upcoming deliveries fetched: 8
2025-05-04 20:18:55 [abdullateef] INFO  com.example.tailormaster.controller.dashboard.DashboardController - Upcoming deliveries fetched: 8
2025-05-04 20:19:45 [] INFO  org.springframework.boot.web.embedded.tomcat.GracefulShutdown - Commencing graceful shutdown. Waiting for active requests to complete
2025-05-04 20:19:46 [] INFO  org.springframework.boot.web.embedded.tomcat.GracefulShutdown - Graceful shutdown complete
2025-05-04 20:19:46 [] INFO  org.springframework.orm.jpa.LocalContainerEntityManagerFactoryBean - Closing JPA EntityManagerFactory for persistence unit 'default'
2025-05-04 20:19:46 [] INFO  com.zaxxer.hikari.HikariDataSource - HikariPool-1 - Shutdown initiated...
2025-05-04 20:19:46 [] INFO  com.zaxxer.hikari.HikariDataSource - HikariPool-1 - Shutdown completed.
2025-05-04 20:19:54 [] INFO  org.hibernate.validator.internal.util.Version - HV000001: Hibernate Validator 8.0.2.Final
2025-05-04 20:19:54 [] INFO  com.example.tailormaster.TailorMasterAppApplication - Starting TailorMasterAppApplication using Java 17.0.2 with PID 11624 (E:\Development-Workspaces\tailor-master-app\tailor-master-app\target\classes started by wajiz.pk in E:\Development-Workspaces\tailor-master-app\tailor-master-app)
2025-05-04 20:19:54 [] INFO  com.example.tailormaster.TailorMasterAppApplication - No active profile set, falling back to 1 default profile: "default"
2025-05-04 20:19:54 [] INFO  org.springframework.boot.devtools.env.DevToolsPropertyDefaultsPostProcessor - Devtools property defaults active! Set 'spring.devtools.add-properties' to 'false' to disable
2025-05-04 20:19:54 [] INFO  org.springframework.boot.devtools.env.DevToolsPropertyDefaultsPostProcessor - For additional web related logging consider setting the 'logging.level.web' property to 'DEBUG'
2025-05-04 20:19:56 [] INFO  org.springframework.data.repository.config.RepositoryConfigurationDelegate - Bootstrapping Spring Data JPA repositories in DEFAULT mode.
2025-05-04 20:19:56 [] INFO  org.springframework.data.repository.config.RepositoryConfigurationDelegate - Finished Spring Data repository scanning in 388 ms. Found 12 JPA repository interfaces.
2025-05-04 20:19:57 [] INFO  org.springframework.boot.web.embedded.tomcat.TomcatWebServer - Tomcat initialized with port 8080 (http)
2025-05-04 20:19:58 [] INFO  org.apache.coyote.http11.Http11NioProtocol - Initializing ProtocolHandler ["http-nio-8080"]
2025-05-04 20:19:58 [] INFO  org.apache.catalina.core.StandardService - Starting service [Tomcat]
2025-05-04 20:19:58 [] INFO  org.apache.catalina.core.StandardEngine - Starting Servlet engine: [Apache Tomcat/10.1.40]
2025-05-04 20:19:58 [] INFO  org.apache.catalina.core.ContainerBase.[Tomcat].[localhost].[/tailor-master] - Initializing Spring embedded WebApplicationContext
2025-05-04 20:19:58 [] INFO  org.springframework.boot.web.servlet.context.ServletWebServerApplicationContext - Root WebApplicationContext: initialization completed in 3558 ms
2025-05-04 20:19:58 [] INFO  org.hibernate.jpa.internal.util.LogHelper - HHH000204: Processing PersistenceUnitInfo [name: default]
2025-05-04 20:19:58 [] INFO  org.hibernate.Version - HHH000412: Hibernate ORM core version 6.6.4.Final
2025-05-04 20:19:58 [] INFO  org.hibernate.cache.internal.RegionFactoryInitiator - HHH000026: Second-level cache disabled
2025-05-04 20:19:59 [] INFO  org.springframework.orm.jpa.persistenceunit.SpringPersistenceUnitInfo - No LoadTimeWeaver setup: ignoring JPA class transformer
2025-05-04 20:19:59 [] INFO  com.zaxxer.hikari.HikariDataSource - HikariPool-1 - Starting...
2025-05-04 20:19:59 [] INFO  com.zaxxer.hikari.pool.HikariPool - HikariPool-1 - Added connection com.mysql.cj.jdbc.ConnectionImpl@5a486015
2025-05-04 20:19:59 [] INFO  com.zaxxer.hikari.HikariDataSource - HikariPool-1 - Start completed.
2025-05-04 20:19:59 [] INFO  org.hibernate.orm.connections.pooling - HHH10001005: Database info:
	Database JDBC URL [Connecting through datasource 'HikariDataSource (HikariPool-1)']
	Database driver: undefined/unknown
	Database version: 8.0.28
	Autocommit mode: undefined/unknown
	Isolation level: undefined/unknown
	Minimum pool size: undefined/unknown
	Maximum pool size: undefined/unknown
2025-05-04 20:20:02 [] INFO  org.hibernate.engine.transaction.jta.platform.internal.JtaPlatformInitiator - HHH000489: No JTA platform available (set 'hibernate.transaction.jta.platform' to enable JTA platform integration)
2025-05-04 20:20:02 [] INFO  org.springframework.orm.jpa.LocalContainerEntityManagerFactoryBean - Initialized JPA EntityManagerFactory for persistence unit 'default'
2025-05-04 20:20:03 [] INFO  org.springframework.data.jpa.repository.query.QueryEnhancerFactory - Hibernate is in classpath; If applicable, HQL parser will be used.
2025-05-04 20:20:07 [] WARN  org.springframework.boot.autoconfigure.orm.jpa.JpaBaseConfiguration$JpaWebConfiguration - spring.jpa.open-in-view is enabled by default. Therefore, database queries may be performed during view rendering. Explicitly configure spring.jpa.open-in-view to disable this warning
2025-05-04 20:20:08 [] INFO  org.springframework.security.config.annotation.authentication.configuration.InitializeAuthenticationProviderBeanManagerConfigurer$InitializeAuthenticationProviderManagerConfigurer - Global AuthenticationManager configured with AuthenticationProvider bean with name authenticationProvider
2025-05-04 20:20:08 [] WARN  org.springframework.security.config.annotation.authentication.configuration.InitializeUserDetailsBeanManagerConfigurer$InitializeUserDetailsManagerConfigurer - Global AuthenticationManager configured with an AuthenticationProvider bean. UserDetailsService beans will not be used by Spring Security for automatically configuring username/password login. Consider removing the AuthenticationProvider bean. Alternatively, consider using the UserDetailsService in a manually instantiated DaoAuthenticationProvider. If the current configuration is intentional, to turn off this warning, increase the logging level of 'org.springframework.security.config.annotation.authentication.configuration.InitializeUserDetailsBeanManagerConfigurer' to ERROR
2025-05-04 20:20:09 [] INFO  org.springframework.boot.devtools.autoconfigure.OptionalLiveReloadServer - LiveReload server is running on port 35729
2025-05-04 20:20:09 [] INFO  org.apache.coyote.http11.Http11NioProtocol - Starting ProtocolHandler ["http-nio-8080"]
2025-05-04 20:20:09 [] INFO  org.springframework.boot.web.embedded.tomcat.TomcatWebServer - Tomcat started on port 8080 (http) with context path '/tailor-master'
2025-05-04 20:20:09 [] INFO  com.example.tailormaster.TailorMasterAppApplication - Started TailorMasterAppApplication in 16.056 seconds (process running for 18.74)
2025-05-04 20:20:12 [] INFO  org.apache.catalina.core.ContainerBase.[Tomcat].[localhost].[/tailor-master] - Initializing Spring DispatcherServlet 'dispatcherServlet'
2025-05-04 20:20:12 [] INFO  org.springframework.web.servlet.DispatcherServlet - Initializing Servlet 'dispatcherServlet'
2025-05-04 20:20:12 [] INFO  org.springframework.web.servlet.DispatcherServlet - Completed initialization in 0 ms
2025-05-04 20:20:12 [abdullateef] INFO  com.example.tailormaster.filter.LoggingInterceptor - User 'abdullateef' is requesting: GET /tailor-master/customers/create
2025-05-04 20:20:13 [abdullateef] INFO  com.example.tailormaster.service.product.ProductService - Fetching all active products.
2025-05-04 20:20:13 [abdullateef] INFO  com.example.tailormaster.service.product.ProductService - Retrieved 2 active products.
2025-05-04 20:20:14 [abdullateef] INFO  com.example.tailormaster.filter.LoggingInterceptor - User 'abdullateef' is requesting: GET /tailor-master/dashboard/notifications/upcoming-deliveries
2025-05-04 20:20:14 [abdullateef] INFO  com.example.tailormaster.controller.dashboard.DashboardController - Requested upcoming deliveries.
2025-05-04 20:20:14 [abdullateef] INFO  com.example.tailormaster.service.dashboard.DashboardService - Upcoming deliveries fetched: 8
2025-05-04 20:20:14 [abdullateef] INFO  com.example.tailormaster.controller.dashboard.DashboardController - Upcoming deliveries fetched: 8
2025-05-04 20:26:36 [] INFO  org.springframework.boot.web.embedded.tomcat.GracefulShutdown - Commencing graceful shutdown. Waiting for active requests to complete
2025-05-04 20:26:37 [] INFO  org.springframework.boot.web.embedded.tomcat.GracefulShutdown - Graceful shutdown complete
2025-05-04 20:26:37 [] INFO  org.springframework.orm.jpa.LocalContainerEntityManagerFactoryBean - Closing JPA EntityManagerFactory for persistence unit 'default'
2025-05-04 20:26:37 [] INFO  com.zaxxer.hikari.HikariDataSource - HikariPool-1 - Shutdown initiated...
2025-05-04 20:26:38 [] INFO  com.zaxxer.hikari.HikariDataSource - HikariPool-1 - Shutdown completed.
2025-05-04 20:26:47 [] INFO  org.hibernate.validator.internal.util.Version - HV000001: Hibernate Validator 8.0.2.Final
2025-05-04 20:26:47 [] INFO  com.example.tailormaster.TailorMasterAppApplication - Starting TailorMasterAppApplication using Java 17.0.2 with PID 2588 (E:\Development-Workspaces\tailor-master-app\tailor-master-app\target\classes started by wajiz.pk in E:\Development-Workspaces\tailor-master-app\tailor-master-app)
2025-05-04 20:26:47 [] INFO  com.example.tailormaster.TailorMasterAppApplication - No active profile set, falling back to 1 default profile: "default"
2025-05-04 20:26:47 [] INFO  org.springframework.boot.devtools.env.DevToolsPropertyDefaultsPostProcessor - Devtools property defaults active! Set 'spring.devtools.add-properties' to 'false' to disable
2025-05-04 20:26:47 [] INFO  org.springframework.boot.devtools.env.DevToolsPropertyDefaultsPostProcessor - For additional web related logging consider setting the 'logging.level.web' property to 'DEBUG'
2025-05-04 20:26:49 [] INFO  org.springframework.data.repository.config.RepositoryConfigurationDelegate - Bootstrapping Spring Data JPA repositories in DEFAULT mode.
2025-05-04 20:26:50 [] INFO  org.springframework.data.repository.config.RepositoryConfigurationDelegate - Finished Spring Data repository scanning in 186 ms. Found 12 JPA repository interfaces.
2025-05-04 20:26:51 [] INFO  org.springframework.boot.web.embedded.tomcat.TomcatWebServer - Tomcat initialized with port 8080 (http)
2025-05-04 20:26:51 [] INFO  org.apache.coyote.http11.Http11NioProtocol - Initializing ProtocolHandler ["http-nio-8080"]
2025-05-04 20:26:51 [] INFO  org.apache.catalina.core.StandardService - Starting service [Tomcat]
2025-05-04 20:26:51 [] INFO  org.apache.catalina.core.StandardEngine - Starting Servlet engine: [Apache Tomcat/10.1.40]
2025-05-04 20:26:51 [] INFO  org.apache.catalina.core.ContainerBase.[Tomcat].[localhost].[/tailor-master] - Initializing Spring embedded WebApplicationContext
2025-05-04 20:26:51 [] INFO  org.springframework.boot.web.servlet.context.ServletWebServerApplicationContext - Root WebApplicationContext: initialization completed in 3415 ms
2025-05-04 20:26:51 [] INFO  org.hibernate.jpa.internal.util.LogHelper - HHH000204: Processing PersistenceUnitInfo [name: default]
2025-05-04 20:26:51 [] INFO  org.hibernate.Version - HHH000412: Hibernate ORM core version 6.6.4.Final
2025-05-04 20:26:51 [] INFO  org.hibernate.cache.internal.RegionFactoryInitiator - HHH000026: Second-level cache disabled
2025-05-04 20:26:52 [] INFO  org.springframework.orm.jpa.persistenceunit.SpringPersistenceUnitInfo - No LoadTimeWeaver setup: ignoring JPA class transformer
2025-05-04 20:26:52 [] INFO  com.zaxxer.hikari.HikariDataSource - HikariPool-1 - Starting...
2025-05-04 20:26:53 [] INFO  com.zaxxer.hikari.pool.HikariPool - HikariPool-1 - Added connection com.mysql.cj.jdbc.ConnectionImpl@764c53c4
2025-05-04 20:26:53 [] INFO  com.zaxxer.hikari.HikariDataSource - HikariPool-1 - Start completed.
2025-05-04 20:26:53 [] INFO  org.hibernate.orm.connections.pooling - HHH10001005: Database info:
	Database JDBC URL [Connecting through datasource 'HikariDataSource (HikariPool-1)']
	Database driver: undefined/unknown
	Database version: 8.0.28
	Autocommit mode: undefined/unknown
	Isolation level: undefined/unknown
	Minimum pool size: undefined/unknown
	Maximum pool size: undefined/unknown
2025-05-04 20:26:56 [] INFO  org.hibernate.engine.transaction.jta.platform.internal.JtaPlatformInitiator - HHH000489: No JTA platform available (set 'hibernate.transaction.jta.platform' to enable JTA platform integration)
2025-05-04 20:26:56 [] INFO  org.springframework.orm.jpa.LocalContainerEntityManagerFactoryBean - Initialized JPA EntityManagerFactory for persistence unit 'default'
2025-05-04 20:26:57 [] INFO  org.springframework.data.jpa.repository.query.QueryEnhancerFactory - Hibernate is in classpath; If applicable, HQL parser will be used.
2025-05-04 20:27:01 [] WARN  org.springframework.boot.autoconfigure.orm.jpa.JpaBaseConfiguration$JpaWebConfiguration - spring.jpa.open-in-view is enabled by default. Therefore, database queries may be performed during view rendering. Explicitly configure spring.jpa.open-in-view to disable this warning
2025-05-04 20:27:01 [] INFO  org.springframework.security.config.annotation.authentication.configuration.InitializeAuthenticationProviderBeanManagerConfigurer$InitializeAuthenticationProviderManagerConfigurer - Global AuthenticationManager configured with AuthenticationProvider bean with name authenticationProvider
2025-05-04 20:27:01 [] WARN  org.springframework.security.config.annotation.authentication.configuration.InitializeUserDetailsBeanManagerConfigurer$InitializeUserDetailsManagerConfigurer - Global AuthenticationManager configured with an AuthenticationProvider bean. UserDetailsService beans will not be used by Spring Security for automatically configuring username/password login. Consider removing the AuthenticationProvider bean. Alternatively, consider using the UserDetailsService in a manually instantiated DaoAuthenticationProvider. If the current configuration is intentional, to turn off this warning, increase the logging level of 'org.springframework.security.config.annotation.authentication.configuration.InitializeUserDetailsBeanManagerConfigurer' to ERROR
2025-05-04 20:27:02 [] INFO  org.springframework.boot.devtools.autoconfigure.OptionalLiveReloadServer - LiveReload server is running on port 35729
2025-05-04 20:27:02 [] INFO  org.apache.coyote.http11.Http11NioProtocol - Starting ProtocolHandler ["http-nio-8080"]
2025-05-04 20:27:02 [] INFO  org.springframework.boot.web.embedded.tomcat.TomcatWebServer - Tomcat started on port 8080 (http) with context path '/tailor-master'
2025-05-04 20:27:02 [] INFO  com.example.tailormaster.TailorMasterAppApplication - Started TailorMasterAppApplication in 16.123 seconds (process running for 19.078)
2025-05-04 20:27:11 [] INFO  org.apache.catalina.core.ContainerBase.[Tomcat].[localhost].[/tailor-master] - Initializing Spring DispatcherServlet 'dispatcherServlet'
2025-05-04 20:27:11 [] INFO  org.springframework.web.servlet.DispatcherServlet - Initializing Servlet 'dispatcherServlet'
2025-05-04 20:27:11 [] INFO  org.springframework.web.servlet.DispatcherServlet - Completed initialization in 8 ms
2025-05-04 20:27:11 [abdullateef] INFO  com.example.tailormaster.filter.LoggingInterceptor - User 'abdullateef' is requesting: GET /tailor-master/customers/create
2025-05-04 20:27:12 [abdullateef] INFO  com.example.tailormaster.service.product.ProductService - Fetching all active products.
2025-05-04 20:27:12 [abdullateef] INFO  com.example.tailormaster.service.product.ProductService - Retrieved 2 active products.
2025-05-04 20:27:13 [abdullateef] INFO  com.example.tailormaster.filter.LoggingInterceptor - User 'abdullateef' is requesting: GET /tailor-master/dashboard/notifications/upcoming-deliveries
2025-05-04 20:27:13 [abdullateef] INFO  com.example.tailormaster.controller.dashboard.DashboardController - Requested upcoming deliveries.
2025-05-04 20:27:13 [abdullateef] INFO  com.example.tailormaster.service.dashboard.DashboardService - Upcoming deliveries fetched: 8
2025-05-04 20:27:13 [abdullateef] INFO  com.example.tailormaster.controller.dashboard.DashboardController - Upcoming deliveries fetched: 8
