2025-04-29 00:00:00 [abdullateef] INFO  com.example.tailormaster.filter.LoggingInterceptor - User 'abdullateef' is requesting: GET /tailor-master/dashboard
2025-04-29 00:00:01 [abdullateef] INFO  com.example.tailormaster.controller.AuthController - User 'abdullateef' accessed the dashboard
2025-04-29 00:00:02 [abdullateef] INFO  com.example.tailormaster.filter.LoggingInterceptor - User 'abdullateef' is requesting: GET /tailor-master/dashboard/notifications/upcoming-deliveries
2025-04-29 00:00:02 [abdullateef] INFO  com.example.tailormaster.filter.LoggingInterceptor - User 'abdullateef' is requesting: GET /tailor-master/dashboard/total-customers
2025-04-29 00:00:02 [abdullateef] INFO  com.example.tailormaster.filter.LoggingInterceptor - User 'abdullateef' is requesting: GET /tailor-master/dashboard/total-orders
2025-04-29 00:00:02 [abdullateef] INFO  com.example.tailormaster.controller.dashboard.DashboardController - Requested upcoming deliveries.
2025-04-29 00:00:02 [abdullateef] INFO  com.example.tailormaster.controller.dashboard.DashboardController - Requested total customers.
2025-04-29 00:00:02 [abdullateef] INFO  com.example.tailormaster.controller.dashboard.DashboardController - Requested total orders.
2025-04-29 00:00:02 [abdullateef] INFO  com.example.tailormaster.filter.LoggingInterceptor - User 'abdullateef' is requesting: GET /tailor-master/dashboard/pending-payments
2025-04-29 00:00:02 [abdullateef] INFO  com.example.tailormaster.controller.dashboard.DashboardController - Requested pending payments.
2025-04-29 00:00:02 [abdullateef] INFO  com.example.tailormaster.service.dashboard.DashboardService - Total pending payments: 9
2025-04-29 00:00:02 [abdullateef] INFO  com.example.tailormaster.controller.dashboard.DashboardController - Pending payments: 9
2025-04-29 00:00:02 [abdullateef] INFO  com.example.tailormaster.filter.LoggingInterceptor - User 'abdullateef' is requesting: GET /tailor-master/dashboard/revenue-this-month
2025-04-29 00:00:02 [abdullateef] INFO  com.example.tailormaster.service.dashboard.DashboardService - Upcoming deliveries fetched: 10
2025-04-29 00:00:02 [abdullateef] INFO  com.example.tailormaster.controller.dashboard.DashboardController - Upcoming deliveries fetched: 10
2025-04-29 00:00:02 [abdullateef] INFO  com.example.tailormaster.filter.LoggingInterceptor - User 'abdullateef' is requesting: GET /tailor-master/dashboard/monthly-revenue-trends
2025-04-29 00:00:02 [abdullateef] INFO  com.example.tailormaster.controller.dashboard.DashboardController - Requested revenue-this-month.
2025-04-29 00:00:02 [abdullateef] INFO  com.example.tailormaster.service.dashboard.DashboardService - Revenue this month: 345500.00
2025-04-29 00:00:02 [abdullateef] INFO  com.example.tailormaster.controller.dashboard.DashboardController - Revenue this month: 345500.00
2025-04-29 00:00:02 [abdullateef] INFO  com.example.tailormaster.controller.dashboard.DashboardController - Requested monthly-revenue-trends.
2025-04-29 00:00:02 [abdullateef] INFO  com.example.tailormaster.filter.LoggingInterceptor - User 'abdullateef' is requesting: GET /tailor-master/dashboard/order-status-counts
2025-04-29 00:00:02 [abdullateef] INFO  com.example.tailormaster.controller.dashboard.DashboardController - Requested order-status-counts.
2025-04-29 00:00:02 [abdullateef] INFO  com.example.tailormaster.service.dashboard.DashboardService - Order status counts: {Cancelled=2, Pending=8, InProgress=2, Completed=59, Ready for Pickup=7}
2025-04-29 00:00:02 [abdullateef] INFO  com.example.tailormaster.controller.dashboard.DashboardController - Order status counts: {Cancelled=2, Pending=8, InProgress=2, Completed=59, Ready for Pickup=7}
2025-04-29 00:00:02 [abdullateef] INFO  com.example.tailormaster.filter.LoggingInterceptor - User 'abdullateef' is requesting: GET /tailor-master/dashboard/recent-orders
2025-04-29 00:00:02 [abdullateef] INFO  com.example.tailormaster.filter.LoggingInterceptor - User 'abdullateef' is requesting: GET /tailor-master/dashboard/customers/top
2025-04-29 00:00:02 [abdullateef] INFO  com.example.tailormaster.controller.dashboard.DashboardController - Requested recent-orders.
2025-04-29 00:00:02 [abdullateef] INFO  com.example.tailormaster.controller.dashboard.DashboardController - Requested top customers.
2025-04-29 00:00:02 [abdullateef] INFO  com.example.tailormaster.service.dashboard.DashboardService - Top customers fetched: 5
2025-04-29 00:00:02 [abdullateef] INFO  com.example.tailormaster.controller.dashboard.DashboardController - Top customers fetched: 5
2025-04-29 00:00:02 [abdullateef] INFO  com.example.tailormaster.service.dashboard.DashboardService - Recent orders fetched: 5 orders
2025-04-29 00:00:02 [abdullateef] INFO  com.example.tailormaster.controller.dashboard.DashboardController - Recent orders fetched: 5
2025-04-29 00:00:02 [abdullateef] INFO  com.example.tailormaster.service.dashboard.DashboardService - Monthly revenue trends fetched successfully
2025-04-29 00:00:02 [abdullateef] INFO  com.example.tailormaster.service.dashboard.DashboardService - Total orders: 71
2025-04-29 00:00:02 [abdullateef] INFO  com.example.tailormaster.controller.dashboard.DashboardController - Total orders: 71
2025-04-29 00:00:02 [abdullateef] INFO  com.example.tailormaster.service.dashboard.DashboardService - Total customers: 40
2025-04-29 00:00:02 [abdullateef] INFO  com.example.tailormaster.controller.dashboard.DashboardController - Total customers: 40
2025-04-29 00:00:09 [abdullateef] INFO  com.example.tailormaster.filter.LoggingInterceptor - User 'abdullateef' is requesting: GET /tailor-master/customers
2025-04-29 00:00:09 [abdullateef] INFO  com.example.tailormaster.filter.LoggingInterceptor - User 'abdullateef' is requesting: GET /tailor-master/dashboard/notifications/upcoming-deliveries
2025-04-29 00:00:09 [abdullateef] INFO  com.example.tailormaster.controller.dashboard.DashboardController - Requested upcoming deliveries.
2025-04-29 00:00:09 [abdullateef] INFO  com.example.tailormaster.service.dashboard.DashboardService - Upcoming deliveries fetched: 10
2025-04-29 00:00:09 [abdullateef] INFO  com.example.tailormaster.controller.dashboard.DashboardController - Upcoming deliveries fetched: 10
2025-04-29 00:00:09 [abdullateef] INFO  com.example.tailormaster.filter.LoggingInterceptor - User 'abdullateef' is requesting: GET /tailor-master/customers/datatable
2025-04-29 00:00:09 [abdullateef] INFO  com.example.tailormaster.controller.CustomerController - Fetching customers data with search value: , sort direction: asc, start date: null, end date: null
2025-04-29 00:00:12 [abdullateef] INFO  com.example.tailormaster.filter.LoggingInterceptor - User 'abdullateef' is requesting: GET /tailor-master/customers/details/7LpmJLFnLF4X6tmi6LEp80XgASS9k8cWmUME03aLb6A=
2025-04-29 00:00:12 [abdullateef] INFO  com.example.tailormaster.controller.CustomerController - Displaying details for customer ID (encrypted): 7LpmJLFnLF4X6tmi6LEp80XgASS9k8cWmUME03aLb6A=
2025-04-29 00:00:12 [abdullateef] INFO  com.example.tailormaster.controller.CustomerController - Fetched customer details: Customer(fullName=PendingPaymentTest, phoneNumber=03224499843, enabled=false)
2025-04-29 00:00:12 [abdullateef] INFO  com.example.tailormaster.controller.CustomerController - Fetched measurement details: [CustomerMeasurement(customer=Customer(fullName=PendingPaymentTest, phoneNumber=03224499843, enabled=false), product=Product(type=QAMEEZ, name=قميض, description=, price=2000.00, enabled=true), chest=34, sleeveLength=32, shoulder=23, hips=null, waist=null, barcode=PendingPaymentTest03224499843-7f050604-9004-4611-be1a-a1667bd8cb74), CustomerMeasurement(customer=Customer(fullName=PendingPaymentTest, phoneNumber=03224499843, enabled=false), product=Product(type=SHALWAR, name=شلوار, description=, price=500.00, enabled=true), chest=null, sleeveLength=null, shoulder=null, hips=24, waist=34, barcode=PendingPaymentTest03224499843-fe1deb05-025a-4b00-8da4-7f3397eb3518)]
2025-04-29 00:00:13 [abdullateef] INFO  com.example.tailormaster.filter.LoggingInterceptor - User 'abdullateef' is requesting: GET /tailor-master/dashboard/notifications/upcoming-deliveries
2025-04-29 00:00:13 [abdullateef] INFO  com.example.tailormaster.controller.dashboard.DashboardController - Requested upcoming deliveries.
2025-04-29 00:00:13 [abdullateef] INFO  com.example.tailormaster.service.dashboard.DashboardService - Upcoming deliveries fetched: 10
2025-04-29 00:00:13 [abdullateef] INFO  com.example.tailormaster.controller.dashboard.DashboardController - Upcoming deliveries fetched: 10
2025-04-29 00:00:29 [abdullateef] INFO  com.example.tailormaster.filter.LoggingInterceptor - User 'abdullateef' is requesting: GET /tailor-master/customers
2025-04-29 00:00:29 [abdullateef] INFO  com.example.tailormaster.filter.LoggingInterceptor - User 'abdullateef' is requesting: GET /tailor-master/dashboard/notifications/upcoming-deliveries
2025-04-29 00:00:29 [abdullateef] INFO  com.example.tailormaster.controller.dashboard.DashboardController - Requested upcoming deliveries.
2025-04-29 00:00:29 [abdullateef] INFO  com.example.tailormaster.service.dashboard.DashboardService - Upcoming deliveries fetched: 10
2025-04-29 00:00:29 [abdullateef] INFO  com.example.tailormaster.controller.dashboard.DashboardController - Upcoming deliveries fetched: 10
2025-04-29 00:00:29 [abdullateef] INFO  com.example.tailormaster.filter.LoggingInterceptor - User 'abdullateef' is requesting: GET /tailor-master/customers/datatable
2025-04-29 00:00:29 [abdullateef] INFO  com.example.tailormaster.controller.CustomerController - Fetching customers data with search value: , sort direction: asc, start date: null, end date: null
2025-04-29 00:00:31 [abdullateef] INFO  com.example.tailormaster.filter.LoggingInterceptor - User 'abdullateef' is requesting: GET /tailor-master/customers/details/oUB1x0sXDQ2d3PT0TdtyGmg643FjdCQaoMww1EiBHfc=
2025-04-29 00:00:31 [abdullateef] INFO  com.example.tailormaster.controller.CustomerController - Displaying details for customer ID (encrypted): oUB1x0sXDQ2d3PT0TdtyGmg643FjdCQaoMww1EiBHfc=
2025-04-29 00:00:31 [abdullateef] INFO  com.example.tailormaster.controller.CustomerController - Fetched customer details: Customer(fullName=LedgerTest3, phoneNumber=03219988776, enabled=false)
2025-04-29 00:00:31 [abdullateef] INFO  com.example.tailormaster.controller.CustomerController - Fetched measurement details: [CustomerMeasurement(customer=Customer(fullName=LedgerTest3, phoneNumber=03219988776, enabled=false), product=Product(type=SHALWAR, name=شلوار, description=, price=500.00, enabled=true), chest=null, sleeveLength=null, shoulder=null, hips=22, waist=34, barcode=LedgerTest303219988776-6fccaec9-e05e-459b-8f12-70f13381b24a), CustomerMeasurement(customer=Customer(fullName=LedgerTest3, phoneNumber=03219988776, enabled=false), product=Product(type=QAMEEZ, name=قميض, description=, price=2000.00, enabled=true), chest=34, sleeveLength=32, shoulder=23, hips=null, waist=null, barcode=LedgerTest303219988776-1b6b5e86-06cd-4c1e-b7e4-e43ce15cd165)]
2025-04-29 00:00:31 [abdullateef] INFO  com.example.tailormaster.filter.LoggingInterceptor - User 'abdullateef' is requesting: GET /tailor-master/dashboard/notifications/upcoming-deliveries
2025-04-29 00:00:32 [abdullateef] INFO  com.example.tailormaster.controller.dashboard.DashboardController - Requested upcoming deliveries.
2025-04-29 00:00:32 [abdullateef] INFO  com.example.tailormaster.service.dashboard.DashboardService - Upcoming deliveries fetched: 10
2025-04-29 00:00:32 [abdullateef] INFO  com.example.tailormaster.controller.dashboard.DashboardController - Upcoming deliveries fetched: 10
2025-04-29 00:00:54 [abdullateef] INFO  com.example.tailormaster.filter.LoggingInterceptor - User 'abdullateef' is requesting: GET /tailor-master/customers
2025-04-29 00:00:54 [abdullateef] INFO  com.example.tailormaster.filter.LoggingInterceptor - User 'abdullateef' is requesting: GET /tailor-master/dashboard/notifications/upcoming-deliveries
2025-04-29 00:00:54 [abdullateef] INFO  com.example.tailormaster.controller.dashboard.DashboardController - Requested upcoming deliveries.
2025-04-29 00:00:54 [abdullateef] INFO  com.example.tailormaster.service.dashboard.DashboardService - Upcoming deliveries fetched: 10
2025-04-29 00:00:54 [abdullateef] INFO  com.example.tailormaster.controller.dashboard.DashboardController - Upcoming deliveries fetched: 10
2025-04-29 00:00:54 [abdullateef] INFO  com.example.tailormaster.filter.LoggingInterceptor - User 'abdullateef' is requesting: GET /tailor-master/customers/datatable
2025-04-29 00:00:54 [abdullateef] INFO  com.example.tailormaster.controller.CustomerController - Fetching customers data with search value: , sort direction: asc, start date: null, end date: null
2025-04-29 00:00:59 [abdullateef] INFO  com.example.tailormaster.filter.LoggingInterceptor - User 'abdullateef' is requesting: GET /tailor-master/customers/details/hMpHY4C3jzgF01gu2SkQWr5y-FsAgxy-DbWrTjZ4kbU=
2025-04-29 00:00:59 [abdullateef] INFO  com.example.tailormaster.controller.CustomerController - Displaying details for customer ID (encrypted): hMpHY4C3jzgF01gu2SkQWr5y-FsAgxy-DbWrTjZ4kbU=
2025-04-29 00:00:59 [abdullateef] INFO  com.example.tailormaster.controller.CustomerController - Fetched customer details: Customer(fullName=LedgerTest2, phoneNumber=03455566778, enabled=false)
2025-04-29 00:00:59 [abdullateef] INFO  com.example.tailormaster.controller.CustomerController - Fetched measurement details: [CustomerMeasurement(customer=Customer(fullName=LedgerTest2, phoneNumber=03455566778, enabled=false), product=Product(type=QAMEEZ, name=قميض, description=, price=2000.00, enabled=true), chest=34, sleeveLength=32, shoulder=67, hips=null, waist=null, barcode=LedgerTest203455566778-e8b94c60-8e2d-45dd-8150-ffff8ece3778), CustomerMeasurement(customer=Customer(fullName=LedgerTest2, phoneNumber=03455566778, enabled=false), product=Product(type=SHALWAR, name=شلوار, description=, price=500.00, enabled=true), chest=null, sleeveLength=null, shoulder=null, hips=23, waist=33, barcode=LedgerTest203455566778-be33d5f9-34f0-4a35-b2a5-6b757a54f8f0)]
2025-04-29 00:00:59 [abdullateef] INFO  com.example.tailormaster.filter.LoggingInterceptor - User 'abdullateef' is requesting: GET /tailor-master/dashboard/notifications/upcoming-deliveries
2025-04-29 00:00:59 [abdullateef] INFO  com.example.tailormaster.controller.dashboard.DashboardController - Requested upcoming deliveries.
2025-04-29 00:00:59 [abdullateef] INFO  com.example.tailormaster.service.dashboard.DashboardService - Upcoming deliveries fetched: 10
2025-04-29 00:00:59 [abdullateef] INFO  com.example.tailormaster.controller.dashboard.DashboardController - Upcoming deliveries fetched: 10
2025-04-29 00:01:04 [abdullateef] INFO  com.example.tailormaster.filter.LoggingInterceptor - User 'abdullateef' is requesting: GET /tailor-master/customers
2025-04-29 00:01:04 [abdullateef] INFO  com.example.tailormaster.filter.LoggingInterceptor - User 'abdullateef' is requesting: GET /tailor-master/dashboard/notifications/upcoming-deliveries
2025-04-29 00:01:04 [abdullateef] INFO  com.example.tailormaster.controller.dashboard.DashboardController - Requested upcoming deliveries.
2025-04-29 00:01:04 [abdullateef] INFO  com.example.tailormaster.service.dashboard.DashboardService - Upcoming deliveries fetched: 10
2025-04-29 00:01:04 [abdullateef] INFO  com.example.tailormaster.controller.dashboard.DashboardController - Upcoming deliveries fetched: 10
2025-04-29 00:01:04 [abdullateef] INFO  com.example.tailormaster.filter.LoggingInterceptor - User 'abdullateef' is requesting: GET /tailor-master/customers/datatable
2025-04-29 00:01:04 [abdullateef] INFO  com.example.tailormaster.controller.CustomerController - Fetching customers data with search value: , sort direction: asc, start date: null, end date: null
2025-04-29 00:01:06 [abdullateef] INFO  com.example.tailormaster.filter.LoggingInterceptor - User 'abdullateef' is requesting: GET /tailor-master/customers/details/_FbX1yopvvItOGb6cZUcj-QhMqq-0OkUjN_6u-rTSog=
2025-04-29 00:01:07 [abdullateef] INFO  com.example.tailormaster.controller.CustomerController - Displaying details for customer ID (encrypted): _FbX1yopvvItOGb6cZUcj-QhMqq-0OkUjN_6u-rTSog=
2025-04-29 00:01:07 [abdullateef] INFO  com.example.tailormaster.controller.CustomerController - Fetched customer details: Customer(fullName=LedgerTest3, phoneNumber=03219988776, enabled=false)
2025-04-29 00:01:07 [abdullateef] INFO  com.example.tailormaster.controller.CustomerController - Fetched measurement details: [CustomerMeasurement(customer=Customer(fullName=LedgerTest3, phoneNumber=03219988776, enabled=false), product=Product(type=SHALWAR, name=شلوار, description=, price=500.00, enabled=true), chest=null, sleeveLength=null, shoulder=null, hips=22, waist=34, barcode=LedgerTest303219988776-6fccaec9-e05e-459b-8f12-70f13381b24a), CustomerMeasurement(customer=Customer(fullName=LedgerTest3, phoneNumber=03219988776, enabled=false), product=Product(type=QAMEEZ, name=قميض, description=, price=2000.00, enabled=true), chest=34, sleeveLength=32, shoulder=23, hips=null, waist=null, barcode=LedgerTest303219988776-1b6b5e86-06cd-4c1e-b7e4-e43ce15cd165)]
2025-04-29 00:01:07 [abdullateef] INFO  com.example.tailormaster.filter.LoggingInterceptor - User 'abdullateef' is requesting: GET /tailor-master/dashboard/notifications/upcoming-deliveries
2025-04-29 00:01:07 [abdullateef] INFO  com.example.tailormaster.controller.dashboard.DashboardController - Requested upcoming deliveries.
2025-04-29 00:01:07 [abdullateef] INFO  com.example.tailormaster.service.dashboard.DashboardService - Upcoming deliveries fetched: 10
2025-04-29 00:01:07 [abdullateef] INFO  com.example.tailormaster.controller.dashboard.DashboardController - Upcoming deliveries fetched: 10
2025-04-29 00:01:12 [abdullateef] INFO  com.example.tailormaster.filter.LoggingInterceptor - User 'abdullateef' is requesting: GET /tailor-master/customers
2025-04-29 00:01:12 [abdullateef] INFO  com.example.tailormaster.filter.LoggingInterceptor - User 'abdullateef' is requesting: GET /tailor-master/dashboard/notifications/upcoming-deliveries
2025-04-29 00:01:12 [abdullateef] INFO  com.example.tailormaster.controller.dashboard.DashboardController - Requested upcoming deliveries.
2025-04-29 00:01:12 [abdullateef] INFO  com.example.tailormaster.filter.LoggingInterceptor - User 'abdullateef' is requesting: GET /tailor-master/customers/datatable
2025-04-29 00:01:12 [abdullateef] INFO  com.example.tailormaster.service.dashboard.DashboardService - Upcoming deliveries fetched: 10
2025-04-29 00:01:12 [abdullateef] INFO  com.example.tailormaster.controller.dashboard.DashboardController - Upcoming deliveries fetched: 10
2025-04-29 00:01:12 [abdullateef] INFO  com.example.tailormaster.controller.CustomerController - Fetching customers data with search value: , sort direction: asc, start date: null, end date: null
2025-04-29 00:01:15 [abdullateef] INFO  com.example.tailormaster.filter.LoggingInterceptor - User 'abdullateef' is requesting: GET /tailor-master/orders/create/GNC6Ku0LOYQAau2UwpO7LUSF0lzOqXVcWWlMFV4neFU=
2025-04-29 00:01:15 [abdullateef] INFO  com.example.tailormaster.controller.OrderController - Displaying create order form for customer ID: GNC6Ku0LOYQAau2UwpO7LUSF0lzOqXVcWWlMFV4neFU=
2025-04-29 00:01:15 [abdullateef] INFO  com.example.tailormaster.filter.LoggingInterceptor - User 'abdullateef' is requesting: GET /tailor-master/dashboard/notifications/upcoming-deliveries
2025-04-29 00:01:15 [abdullateef] INFO  com.example.tailormaster.controller.dashboard.DashboardController - Requested upcoming deliveries.
2025-04-29 00:01:15 [abdullateef] INFO  com.example.tailormaster.service.dashboard.DashboardService - Upcoming deliveries fetched: 10
2025-04-29 00:01:15 [abdullateef] INFO  com.example.tailormaster.controller.dashboard.DashboardController - Upcoming deliveries fetched: 10
2025-04-29 00:01:25 [abdullateef] INFO  com.example.tailormaster.filter.LoggingInterceptor - User 'abdullateef' is requesting: POST /tailor-master/orders/create
2025-04-29 00:01:25 [abdullateef] INFO  com.example.tailormaster.controller.OrderController - Attempting to create a new order for customer ID: _gdbCdIGTDr6PT_uQRLxogjd1xVOBJ_H1_Ba1qmJr9A=
2025-04-29 00:01:25 [abdullateef] INFO  com.example.tailormaster.service.product.ProductService - Fetching product by ID: 2
2025-04-29 00:01:25 [abdullateef] INFO  com.example.tailormaster.service.product.ProductService - Fetching product by ID: 1
2025-04-29 00:01:26 [abdullateef] INFO  com.example.tailormaster.service.order.OrderService - Order saved with ID: 97
2025-04-29 00:01:26 [abdullateef] INFO  com.example.tailormaster.controller.OrderController - Order created successfully: Order(customer=Customer(fullName=LedgerTest3, phoneNumber=03219988776, enabled=false), orderDate=2025-04-29, deliveryDate=2025-04-30, advancePayment=0, duePayment=2500.00, totalProductAmount=2500.00, orderId=GT-250429-001, user=User(username=abdullateef, fullName=Abdul Lateef, fathersName=null, phone1=03453759863, phone2=, dateOfBirth=2000-01-01, shopName=غازي ٽيلرز, proprietorName=Abdul Lateef, shopAddress=Sachal Goth, Block-B, Near PCSIR Laboratory, Gulshan-e-Iqbal, Karachi., shortCode=GT, enabled=true), status=PENDING, cabinetNo=null, pickupStatus=NOT_PICKED_UP, pickupDate=null, pickedUpWithDue=false, outstandingDueAmount=0, paidAmount=0)
2025-04-29 00:01:26 [abdullateef] INFO  com.example.tailormaster.filter.LoggingInterceptor - User 'abdullateef' is requesting: GET /tailor-master/orders
2025-04-29 00:01:26 [abdullateef] INFO  com.example.tailormaster.controller.OrderController - User accessed the orders list page.
2025-04-29 00:01:26 [abdullateef] INFO  com.example.tailormaster.filter.LoggingInterceptor - User 'abdullateef' is requesting: GET /tailor-master/dashboard/notifications/upcoming-deliveries
2025-04-29 00:01:26 [abdullateef] INFO  com.example.tailormaster.controller.dashboard.DashboardController - Requested upcoming deliveries.
2025-04-29 00:01:26 [abdullateef] INFO  com.example.tailormaster.service.dashboard.DashboardService - Upcoming deliveries fetched: 11
2025-04-29 00:01:26 [abdullateef] INFO  com.example.tailormaster.controller.dashboard.DashboardController - Upcoming deliveries fetched: 11
2025-04-29 00:01:26 [abdullateef] INFO  com.example.tailormaster.filter.LoggingInterceptor - User 'abdullateef' is requesting: GET /tailor-master/orders/datatable
2025-04-29 00:01:26 [abdullateef] INFO  com.example.tailormaster.controller.OrderController - Fetching paginated orders for datatable - draw: 1, start: 0, length: 10, search: , column: 0, direction: asc, startDate: null, endDate: null
2025-04-29 00:01:33 [abdullateef] INFO  com.example.tailormaster.filter.LoggingInterceptor - User 'abdullateef' is requesting: GET /tailor-master/customers
2025-04-29 00:01:33 [abdullateef] INFO  com.example.tailormaster.filter.LoggingInterceptor - User 'abdullateef' is requesting: GET /tailor-master/dashboard/notifications/upcoming-deliveries
2025-04-29 00:01:33 [abdullateef] INFO  com.example.tailormaster.controller.dashboard.DashboardController - Requested upcoming deliveries.
2025-04-29 00:01:33 [abdullateef] INFO  com.example.tailormaster.service.dashboard.DashboardService - Upcoming deliveries fetched: 11
2025-04-29 00:01:33 [abdullateef] INFO  com.example.tailormaster.controller.dashboard.DashboardController - Upcoming deliveries fetched: 11
2025-04-29 00:01:33 [abdullateef] INFO  com.example.tailormaster.filter.LoggingInterceptor - User 'abdullateef' is requesting: GET /tailor-master/customers/datatable
2025-04-29 00:01:33 [abdullateef] INFO  com.example.tailormaster.controller.CustomerController - Fetching customers data with search value: , sort direction: asc, start date: null, end date: null
2025-04-29 00:01:36 [abdullateef] INFO  com.example.tailormaster.filter.LoggingInterceptor - User 'abdullateef' is requesting: GET /tailor-master/customers/details/Y6DaDwmhIGsGX-o6x2ZETv9aHRwVJyFz--8-0SbUH9Q=
2025-04-29 00:01:36 [abdullateef] INFO  com.example.tailormaster.controller.CustomerController - Displaying details for customer ID (encrypted): Y6DaDwmhIGsGX-o6x2ZETv9aHRwVJyFz--8-0SbUH9Q=
2025-04-29 00:01:36 [abdullateef] INFO  com.example.tailormaster.controller.CustomerController - Fetched customer details: Customer(fullName=LedgerTest3, phoneNumber=03219988776, enabled=false)
2025-04-29 00:01:36 [abdullateef] INFO  com.example.tailormaster.controller.CustomerController - Fetched measurement details: [CustomerMeasurement(customer=Customer(fullName=LedgerTest3, phoneNumber=03219988776, enabled=false), product=Product(type=SHALWAR, name=شلوار, description=, price=500.00, enabled=true), chest=null, sleeveLength=null, shoulder=null, hips=22, waist=34, barcode=LedgerTest303219988776-6fccaec9-e05e-459b-8f12-70f13381b24a), CustomerMeasurement(customer=Customer(fullName=LedgerTest3, phoneNumber=03219988776, enabled=false), product=Product(type=QAMEEZ, name=قميض, description=, price=2000.00, enabled=true), chest=34, sleeveLength=32, shoulder=23, hips=null, waist=null, barcode=LedgerTest303219988776-1b6b5e86-06cd-4c1e-b7e4-e43ce15cd165)]
2025-04-29 00:01:36 [abdullateef] INFO  com.example.tailormaster.filter.LoggingInterceptor - User 'abdullateef' is requesting: GET /tailor-master/dashboard/notifications/upcoming-deliveries
2025-04-29 00:01:36 [abdullateef] INFO  com.example.tailormaster.controller.dashboard.DashboardController - Requested upcoming deliveries.
2025-04-29 00:01:36 [abdullateef] INFO  com.example.tailormaster.service.dashboard.DashboardService - Upcoming deliveries fetched: 11
2025-04-29 00:01:36 [abdullateef] INFO  com.example.tailormaster.controller.dashboard.DashboardController - Upcoming deliveries fetched: 11
2025-04-29 00:02:02 [abdullateef] INFO  com.example.tailormaster.filter.LoggingInterceptor - User 'abdullateef' is requesting: GET /tailor-master/orders
2025-04-29 00:02:02 [abdullateef] INFO  com.example.tailormaster.controller.OrderController - User accessed the orders list page.
2025-04-29 00:02:02 [abdullateef] INFO  com.example.tailormaster.filter.LoggingInterceptor - User 'abdullateef' is requesting: GET /tailor-master/dashboard/notifications/upcoming-deliveries
2025-04-29 00:02:02 [abdullateef] INFO  com.example.tailormaster.controller.dashboard.DashboardController - Requested upcoming deliveries.
2025-04-29 00:02:02 [abdullateef] INFO  com.example.tailormaster.filter.LoggingInterceptor - User 'abdullateef' is requesting: GET /tailor-master/orders/datatable
2025-04-29 00:02:02 [abdullateef] INFO  com.example.tailormaster.service.dashboard.DashboardService - Upcoming deliveries fetched: 11
2025-04-29 00:02:02 [abdullateef] INFO  com.example.tailormaster.controller.dashboard.DashboardController - Upcoming deliveries fetched: 11
2025-04-29 00:02:02 [abdullateef] INFO  com.example.tailormaster.controller.OrderController - Fetching paginated orders for datatable - draw: 1, start: 0, length: 10, search: , column: 0, direction: asc, startDate: null, endDate: null
2025-04-29 00:02:07 [abdullateef] INFO  com.example.tailormaster.filter.LoggingInterceptor - User 'abdullateef' is requesting: GET /tailor-master/orders/datatable
2025-04-29 00:02:07 [abdullateef] INFO  com.example.tailormaster.controller.OrderController - Fetching paginated orders for datatable - draw: 2, start: 70, length: 10, search: , column: 0, direction: asc, startDate: null, endDate: null
2025-04-29 00:02:12 [abdullateef] INFO  com.example.tailormaster.filter.LoggingInterceptor - User 'abdullateef' is requesting: GET /tailor-master/orders/details/XSD2PcYSy7TfY3HpFQoRKHFKNJQMDlv-ruO_FQ8uf8w=
2025-04-29 00:02:12 [abdullateef] INFO  com.example.tailormaster.controller.OrderController - Displaying order details: Order(customer=Customer(fullName=LedgerTest3, phoneNumber=03219988776, enabled=false), orderDate=2025-04-29, deliveryDate=2025-04-30, advancePayment=0.00, duePayment=2500.00, totalProductAmount=2500.00, orderId=GT-250429-001, user=User(username=abdullateef, fullName=Abdul Lateef, fathersName=null, phone1=03453759863, phone2=, dateOfBirth=2000-01-01, shopName=غازي ٽيلرز, proprietorName=Abdul Lateef, shopAddress=Sachal Goth, Block-B, Near PCSIR Laboratory, Gulshan-e-Iqbal, Karachi., shortCode=GT, enabled=true), status=PENDING, cabinetNo=null, pickupStatus=NOT_PICKED_UP, pickupDate=null, pickedUpWithDue=false, outstandingDueAmount=0.00, paidAmount=0.00)
2025-04-29 00:02:13 [abdullateef] INFO  com.example.tailormaster.filter.LoggingInterceptor - User 'abdullateef' is requesting: GET /tailor-master/dashboard/notifications/upcoming-deliveries
2025-04-29 00:02:13 [abdullateef] INFO  com.example.tailormaster.controller.dashboard.DashboardController - Requested upcoming deliveries.
2025-04-29 00:02:13 [abdullateef] INFO  com.example.tailormaster.service.dashboard.DashboardService - Upcoming deliveries fetched: 11
2025-04-29 00:02:13 [abdullateef] INFO  com.example.tailormaster.controller.dashboard.DashboardController - Upcoming deliveries fetched: 11
2025-04-29 00:02:19 [abdullateef] INFO  com.example.tailormaster.filter.LoggingInterceptor - User 'abdullateef' is requesting: POST /tailor-master/orders/update-order-status
2025-04-29 00:02:19 [abdullateef] INFO  com.example.tailormaster.controller.OrderController - Attempting to update order status for order ID: 97
2025-04-29 00:02:19 [abdullateef] INFO  com.example.tailormaster.service.order.OrderService - Order Status updated with ID: 97
2025-04-29 00:02:19 [abdullateef] INFO  com.example.tailormaster.controller.OrderController - Order status updated successfully for ID: 97
2025-04-29 00:02:22 [abdullateef] INFO  com.example.tailormaster.filter.LoggingInterceptor - User 'abdullateef' is requesting: GET /tailor-master/orders
2025-04-29 00:02:22 [abdullateef] INFO  com.example.tailormaster.controller.OrderController - User accessed the orders list page.
2025-04-29 00:02:22 [abdullateef] INFO  com.example.tailormaster.filter.LoggingInterceptor - User 'abdullateef' is requesting: GET /tailor-master/dashboard/notifications/upcoming-deliveries
2025-04-29 00:02:22 [abdullateef] INFO  com.example.tailormaster.controller.dashboard.DashboardController - Requested upcoming deliveries.
2025-04-29 00:02:22 [abdullateef] INFO  com.example.tailormaster.service.dashboard.DashboardService - Upcoming deliveries fetched: 10
2025-04-29 00:02:22 [abdullateef] INFO  com.example.tailormaster.controller.dashboard.DashboardController - Upcoming deliveries fetched: 10
2025-04-29 00:02:22 [abdullateef] INFO  com.example.tailormaster.filter.LoggingInterceptor - User 'abdullateef' is requesting: GET /tailor-master/orders/datatable
2025-04-29 00:02:22 [abdullateef] INFO  com.example.tailormaster.controller.OrderController - Fetching paginated orders for datatable - draw: 1, start: 0, length: 10, search: , column: 0, direction: asc, startDate: null, endDate: null
2025-04-29 00:02:25 [abdullateef] INFO  com.example.tailormaster.filter.LoggingInterceptor - User 'abdullateef' is requesting: GET /tailor-master/orders/datatable
2025-04-29 00:02:25 [abdullateef] INFO  com.example.tailormaster.controller.OrderController - Fetching paginated orders for datatable - draw: 2, start: 70, length: 10, search: , column: 0, direction: asc, startDate: null, endDate: null
2025-04-29 00:02:38 [abdullateef] INFO  com.example.tailormaster.filter.LoggingInterceptor - User 'abdullateef' is requesting: POST /tailor-master/orders/pickup
2025-04-29 00:02:38 [abdullateef] INFO  com.example.tailormaster.controller.OrderController - Attempting to mark order as picked up with ID: gS3Jaj6A-4_B103AGarsxTaeOznNNMr5lKJ_nLwIW6Q= and amount received: 2000
2025-04-29 00:02:38 [abdullateef] INFO  com.example.tailormaster.service.order.OrderService - Attempting the Order: Order(customer=Customer(fullName=LedgerTest3, phoneNumber=03219988776, enabled=false), orderDate=2025-04-29, deliveryDate=2025-04-30, advancePayment=0.00, duePayment=2500.00, totalProductAmount=2500.00, orderId=GT-250429-001, user=User(username=abdullateef, fullName=Abdul Lateef, fathersName=null, phone1=03453759863, phone2=, dateOfBirth=2000-01-01, shopName=غازي ٽيلرز, proprietorName=Abdul Lateef, shopAddress=Sachal Goth, Block-B, Near PCSIR Laboratory, Gulshan-e-Iqbal, Karachi., shortCode=GT, enabled=true), status=COMPLETED, cabinetNo=7, pickupStatus=NOT_PICKED_UP, pickupDate=null, pickedUpWithDue=false, outstandingDueAmount=0.00, paidAmount=0.00) mark as picked up with amount received: 2000
2025-04-29 00:02:38 [abdullateef] INFO  com.example.tailormaster.service.order.OrderService - Order with ID 97 marked as picked up. Amount received: 2000, Outstanding due: 500.00
2025-04-29 00:02:38 [abdullateef] INFO  com.example.tailormaster.controller.OrderController - Order request processed successfully for ID: 97
2025-04-29 00:02:38 [abdullateef] INFO  com.example.tailormaster.filter.LoggingInterceptor - User 'abdullateef' is requesting: GET /tailor-master/orders/datatable
2025-04-29 00:02:38 [abdullateef] INFO  com.example.tailormaster.controller.OrderController - Fetching paginated orders for datatable - draw: 3, start: 70, length: 10, search: , column: 0, direction: asc, startDate: null, endDate: null
2025-04-29 00:02:45 [abdullateef] INFO  com.example.tailormaster.filter.LoggingInterceptor - User 'abdullateef' is requesting: GET /tailor-master/customers
2025-04-29 00:02:45 [abdullateef] INFO  com.example.tailormaster.filter.LoggingInterceptor - User 'abdullateef' is requesting: GET /tailor-master/dashboard/notifications/upcoming-deliveries
2025-04-29 00:02:45 [abdullateef] INFO  com.example.tailormaster.controller.dashboard.DashboardController - Requested upcoming deliveries.
2025-04-29 00:02:45 [abdullateef] INFO  com.example.tailormaster.service.dashboard.DashboardService - Upcoming deliveries fetched: 10
2025-04-29 00:02:45 [abdullateef] INFO  com.example.tailormaster.controller.dashboard.DashboardController - Upcoming deliveries fetched: 10
2025-04-29 00:02:45 [abdullateef] INFO  com.example.tailormaster.filter.LoggingInterceptor - User 'abdullateef' is requesting: GET /tailor-master/customers/datatable
2025-04-29 00:02:45 [abdullateef] INFO  com.example.tailormaster.controller.CustomerController - Fetching customers data with search value: , sort direction: asc, start date: null, end date: null
2025-04-29 00:02:48 [abdullateef] INFO  com.example.tailormaster.filter.LoggingInterceptor - User 'abdullateef' is requesting: GET /tailor-master/customers/details/Xk4lkeR7Q_IdNbH8euX317DkYLBeK-YkvgVEH_w7_NE=
2025-04-29 00:02:48 [abdullateef] INFO  com.example.tailormaster.controller.CustomerController - Displaying details for customer ID (encrypted): Xk4lkeR7Q_IdNbH8euX317DkYLBeK-YkvgVEH_w7_NE=
2025-04-29 00:02:48 [abdullateef] INFO  com.example.tailormaster.controller.CustomerController - Fetched customer details: Customer(fullName=LedgerTest3, phoneNumber=03219988776, enabled=false)
2025-04-29 00:02:48 [abdullateef] INFO  com.example.tailormaster.controller.CustomerController - Fetched measurement details: [CustomerMeasurement(customer=Customer(fullName=LedgerTest3, phoneNumber=03219988776, enabled=false), product=Product(type=SHALWAR, name=شلوار, description=, price=500.00, enabled=true), chest=null, sleeveLength=null, shoulder=null, hips=22, waist=34, barcode=LedgerTest303219988776-6fccaec9-e05e-459b-8f12-70f13381b24a), CustomerMeasurement(customer=Customer(fullName=LedgerTest3, phoneNumber=03219988776, enabled=false), product=Product(type=QAMEEZ, name=قميض, description=, price=2000.00, enabled=true), chest=34, sleeveLength=32, shoulder=23, hips=null, waist=null, barcode=LedgerTest303219988776-1b6b5e86-06cd-4c1e-b7e4-e43ce15cd165)]
2025-04-29 00:02:48 [abdullateef] INFO  com.example.tailormaster.filter.LoggingInterceptor - User 'abdullateef' is requesting: GET /tailor-master/dashboard/notifications/upcoming-deliveries
2025-04-29 00:02:48 [abdullateef] INFO  com.example.tailormaster.controller.dashboard.DashboardController - Requested upcoming deliveries.
2025-04-29 00:02:48 [abdullateef] INFO  com.example.tailormaster.service.dashboard.DashboardService - Upcoming deliveries fetched: 10
2025-04-29 00:02:48 [abdullateef] INFO  com.example.tailormaster.controller.dashboard.DashboardController - Upcoming deliveries fetched: 10
2025-04-29 00:03:57 [abdullateef] INFO  com.example.tailormaster.filter.LoggingInterceptor - User 'abdullateef' is requesting: GET /tailor-master/orders/pending-payments
2025-04-29 00:03:57 [abdullateef] INFO  com.example.tailormaster.controller.OrderController - User accessed the pending payments page.
2025-04-29 00:03:59 [abdullateef] INFO  com.example.tailormaster.filter.LoggingInterceptor - User 'abdullateef' is requesting: GET /tailor-master/dashboard/notifications/upcoming-deliveries
2025-04-29 00:03:59 [abdullateef] INFO  com.example.tailormaster.controller.dashboard.DashboardController - Requested upcoming deliveries.
2025-04-29 00:03:59 [abdullateef] INFO  com.example.tailormaster.service.dashboard.DashboardService - Upcoming deliveries fetched: 10
2025-04-29 00:03:59 [abdullateef] INFO  com.example.tailormaster.controller.dashboard.DashboardController - Upcoming deliveries fetched: 10
2025-04-29 00:04:05 [abdullateef] INFO  com.example.tailormaster.filter.LoggingInterceptor - User 'abdullateef' is requesting: POST /tailor-master/orders/pending-payments/pay
2025-04-29 00:04:05 [abdullateef] INFO  com.example.tailormaster.controller.OrderController - Attempting to process payment of 500 for order ID: 5HS6uXW9kd9aTJUL0bN7eHaCxxmow8GYeTHNzmSQRLg=
2025-04-29 00:04:05 [abdullateef] INFO  com.example.tailormaster.service.order.OrderService - Attempting the process payment for Order: Order(customer=Customer(fullName=LedgerTest3, phoneNumber=03219988776, enabled=false), orderDate=2025-04-29, deliveryDate=2025-04-30, advancePayment=0.00, duePayment=2500.00, totalProductAmount=2500.00, orderId=GT-250429-001, user=User(username=abdullateef, fullName=Abdul Lateef, fathersName=null, phone1=03453759863, phone2=, dateOfBirth=2000-01-01, shopName=غازي ٽيلرز, proprietorName=Abdul Lateef, shopAddress=Sachal Goth, Block-B, Near PCSIR Laboratory, Gulshan-e-Iqbal, Karachi., shortCode=GT, enabled=true), status=COMPLETED, cabinetNo=7, pickupStatus=PICKED_UP, pickupDate=2025-04-29T00:02:38, pickedUpWithDue=true, outstandingDueAmount=500.00, paidAmount=2000.00)
2025-04-29 00:04:13 [abdullateef] INFO  com.example.tailormaster.service.order.OrderService - Payment of 500 processed for Order: Order(customer=Customer(fullName=LedgerTest3, phoneNumber=03219988776, enabled=false), orderDate=2025-04-29, deliveryDate=2025-04-30, advancePayment=0.00, duePayment=2500.00, totalProductAmount=2500.00, orderId=GT-250429-001, user=User(username=abdullateef, fullName=Abdul Lateef, fathersName=null, phone1=03453759863, phone2=, dateOfBirth=2000-01-01, shopName=غازي ٽيلرز, proprietorName=Abdul Lateef, shopAddress=Sachal Goth, Block-B, Near PCSIR Laboratory, Gulshan-e-Iqbal, Karachi., shortCode=GT, enabled=true), status=COMPLETED, cabinetNo=7, pickupStatus=PICKED_UP, pickupDate=2025-04-29T00:02:38, pickedUpWithDue=true, outstandingDueAmount=0.00, paidAmount=2500.00)
2025-04-29 00:04:13 [abdullateef] INFO  com.example.tailormaster.controller.OrderController - Order request processed successfully for ID: 97
2025-04-29 00:04:15 [abdullateef] INFO  com.example.tailormaster.filter.LoggingInterceptor - User 'abdullateef' is requesting: GET /tailor-master/orders/pending-payments
2025-04-29 00:04:15 [abdullateef] INFO  com.example.tailormaster.controller.OrderController - User accessed the pending payments page.
2025-04-29 00:04:16 [abdullateef] INFO  com.example.tailormaster.filter.LoggingInterceptor - User 'abdullateef' is requesting: GET /tailor-master/dashboard/notifications/upcoming-deliveries
2025-04-29 00:04:16 [abdullateef] INFO  com.example.tailormaster.controller.dashboard.DashboardController - Requested upcoming deliveries.
2025-04-29 00:04:16 [abdullateef] INFO  com.example.tailormaster.service.dashboard.DashboardService - Upcoming deliveries fetched: 10
2025-04-29 00:04:16 [abdullateef] INFO  com.example.tailormaster.controller.dashboard.DashboardController - Upcoming deliveries fetched: 10
2025-04-29 00:04:23 [abdullateef] INFO  com.example.tailormaster.filter.LoggingInterceptor - User 'abdullateef' is requesting: GET /tailor-master/customers
2025-04-29 00:04:23 [abdullateef] INFO  com.example.tailormaster.filter.LoggingInterceptor - User 'abdullateef' is requesting: GET /tailor-master/dashboard/notifications/upcoming-deliveries
2025-04-29 00:04:23 [abdullateef] INFO  com.example.tailormaster.filter.LoggingInterceptor - User 'abdullateef' is requesting: GET /tailor-master/customers/datatable
2025-04-29 00:04:23 [abdullateef] INFO  com.example.tailormaster.controller.CustomerController - Fetching customers data with search value: , sort direction: asc, start date: null, end date: null
2025-04-29 00:04:23 [abdullateef] INFO  com.example.tailormaster.controller.dashboard.DashboardController - Requested upcoming deliveries.
2025-04-29 00:04:23 [abdullateef] INFO  com.example.tailormaster.service.dashboard.DashboardService - Upcoming deliveries fetched: 10
2025-04-29 00:04:23 [abdullateef] INFO  com.example.tailormaster.controller.dashboard.DashboardController - Upcoming deliveries fetched: 10
2025-04-29 00:04:26 [abdullateef] INFO  com.example.tailormaster.filter.LoggingInterceptor - User 'abdullateef' is requesting: GET /tailor-master/customers/details/Lo8yWAYz6C9qFEShOV4tyKDtZn1429fubx5L1r2WU3Y=
2025-04-29 00:04:26 [abdullateef] INFO  com.example.tailormaster.controller.CustomerController - Displaying details for customer ID (encrypted): Lo8yWAYz6C9qFEShOV4tyKDtZn1429fubx5L1r2WU3Y=
2025-04-29 00:04:26 [abdullateef] INFO  com.example.tailormaster.controller.CustomerController - Fetched customer details: Customer(fullName=LedgerTest3, phoneNumber=03219988776, enabled=false)
2025-04-29 00:04:26 [abdullateef] INFO  com.example.tailormaster.controller.CustomerController - Fetched measurement details: [CustomerMeasurement(customer=Customer(fullName=LedgerTest3, phoneNumber=03219988776, enabled=false), product=Product(type=SHALWAR, name=شلوار, description=, price=500.00, enabled=true), chest=null, sleeveLength=null, shoulder=null, hips=22, waist=34, barcode=LedgerTest303219988776-6fccaec9-e05e-459b-8f12-70f13381b24a), CustomerMeasurement(customer=Customer(fullName=LedgerTest3, phoneNumber=03219988776, enabled=false), product=Product(type=QAMEEZ, name=قميض, description=, price=2000.00, enabled=true), chest=34, sleeveLength=32, shoulder=23, hips=null, waist=null, barcode=LedgerTest303219988776-1b6b5e86-06cd-4c1e-b7e4-e43ce15cd165)]
2025-04-29 00:04:27 [abdullateef] INFO  com.example.tailormaster.filter.LoggingInterceptor - User 'abdullateef' is requesting: GET /tailor-master/dashboard/notifications/upcoming-deliveries
2025-04-29 00:04:27 [abdullateef] INFO  com.example.tailormaster.controller.dashboard.DashboardController - Requested upcoming deliveries.
2025-04-29 00:04:27 [abdullateef] INFO  com.example.tailormaster.service.dashboard.DashboardService - Upcoming deliveries fetched: 10
2025-04-29 00:04:27 [abdullateef] INFO  com.example.tailormaster.controller.dashboard.DashboardController - Upcoming deliveries fetched: 10
2025-04-29 00:10:46 [] INFO  org.springframework.boot.web.embedded.tomcat.GracefulShutdown - Commencing graceful shutdown. Waiting for active requests to complete
2025-04-29 00:10:48 [] INFO  org.springframework.boot.web.embedded.tomcat.GracefulShutdown - Graceful shutdown complete
2025-04-29 00:10:48 [] INFO  org.springframework.orm.jpa.LocalContainerEntityManagerFactoryBean - Closing JPA EntityManagerFactory for persistence unit 'default'
2025-04-29 00:10:48 [] INFO  com.zaxxer.hikari.HikariDataSource - HikariPool-1 - Shutdown initiated...
2025-04-29 00:10:48 [] INFO  com.zaxxer.hikari.HikariDataSource - HikariPool-1 - Shutdown completed.
2025-04-29 00:11:05 [] INFO  org.hibernate.validator.internal.util.Version - HV000001: Hibernate Validator 8.0.2.Final
2025-04-29 00:11:05 [] INFO  com.example.tailormaster.TailorMasterAppApplication - Starting TailorMasterAppApplication using Java 17.0.2 with PID 18132 (E:\Development-Workspaces\tailor-master-app\tailor-master-app\target\classes started by wajiz.pk in E:\Development-Workspaces\tailor-master-app\tailor-master-app)
2025-04-29 00:11:05 [] INFO  com.example.tailormaster.TailorMasterAppApplication - No active profile set, falling back to 1 default profile: "default"
2025-04-29 00:11:05 [] INFO  org.springframework.boot.devtools.env.DevToolsPropertyDefaultsPostProcessor - Devtools property defaults active! Set 'spring.devtools.add-properties' to 'false' to disable
2025-04-29 00:11:05 [] INFO  org.springframework.boot.devtools.env.DevToolsPropertyDefaultsPostProcessor - For additional web related logging consider setting the 'logging.level.web' property to 'DEBUG'
2025-04-29 00:11:07 [] INFO  org.springframework.data.repository.config.RepositoryConfigurationDelegate - Bootstrapping Spring Data JPA repositories in DEFAULT mode.
2025-04-29 00:11:07 [] INFO  org.springframework.data.repository.config.RepositoryConfigurationDelegate - Finished Spring Data repository scanning in 177 ms. Found 9 JPA repository interfaces.
2025-04-29 00:11:08 [] INFO  org.springframework.boot.web.embedded.tomcat.TomcatWebServer - Tomcat initialized with port 8080 (http)
2025-04-29 00:11:08 [] INFO  org.apache.coyote.http11.Http11NioProtocol - Initializing ProtocolHandler ["http-nio-8080"]
2025-04-29 00:11:08 [] INFO  org.apache.catalina.core.StandardService - Starting service [Tomcat]
2025-04-29 00:11:08 [] INFO  org.apache.catalina.core.StandardEngine - Starting Servlet engine: [Apache Tomcat/10.1.40]
2025-04-29 00:11:08 [] INFO  org.apache.catalina.core.ContainerBase.[Tomcat].[localhost].[/tailor-master] - Initializing Spring embedded WebApplicationContext
2025-04-29 00:11:08 [] INFO  org.springframework.boot.web.servlet.context.ServletWebServerApplicationContext - Root WebApplicationContext: initialization completed in 3182 ms
2025-04-29 00:11:09 [] INFO  org.hibernate.jpa.internal.util.LogHelper - HHH000204: Processing PersistenceUnitInfo [name: default]
2025-04-29 00:11:09 [] INFO  org.hibernate.Version - HHH000412: Hibernate ORM core version 6.6.4.Final
2025-04-29 00:11:09 [] INFO  org.hibernate.cache.internal.RegionFactoryInitiator - HHH000026: Second-level cache disabled
2025-04-29 00:11:09 [] INFO  org.springframework.orm.jpa.persistenceunit.SpringPersistenceUnitInfo - No LoadTimeWeaver setup: ignoring JPA class transformer
2025-04-29 00:11:09 [] INFO  com.zaxxer.hikari.HikariDataSource - HikariPool-1 - Starting...
2025-04-29 00:11:10 [] INFO  com.zaxxer.hikari.pool.HikariPool - HikariPool-1 - Added connection com.mysql.cj.jdbc.ConnectionImpl@497843f6
2025-04-29 00:11:10 [] INFO  com.zaxxer.hikari.HikariDataSource - HikariPool-1 - Start completed.
2025-04-29 00:11:10 [] INFO  org.hibernate.orm.connections.pooling - HHH10001005: Database info:
	Database JDBC URL [Connecting through datasource 'HikariDataSource (HikariPool-1)']
	Database driver: undefined/unknown
	Database version: 8.0.28
	Autocommit mode: undefined/unknown
	Isolation level: undefined/unknown
	Minimum pool size: undefined/unknown
	Maximum pool size: undefined/unknown
2025-04-29 00:11:13 [] INFO  org.hibernate.engine.transaction.jta.platform.internal.JtaPlatformInitiator - HHH000489: No JTA platform available (set 'hibernate.transaction.jta.platform' to enable JTA platform integration)
2025-04-29 00:11:13 [] INFO  org.springframework.orm.jpa.LocalContainerEntityManagerFactoryBean - Initialized JPA EntityManagerFactory for persistence unit 'default'
2025-04-29 00:11:14 [] INFO  org.springframework.data.jpa.repository.query.QueryEnhancerFactory - Hibernate is in classpath; If applicable, HQL parser will be used.
2025-04-29 00:11:17 [] WARN  org.springframework.boot.autoconfigure.orm.jpa.JpaBaseConfiguration$JpaWebConfiguration - spring.jpa.open-in-view is enabled by default. Therefore, database queries may be performed during view rendering. Explicitly configure spring.jpa.open-in-view to disable this warning
2025-04-29 00:11:17 [] INFO  org.springframework.security.config.annotation.authentication.configuration.InitializeAuthenticationProviderBeanManagerConfigurer$InitializeAuthenticationProviderManagerConfigurer - Global AuthenticationManager configured with AuthenticationProvider bean with name authenticationProvider
2025-04-29 00:11:17 [] WARN  org.springframework.security.config.annotation.authentication.configuration.InitializeUserDetailsBeanManagerConfigurer$InitializeUserDetailsManagerConfigurer - Global AuthenticationManager configured with an AuthenticationProvider bean. UserDetailsService beans will not be used by Spring Security for automatically configuring username/password login. Consider removing the AuthenticationProvider bean. Alternatively, consider using the UserDetailsService in a manually instantiated DaoAuthenticationProvider. If the current configuration is intentional, to turn off this warning, increase the logging level of 'org.springframework.security.config.annotation.authentication.configuration.InitializeUserDetailsBeanManagerConfigurer' to ERROR
2025-04-29 00:11:18 [] INFO  org.springframework.boot.devtools.autoconfigure.OptionalLiveReloadServer - LiveReload server is running on port 35729
2025-04-29 00:11:18 [] INFO  org.apache.coyote.http11.Http11NioProtocol - Starting ProtocolHandler ["http-nio-8080"]
2025-04-29 00:11:18 [] INFO  org.springframework.boot.web.embedded.tomcat.TomcatWebServer - Tomcat started on port 8080 (http) with context path '/tailor-master'
2025-04-29 00:11:18 [] INFO  com.example.tailormaster.TailorMasterAppApplication - Started TailorMasterAppApplication in 14.057 seconds (process running for 17.071)
2025-04-29 00:11:26 [] INFO  org.apache.catalina.core.ContainerBase.[Tomcat].[localhost].[/tailor-master] - Initializing Spring DispatcherServlet 'dispatcherServlet'
2025-04-29 00:11:26 [] INFO  org.springframework.web.servlet.DispatcherServlet - Initializing Servlet 'dispatcherServlet'
2025-04-29 00:11:26 [] INFO  org.springframework.web.servlet.DispatcherServlet - Completed initialization in 1 ms
2025-04-29 00:11:26 [abdullateef] INFO  com.example.tailormaster.filter.LoggingInterceptor - User 'abdullateef' is requesting: GET /tailor-master/customers/details/Lo8yWAYz6C9qFEShOV4tyKDtZn1429fubx5L1r2WU3Y=
2025-04-29 00:11:26 [abdullateef] INFO  com.example.tailormaster.controller.CustomerController - Displaying details for customer ID (encrypted): Lo8yWAYz6C9qFEShOV4tyKDtZn1429fubx5L1r2WU3Y=
2025-04-29 00:11:26 [abdullateef] INFO  com.example.tailormaster.controller.CustomerController - Fetched customer details: Customer(fullName=LedgerTest3, phoneNumber=03219988776, enabled=false)
2025-04-29 00:11:26 [abdullateef] INFO  com.example.tailormaster.controller.CustomerController - Fetched measurement details: [CustomerMeasurement(customer=Customer(fullName=LedgerTest3, phoneNumber=03219988776, enabled=false), product=Product(type=SHALWAR, name=شلوار, description=, price=500.00, enabled=true), chest=null, sleeveLength=null, shoulder=null, hips=22, waist=34, barcode=LedgerTest303219988776-6fccaec9-e05e-459b-8f12-70f13381b24a), CustomerMeasurement(customer=Customer(fullName=LedgerTest3, phoneNumber=03219988776, enabled=false), product=Product(type=QAMEEZ, name=قميض, description=, price=2000.00, enabled=true), chest=34, sleeveLength=32, shoulder=23, hips=null, waist=null, barcode=LedgerTest303219988776-1b6b5e86-06cd-4c1e-b7e4-e43ce15cd165)]
2025-04-29 00:11:27 [abdullateef] INFO  com.example.tailormaster.filter.LoggingInterceptor - User 'abdullateef' is requesting: GET /tailor-master/dashboard/notifications/upcoming-deliveries
2025-04-29 00:11:27 [abdullateef] INFO  com.example.tailormaster.controller.dashboard.DashboardController - Requested upcoming deliveries.
2025-04-29 00:11:28 [abdullateef] INFO  com.example.tailormaster.service.dashboard.DashboardService - Upcoming deliveries fetched: 10
2025-04-29 00:11:28 [abdullateef] INFO  com.example.tailormaster.controller.dashboard.DashboardController - Upcoming deliveries fetched: 10
2025-04-29 00:19:20 [] INFO  org.springframework.boot.web.embedded.tomcat.GracefulShutdown - Commencing graceful shutdown. Waiting for active requests to complete
2025-04-29 00:19:22 [] INFO  org.springframework.boot.web.embedded.tomcat.GracefulShutdown - Graceful shutdown complete
2025-04-29 00:19:22 [] INFO  org.springframework.orm.jpa.LocalContainerEntityManagerFactoryBean - Closing JPA EntityManagerFactory for persistence unit 'default'
2025-04-29 00:19:22 [] INFO  com.zaxxer.hikari.HikariDataSource - HikariPool-1 - Shutdown initiated...
2025-04-29 00:19:22 [] INFO  com.zaxxer.hikari.HikariDataSource - HikariPool-1 - Shutdown completed.
2025-04-29 00:19:39 [] INFO  org.hibernate.validator.internal.util.Version - HV000001: Hibernate Validator 8.0.2.Final
2025-04-29 00:19:39 [] INFO  com.example.tailormaster.TailorMasterAppApplication - Starting TailorMasterAppApplication using Java 17.0.2 with PID 3376 (E:\Development-Workspaces\tailor-master-app\tailor-master-app\target\classes started by wajiz.pk in E:\Development-Workspaces\tailor-master-app\tailor-master-app)
2025-04-29 00:19:39 [] INFO  com.example.tailormaster.TailorMasterAppApplication - No active profile set, falling back to 1 default profile: "default"
2025-04-29 00:19:39 [] INFO  org.springframework.boot.devtools.env.DevToolsPropertyDefaultsPostProcessor - Devtools property defaults active! Set 'spring.devtools.add-properties' to 'false' to disable
2025-04-29 00:19:39 [] INFO  org.springframework.boot.devtools.env.DevToolsPropertyDefaultsPostProcessor - For additional web related logging consider setting the 'logging.level.web' property to 'DEBUG'
2025-04-29 00:19:41 [] INFO  org.springframework.data.repository.config.RepositoryConfigurationDelegate - Bootstrapping Spring Data JPA repositories in DEFAULT mode.
2025-04-29 00:19:41 [] INFO  org.springframework.data.repository.config.RepositoryConfigurationDelegate - Finished Spring Data repository scanning in 160 ms. Found 9 JPA repository interfaces.
2025-04-29 00:19:42 [] INFO  org.springframework.boot.web.embedded.tomcat.TomcatWebServer - Tomcat initialized with port 8080 (http)
2025-04-29 00:19:42 [] INFO  org.apache.coyote.http11.Http11NioProtocol - Initializing ProtocolHandler ["http-nio-8080"]
2025-04-29 00:19:42 [] INFO  org.apache.catalina.core.StandardService - Starting service [Tomcat]
2025-04-29 00:19:42 [] INFO  org.apache.catalina.core.StandardEngine - Starting Servlet engine: [Apache Tomcat/10.1.40]
2025-04-29 00:19:42 [] INFO  org.apache.catalina.core.ContainerBase.[Tomcat].[localhost].[/tailor-master] - Initializing Spring embedded WebApplicationContext
2025-04-29 00:19:42 [] INFO  org.springframework.boot.web.servlet.context.ServletWebServerApplicationContext - Root WebApplicationContext: initialization completed in 3122 ms
2025-04-29 00:19:43 [] INFO  org.hibernate.jpa.internal.util.LogHelper - HHH000204: Processing PersistenceUnitInfo [name: default]
2025-04-29 00:19:43 [] INFO  org.hibernate.Version - HHH000412: Hibernate ORM core version 6.6.4.Final
2025-04-29 00:19:43 [] INFO  org.hibernate.cache.internal.RegionFactoryInitiator - HHH000026: Second-level cache disabled
2025-04-29 00:19:44 [] INFO  org.springframework.orm.jpa.persistenceunit.SpringPersistenceUnitInfo - No LoadTimeWeaver setup: ignoring JPA class transformer
2025-04-29 00:19:44 [] INFO  com.zaxxer.hikari.HikariDataSource - HikariPool-1 - Starting...
2025-04-29 00:19:44 [] INFO  com.zaxxer.hikari.pool.HikariPool - HikariPool-1 - Added connection com.mysql.cj.jdbc.ConnectionImpl@bfdcef7
2025-04-29 00:19:44 [] INFO  com.zaxxer.hikari.HikariDataSource - HikariPool-1 - Start completed.
2025-04-29 00:19:44 [] INFO  org.hibernate.orm.connections.pooling - HHH10001005: Database info:
	Database JDBC URL [Connecting through datasource 'HikariDataSource (HikariPool-1)']
	Database driver: undefined/unknown
	Database version: 8.0.28
	Autocommit mode: undefined/unknown
	Isolation level: undefined/unknown
	Minimum pool size: undefined/unknown
	Maximum pool size: undefined/unknown
2025-04-29 00:19:47 [] INFO  org.hibernate.engine.transaction.jta.platform.internal.JtaPlatformInitiator - HHH000489: No JTA platform available (set 'hibernate.transaction.jta.platform' to enable JTA platform integration)
2025-04-29 00:19:47 [] INFO  org.springframework.orm.jpa.LocalContainerEntityManagerFactoryBean - Initialized JPA EntityManagerFactory for persistence unit 'default'
2025-04-29 00:19:48 [] INFO  org.springframework.data.jpa.repository.query.QueryEnhancerFactory - Hibernate is in classpath; If applicable, HQL parser will be used.
2025-04-29 00:19:50 [] WARN  org.springframework.boot.autoconfigure.orm.jpa.JpaBaseConfiguration$JpaWebConfiguration - spring.jpa.open-in-view is enabled by default. Therefore, database queries may be performed during view rendering. Explicitly configure spring.jpa.open-in-view to disable this warning
2025-04-29 00:19:50 [] INFO  org.springframework.security.config.annotation.authentication.configuration.InitializeAuthenticationProviderBeanManagerConfigurer$InitializeAuthenticationProviderManagerConfigurer - Global AuthenticationManager configured with AuthenticationProvider bean with name authenticationProvider
2025-04-29 00:19:50 [] WARN  org.springframework.security.config.annotation.authentication.configuration.InitializeUserDetailsBeanManagerConfigurer$InitializeUserDetailsManagerConfigurer - Global AuthenticationManager configured with an AuthenticationProvider bean. UserDetailsService beans will not be used by Spring Security for automatically configuring username/password login. Consider removing the AuthenticationProvider bean. Alternatively, consider using the UserDetailsService in a manually instantiated DaoAuthenticationProvider. If the current configuration is intentional, to turn off this warning, increase the logging level of 'org.springframework.security.config.annotation.authentication.configuration.InitializeUserDetailsBeanManagerConfigurer' to ERROR
2025-04-29 00:19:51 [] INFO  org.springframework.boot.devtools.autoconfigure.OptionalLiveReloadServer - LiveReload server is running on port 35729
2025-04-29 00:19:51 [] INFO  org.apache.coyote.http11.Http11NioProtocol - Starting ProtocolHandler ["http-nio-8080"]
2025-04-29 00:19:51 [] INFO  org.springframework.boot.web.embedded.tomcat.TomcatWebServer - Tomcat started on port 8080 (http) with context path '/tailor-master'
2025-04-29 00:19:52 [] INFO  com.example.tailormaster.TailorMasterAppApplication - Started TailorMasterAppApplication in 13.656 seconds (process running for 16.714)
2025-04-29 00:19:57 [] INFO  org.apache.catalina.core.ContainerBase.[Tomcat].[localhost].[/tailor-master] - Initializing Spring DispatcherServlet 'dispatcherServlet'
2025-04-29 00:19:57 [] INFO  org.springframework.web.servlet.DispatcherServlet - Initializing Servlet 'dispatcherServlet'
2025-04-29 00:19:57 [] INFO  org.springframework.web.servlet.DispatcherServlet - Completed initialization in 2 ms
2025-04-29 00:19:57 [abdullateef] INFO  com.example.tailormaster.filter.LoggingInterceptor - User 'abdullateef' is requesting: GET /tailor-master/customers/details/Lo8yWAYz6C9qFEShOV4tyKDtZn1429fubx5L1r2WU3Y=
2025-04-29 00:19:58 [abdullateef] INFO  com.example.tailormaster.controller.CustomerController - Displaying details for customer ID (encrypted): Lo8yWAYz6C9qFEShOV4tyKDtZn1429fubx5L1r2WU3Y=
2025-04-29 00:19:58 [abdullateef] INFO  com.example.tailormaster.controller.CustomerController - Fetched customer details: Customer(fullName=LedgerTest3, phoneNumber=03219988776, enabled=false)
2025-04-29 00:19:58 [abdullateef] INFO  com.example.tailormaster.controller.CustomerController - Fetched measurement details: [CustomerMeasurement(customer=Customer(fullName=LedgerTest3, phoneNumber=03219988776, enabled=false), product=Product(type=SHALWAR, name=شلوار, description=, price=500.00, enabled=true), chest=null, sleeveLength=null, shoulder=null, hips=22, waist=34, barcode=LedgerTest303219988776-6fccaec9-e05e-459b-8f12-70f13381b24a), CustomerMeasurement(customer=Customer(fullName=LedgerTest3, phoneNumber=03219988776, enabled=false), product=Product(type=QAMEEZ, name=قميض, description=, price=2000.00, enabled=true), chest=34, sleeveLength=32, shoulder=23, hips=null, waist=null, barcode=LedgerTest303219988776-1b6b5e86-06cd-4c1e-b7e4-e43ce15cd165)]
2025-04-29 00:19:59 [abdullateef] ERROR org.thymeleaf.TemplateEngine - [THYMELEAF][http-nio-8080-exec-1] Exception processing template "customer/customer-details": An error happened during template parsing (template: "class path resource [templates/customer/customer-details.html]")
org.thymeleaf.exceptions.TemplateInputException: An error happened during template parsing (template: "class path resource [templates/customer/customer-details.html]")
	at org.thymeleaf.templateparser.markup.AbstractMarkupTemplateParser.parse(AbstractMarkupTemplateParser.java:241) ~[thymeleaf-3.1.3.RELEASE.jar:3.1.3.RELEASE]
	at org.thymeleaf.templateparser.markup.AbstractMarkupTemplateParser.parseStandalone(AbstractMarkupTemplateParser.java:100) ~[thymeleaf-3.1.3.RELEASE.jar:3.1.3.RELEASE]
	at org.thymeleaf.engine.TemplateManager.parseAndProcess(TemplateManager.java:666) ~[thymeleaf-3.1.3.RELEASE.jar:3.1.3.RELEASE]
	at org.thymeleaf.TemplateEngine.process(TemplateEngine.java:1103) ~[thymeleaf-3.1.3.RELEASE.jar:3.1.3.RELEASE]
	at org.thymeleaf.TemplateEngine.process(TemplateEngine.java:1077) ~[thymeleaf-3.1.3.RELEASE.jar:3.1.3.RELEASE]
	at org.thymeleaf.spring6.view.ThymeleafView.renderFragment(ThymeleafView.java:372) ~[thymeleaf-spring6-3.1.3.RELEASE.jar:3.1.3.RELEASE]
	at org.thymeleaf.spring6.view.ThymeleafView.render(ThymeleafView.java:192) ~[thymeleaf-spring6-3.1.3.RELEASE.jar:3.1.3.RELEASE]
	at org.springframework.web.servlet.DispatcherServlet.render(DispatcherServlet.java:1435) ~[spring-webmvc-6.2.1.jar:6.2.1]
	at org.springframework.web.servlet.DispatcherServlet.processDispatchResult(DispatcherServlet.java:1167) ~[spring-webmvc-6.2.1.jar:6.2.1]
	at org.springframework.web.servlet.DispatcherServlet.doDispatch(DispatcherServlet.java:1105) ~[spring-webmvc-6.2.1.jar:6.2.1]
	at org.springframework.web.servlet.DispatcherServlet.doService(DispatcherServlet.java:978) ~[spring-webmvc-6.2.1.jar:6.2.1]
	at org.springframework.web.servlet.FrameworkServlet.processRequest(FrameworkServlet.java:1014) ~[spring-webmvc-6.2.1.jar:6.2.1]
	at org.springframework.web.servlet.FrameworkServlet.doGet(FrameworkServlet.java:903) ~[spring-webmvc-6.2.1.jar:6.2.1]
	at jakarta.servlet.http.HttpServlet.service(HttpServlet.java:564) ~[tomcat-embed-core-10.1.40.jar:6.0]
	at org.springframework.web.servlet.FrameworkServlet.service(FrameworkServlet.java:885) ~[spring-webmvc-6.2.1.jar:6.2.1]
	at jakarta.servlet.http.HttpServlet.service(HttpServlet.java:658) ~[tomcat-embed-core-10.1.40.jar:6.0]
	at org.apache.catalina.core.ApplicationFilterChain.internalDoFilter(ApplicationFilterChain.java:195) ~[tomcat-embed-core-10.1.40.jar:10.1.40]
	at org.apache.catalina.core.ApplicationFilterChain.doFilter(ApplicationFilterChain.java:140) ~[tomcat-embed-core-10.1.40.jar:10.1.40]
	at org.apache.tomcat.websocket.server.WsFilter.doFilter(WsFilter.java:51) ~[tomcat-embed-websocket-10.1.40.jar:10.1.40]
	at org.apache.catalina.core.ApplicationFilterChain.internalDoFilter(ApplicationFilterChain.java:164) ~[tomcat-embed-core-10.1.40.jar:10.1.40]
	at org.apache.catalina.core.ApplicationFilterChain.doFilter(ApplicationFilterChain.java:140) ~[tomcat-embed-core-10.1.40.jar:10.1.40]
	at com.example.tailormaster.filter.LoggingMDCFilter.doFilter(LoggingMDCFilter.java:30) ~[classes/:?]
	at org.apache.catalina.core.ApplicationFilterChain.internalDoFilter(ApplicationFilterChain.java:164) ~[tomcat-embed-core-10.1.40.jar:10.1.40]
	at org.apache.catalina.core.ApplicationFilterChain.doFilter(ApplicationFilterChain.java:140) ~[tomcat-embed-core-10.1.40.jar:10.1.40]
	at org.springframework.web.filter.CompositeFilter$VirtualFilterChain.doFilter(CompositeFilter.java:108) ~[spring-web-6.2.1.jar:6.2.1]
	at org.springframework.security.web.FilterChainProxy.lambda$doFilterInternal$3(FilterChainProxy.java:231) ~[spring-security-web-6.4.2.jar:6.4.2]
	at org.springframework.security.web.FilterChainProxy$VirtualFilterChain.doFilter(FilterChainProxy.java:365) ~[spring-security-web-6.4.2.jar:6.4.2]
	at org.springframework.security.web.access.intercept.AuthorizationFilter.doFilter(AuthorizationFilter.java:101) ~[spring-security-web-6.4.2.jar:6.4.2]
	at org.springframework.security.web.FilterChainProxy$VirtualFilterChain.doFilter(FilterChainProxy.java:374) ~[spring-security-web-6.4.2.jar:6.4.2]
	at org.springframework.security.web.access.ExceptionTranslationFilter.doFilter(ExceptionTranslationFilter.java:126) ~[spring-security-web-6.4.2.jar:6.4.2]
	at org.springframework.security.web.access.ExceptionTranslationFilter.doFilter(ExceptionTranslationFilter.java:120) ~[spring-security-web-6.4.2.jar:6.4.2]
	at org.springframework.security.web.FilterChainProxy$VirtualFilterChain.doFilter(FilterChainProxy.java:374) ~[spring-security-web-6.4.2.jar:6.4.2]
	at org.springframework.security.web.authentication.AnonymousAuthenticationFilter.doFilter(AnonymousAuthenticationFilter.java:100) ~[spring-security-web-6.4.2.jar:6.4.2]
	at org.springframework.security.web.FilterChainProxy$VirtualFilterChain.doFilter(FilterChainProxy.java:374) ~[spring-security-web-6.4.2.jar:6.4.2]
	at org.springframework.security.web.servletapi.SecurityContextHolderAwareRequestFilter.doFilter(SecurityContextHolderAwareRequestFilter.java:179) ~[spring-security-web-6.4.2.jar:6.4.2]
	at org.springframework.security.web.FilterChainProxy$VirtualFilterChain.doFilter(FilterChainProxy.java:374) ~[spring-security-web-6.4.2.jar:6.4.2]
	at org.springframework.security.web.savedrequest.RequestCacheAwareFilter.doFilter(RequestCacheAwareFilter.java:63) ~[spring-security-web-6.4.2.jar:6.4.2]
	at org.springframework.security.web.FilterChainProxy$VirtualFilterChain.doFilter(FilterChainProxy.java:374) ~[spring-security-web-6.4.2.jar:6.4.2]
	at org.springframework.security.web.authentication.AbstractAuthenticationProcessingFilter.doFilter(AbstractAuthenticationProcessingFilter.java:227) ~[spring-security-web-6.4.2.jar:6.4.2]
	at org.springframework.security.web.authentication.AbstractAuthenticationProcessingFilter.doFilter(AbstractAuthenticationProcessingFilter.java:221) ~[spring-security-web-6.4.2.jar:6.4.2]
	at org.springframework.security.web.FilterChainProxy$VirtualFilterChain.doFilter(FilterChainProxy.java:374) ~[spring-security-web-6.4.2.jar:6.4.2]
	at org.springframework.security.web.authentication.logout.LogoutFilter.doFilter(LogoutFilter.java:107) ~[spring-security-web-6.4.2.jar:6.4.2]
	at org.springframework.security.web.authentication.logout.LogoutFilter.doFilter(LogoutFilter.java:93) ~[spring-security-web-6.4.2.jar:6.4.2]
	at org.springframework.security.web.FilterChainProxy$VirtualFilterChain.doFilter(FilterChainProxy.java:374) ~[spring-security-web-6.4.2.jar:6.4.2]
	at org.springframework.security.web.csrf.CsrfFilter.doFilterInternal(CsrfFilter.java:117) ~[spring-security-web-6.4.2.jar:6.4.2]
	at org.springframework.web.filter.OncePerRequestFilter.doFilter(OncePerRequestFilter.java:116) ~[spring-web-6.2.1.jar:6.2.1]
	at org.springframework.security.web.FilterChainProxy$VirtualFilterChain.doFilter(FilterChainProxy.java:374) ~[spring-security-web-6.4.2.jar:6.4.2]
	at org.springframework.security.web.header.HeaderWriterFilter.doHeadersAfter(HeaderWriterFilter.java:90) ~[spring-security-web-6.4.2.jar:6.4.2]
	at org.springframework.security.web.header.HeaderWriterFilter.doFilterInternal(HeaderWriterFilter.java:75) ~[spring-security-web-6.4.2.jar:6.4.2]
	at org.springframework.web.filter.OncePerRequestFilter.doFilter(OncePerRequestFilter.java:116) ~[spring-web-6.2.1.jar:6.2.1]
	at org.springframework.security.web.FilterChainProxy$VirtualFilterChain.doFilter(FilterChainProxy.java:374) ~[spring-security-web-6.4.2.jar:6.4.2]
	at org.springframework.security.web.context.SecurityContextHolderFilter.doFilter(SecurityContextHolderFilter.java:82) ~[spring-security-web-6.4.2.jar:6.4.2]
	at org.springframework.security.web.context.SecurityContextHolderFilter.doFilter(SecurityContextHolderFilter.java:69) ~[spring-security-web-6.4.2.jar:6.4.2]
	at org.springframework.security.web.FilterChainProxy$VirtualFilterChain.doFilter(FilterChainProxy.java:374) ~[spring-security-web-6.4.2.jar:6.4.2]
	at org.springframework.security.web.context.request.async.WebAsyncManagerIntegrationFilter.doFilterInternal(WebAsyncManagerIntegrationFilter.java:62) ~[spring-security-web-6.4.2.jar:6.4.2]
	at org.springframework.web.filter.OncePerRequestFilter.doFilter(OncePerRequestFilter.java:116) ~[spring-web-6.2.1.jar:6.2.1]
	at org.springframework.security.web.FilterChainProxy$VirtualFilterChain.doFilter(FilterChainProxy.java:374) ~[spring-security-web-6.4.2.jar:6.4.2]
	at org.springframework.security.web.session.DisableEncodeUrlFilter.doFilterInternal(DisableEncodeUrlFilter.java:42) ~[spring-security-web-6.4.2.jar:6.4.2]
	at org.springframework.web.filter.OncePerRequestFilter.doFilter(OncePerRequestFilter.java:116) ~[spring-web-6.2.1.jar:6.2.1]
	at org.springframework.security.web.FilterChainProxy$VirtualFilterChain.doFilter(FilterChainProxy.java:374) ~[spring-security-web-6.4.2.jar:6.4.2]
	at org.springframework.security.web.FilterChainProxy.doFilterInternal(FilterChainProxy.java:233) ~[spring-security-web-6.4.2.jar:6.4.2]
	at org.springframework.security.web.FilterChainProxy.doFilter(FilterChainProxy.java:191) ~[spring-security-web-6.4.2.jar:6.4.2]
	at org.springframework.web.filter.CompositeFilter$VirtualFilterChain.doFilter(CompositeFilter.java:113) ~[spring-web-6.2.1.jar:6.2.1]
	at org.springframework.web.servlet.handler.HandlerMappingIntrospector.lambda$createCacheFilter$3(HandlerMappingIntrospector.java:243) ~[spring-webmvc-6.2.1.jar:6.2.1]
	at org.springframework.web.filter.CompositeFilter$VirtualFilterChain.doFilter(CompositeFilter.java:113) [spring-web-6.2.1.jar:6.2.1]
	at org.springframework.web.filter.CompositeFilter.doFilter(CompositeFilter.java:74) [spring-web-6.2.1.jar:6.2.1]
	at org.springframework.security.config.annotation.web.configuration.WebMvcSecurityConfiguration$CompositeFilterChainProxy.doFilter(WebMvcSecurityConfiguration.java:238) [spring-security-config-6.4.2.jar:6.4.2]
	at org.springframework.web.filter.DelegatingFilterProxy.invokeDelegate(DelegatingFilterProxy.java:362) [spring-web-6.2.1.jar:6.2.1]
	at org.springframework.web.filter.DelegatingFilterProxy.doFilter(DelegatingFilterProxy.java:278) [spring-web-6.2.1.jar:6.2.1]
	at org.apache.catalina.core.ApplicationFilterChain.internalDoFilter(ApplicationFilterChain.java:164) [tomcat-embed-core-10.1.40.jar:10.1.40]
	at org.apache.catalina.core.ApplicationFilterChain.doFilter(ApplicationFilterChain.java:140) [tomcat-embed-core-10.1.40.jar:10.1.40]
	at org.springframework.web.filter.RequestContextFilter.doFilterInternal(RequestContextFilter.java:100) [spring-web-6.2.1.jar:6.2.1]
	at org.springframework.web.filter.OncePerRequestFilter.doFilter(OncePerRequestFilter.java:116) [spring-web-6.2.1.jar:6.2.1]
	at org.apache.catalina.core.ApplicationFilterChain.internalDoFilter(ApplicationFilterChain.java:164) [tomcat-embed-core-10.1.40.jar:10.1.40]
	at org.apache.catalina.core.ApplicationFilterChain.doFilter(ApplicationFilterChain.java:140) [tomcat-embed-core-10.1.40.jar:10.1.40]
	at org.springframework.web.filter.FormContentFilter.doFilterInternal(FormContentFilter.java:93) [spring-web-6.2.1.jar:6.2.1]
	at org.springframework.web.filter.OncePerRequestFilter.doFilter(OncePerRequestFilter.java:116) [spring-web-6.2.1.jar:6.2.1]
	at org.apache.catalina.core.ApplicationFilterChain.internalDoFilter(ApplicationFilterChain.java:164) [tomcat-embed-core-10.1.40.jar:10.1.40]
	at org.apache.catalina.core.ApplicationFilterChain.doFilter(ApplicationFilterChain.java:140) [tomcat-embed-core-10.1.40.jar:10.1.40]
	at org.springframework.web.filter.CharacterEncodingFilter.doFilterInternal(CharacterEncodingFilter.java:201) [spring-web-6.2.1.jar:6.2.1]
	at org.springframework.web.filter.OncePerRequestFilter.doFilter(OncePerRequestFilter.java:116) [spring-web-6.2.1.jar:6.2.1]
	at org.apache.catalina.core.ApplicationFilterChain.internalDoFilter(ApplicationFilterChain.java:164) [tomcat-embed-core-10.1.40.jar:10.1.40]
	at org.apache.catalina.core.ApplicationFilterChain.doFilter(ApplicationFilterChain.java:140) [tomcat-embed-core-10.1.40.jar:10.1.40]
	at org.apache.catalina.core.StandardWrapperValve.invoke(StandardWrapperValve.java:167) [tomcat-embed-core-10.1.40.jar:10.1.40]
	at org.apache.catalina.core.StandardContextValve.invoke(StandardContextValve.java:90) [tomcat-embed-core-10.1.40.jar:10.1.40]
	at org.apache.catalina.authenticator.AuthenticatorBase.invoke(AuthenticatorBase.java:483) [tomcat-embed-core-10.1.40.jar:10.1.40]
	at org.apache.catalina.core.StandardHostValve.invoke(StandardHostValve.java:116) [tomcat-embed-core-10.1.40.jar:10.1.40]
	at org.apache.catalina.valves.ErrorReportValve.invoke(ErrorReportValve.java:93) [tomcat-embed-core-10.1.40.jar:10.1.40]
	at org.apache.catalina.core.StandardEngineValve.invoke(StandardEngineValve.java:74) [tomcat-embed-core-10.1.40.jar:10.1.40]
	at org.apache.catalina.connector.CoyoteAdapter.service(CoyoteAdapter.java:344) [tomcat-embed-core-10.1.40.jar:10.1.40]
	at org.apache.coyote.http11.Http11Processor.service(Http11Processor.java:398) [tomcat-embed-core-10.1.40.jar:10.1.40]
	at org.apache.coyote.AbstractProcessorLight.process(AbstractProcessorLight.java:63) [tomcat-embed-core-10.1.40.jar:10.1.40]
	at org.apache.coyote.AbstractProtocol$ConnectionHandler.process(AbstractProtocol.java:903) [tomcat-embed-core-10.1.40.jar:10.1.40]
	at org.apache.tomcat.util.net.NioEndpoint$SocketProcessor.doRun(NioEndpoint.java:1740) [tomcat-embed-core-10.1.40.jar:10.1.40]
	at org.apache.tomcat.util.net.SocketProcessorBase.run(SocketProcessorBase.java:52) [tomcat-embed-core-10.1.40.jar:10.1.40]
	at org.apache.tomcat.util.threads.ThreadPoolExecutor.runWorker(ThreadPoolExecutor.java:1189) [tomcat-embed-core-10.1.40.jar:10.1.40]
	at org.apache.tomcat.util.threads.ThreadPoolExecutor$Worker.run(ThreadPoolExecutor.java:658) [tomcat-embed-core-10.1.40.jar:10.1.40]
	at org.apache.tomcat.util.threads.TaskThread$WrappingRunnable.run(TaskThread.java:63) [tomcat-embed-core-10.1.40.jar:10.1.40]
	at java.base/java.lang.Thread.run(Thread.java:833) [?:?]
Caused by: org.attoparser.ParseException: Could not parse as expression: "${orderEntry.key}', aria-expanded='true', aria-controls='collapse" (template: "customer/customer-details" - line 48, col 34)
	at org.attoparser.MarkupParser.parseDocument(MarkupParser.java:393) ~[attoparser-2.0.7.RELEASE.jar:2.0.7.RELEASE]
	at org.attoparser.MarkupParser.parse(MarkupParser.java:257) ~[attoparser-2.0.7.RELEASE.jar:2.0.7.RELEASE]
	at org.thymeleaf.templateparser.markup.AbstractMarkupTemplateParser.parse(AbstractMarkupTemplateParser.java:230) ~[thymeleaf-3.1.3.RELEASE.jar:3.1.3.RELEASE]
	... 98 more
Caused by: org.thymeleaf.exceptions.TemplateProcessingException: Could not parse as expression: "${orderEntry.key}', aria-expanded='true', aria-controls='collapse" (template: "customer/customer-details" - line 48, col 34)
	at org.thymeleaf.standard.expression.StandardExpressionParser.parseExpression(StandardExpressionParser.java:131) ~[thymeleaf-3.1.3.RELEASE.jar:3.1.3.RELEASE]
	at org.thymeleaf.standard.expression.StandardExpressionPreprocessor.preprocess(StandardExpressionPreprocessor.java:86) ~[thymeleaf-3.1.3.RELEASE.jar:3.1.3.RELEASE]
	at org.thymeleaf.standard.expression.AssignationUtils.parseAssignationSequence(AssignationUtils.java:52) ~[thymeleaf-3.1.3.RELEASE.jar:3.1.3.RELEASE]
	at org.thymeleaf.standard.processor.AbstractStandardMultipleAttributeModifierTagProcessor.doProcess(AbstractStandardMultipleAttributeModifierTagProcessor.java:115) ~[thymeleaf-3.1.3.RELEASE.jar:3.1.3.RELEASE]
	at org.thymeleaf.processor.element.AbstractAttributeTagProcessor.doProcess(AbstractAttributeTagProcessor.java:74) ~[thymeleaf-3.1.3.RELEASE.jar:3.1.3.RELEASE]
	at org.thymeleaf.processor.element.AbstractElementTagProcessor.process(AbstractElementTagProcessor.java:95) ~[thymeleaf-3.1.3.RELEASE.jar:3.1.3.RELEASE]
	at org.thymeleaf.util.ProcessorConfigurationUtils$ElementTagProcessorWrapper.process(ProcessorConfigurationUtils.java:633) ~[thymeleaf-3.1.3.RELEASE.jar:3.1.3.RELEASE]
	at org.thymeleaf.engine.ProcessorTemplateHandler.handleOpenElement(ProcessorTemplateHandler.java:1314) ~[thymeleaf-3.1.3.RELEASE.jar:3.1.3.RELEASE]
	at org.thymeleaf.engine.OpenElementTag.beHandled(OpenElementTag.java:205) ~[thymeleaf-3.1.3.RELEASE.jar:3.1.3.RELEASE]
	at org.thymeleaf.engine.Model.process(Model.java:282) ~[thymeleaf-3.1.3.RELEASE.jar:3.1.3.RELEASE]
	at org.thymeleaf.engine.Model.process(Model.java:290) ~[thymeleaf-3.1.3.RELEASE.jar:3.1.3.RELEASE]
	at org.thymeleaf.engine.IteratedGatheringModelProcessable.processIterationModel(IteratedGatheringModelProcessable.java:368) ~[thymeleaf-3.1.3.RELEASE.jar:3.1.3.RELEASE]
	at org.thymeleaf.engine.IteratedGatheringModelProcessable.process(IteratedGatheringModelProcessable.java:222) ~[thymeleaf-3.1.3.RELEASE.jar:3.1.3.RELEASE]
	at org.thymeleaf.engine.ProcessorTemplateHandler.handleCloseElement(ProcessorTemplateHandler.java:1640) ~[thymeleaf-3.1.3.RELEASE.jar:3.1.3.RELEASE]
	at org.thymeleaf.engine.TemplateHandlerAdapterMarkupHandler.handleCloseElementEnd(TemplateHandlerAdapterMarkupHandler.java:388) ~[thymeleaf-3.1.3.RELEASE.jar:3.1.3.RELEASE]
	at org.thymeleaf.templateparser.markup.InlinedOutputExpressionMarkupHandler$InlineMarkupAdapterPreProcessorHandler.handleCloseElementEnd(InlinedOutputExpressionMarkupHandler.java:322) ~[thymeleaf-3.1.3.RELEASE.jar:3.1.3.RELEASE]
	at org.thymeleaf.standard.inline.OutputExpressionInlinePreProcessorHandler.handleCloseElementEnd(OutputExpressionInlinePreProcessorHandler.java:220) ~[thymeleaf-3.1.3.RELEASE.jar:3.1.3.RELEASE]
	at org.thymeleaf.templateparser.markup.InlinedOutputExpressionMarkupHandler.handleCloseElementEnd(InlinedOutputExpressionMarkupHandler.java:164) ~[thymeleaf-3.1.3.RELEASE.jar:3.1.3.RELEASE]
	at org.attoparser.HtmlElement.handleCloseElementEnd(HtmlElement.java:169) ~[attoparser-2.0.7.RELEASE.jar:2.0.7.RELEASE]
	at org.attoparser.HtmlMarkupHandler.handleCloseElementEnd(HtmlMarkupHandler.java:412) ~[attoparser-2.0.7.RELEASE.jar:2.0.7.RELEASE]
	at org.attoparser.MarkupEventProcessorHandler.handleCloseElementEnd(MarkupEventProcessorHandler.java:473) ~[attoparser-2.0.7.RELEASE.jar:2.0.7.RELEASE]
	at org.attoparser.ParsingElementMarkupUtil.parseCloseElement(ParsingElementMarkupUtil.java:201) ~[attoparser-2.0.7.RELEASE.jar:2.0.7.RELEASE]
	at org.attoparser.MarkupParser.parseBuffer(MarkupParser.java:725) ~[attoparser-2.0.7.RELEASE.jar:2.0.7.RELEASE]
	at org.attoparser.MarkupParser.parseDocument(MarkupParser.java:301) ~[attoparser-2.0.7.RELEASE.jar:2.0.7.RELEASE]
	at org.attoparser.MarkupParser.parse(MarkupParser.java:257) ~[attoparser-2.0.7.RELEASE.jar:2.0.7.RELEASE]
	at org.thymeleaf.templateparser.markup.AbstractMarkupTemplateParser.parse(AbstractMarkupTemplateParser.java:230) ~[thymeleaf-3.1.3.RELEASE.jar:3.1.3.RELEASE]
	... 98 more
2025-04-29 00:19:59 [] ERROR org.apache.catalina.core.ContainerBase.[Tomcat].[localhost].[/tailor-master].[dispatcherServlet] - Servlet.service() for servlet [dispatcherServlet] in context with path [/tailor-master] threw exception [Request processing failed: org.thymeleaf.exceptions.TemplateInputException: An error happened during template parsing (template: "class path resource [templates/customer/customer-details.html]")] with root cause
org.thymeleaf.exceptions.TemplateProcessingException: Could not parse as expression: "${orderEntry.key}', aria-expanded='true', aria-controls='collapse" (template: "customer/customer-details" - line 48, col 34)
	at org.thymeleaf.standard.expression.StandardExpressionParser.parseExpression(StandardExpressionParser.java:131) ~[thymeleaf-3.1.3.RELEASE.jar:3.1.3.RELEASE]
	at org.thymeleaf.standard.expression.StandardExpressionPreprocessor.preprocess(StandardExpressionPreprocessor.java:86) ~[thymeleaf-3.1.3.RELEASE.jar:3.1.3.RELEASE]
	at org.thymeleaf.standard.expression.AssignationUtils.parseAssignationSequence(AssignationUtils.java:52) ~[thymeleaf-3.1.3.RELEASE.jar:3.1.3.RELEASE]
	at org.thymeleaf.standard.processor.AbstractStandardMultipleAttributeModifierTagProcessor.doProcess(AbstractStandardMultipleAttributeModifierTagProcessor.java:115) ~[thymeleaf-3.1.3.RELEASE.jar:3.1.3.RELEASE]
	at org.thymeleaf.processor.element.AbstractAttributeTagProcessor.doProcess(AbstractAttributeTagProcessor.java:74) ~[thymeleaf-3.1.3.RELEASE.jar:3.1.3.RELEASE]
	at org.thymeleaf.processor.element.AbstractElementTagProcessor.process(AbstractElementTagProcessor.java:95) ~[thymeleaf-3.1.3.RELEASE.jar:3.1.3.RELEASE]
	at org.thymeleaf.util.ProcessorConfigurationUtils$ElementTagProcessorWrapper.process(ProcessorConfigurationUtils.java:633) ~[thymeleaf-3.1.3.RELEASE.jar:3.1.3.RELEASE]
	at org.thymeleaf.engine.ProcessorTemplateHandler.handleOpenElement(ProcessorTemplateHandler.java:1314) ~[thymeleaf-3.1.3.RELEASE.jar:3.1.3.RELEASE]
	at org.thymeleaf.engine.OpenElementTag.beHandled(OpenElementTag.java:205) ~[thymeleaf-3.1.3.RELEASE.jar:3.1.3.RELEASE]
	at org.thymeleaf.engine.Model.process(Model.java:282) ~[thymeleaf-3.1.3.RELEASE.jar:3.1.3.RELEASE]
	at org.thymeleaf.engine.Model.process(Model.java:290) ~[thymeleaf-3.1.3.RELEASE.jar:3.1.3.RELEASE]
	at org.thymeleaf.engine.IteratedGatheringModelProcessable.processIterationModel(IteratedGatheringModelProcessable.java:368) ~[thymeleaf-3.1.3.RELEASE.jar:3.1.3.RELEASE]
	at org.thymeleaf.engine.IteratedGatheringModelProcessable.process(IteratedGatheringModelProcessable.java:222) ~[thymeleaf-3.1.3.RELEASE.jar:3.1.3.RELEASE]
	at org.thymeleaf.engine.ProcessorTemplateHandler.handleCloseElement(ProcessorTemplateHandler.java:1640) ~[thymeleaf-3.1.3.RELEASE.jar:3.1.3.RELEASE]
	at org.thymeleaf.engine.TemplateHandlerAdapterMarkupHandler.handleCloseElementEnd(TemplateHandlerAdapterMarkupHandler.java:388) ~[thymeleaf-3.1.3.RELEASE.jar:3.1.3.RELEASE]
	at org.thymeleaf.templateparser.markup.InlinedOutputExpressionMarkupHandler$InlineMarkupAdapterPreProcessorHandler.handleCloseElementEnd(InlinedOutputExpressionMarkupHandler.java:322) ~[thymeleaf-3.1.3.RELEASE.jar:3.1.3.RELEASE]
	at org.thymeleaf.standard.inline.OutputExpressionInlinePreProcessorHandler.handleCloseElementEnd(OutputExpressionInlinePreProcessorHandler.java:220) ~[thymeleaf-3.1.3.RELEASE.jar:3.1.3.RELEASE]
	at org.thymeleaf.templateparser.markup.InlinedOutputExpressionMarkupHandler.handleCloseElementEnd(InlinedOutputExpressionMarkupHandler.java:164) ~[thymeleaf-3.1.3.RELEASE.jar:3.1.3.RELEASE]
	at org.attoparser.HtmlElement.handleCloseElementEnd(HtmlElement.java:169) ~[attoparser-2.0.7.RELEASE.jar:2.0.7.RELEASE]
	at org.attoparser.HtmlMarkupHandler.handleCloseElementEnd(HtmlMarkupHandler.java:412) ~[attoparser-2.0.7.RELEASE.jar:2.0.7.RELEASE]
	at org.attoparser.MarkupEventProcessorHandler.handleCloseElementEnd(MarkupEventProcessorHandler.java:473) ~[attoparser-2.0.7.RELEASE.jar:2.0.7.RELEASE]
	at org.attoparser.ParsingElementMarkupUtil.parseCloseElement(ParsingElementMarkupUtil.java:201) ~[attoparser-2.0.7.RELEASE.jar:2.0.7.RELEASE]
	at org.attoparser.MarkupParser.parseBuffer(MarkupParser.java:725) ~[attoparser-2.0.7.RELEASE.jar:2.0.7.RELEASE]
	at org.attoparser.MarkupParser.parseDocument(MarkupParser.java:301) ~[attoparser-2.0.7.RELEASE.jar:2.0.7.RELEASE]
	at org.attoparser.MarkupParser.parse(MarkupParser.java:257) ~[attoparser-2.0.7.RELEASE.jar:2.0.7.RELEASE]
	at org.thymeleaf.templateparser.markup.AbstractMarkupTemplateParser.parse(AbstractMarkupTemplateParser.java:230) ~[thymeleaf-3.1.3.RELEASE.jar:3.1.3.RELEASE]
	at org.thymeleaf.templateparser.markup.AbstractMarkupTemplateParser.parseStandalone(AbstractMarkupTemplateParser.java:100) ~[thymeleaf-3.1.3.RELEASE.jar:3.1.3.RELEASE]
	at org.thymeleaf.engine.TemplateManager.parseAndProcess(TemplateManager.java:666) ~[thymeleaf-3.1.3.RELEASE.jar:3.1.3.RELEASE]
	at org.thymeleaf.TemplateEngine.process(TemplateEngine.java:1103) ~[thymeleaf-3.1.3.RELEASE.jar:3.1.3.RELEASE]
	at org.thymeleaf.TemplateEngine.process(TemplateEngine.java:1077) ~[thymeleaf-3.1.3.RELEASE.jar:3.1.3.RELEASE]
	at org.thymeleaf.spring6.view.ThymeleafView.renderFragment(ThymeleafView.java:372) ~[thymeleaf-spring6-3.1.3.RELEASE.jar:3.1.3.RELEASE]
	at org.thymeleaf.spring6.view.ThymeleafView.render(ThymeleafView.java:192) ~[thymeleaf-spring6-3.1.3.RELEASE.jar:3.1.3.RELEASE]
	at org.springframework.web.servlet.DispatcherServlet.render(DispatcherServlet.java:1435) ~[spring-webmvc-6.2.1.jar:6.2.1]
	at org.springframework.web.servlet.DispatcherServlet.processDispatchResult(DispatcherServlet.java:1167) ~[spring-webmvc-6.2.1.jar:6.2.1]
	at org.springframework.web.servlet.DispatcherServlet.doDispatch(DispatcherServlet.java:1105) ~[spring-webmvc-6.2.1.jar:6.2.1]
	at org.springframework.web.servlet.DispatcherServlet.doService(DispatcherServlet.java:978) ~[spring-webmvc-6.2.1.jar:6.2.1]
	at org.springframework.web.servlet.FrameworkServlet.processRequest(FrameworkServlet.java:1014) ~[spring-webmvc-6.2.1.jar:6.2.1]
	at org.springframework.web.servlet.FrameworkServlet.doGet(FrameworkServlet.java:903) ~[spring-webmvc-6.2.1.jar:6.2.1]
	at jakarta.servlet.http.HttpServlet.service(HttpServlet.java:564) ~[tomcat-embed-core-10.1.40.jar:6.0]
	at org.springframework.web.servlet.FrameworkServlet.service(FrameworkServlet.java:885) ~[spring-webmvc-6.2.1.jar:6.2.1]
	at jakarta.servlet.http.HttpServlet.service(HttpServlet.java:658) ~[tomcat-embed-core-10.1.40.jar:6.0]
	at org.apache.catalina.core.ApplicationFilterChain.internalDoFilter(ApplicationFilterChain.java:195) ~[tomcat-embed-core-10.1.40.jar:10.1.40]
	at org.apache.catalina.core.ApplicationFilterChain.doFilter(ApplicationFilterChain.java:140) ~[tomcat-embed-core-10.1.40.jar:10.1.40]
	at org.apache.tomcat.websocket.server.WsFilter.doFilter(WsFilter.java:51) ~[tomcat-embed-websocket-10.1.40.jar:10.1.40]
	at org.apache.catalina.core.ApplicationFilterChain.internalDoFilter(ApplicationFilterChain.java:164) ~[tomcat-embed-core-10.1.40.jar:10.1.40]
	at org.apache.catalina.core.ApplicationFilterChain.doFilter(ApplicationFilterChain.java:140) ~[tomcat-embed-core-10.1.40.jar:10.1.40]
	at com.example.tailormaster.filter.LoggingMDCFilter.doFilter(LoggingMDCFilter.java:30) ~[classes/:?]
	at org.apache.catalina.core.ApplicationFilterChain.internalDoFilter(ApplicationFilterChain.java:164) ~[tomcat-embed-core-10.1.40.jar:10.1.40]
	at org.apache.catalina.core.ApplicationFilterChain.doFilter(ApplicationFilterChain.java:140) ~[tomcat-embed-core-10.1.40.jar:10.1.40]
	at org.springframework.web.filter.CompositeFilter$VirtualFilterChain.doFilter(CompositeFilter.java:108) ~[spring-web-6.2.1.jar:6.2.1]
	at org.springframework.security.web.FilterChainProxy.lambda$doFilterInternal$3(FilterChainProxy.java:231) ~[spring-security-web-6.4.2.jar:6.4.2]
	at org.springframework.security.web.FilterChainProxy$VirtualFilterChain.doFilter(FilterChainProxy.java:365) ~[spring-security-web-6.4.2.jar:6.4.2]
	at org.springframework.security.web.access.intercept.AuthorizationFilter.doFilter(AuthorizationFilter.java:101) ~[spring-security-web-6.4.2.jar:6.4.2]
	at org.springframework.security.web.FilterChainProxy$VirtualFilterChain.doFilter(FilterChainProxy.java:374) ~[spring-security-web-6.4.2.jar:6.4.2]
	at org.springframework.security.web.access.ExceptionTranslationFilter.doFilter(ExceptionTranslationFilter.java:126) ~[spring-security-web-6.4.2.jar:6.4.2]
	at org.springframework.security.web.access.ExceptionTranslationFilter.doFilter(ExceptionTranslationFilter.java:120) ~[spring-security-web-6.4.2.jar:6.4.2]
	at org.springframework.security.web.FilterChainProxy$VirtualFilterChain.doFilter(FilterChainProxy.java:374) ~[spring-security-web-6.4.2.jar:6.4.2]
	at org.springframework.security.web.authentication.AnonymousAuthenticationFilter.doFilter(AnonymousAuthenticationFilter.java:100) ~[spring-security-web-6.4.2.jar:6.4.2]
	at org.springframework.security.web.FilterChainProxy$VirtualFilterChain.doFilter(FilterChainProxy.java:374) ~[spring-security-web-6.4.2.jar:6.4.2]
	at org.springframework.security.web.servletapi.SecurityContextHolderAwareRequestFilter.doFilter(SecurityContextHolderAwareRequestFilter.java:179) ~[spring-security-web-6.4.2.jar:6.4.2]
	at org.springframework.security.web.FilterChainProxy$VirtualFilterChain.doFilter(FilterChainProxy.java:374) ~[spring-security-web-6.4.2.jar:6.4.2]
	at org.springframework.security.web.savedrequest.RequestCacheAwareFilter.doFilter(RequestCacheAwareFilter.java:63) ~[spring-security-web-6.4.2.jar:6.4.2]
	at org.springframework.security.web.FilterChainProxy$VirtualFilterChain.doFilter(FilterChainProxy.java:374) ~[spring-security-web-6.4.2.jar:6.4.2]
	at org.springframework.security.web.authentication.AbstractAuthenticationProcessingFilter.doFilter(AbstractAuthenticationProcessingFilter.java:227) ~[spring-security-web-6.4.2.jar:6.4.2]
	at org.springframework.security.web.authentication.AbstractAuthenticationProcessingFilter.doFilter(AbstractAuthenticationProcessingFilter.java:221) ~[spring-security-web-6.4.2.jar:6.4.2]
	at org.springframework.security.web.FilterChainProxy$VirtualFilterChain.doFilter(FilterChainProxy.java:374) ~[spring-security-web-6.4.2.jar:6.4.2]
	at org.springframework.security.web.authentication.logout.LogoutFilter.doFilter(LogoutFilter.java:107) ~[spring-security-web-6.4.2.jar:6.4.2]
	at org.springframework.security.web.authentication.logout.LogoutFilter.doFilter(LogoutFilter.java:93) ~[spring-security-web-6.4.2.jar:6.4.2]
	at org.springframework.security.web.FilterChainProxy$VirtualFilterChain.doFilter(FilterChainProxy.java:374) ~[spring-security-web-6.4.2.jar:6.4.2]
	at org.springframework.security.web.csrf.CsrfFilter.doFilterInternal(CsrfFilter.java:117) ~[spring-security-web-6.4.2.jar:6.4.2]
	at org.springframework.web.filter.OncePerRequestFilter.doFilter(OncePerRequestFilter.java:116) ~[spring-web-6.2.1.jar:6.2.1]
	at org.springframework.security.web.FilterChainProxy$VirtualFilterChain.doFilter(FilterChainProxy.java:374) ~[spring-security-web-6.4.2.jar:6.4.2]
	at org.springframework.security.web.header.HeaderWriterFilter.doHeadersAfter(HeaderWriterFilter.java:90) ~[spring-security-web-6.4.2.jar:6.4.2]
	at org.springframework.security.web.header.HeaderWriterFilter.doFilterInternal(HeaderWriterFilter.java:75) ~[spring-security-web-6.4.2.jar:6.4.2]
	at org.springframework.web.filter.OncePerRequestFilter.doFilter(OncePerRequestFilter.java:116) ~[spring-web-6.2.1.jar:6.2.1]
	at org.springframework.security.web.FilterChainProxy$VirtualFilterChain.doFilter(FilterChainProxy.java:374) ~[spring-security-web-6.4.2.jar:6.4.2]
	at org.springframework.security.web.context.SecurityContextHolderFilter.doFilter(SecurityContextHolderFilter.java:82) ~[spring-security-web-6.4.2.jar:6.4.2]
	at org.springframework.security.web.context.SecurityContextHolderFilter.doFilter(SecurityContextHolderFilter.java:69) ~[spring-security-web-6.4.2.jar:6.4.2]
	at org.springframework.security.web.FilterChainProxy$VirtualFilterChain.doFilter(FilterChainProxy.java:374) ~[spring-security-web-6.4.2.jar:6.4.2]
	at org.springframework.security.web.context.request.async.WebAsyncManagerIntegrationFilter.doFilterInternal(WebAsyncManagerIntegrationFilter.java:62) ~[spring-security-web-6.4.2.jar:6.4.2]
	at org.springframework.web.filter.OncePerRequestFilter.doFilter(OncePerRequestFilter.java:116) ~[spring-web-6.2.1.jar:6.2.1]
	at org.springframework.security.web.FilterChainProxy$VirtualFilterChain.doFilter(FilterChainProxy.java:374) ~[spring-security-web-6.4.2.jar:6.4.2]
	at org.springframework.security.web.session.DisableEncodeUrlFilter.doFilterInternal(DisableEncodeUrlFilter.java:42) ~[spring-security-web-6.4.2.jar:6.4.2]
	at org.springframework.web.filter.OncePerRequestFilter.doFilter(OncePerRequestFilter.java:116) ~[spring-web-6.2.1.jar:6.2.1]
	at org.springframework.security.web.FilterChainProxy$VirtualFilterChain.doFilter(FilterChainProxy.java:374) ~[spring-security-web-6.4.2.jar:6.4.2]
	at org.springframework.security.web.FilterChainProxy.doFilterInternal(FilterChainProxy.java:233) ~[spring-security-web-6.4.2.jar:6.4.2]
	at org.springframework.security.web.FilterChainProxy.doFilter(FilterChainProxy.java:191) ~[spring-security-web-6.4.2.jar:6.4.2]
	at org.springframework.web.filter.CompositeFilter$VirtualFilterChain.doFilter(CompositeFilter.java:113) ~[spring-web-6.2.1.jar:6.2.1]
	at org.springframework.web.servlet.handler.HandlerMappingIntrospector.lambda$createCacheFilter$3(HandlerMappingIntrospector.java:243) ~[spring-webmvc-6.2.1.jar:6.2.1]
	at org.springframework.web.filter.CompositeFilter$VirtualFilterChain.doFilter(CompositeFilter.java:113) ~[spring-web-6.2.1.jar:6.2.1]
	at org.springframework.web.filter.CompositeFilter.doFilter(CompositeFilter.java:74) ~[spring-web-6.2.1.jar:6.2.1]
	at org.springframework.security.config.annotation.web.configuration.WebMvcSecurityConfiguration$CompositeFilterChainProxy.doFilter(WebMvcSecurityConfiguration.java:238) ~[spring-security-config-6.4.2.jar:6.4.2]
	at org.springframework.web.filter.DelegatingFilterProxy.invokeDelegate(DelegatingFilterProxy.java:362) ~[spring-web-6.2.1.jar:6.2.1]
	at org.springframework.web.filter.DelegatingFilterProxy.doFilter(DelegatingFilterProxy.java:278) ~[spring-web-6.2.1.jar:6.2.1]
	at org.apache.catalina.core.ApplicationFilterChain.internalDoFilter(ApplicationFilterChain.java:164) ~[tomcat-embed-core-10.1.40.jar:10.1.40]
	at org.apache.catalina.core.ApplicationFilterChain.doFilter(ApplicationFilterChain.java:140) ~[tomcat-embed-core-10.1.40.jar:10.1.40]
	at org.springframework.web.filter.RequestContextFilter.doFilterInternal(RequestContextFilter.java:100) ~[spring-web-6.2.1.jar:6.2.1]
	at org.springframework.web.filter.OncePerRequestFilter.doFilter(OncePerRequestFilter.java:116) ~[spring-web-6.2.1.jar:6.2.1]
	at org.apache.catalina.core.ApplicationFilterChain.internalDoFilter(ApplicationFilterChain.java:164) ~[tomcat-embed-core-10.1.40.jar:10.1.40]
	at org.apache.catalina.core.ApplicationFilterChain.doFilter(ApplicationFilterChain.java:140) ~[tomcat-embed-core-10.1.40.jar:10.1.40]
	at org.springframework.web.filter.FormContentFilter.doFilterInternal(FormContentFilter.java:93) ~[spring-web-6.2.1.jar:6.2.1]
	at org.springframework.web.filter.OncePerRequestFilter.doFilter(OncePerRequestFilter.java:116) ~[spring-web-6.2.1.jar:6.2.1]
	at org.apache.catalina.core.ApplicationFilterChain.internalDoFilter(ApplicationFilterChain.java:164) ~[tomcat-embed-core-10.1.40.jar:10.1.40]
	at org.apache.catalina.core.ApplicationFilterChain.doFilter(ApplicationFilterChain.java:140) ~[tomcat-embed-core-10.1.40.jar:10.1.40]
	at org.springframework.web.filter.CharacterEncodingFilter.doFilterInternal(CharacterEncodingFilter.java:201) ~[spring-web-6.2.1.jar:6.2.1]
	at org.springframework.web.filter.OncePerRequestFilter.doFilter(OncePerRequestFilter.java:116) ~[spring-web-6.2.1.jar:6.2.1]
	at org.apache.catalina.core.ApplicationFilterChain.internalDoFilter(ApplicationFilterChain.java:164) ~[tomcat-embed-core-10.1.40.jar:10.1.40]
	at org.apache.catalina.core.ApplicationFilterChain.doFilter(ApplicationFilterChain.java:140) ~[tomcat-embed-core-10.1.40.jar:10.1.40]
	at org.apache.catalina.core.StandardWrapperValve.invoke(StandardWrapperValve.java:167) [tomcat-embed-core-10.1.40.jar:10.1.40]
	at org.apache.catalina.core.StandardContextValve.invoke(StandardContextValve.java:90) [tomcat-embed-core-10.1.40.jar:10.1.40]
	at org.apache.catalina.authenticator.AuthenticatorBase.invoke(AuthenticatorBase.java:483) [tomcat-embed-core-10.1.40.jar:10.1.40]
	at org.apache.catalina.core.StandardHostValve.invoke(StandardHostValve.java:116) [tomcat-embed-core-10.1.40.jar:10.1.40]
	at org.apache.catalina.valves.ErrorReportValve.invoke(ErrorReportValve.java:93) [tomcat-embed-core-10.1.40.jar:10.1.40]
	at org.apache.catalina.core.StandardEngineValve.invoke(StandardEngineValve.java:74) [tomcat-embed-core-10.1.40.jar:10.1.40]
	at org.apache.catalina.connector.CoyoteAdapter.service(CoyoteAdapter.java:344) [tomcat-embed-core-10.1.40.jar:10.1.40]
	at org.apache.coyote.http11.Http11Processor.service(Http11Processor.java:398) [tomcat-embed-core-10.1.40.jar:10.1.40]
	at org.apache.coyote.AbstractProcessorLight.process(AbstractProcessorLight.java:63) [tomcat-embed-core-10.1.40.jar:10.1.40]
	at org.apache.coyote.AbstractProtocol$ConnectionHandler.process(AbstractProtocol.java:903) [tomcat-embed-core-10.1.40.jar:10.1.40]
	at org.apache.tomcat.util.net.NioEndpoint$SocketProcessor.doRun(NioEndpoint.java:1740) [tomcat-embed-core-10.1.40.jar:10.1.40]
	at org.apache.tomcat.util.net.SocketProcessorBase.run(SocketProcessorBase.java:52) [tomcat-embed-core-10.1.40.jar:10.1.40]
	at org.apache.tomcat.util.threads.ThreadPoolExecutor.runWorker(ThreadPoolExecutor.java:1189) [tomcat-embed-core-10.1.40.jar:10.1.40]
	at org.apache.tomcat.util.threads.ThreadPoolExecutor$Worker.run(ThreadPoolExecutor.java:658) [tomcat-embed-core-10.1.40.jar:10.1.40]
	at org.apache.tomcat.util.threads.TaskThread$WrappingRunnable.run(TaskThread.java:63) [tomcat-embed-core-10.1.40.jar:10.1.40]
	at java.base/java.lang.Thread.run(Thread.java:833) [?:?]
2025-04-29 00:19:59 [] INFO  com.example.tailormaster.filter.LoggingInterceptor - User 'null' is requesting: GET /tailor-master/error
2025-04-29 00:20:19 [abdullateef] INFO  com.example.tailormaster.filter.LoggingInterceptor - User 'abdullateef' is requesting: GET /tailor-master/customers/details/Lo8yWAYz6C9qFEShOV4tyKDtZn1429fubx5L1r2WU3Y=
2025-04-29 00:20:19 [abdullateef] INFO  com.example.tailormaster.controller.CustomerController - Displaying details for customer ID (encrypted): Lo8yWAYz6C9qFEShOV4tyKDtZn1429fubx5L1r2WU3Y=
2025-04-29 00:20:19 [abdullateef] INFO  com.example.tailormaster.controller.CustomerController - Fetched customer details: Customer(fullName=LedgerTest3, phoneNumber=03219988776, enabled=false)
2025-04-29 00:20:19 [abdullateef] INFO  com.example.tailormaster.controller.CustomerController - Fetched measurement details: [CustomerMeasurement(customer=Customer(fullName=LedgerTest3, phoneNumber=03219988776, enabled=false), product=Product(type=SHALWAR, name=شلوار, description=, price=500.00, enabled=true), chest=null, sleeveLength=null, shoulder=null, hips=22, waist=34, barcode=LedgerTest303219988776-6fccaec9-e05e-459b-8f12-70f13381b24a), CustomerMeasurement(customer=Customer(fullName=LedgerTest3, phoneNumber=03219988776, enabled=false), product=Product(type=QAMEEZ, name=قميض, description=, price=2000.00, enabled=true), chest=34, sleeveLength=32, shoulder=23, hips=null, waist=null, barcode=LedgerTest303219988776-1b6b5e86-06cd-4c1e-b7e4-e43ce15cd165)]
2025-04-29 00:20:19 [abdullateef] ERROR org.thymeleaf.TemplateEngine - [THYMELEAF][http-nio-8080-exec-3] Exception processing template "customer/customer-details": An error happened during template parsing (template: "class path resource [templates/customer/customer-details.html]")
org.thymeleaf.exceptions.TemplateInputException: An error happened during template parsing (template: "class path resource [templates/customer/customer-details.html]")
	at org.thymeleaf.templateparser.markup.AbstractMarkupTemplateParser.parse(AbstractMarkupTemplateParser.java:241) ~[thymeleaf-3.1.3.RELEASE.jar:3.1.3.RELEASE]
	at org.thymeleaf.templateparser.markup.AbstractMarkupTemplateParser.parseStandalone(AbstractMarkupTemplateParser.java:100) ~[thymeleaf-3.1.3.RELEASE.jar:3.1.3.RELEASE]
	at org.thymeleaf.engine.TemplateManager.parseAndProcess(TemplateManager.java:666) ~[thymeleaf-3.1.3.RELEASE.jar:3.1.3.RELEASE]
	at org.thymeleaf.TemplateEngine.process(TemplateEngine.java:1103) ~[thymeleaf-3.1.3.RELEASE.jar:3.1.3.RELEASE]
	at org.thymeleaf.TemplateEngine.process(TemplateEngine.java:1077) ~[thymeleaf-3.1.3.RELEASE.jar:3.1.3.RELEASE]
	at org.thymeleaf.spring6.view.ThymeleafView.renderFragment(ThymeleafView.java:372) ~[thymeleaf-spring6-3.1.3.RELEASE.jar:3.1.3.RELEASE]
	at org.thymeleaf.spring6.view.ThymeleafView.render(ThymeleafView.java:192) ~[thymeleaf-spring6-3.1.3.RELEASE.jar:3.1.3.RELEASE]
	at org.springframework.web.servlet.DispatcherServlet.render(DispatcherServlet.java:1435) ~[spring-webmvc-6.2.1.jar:6.2.1]
	at org.springframework.web.servlet.DispatcherServlet.processDispatchResult(DispatcherServlet.java:1167) ~[spring-webmvc-6.2.1.jar:6.2.1]
	at org.springframework.web.servlet.DispatcherServlet.doDispatch(DispatcherServlet.java:1105) ~[spring-webmvc-6.2.1.jar:6.2.1]
	at org.springframework.web.servlet.DispatcherServlet.doService(DispatcherServlet.java:978) ~[spring-webmvc-6.2.1.jar:6.2.1]
	at org.springframework.web.servlet.FrameworkServlet.processRequest(FrameworkServlet.java:1014) ~[spring-webmvc-6.2.1.jar:6.2.1]
	at org.springframework.web.servlet.FrameworkServlet.doGet(FrameworkServlet.java:903) ~[spring-webmvc-6.2.1.jar:6.2.1]
	at jakarta.servlet.http.HttpServlet.service(HttpServlet.java:564) ~[tomcat-embed-core-10.1.40.jar:6.0]
	at org.springframework.web.servlet.FrameworkServlet.service(FrameworkServlet.java:885) ~[spring-webmvc-6.2.1.jar:6.2.1]
	at jakarta.servlet.http.HttpServlet.service(HttpServlet.java:658) ~[tomcat-embed-core-10.1.40.jar:6.0]
	at org.apache.catalina.core.ApplicationFilterChain.internalDoFilter(ApplicationFilterChain.java:195) ~[tomcat-embed-core-10.1.40.jar:10.1.40]
	at org.apache.catalina.core.ApplicationFilterChain.doFilter(ApplicationFilterChain.java:140) ~[tomcat-embed-core-10.1.40.jar:10.1.40]
	at org.apache.tomcat.websocket.server.WsFilter.doFilter(WsFilter.java:51) ~[tomcat-embed-websocket-10.1.40.jar:10.1.40]
	at org.apache.catalina.core.ApplicationFilterChain.internalDoFilter(ApplicationFilterChain.java:164) ~[tomcat-embed-core-10.1.40.jar:10.1.40]
	at org.apache.catalina.core.ApplicationFilterChain.doFilter(ApplicationFilterChain.java:140) ~[tomcat-embed-core-10.1.40.jar:10.1.40]
	at com.example.tailormaster.filter.LoggingMDCFilter.doFilter(LoggingMDCFilter.java:30) ~[classes/:?]
	at org.apache.catalina.core.ApplicationFilterChain.internalDoFilter(ApplicationFilterChain.java:164) ~[tomcat-embed-core-10.1.40.jar:10.1.40]
	at org.apache.catalina.core.ApplicationFilterChain.doFilter(ApplicationFilterChain.java:140) ~[tomcat-embed-core-10.1.40.jar:10.1.40]
	at org.springframework.web.filter.CompositeFilter$VirtualFilterChain.doFilter(CompositeFilter.java:108) ~[spring-web-6.2.1.jar:6.2.1]
	at org.springframework.security.web.FilterChainProxy.lambda$doFilterInternal$3(FilterChainProxy.java:231) ~[spring-security-web-6.4.2.jar:6.4.2]
	at org.springframework.security.web.FilterChainProxy$VirtualFilterChain.doFilter(FilterChainProxy.java:365) ~[spring-security-web-6.4.2.jar:6.4.2]
	at org.springframework.security.web.access.intercept.AuthorizationFilter.doFilter(AuthorizationFilter.java:101) ~[spring-security-web-6.4.2.jar:6.4.2]
	at org.springframework.security.web.FilterChainProxy$VirtualFilterChain.doFilter(FilterChainProxy.java:374) ~[spring-security-web-6.4.2.jar:6.4.2]
	at org.springframework.security.web.access.ExceptionTranslationFilter.doFilter(ExceptionTranslationFilter.java:126) ~[spring-security-web-6.4.2.jar:6.4.2]
	at org.springframework.security.web.access.ExceptionTranslationFilter.doFilter(ExceptionTranslationFilter.java:120) ~[spring-security-web-6.4.2.jar:6.4.2]
	at org.springframework.security.web.FilterChainProxy$VirtualFilterChain.doFilter(FilterChainProxy.java:374) ~[spring-security-web-6.4.2.jar:6.4.2]
	at org.springframework.security.web.authentication.AnonymousAuthenticationFilter.doFilter(AnonymousAuthenticationFilter.java:100) ~[spring-security-web-6.4.2.jar:6.4.2]
	at org.springframework.security.web.FilterChainProxy$VirtualFilterChain.doFilter(FilterChainProxy.java:374) ~[spring-security-web-6.4.2.jar:6.4.2]
	at org.springframework.security.web.servletapi.SecurityContextHolderAwareRequestFilter.doFilter(SecurityContextHolderAwareRequestFilter.java:179) ~[spring-security-web-6.4.2.jar:6.4.2]
	at org.springframework.security.web.FilterChainProxy$VirtualFilterChain.doFilter(FilterChainProxy.java:374) ~[spring-security-web-6.4.2.jar:6.4.2]
	at org.springframework.security.web.savedrequest.RequestCacheAwareFilter.doFilter(RequestCacheAwareFilter.java:63) ~[spring-security-web-6.4.2.jar:6.4.2]
	at org.springframework.security.web.FilterChainProxy$VirtualFilterChain.doFilter(FilterChainProxy.java:374) ~[spring-security-web-6.4.2.jar:6.4.2]
	at org.springframework.security.web.authentication.AbstractAuthenticationProcessingFilter.doFilter(AbstractAuthenticationProcessingFilter.java:227) ~[spring-security-web-6.4.2.jar:6.4.2]
	at org.springframework.security.web.authentication.AbstractAuthenticationProcessingFilter.doFilter(AbstractAuthenticationProcessingFilter.java:221) ~[spring-security-web-6.4.2.jar:6.4.2]
	at org.springframework.security.web.FilterChainProxy$VirtualFilterChain.doFilter(FilterChainProxy.java:374) ~[spring-security-web-6.4.2.jar:6.4.2]
	at org.springframework.security.web.authentication.logout.LogoutFilter.doFilter(LogoutFilter.java:107) ~[spring-security-web-6.4.2.jar:6.4.2]
	at org.springframework.security.web.authentication.logout.LogoutFilter.doFilter(LogoutFilter.java:93) ~[spring-security-web-6.4.2.jar:6.4.2]
	at org.springframework.security.web.FilterChainProxy$VirtualFilterChain.doFilter(FilterChainProxy.java:374) ~[spring-security-web-6.4.2.jar:6.4.2]
	at org.springframework.security.web.csrf.CsrfFilter.doFilterInternal(CsrfFilter.java:117) ~[spring-security-web-6.4.2.jar:6.4.2]
	at org.springframework.web.filter.OncePerRequestFilter.doFilter(OncePerRequestFilter.java:116) ~[spring-web-6.2.1.jar:6.2.1]
	at org.springframework.security.web.FilterChainProxy$VirtualFilterChain.doFilter(FilterChainProxy.java:374) ~[spring-security-web-6.4.2.jar:6.4.2]
	at org.springframework.security.web.header.HeaderWriterFilter.doHeadersAfter(HeaderWriterFilter.java:90) ~[spring-security-web-6.4.2.jar:6.4.2]
	at org.springframework.security.web.header.HeaderWriterFilter.doFilterInternal(HeaderWriterFilter.java:75) ~[spring-security-web-6.4.2.jar:6.4.2]
	at org.springframework.web.filter.OncePerRequestFilter.doFilter(OncePerRequestFilter.java:116) ~[spring-web-6.2.1.jar:6.2.1]
	at org.springframework.security.web.FilterChainProxy$VirtualFilterChain.doFilter(FilterChainProxy.java:374) ~[spring-security-web-6.4.2.jar:6.4.2]
	at org.springframework.security.web.context.SecurityContextHolderFilter.doFilter(SecurityContextHolderFilter.java:82) ~[spring-security-web-6.4.2.jar:6.4.2]
	at org.springframework.security.web.context.SecurityContextHolderFilter.doFilter(SecurityContextHolderFilter.java:69) ~[spring-security-web-6.4.2.jar:6.4.2]
	at org.springframework.security.web.FilterChainProxy$VirtualFilterChain.doFilter(FilterChainProxy.java:374) ~[spring-security-web-6.4.2.jar:6.4.2]
	at org.springframework.security.web.context.request.async.WebAsyncManagerIntegrationFilter.doFilterInternal(WebAsyncManagerIntegrationFilter.java:62) ~[spring-security-web-6.4.2.jar:6.4.2]
	at org.springframework.web.filter.OncePerRequestFilter.doFilter(OncePerRequestFilter.java:116) ~[spring-web-6.2.1.jar:6.2.1]
	at org.springframework.security.web.FilterChainProxy$VirtualFilterChain.doFilter(FilterChainProxy.java:374) ~[spring-security-web-6.4.2.jar:6.4.2]
	at org.springframework.security.web.session.DisableEncodeUrlFilter.doFilterInternal(DisableEncodeUrlFilter.java:42) ~[spring-security-web-6.4.2.jar:6.4.2]
	at org.springframework.web.filter.OncePerRequestFilter.doFilter(OncePerRequestFilter.java:116) ~[spring-web-6.2.1.jar:6.2.1]
	at org.springframework.security.web.FilterChainProxy$VirtualFilterChain.doFilter(FilterChainProxy.java:374) ~[spring-security-web-6.4.2.jar:6.4.2]
	at org.springframework.security.web.FilterChainProxy.doFilterInternal(FilterChainProxy.java:233) ~[spring-security-web-6.4.2.jar:6.4.2]
	at org.springframework.security.web.FilterChainProxy.doFilter(FilterChainProxy.java:191) ~[spring-security-web-6.4.2.jar:6.4.2]
	at org.springframework.web.filter.CompositeFilter$VirtualFilterChain.doFilter(CompositeFilter.java:113) ~[spring-web-6.2.1.jar:6.2.1]
	at org.springframework.web.servlet.handler.HandlerMappingIntrospector.lambda$createCacheFilter$3(HandlerMappingIntrospector.java:243) ~[spring-webmvc-6.2.1.jar:6.2.1]
	at org.springframework.web.filter.CompositeFilter$VirtualFilterChain.doFilter(CompositeFilter.java:113) [spring-web-6.2.1.jar:6.2.1]
	at org.springframework.web.filter.CompositeFilter.doFilter(CompositeFilter.java:74) [spring-web-6.2.1.jar:6.2.1]
	at org.springframework.security.config.annotation.web.configuration.WebMvcSecurityConfiguration$CompositeFilterChainProxy.doFilter(WebMvcSecurityConfiguration.java:238) [spring-security-config-6.4.2.jar:6.4.2]
	at org.springframework.web.filter.DelegatingFilterProxy.invokeDelegate(DelegatingFilterProxy.java:362) [spring-web-6.2.1.jar:6.2.1]
	at org.springframework.web.filter.DelegatingFilterProxy.doFilter(DelegatingFilterProxy.java:278) [spring-web-6.2.1.jar:6.2.1]
	at org.apache.catalina.core.ApplicationFilterChain.internalDoFilter(ApplicationFilterChain.java:164) [tomcat-embed-core-10.1.40.jar:10.1.40]
	at org.apache.catalina.core.ApplicationFilterChain.doFilter(ApplicationFilterChain.java:140) [tomcat-embed-core-10.1.40.jar:10.1.40]
	at org.springframework.web.filter.RequestContextFilter.doFilterInternal(RequestContextFilter.java:100) [spring-web-6.2.1.jar:6.2.1]
	at org.springframework.web.filter.OncePerRequestFilter.doFilter(OncePerRequestFilter.java:116) [spring-web-6.2.1.jar:6.2.1]
	at org.apache.catalina.core.ApplicationFilterChain.internalDoFilter(ApplicationFilterChain.java:164) [tomcat-embed-core-10.1.40.jar:10.1.40]
	at org.apache.catalina.core.ApplicationFilterChain.doFilter(ApplicationFilterChain.java:140) [tomcat-embed-core-10.1.40.jar:10.1.40]
	at org.springframework.web.filter.FormContentFilter.doFilterInternal(FormContentFilter.java:93) [spring-web-6.2.1.jar:6.2.1]
	at org.springframework.web.filter.OncePerRequestFilter.doFilter(OncePerRequestFilter.java:116) [spring-web-6.2.1.jar:6.2.1]
	at org.apache.catalina.core.ApplicationFilterChain.internalDoFilter(ApplicationFilterChain.java:164) [tomcat-embed-core-10.1.40.jar:10.1.40]
	at org.apache.catalina.core.ApplicationFilterChain.doFilter(ApplicationFilterChain.java:140) [tomcat-embed-core-10.1.40.jar:10.1.40]
	at org.springframework.web.filter.CharacterEncodingFilter.doFilterInternal(CharacterEncodingFilter.java:201) [spring-web-6.2.1.jar:6.2.1]
	at org.springframework.web.filter.OncePerRequestFilter.doFilter(OncePerRequestFilter.java:116) [spring-web-6.2.1.jar:6.2.1]
	at org.apache.catalina.core.ApplicationFilterChain.internalDoFilter(ApplicationFilterChain.java:164) [tomcat-embed-core-10.1.40.jar:10.1.40]
	at org.apache.catalina.core.ApplicationFilterChain.doFilter(ApplicationFilterChain.java:140) [tomcat-embed-core-10.1.40.jar:10.1.40]
	at org.apache.catalina.core.StandardWrapperValve.invoke(StandardWrapperValve.java:167) [tomcat-embed-core-10.1.40.jar:10.1.40]
	at org.apache.catalina.core.StandardContextValve.invoke(StandardContextValve.java:90) [tomcat-embed-core-10.1.40.jar:10.1.40]
	at org.apache.catalina.authenticator.AuthenticatorBase.invoke(AuthenticatorBase.java:483) [tomcat-embed-core-10.1.40.jar:10.1.40]
	at org.apache.catalina.core.StandardHostValve.invoke(StandardHostValve.java:116) [tomcat-embed-core-10.1.40.jar:10.1.40]
	at org.apache.catalina.valves.ErrorReportValve.invoke(ErrorReportValve.java:93) [tomcat-embed-core-10.1.40.jar:10.1.40]
	at org.apache.catalina.core.StandardEngineValve.invoke(StandardEngineValve.java:74) [tomcat-embed-core-10.1.40.jar:10.1.40]
	at org.apache.catalina.connector.CoyoteAdapter.service(CoyoteAdapter.java:344) [tomcat-embed-core-10.1.40.jar:10.1.40]
	at org.apache.coyote.http11.Http11Processor.service(Http11Processor.java:398) [tomcat-embed-core-10.1.40.jar:10.1.40]
	at org.apache.coyote.AbstractProcessorLight.process(AbstractProcessorLight.java:63) [tomcat-embed-core-10.1.40.jar:10.1.40]
	at org.apache.coyote.AbstractProtocol$ConnectionHandler.process(AbstractProtocol.java:903) [tomcat-embed-core-10.1.40.jar:10.1.40]
	at org.apache.tomcat.util.net.NioEndpoint$SocketProcessor.doRun(NioEndpoint.java:1740) [tomcat-embed-core-10.1.40.jar:10.1.40]
	at org.apache.tomcat.util.net.SocketProcessorBase.run(SocketProcessorBase.java:52) [tomcat-embed-core-10.1.40.jar:10.1.40]
	at org.apache.tomcat.util.threads.ThreadPoolExecutor.runWorker(ThreadPoolExecutor.java:1189) [tomcat-embed-core-10.1.40.jar:10.1.40]
	at org.apache.tomcat.util.threads.ThreadPoolExecutor$Worker.run(ThreadPoolExecutor.java:658) [tomcat-embed-core-10.1.40.jar:10.1.40]
	at org.apache.tomcat.util.threads.TaskThread$WrappingRunnable.run(TaskThread.java:63) [tomcat-embed-core-10.1.40.jar:10.1.40]
	at java.base/java.lang.Thread.run(Thread.java:833) [?:?]
Caused by: org.attoparser.ParseException: Could not parse as expression: "${orderEntry.key}', aria-expanded='true', aria-controls='collapse" (template: "customer/customer-details" - line 48, col 34)
	at org.attoparser.MarkupParser.parseDocument(MarkupParser.java:393) ~[attoparser-2.0.7.RELEASE.jar:2.0.7.RELEASE]
	at org.attoparser.MarkupParser.parse(MarkupParser.java:257) ~[attoparser-2.0.7.RELEASE.jar:2.0.7.RELEASE]
	at org.thymeleaf.templateparser.markup.AbstractMarkupTemplateParser.parse(AbstractMarkupTemplateParser.java:230) ~[thymeleaf-3.1.3.RELEASE.jar:3.1.3.RELEASE]
	... 98 more
Caused by: org.thymeleaf.exceptions.TemplateProcessingException: Could not parse as expression: "${orderEntry.key}', aria-expanded='true', aria-controls='collapse" (template: "customer/customer-details" - line 48, col 34)
	at org.thymeleaf.standard.expression.StandardExpressionParser.parseExpression(StandardExpressionParser.java:131) ~[thymeleaf-3.1.3.RELEASE.jar:3.1.3.RELEASE]
	at org.thymeleaf.standard.expression.StandardExpressionPreprocessor.preprocess(StandardExpressionPreprocessor.java:86) ~[thymeleaf-3.1.3.RELEASE.jar:3.1.3.RELEASE]
	at org.thymeleaf.standard.expression.AssignationUtils.parseAssignationSequence(AssignationUtils.java:52) ~[thymeleaf-3.1.3.RELEASE.jar:3.1.3.RELEASE]
	at org.thymeleaf.standard.processor.AbstractStandardMultipleAttributeModifierTagProcessor.doProcess(AbstractStandardMultipleAttributeModifierTagProcessor.java:115) ~[thymeleaf-3.1.3.RELEASE.jar:3.1.3.RELEASE]
	at org.thymeleaf.processor.element.AbstractAttributeTagProcessor.doProcess(AbstractAttributeTagProcessor.java:74) ~[thymeleaf-3.1.3.RELEASE.jar:3.1.3.RELEASE]
	at org.thymeleaf.processor.element.AbstractElementTagProcessor.process(AbstractElementTagProcessor.java:95) ~[thymeleaf-3.1.3.RELEASE.jar:3.1.3.RELEASE]
	at org.thymeleaf.util.ProcessorConfigurationUtils$ElementTagProcessorWrapper.process(ProcessorConfigurationUtils.java:633) ~[thymeleaf-3.1.3.RELEASE.jar:3.1.3.RELEASE]
	at org.thymeleaf.engine.ProcessorTemplateHandler.handleOpenElement(ProcessorTemplateHandler.java:1314) ~[thymeleaf-3.1.3.RELEASE.jar:3.1.3.RELEASE]
	at org.thymeleaf.engine.OpenElementTag.beHandled(OpenElementTag.java:205) ~[thymeleaf-3.1.3.RELEASE.jar:3.1.3.RELEASE]
	at org.thymeleaf.engine.Model.process(Model.java:282) ~[thymeleaf-3.1.3.RELEASE.jar:3.1.3.RELEASE]
	at org.thymeleaf.engine.Model.process(Model.java:290) ~[thymeleaf-3.1.3.RELEASE.jar:3.1.3.RELEASE]
	at org.thymeleaf.engine.IteratedGatheringModelProcessable.processIterationModel(IteratedGatheringModelProcessable.java:368) ~[thymeleaf-3.1.3.RELEASE.jar:3.1.3.RELEASE]
	at org.thymeleaf.engine.IteratedGatheringModelProcessable.process(IteratedGatheringModelProcessable.java:222) ~[thymeleaf-3.1.3.RELEASE.jar:3.1.3.RELEASE]
	at org.thymeleaf.engine.ProcessorTemplateHandler.handleCloseElement(ProcessorTemplateHandler.java:1640) ~[thymeleaf-3.1.3.RELEASE.jar:3.1.3.RELEASE]
	at org.thymeleaf.engine.TemplateHandlerAdapterMarkupHandler.handleCloseElementEnd(TemplateHandlerAdapterMarkupHandler.java:388) ~[thymeleaf-3.1.3.RELEASE.jar:3.1.3.RELEASE]
	at org.thymeleaf.templateparser.markup.InlinedOutputExpressionMarkupHandler$InlineMarkupAdapterPreProcessorHandler.handleCloseElementEnd(InlinedOutputExpressionMarkupHandler.java:322) ~[thymeleaf-3.1.3.RELEASE.jar:3.1.3.RELEASE]
	at org.thymeleaf.standard.inline.OutputExpressionInlinePreProcessorHandler.handleCloseElementEnd(OutputExpressionInlinePreProcessorHandler.java:220) ~[thymeleaf-3.1.3.RELEASE.jar:3.1.3.RELEASE]
	at org.thymeleaf.templateparser.markup.InlinedOutputExpressionMarkupHandler.handleCloseElementEnd(InlinedOutputExpressionMarkupHandler.java:164) ~[thymeleaf-3.1.3.RELEASE.jar:3.1.3.RELEASE]
	at org.attoparser.HtmlElement.handleCloseElementEnd(HtmlElement.java:169) ~[attoparser-2.0.7.RELEASE.jar:2.0.7.RELEASE]
	at org.attoparser.HtmlMarkupHandler.handleCloseElementEnd(HtmlMarkupHandler.java:412) ~[attoparser-2.0.7.RELEASE.jar:2.0.7.RELEASE]
	at org.attoparser.MarkupEventProcessorHandler.handleCloseElementEnd(MarkupEventProcessorHandler.java:473) ~[attoparser-2.0.7.RELEASE.jar:2.0.7.RELEASE]
	at org.attoparser.ParsingElementMarkupUtil.parseCloseElement(ParsingElementMarkupUtil.java:201) ~[attoparser-2.0.7.RELEASE.jar:2.0.7.RELEASE]
	at org.attoparser.MarkupParser.parseBuffer(MarkupParser.java:725) ~[attoparser-2.0.7.RELEASE.jar:2.0.7.RELEASE]
	at org.attoparser.MarkupParser.parseDocument(MarkupParser.java:301) ~[attoparser-2.0.7.RELEASE.jar:2.0.7.RELEASE]
	at org.attoparser.MarkupParser.parse(MarkupParser.java:257) ~[attoparser-2.0.7.RELEASE.jar:2.0.7.RELEASE]
	at org.thymeleaf.templateparser.markup.AbstractMarkupTemplateParser.parse(AbstractMarkupTemplateParser.java:230) ~[thymeleaf-3.1.3.RELEASE.jar:3.1.3.RELEASE]
	... 98 more
2025-04-29 00:20:19 [] ERROR org.apache.catalina.core.ContainerBase.[Tomcat].[localhost].[/tailor-master].[dispatcherServlet] - Servlet.service() for servlet [dispatcherServlet] in context with path [/tailor-master] threw exception [Request processing failed: org.thymeleaf.exceptions.TemplateInputException: An error happened during template parsing (template: "class path resource [templates/customer/customer-details.html]")] with root cause
org.thymeleaf.exceptions.TemplateProcessingException: Could not parse as expression: "${orderEntry.key}', aria-expanded='true', aria-controls='collapse" (template: "customer/customer-details" - line 48, col 34)
	at org.thymeleaf.standard.expression.StandardExpressionParser.parseExpression(StandardExpressionParser.java:131) ~[thymeleaf-3.1.3.RELEASE.jar:3.1.3.RELEASE]
	at org.thymeleaf.standard.expression.StandardExpressionPreprocessor.preprocess(StandardExpressionPreprocessor.java:86) ~[thymeleaf-3.1.3.RELEASE.jar:3.1.3.RELEASE]
	at org.thymeleaf.standard.expression.AssignationUtils.parseAssignationSequence(AssignationUtils.java:52) ~[thymeleaf-3.1.3.RELEASE.jar:3.1.3.RELEASE]
	at org.thymeleaf.standard.processor.AbstractStandardMultipleAttributeModifierTagProcessor.doProcess(AbstractStandardMultipleAttributeModifierTagProcessor.java:115) ~[thymeleaf-3.1.3.RELEASE.jar:3.1.3.RELEASE]
	at org.thymeleaf.processor.element.AbstractAttributeTagProcessor.doProcess(AbstractAttributeTagProcessor.java:74) ~[thymeleaf-3.1.3.RELEASE.jar:3.1.3.RELEASE]
	at org.thymeleaf.processor.element.AbstractElementTagProcessor.process(AbstractElementTagProcessor.java:95) ~[thymeleaf-3.1.3.RELEASE.jar:3.1.3.RELEASE]
	at org.thymeleaf.util.ProcessorConfigurationUtils$ElementTagProcessorWrapper.process(ProcessorConfigurationUtils.java:633) ~[thymeleaf-3.1.3.RELEASE.jar:3.1.3.RELEASE]
	at org.thymeleaf.engine.ProcessorTemplateHandler.handleOpenElement(ProcessorTemplateHandler.java:1314) ~[thymeleaf-3.1.3.RELEASE.jar:3.1.3.RELEASE]
	at org.thymeleaf.engine.OpenElementTag.beHandled(OpenElementTag.java:205) ~[thymeleaf-3.1.3.RELEASE.jar:3.1.3.RELEASE]
	at org.thymeleaf.engine.Model.process(Model.java:282) ~[thymeleaf-3.1.3.RELEASE.jar:3.1.3.RELEASE]
	at org.thymeleaf.engine.Model.process(Model.java:290) ~[thymeleaf-3.1.3.RELEASE.jar:3.1.3.RELEASE]
	at org.thymeleaf.engine.IteratedGatheringModelProcessable.processIterationModel(IteratedGatheringModelProcessable.java:368) ~[thymeleaf-3.1.3.RELEASE.jar:3.1.3.RELEASE]
	at org.thymeleaf.engine.IteratedGatheringModelProcessable.process(IteratedGatheringModelProcessable.java:222) ~[thymeleaf-3.1.3.RELEASE.jar:3.1.3.RELEASE]
	at org.thymeleaf.engine.ProcessorTemplateHandler.handleCloseElement(ProcessorTemplateHandler.java:1640) ~[thymeleaf-3.1.3.RELEASE.jar:3.1.3.RELEASE]
	at org.thymeleaf.engine.TemplateHandlerAdapterMarkupHandler.handleCloseElementEnd(TemplateHandlerAdapterMarkupHandler.java:388) ~[thymeleaf-3.1.3.RELEASE.jar:3.1.3.RELEASE]
	at org.thymeleaf.templateparser.markup.InlinedOutputExpressionMarkupHandler$InlineMarkupAdapterPreProcessorHandler.handleCloseElementEnd(InlinedOutputExpressionMarkupHandler.java:322) ~[thymeleaf-3.1.3.RELEASE.jar:3.1.3.RELEASE]
	at org.thymeleaf.standard.inline.OutputExpressionInlinePreProcessorHandler.handleCloseElementEnd(OutputExpressionInlinePreProcessorHandler.java:220) ~[thymeleaf-3.1.3.RELEASE.jar:3.1.3.RELEASE]
	at org.thymeleaf.templateparser.markup.InlinedOutputExpressionMarkupHandler.handleCloseElementEnd(InlinedOutputExpressionMarkupHandler.java:164) ~[thymeleaf-3.1.3.RELEASE.jar:3.1.3.RELEASE]
	at org.attoparser.HtmlElement.handleCloseElementEnd(HtmlElement.java:169) ~[attoparser-2.0.7.RELEASE.jar:2.0.7.RELEASE]
	at org.attoparser.HtmlMarkupHandler.handleCloseElementEnd(HtmlMarkupHandler.java:412) ~[attoparser-2.0.7.RELEASE.jar:2.0.7.RELEASE]
	at org.attoparser.MarkupEventProcessorHandler.handleCloseElementEnd(MarkupEventProcessorHandler.java:473) ~[attoparser-2.0.7.RELEASE.jar:2.0.7.RELEASE]
	at org.attoparser.ParsingElementMarkupUtil.parseCloseElement(ParsingElementMarkupUtil.java:201) ~[attoparser-2.0.7.RELEASE.jar:2.0.7.RELEASE]
	at org.attoparser.MarkupParser.parseBuffer(MarkupParser.java:725) ~[attoparser-2.0.7.RELEASE.jar:2.0.7.RELEASE]
	at org.attoparser.MarkupParser.parseDocument(MarkupParser.java:301) ~[attoparser-2.0.7.RELEASE.jar:2.0.7.RELEASE]
	at org.attoparser.MarkupParser.parse(MarkupParser.java:257) ~[attoparser-2.0.7.RELEASE.jar:2.0.7.RELEASE]
	at org.thymeleaf.templateparser.markup.AbstractMarkupTemplateParser.parse(AbstractMarkupTemplateParser.java:230) ~[thymeleaf-3.1.3.RELEASE.jar:3.1.3.RELEASE]
	at org.thymeleaf.templateparser.markup.AbstractMarkupTemplateParser.parseStandalone(AbstractMarkupTemplateParser.java:100) ~[thymeleaf-3.1.3.RELEASE.jar:3.1.3.RELEASE]
	at org.thymeleaf.engine.TemplateManager.parseAndProcess(TemplateManager.java:666) ~[thymeleaf-3.1.3.RELEASE.jar:3.1.3.RELEASE]
	at org.thymeleaf.TemplateEngine.process(TemplateEngine.java:1103) ~[thymeleaf-3.1.3.RELEASE.jar:3.1.3.RELEASE]
	at org.thymeleaf.TemplateEngine.process(TemplateEngine.java:1077) ~[thymeleaf-3.1.3.RELEASE.jar:3.1.3.RELEASE]
	at org.thymeleaf.spring6.view.ThymeleafView.renderFragment(ThymeleafView.java:372) ~[thymeleaf-spring6-3.1.3.RELEASE.jar:3.1.3.RELEASE]
	at org.thymeleaf.spring6.view.ThymeleafView.render(ThymeleafView.java:192) ~[thymeleaf-spring6-3.1.3.RELEASE.jar:3.1.3.RELEASE]
	at org.springframework.web.servlet.DispatcherServlet.render(DispatcherServlet.java:1435) ~[spring-webmvc-6.2.1.jar:6.2.1]
	at org.springframework.web.servlet.DispatcherServlet.processDispatchResult(DispatcherServlet.java:1167) ~[spring-webmvc-6.2.1.jar:6.2.1]
	at org.springframework.web.servlet.DispatcherServlet.doDispatch(DispatcherServlet.java:1105) ~[spring-webmvc-6.2.1.jar:6.2.1]
	at org.springframework.web.servlet.DispatcherServlet.doService(DispatcherServlet.java:978) ~[spring-webmvc-6.2.1.jar:6.2.1]
	at org.springframework.web.servlet.FrameworkServlet.processRequest(FrameworkServlet.java:1014) ~[spring-webmvc-6.2.1.jar:6.2.1]
	at org.springframework.web.servlet.FrameworkServlet.doGet(FrameworkServlet.java:903) ~[spring-webmvc-6.2.1.jar:6.2.1]
	at jakarta.servlet.http.HttpServlet.service(HttpServlet.java:564) ~[tomcat-embed-core-10.1.40.jar:6.0]
	at org.springframework.web.servlet.FrameworkServlet.service(FrameworkServlet.java:885) ~[spring-webmvc-6.2.1.jar:6.2.1]
	at jakarta.servlet.http.HttpServlet.service(HttpServlet.java:658) ~[tomcat-embed-core-10.1.40.jar:6.0]
	at org.apache.catalina.core.ApplicationFilterChain.internalDoFilter(ApplicationFilterChain.java:195) ~[tomcat-embed-core-10.1.40.jar:10.1.40]
	at org.apache.catalina.core.ApplicationFilterChain.doFilter(ApplicationFilterChain.java:140) ~[tomcat-embed-core-10.1.40.jar:10.1.40]
	at org.apache.tomcat.websocket.server.WsFilter.doFilter(WsFilter.java:51) ~[tomcat-embed-websocket-10.1.40.jar:10.1.40]
	at org.apache.catalina.core.ApplicationFilterChain.internalDoFilter(ApplicationFilterChain.java:164) ~[tomcat-embed-core-10.1.40.jar:10.1.40]
	at org.apache.catalina.core.ApplicationFilterChain.doFilter(ApplicationFilterChain.java:140) ~[tomcat-embed-core-10.1.40.jar:10.1.40]
	at com.example.tailormaster.filter.LoggingMDCFilter.doFilter(LoggingMDCFilter.java:30) ~[classes/:?]
	at org.apache.catalina.core.ApplicationFilterChain.internalDoFilter(ApplicationFilterChain.java:164) ~[tomcat-embed-core-10.1.40.jar:10.1.40]
	at org.apache.catalina.core.ApplicationFilterChain.doFilter(ApplicationFilterChain.java:140) ~[tomcat-embed-core-10.1.40.jar:10.1.40]
	at org.springframework.web.filter.CompositeFilter$VirtualFilterChain.doFilter(CompositeFilter.java:108) ~[spring-web-6.2.1.jar:6.2.1]
	at org.springframework.security.web.FilterChainProxy.lambda$doFilterInternal$3(FilterChainProxy.java:231) ~[spring-security-web-6.4.2.jar:6.4.2]
	at org.springframework.security.web.FilterChainProxy$VirtualFilterChain.doFilter(FilterChainProxy.java:365) ~[spring-security-web-6.4.2.jar:6.4.2]
	at org.springframework.security.web.access.intercept.AuthorizationFilter.doFilter(AuthorizationFilter.java:101) ~[spring-security-web-6.4.2.jar:6.4.2]
	at org.springframework.security.web.FilterChainProxy$VirtualFilterChain.doFilter(FilterChainProxy.java:374) ~[spring-security-web-6.4.2.jar:6.4.2]
	at org.springframework.security.web.access.ExceptionTranslationFilter.doFilter(ExceptionTranslationFilter.java:126) ~[spring-security-web-6.4.2.jar:6.4.2]
	at org.springframework.security.web.access.ExceptionTranslationFilter.doFilter(ExceptionTranslationFilter.java:120) ~[spring-security-web-6.4.2.jar:6.4.2]
	at org.springframework.security.web.FilterChainProxy$VirtualFilterChain.doFilter(FilterChainProxy.java:374) ~[spring-security-web-6.4.2.jar:6.4.2]
	at org.springframework.security.web.authentication.AnonymousAuthenticationFilter.doFilter(AnonymousAuthenticationFilter.java:100) ~[spring-security-web-6.4.2.jar:6.4.2]
	at org.springframework.security.web.FilterChainProxy$VirtualFilterChain.doFilter(FilterChainProxy.java:374) ~[spring-security-web-6.4.2.jar:6.4.2]
	at org.springframework.security.web.servletapi.SecurityContextHolderAwareRequestFilter.doFilter(SecurityContextHolderAwareRequestFilter.java:179) ~[spring-security-web-6.4.2.jar:6.4.2]
	at org.springframework.security.web.FilterChainProxy$VirtualFilterChain.doFilter(FilterChainProxy.java:374) ~[spring-security-web-6.4.2.jar:6.4.2]
	at org.springframework.security.web.savedrequest.RequestCacheAwareFilter.doFilter(RequestCacheAwareFilter.java:63) ~[spring-security-web-6.4.2.jar:6.4.2]
	at org.springframework.security.web.FilterChainProxy$VirtualFilterChain.doFilter(FilterChainProxy.java:374) ~[spring-security-web-6.4.2.jar:6.4.2]
	at org.springframework.security.web.authentication.AbstractAuthenticationProcessingFilter.doFilter(AbstractAuthenticationProcessingFilter.java:227) ~[spring-security-web-6.4.2.jar:6.4.2]
	at org.springframework.security.web.authentication.AbstractAuthenticationProcessingFilter.doFilter(AbstractAuthenticationProcessingFilter.java:221) ~[spring-security-web-6.4.2.jar:6.4.2]
	at org.springframework.security.web.FilterChainProxy$VirtualFilterChain.doFilter(FilterChainProxy.java:374) ~[spring-security-web-6.4.2.jar:6.4.2]
	at org.springframework.security.web.authentication.logout.LogoutFilter.doFilter(LogoutFilter.java:107) ~[spring-security-web-6.4.2.jar:6.4.2]
	at org.springframework.security.web.authentication.logout.LogoutFilter.doFilter(LogoutFilter.java:93) ~[spring-security-web-6.4.2.jar:6.4.2]
	at org.springframework.security.web.FilterChainProxy$VirtualFilterChain.doFilter(FilterChainProxy.java:374) ~[spring-security-web-6.4.2.jar:6.4.2]
	at org.springframework.security.web.csrf.CsrfFilter.doFilterInternal(CsrfFilter.java:117) ~[spring-security-web-6.4.2.jar:6.4.2]
	at org.springframework.web.filter.OncePerRequestFilter.doFilter(OncePerRequestFilter.java:116) ~[spring-web-6.2.1.jar:6.2.1]
	at org.springframework.security.web.FilterChainProxy$VirtualFilterChain.doFilter(FilterChainProxy.java:374) ~[spring-security-web-6.4.2.jar:6.4.2]
	at org.springframework.security.web.header.HeaderWriterFilter.doHeadersAfter(HeaderWriterFilter.java:90) ~[spring-security-web-6.4.2.jar:6.4.2]
	at org.springframework.security.web.header.HeaderWriterFilter.doFilterInternal(HeaderWriterFilter.java:75) ~[spring-security-web-6.4.2.jar:6.4.2]
	at org.springframework.web.filter.OncePerRequestFilter.doFilter(OncePerRequestFilter.java:116) ~[spring-web-6.2.1.jar:6.2.1]
	at org.springframework.security.web.FilterChainProxy$VirtualFilterChain.doFilter(FilterChainProxy.java:374) ~[spring-security-web-6.4.2.jar:6.4.2]
	at org.springframework.security.web.context.SecurityContextHolderFilter.doFilter(SecurityContextHolderFilter.java:82) ~[spring-security-web-6.4.2.jar:6.4.2]
	at org.springframework.security.web.context.SecurityContextHolderFilter.doFilter(SecurityContextHolderFilter.java:69) ~[spring-security-web-6.4.2.jar:6.4.2]
	at org.springframework.security.web.FilterChainProxy$VirtualFilterChain.doFilter(FilterChainProxy.java:374) ~[spring-security-web-6.4.2.jar:6.4.2]
	at org.springframework.security.web.context.request.async.WebAsyncManagerIntegrationFilter.doFilterInternal(WebAsyncManagerIntegrationFilter.java:62) ~[spring-security-web-6.4.2.jar:6.4.2]
	at org.springframework.web.filter.OncePerRequestFilter.doFilter(OncePerRequestFilter.java:116) ~[spring-web-6.2.1.jar:6.2.1]
	at org.springframework.security.web.FilterChainProxy$VirtualFilterChain.doFilter(FilterChainProxy.java:374) ~[spring-security-web-6.4.2.jar:6.4.2]
	at org.springframework.security.web.session.DisableEncodeUrlFilter.doFilterInternal(DisableEncodeUrlFilter.java:42) ~[spring-security-web-6.4.2.jar:6.4.2]
	at org.springframework.web.filter.OncePerRequestFilter.doFilter(OncePerRequestFilter.java:116) ~[spring-web-6.2.1.jar:6.2.1]
	at org.springframework.security.web.FilterChainProxy$VirtualFilterChain.doFilter(FilterChainProxy.java:374) ~[spring-security-web-6.4.2.jar:6.4.2]
	at org.springframework.security.web.FilterChainProxy.doFilterInternal(FilterChainProxy.java:233) ~[spring-security-web-6.4.2.jar:6.4.2]
	at org.springframework.security.web.FilterChainProxy.doFilter(FilterChainProxy.java:191) ~[spring-security-web-6.4.2.jar:6.4.2]
	at org.springframework.web.filter.CompositeFilter$VirtualFilterChain.doFilter(CompositeFilter.java:113) ~[spring-web-6.2.1.jar:6.2.1]
	at org.springframework.web.servlet.handler.HandlerMappingIntrospector.lambda$createCacheFilter$3(HandlerMappingIntrospector.java:243) ~[spring-webmvc-6.2.1.jar:6.2.1]
	at org.springframework.web.filter.CompositeFilter$VirtualFilterChain.doFilter(CompositeFilter.java:113) ~[spring-web-6.2.1.jar:6.2.1]
	at org.springframework.web.filter.CompositeFilter.doFilter(CompositeFilter.java:74) ~[spring-web-6.2.1.jar:6.2.1]
	at org.springframework.security.config.annotation.web.configuration.WebMvcSecurityConfiguration$CompositeFilterChainProxy.doFilter(WebMvcSecurityConfiguration.java:238) ~[spring-security-config-6.4.2.jar:6.4.2]
	at org.springframework.web.filter.DelegatingFilterProxy.invokeDelegate(DelegatingFilterProxy.java:362) ~[spring-web-6.2.1.jar:6.2.1]
	at org.springframework.web.filter.DelegatingFilterProxy.doFilter(DelegatingFilterProxy.java:278) ~[spring-web-6.2.1.jar:6.2.1]
	at org.apache.catalina.core.ApplicationFilterChain.internalDoFilter(ApplicationFilterChain.java:164) ~[tomcat-embed-core-10.1.40.jar:10.1.40]
	at org.apache.catalina.core.ApplicationFilterChain.doFilter(ApplicationFilterChain.java:140) ~[tomcat-embed-core-10.1.40.jar:10.1.40]
	at org.springframework.web.filter.RequestContextFilter.doFilterInternal(RequestContextFilter.java:100) ~[spring-web-6.2.1.jar:6.2.1]
	at org.springframework.web.filter.OncePerRequestFilter.doFilter(OncePerRequestFilter.java:116) ~[spring-web-6.2.1.jar:6.2.1]
	at org.apache.catalina.core.ApplicationFilterChain.internalDoFilter(ApplicationFilterChain.java:164) ~[tomcat-embed-core-10.1.40.jar:10.1.40]
	at org.apache.catalina.core.ApplicationFilterChain.doFilter(ApplicationFilterChain.java:140) ~[tomcat-embed-core-10.1.40.jar:10.1.40]
	at org.springframework.web.filter.FormContentFilter.doFilterInternal(FormContentFilter.java:93) ~[spring-web-6.2.1.jar:6.2.1]
	at org.springframework.web.filter.OncePerRequestFilter.doFilter(OncePerRequestFilter.java:116) ~[spring-web-6.2.1.jar:6.2.1]
	at org.apache.catalina.core.ApplicationFilterChain.internalDoFilter(ApplicationFilterChain.java:164) ~[tomcat-embed-core-10.1.40.jar:10.1.40]
	at org.apache.catalina.core.ApplicationFilterChain.doFilter(ApplicationFilterChain.java:140) ~[tomcat-embed-core-10.1.40.jar:10.1.40]
	at org.springframework.web.filter.CharacterEncodingFilter.doFilterInternal(CharacterEncodingFilter.java:201) ~[spring-web-6.2.1.jar:6.2.1]
	at org.springframework.web.filter.OncePerRequestFilter.doFilter(OncePerRequestFilter.java:116) ~[spring-web-6.2.1.jar:6.2.1]
	at org.apache.catalina.core.ApplicationFilterChain.internalDoFilter(ApplicationFilterChain.java:164) ~[tomcat-embed-core-10.1.40.jar:10.1.40]
	at org.apache.catalina.core.ApplicationFilterChain.doFilter(ApplicationFilterChain.java:140) ~[tomcat-embed-core-10.1.40.jar:10.1.40]
	at org.apache.catalina.core.StandardWrapperValve.invoke(StandardWrapperValve.java:167) [tomcat-embed-core-10.1.40.jar:10.1.40]
	at org.apache.catalina.core.StandardContextValve.invoke(StandardContextValve.java:90) [tomcat-embed-core-10.1.40.jar:10.1.40]
	at org.apache.catalina.authenticator.AuthenticatorBase.invoke(AuthenticatorBase.java:483) [tomcat-embed-core-10.1.40.jar:10.1.40]
	at org.apache.catalina.core.StandardHostValve.invoke(StandardHostValve.java:116) [tomcat-embed-core-10.1.40.jar:10.1.40]
	at org.apache.catalina.valves.ErrorReportValve.invoke(ErrorReportValve.java:93) [tomcat-embed-core-10.1.40.jar:10.1.40]
	at org.apache.catalina.core.StandardEngineValve.invoke(StandardEngineValve.java:74) [tomcat-embed-core-10.1.40.jar:10.1.40]
	at org.apache.catalina.connector.CoyoteAdapter.service(CoyoteAdapter.java:344) [tomcat-embed-core-10.1.40.jar:10.1.40]
	at org.apache.coyote.http11.Http11Processor.service(Http11Processor.java:398) [tomcat-embed-core-10.1.40.jar:10.1.40]
	at org.apache.coyote.AbstractProcessorLight.process(AbstractProcessorLight.java:63) [tomcat-embed-core-10.1.40.jar:10.1.40]
	at org.apache.coyote.AbstractProtocol$ConnectionHandler.process(AbstractProtocol.java:903) [tomcat-embed-core-10.1.40.jar:10.1.40]
	at org.apache.tomcat.util.net.NioEndpoint$SocketProcessor.doRun(NioEndpoint.java:1740) [tomcat-embed-core-10.1.40.jar:10.1.40]
	at org.apache.tomcat.util.net.SocketProcessorBase.run(SocketProcessorBase.java:52) [tomcat-embed-core-10.1.40.jar:10.1.40]
	at org.apache.tomcat.util.threads.ThreadPoolExecutor.runWorker(ThreadPoolExecutor.java:1189) [tomcat-embed-core-10.1.40.jar:10.1.40]
	at org.apache.tomcat.util.threads.ThreadPoolExecutor$Worker.run(ThreadPoolExecutor.java:658) [tomcat-embed-core-10.1.40.jar:10.1.40]
	at org.apache.tomcat.util.threads.TaskThread$WrappingRunnable.run(TaskThread.java:63) [tomcat-embed-core-10.1.40.jar:10.1.40]
	at java.base/java.lang.Thread.run(Thread.java:833) [?:?]
2025-04-29 00:20:19 [] INFO  com.example.tailormaster.filter.LoggingInterceptor - User 'null' is requesting: GET /tailor-master/error
2025-04-29 00:21:41 [] INFO  org.springframework.boot.web.embedded.tomcat.GracefulShutdown - Commencing graceful shutdown. Waiting for active requests to complete
2025-04-29 00:21:43 [] INFO  org.springframework.boot.web.embedded.tomcat.GracefulShutdown - Graceful shutdown complete
2025-04-29 00:21:43 [] INFO  org.springframework.orm.jpa.LocalContainerEntityManagerFactoryBean - Closing JPA EntityManagerFactory for persistence unit 'default'
2025-04-29 00:21:43 [] INFO  com.zaxxer.hikari.HikariDataSource - HikariPool-1 - Shutdown initiated...
2025-04-29 00:21:43 [] INFO  com.zaxxer.hikari.HikariDataSource - HikariPool-1 - Shutdown completed.
2025-04-29 00:21:53 [] INFO  org.hibernate.validator.internal.util.Version - HV000001: Hibernate Validator 8.0.2.Final
2025-04-29 00:21:53 [] INFO  com.example.tailormaster.TailorMasterAppApplication - Starting TailorMasterAppApplication using Java 17.0.2 with PID 2040 (E:\Development-Workspaces\tailor-master-app\tailor-master-app\target\classes started by wajiz.pk in E:\Development-Workspaces\tailor-master-app\tailor-master-app)
2025-04-29 00:21:53 [] INFO  com.example.tailormaster.TailorMasterAppApplication - No active profile set, falling back to 1 default profile: "default"
2025-04-29 00:21:53 [] INFO  org.springframework.boot.devtools.env.DevToolsPropertyDefaultsPostProcessor - Devtools property defaults active! Set 'spring.devtools.add-properties' to 'false' to disable
2025-04-29 00:21:53 [] INFO  org.springframework.boot.devtools.env.DevToolsPropertyDefaultsPostProcessor - For additional web related logging consider setting the 'logging.level.web' property to 'DEBUG'
2025-04-29 00:21:55 [] INFO  org.springframework.data.repository.config.RepositoryConfigurationDelegate - Bootstrapping Spring Data JPA repositories in DEFAULT mode.
2025-04-29 00:21:55 [] INFO  org.springframework.data.repository.config.RepositoryConfigurationDelegate - Finished Spring Data repository scanning in 161 ms. Found 9 JPA repository interfaces.
2025-04-29 00:21:56 [] INFO  org.springframework.boot.web.embedded.tomcat.TomcatWebServer - Tomcat initialized with port 8080 (http)
2025-04-29 00:21:56 [] INFO  org.apache.coyote.http11.Http11NioProtocol - Initializing ProtocolHandler ["http-nio-8080"]
2025-04-29 00:21:56 [] INFO  org.apache.catalina.core.StandardService - Starting service [Tomcat]
2025-04-29 00:21:56 [] INFO  org.apache.catalina.core.StandardEngine - Starting Servlet engine: [Apache Tomcat/10.1.40]
2025-04-29 00:21:56 [] INFO  org.apache.catalina.core.ContainerBase.[Tomcat].[localhost].[/tailor-master] - Initializing Spring embedded WebApplicationContext
2025-04-29 00:21:56 [] INFO  org.springframework.boot.web.servlet.context.ServletWebServerApplicationContext - Root WebApplicationContext: initialization completed in 3073 ms
2025-04-29 00:21:56 [] INFO  org.hibernate.jpa.internal.util.LogHelper - HHH000204: Processing PersistenceUnitInfo [name: default]
2025-04-29 00:21:57 [] INFO  org.hibernate.Version - HHH000412: Hibernate ORM core version 6.6.4.Final
2025-04-29 00:21:57 [] INFO  org.hibernate.cache.internal.RegionFactoryInitiator - HHH000026: Second-level cache disabled
2025-04-29 00:21:57 [] INFO  org.springframework.orm.jpa.persistenceunit.SpringPersistenceUnitInfo - No LoadTimeWeaver setup: ignoring JPA class transformer
2025-04-29 00:21:57 [] INFO  com.zaxxer.hikari.HikariDataSource - HikariPool-1 - Starting...
2025-04-29 00:21:58 [] INFO  com.zaxxer.hikari.pool.HikariPool - HikariPool-1 - Added connection com.mysql.cj.jdbc.ConnectionImpl@4c8c6ea1
2025-04-29 00:21:58 [] INFO  com.zaxxer.hikari.HikariDataSource - HikariPool-1 - Start completed.
2025-04-29 00:21:59 [] INFO  org.hibernate.orm.connections.pooling - HHH10001005: Database info:
	Database JDBC URL [Connecting through datasource 'HikariDataSource (HikariPool-1)']
	Database driver: undefined/unknown
	Database version: 8.0.28
	Autocommit mode: undefined/unknown
	Isolation level: undefined/unknown
	Minimum pool size: undefined/unknown
	Maximum pool size: undefined/unknown
2025-04-29 00:22:02 [] INFO  org.hibernate.engine.transaction.jta.platform.internal.JtaPlatformInitiator - HHH000489: No JTA platform available (set 'hibernate.transaction.jta.platform' to enable JTA platform integration)
2025-04-29 00:22:03 [] INFO  org.springframework.orm.jpa.LocalContainerEntityManagerFactoryBean - Initialized JPA EntityManagerFactory for persistence unit 'default'
2025-04-29 00:22:04 [] INFO  org.springframework.data.jpa.repository.query.QueryEnhancerFactory - Hibernate is in classpath; If applicable, HQL parser will be used.
2025-04-29 00:22:08 [] WARN  org.springframework.boot.autoconfigure.orm.jpa.JpaBaseConfiguration$JpaWebConfiguration - spring.jpa.open-in-view is enabled by default. Therefore, database queries may be performed during view rendering. Explicitly configure spring.jpa.open-in-view to disable this warning
2025-04-29 00:22:08 [] INFO  org.springframework.security.config.annotation.authentication.configuration.InitializeAuthenticationProviderBeanManagerConfigurer$InitializeAuthenticationProviderManagerConfigurer - Global AuthenticationManager configured with AuthenticationProvider bean with name authenticationProvider
2025-04-29 00:22:08 [] WARN  org.springframework.security.config.annotation.authentication.configuration.InitializeUserDetailsBeanManagerConfigurer$InitializeUserDetailsManagerConfigurer - Global AuthenticationManager configured with an AuthenticationProvider bean. UserDetailsService beans will not be used by Spring Security for automatically configuring username/password login. Consider removing the AuthenticationProvider bean. Alternatively, consider using the UserDetailsService in a manually instantiated DaoAuthenticationProvider. If the current configuration is intentional, to turn off this warning, increase the logging level of 'org.springframework.security.config.annotation.authentication.configuration.InitializeUserDetailsBeanManagerConfigurer' to ERROR
2025-04-29 00:22:10 [] INFO  org.springframework.boot.devtools.autoconfigure.OptionalLiveReloadServer - LiveReload server is running on port 35729
2025-04-29 00:22:10 [] INFO  org.apache.coyote.http11.Http11NioProtocol - Starting ProtocolHandler ["http-nio-8080"]
2025-04-29 00:22:10 [] INFO  org.springframework.boot.web.embedded.tomcat.TomcatWebServer - Tomcat started on port 8080 (http) with context path '/tailor-master'
2025-04-29 00:22:10 [] INFO  com.example.tailormaster.TailorMasterAppApplication - Started TailorMasterAppApplication in 18.413 seconds (process running for 21.015)
2025-04-29 00:22:16 [] INFO  org.apache.catalina.core.ContainerBase.[Tomcat].[localhost].[/tailor-master] - Initializing Spring DispatcherServlet 'dispatcherServlet'
2025-04-29 00:22:16 [] INFO  org.springframework.web.servlet.DispatcherServlet - Initializing Servlet 'dispatcherServlet'
2025-04-29 00:22:16 [] INFO  org.springframework.web.servlet.DispatcherServlet - Completed initialization in 2 ms
2025-04-29 00:22:16 [abdullateef] INFO  com.example.tailormaster.filter.LoggingInterceptor - User 'abdullateef' is requesting: GET /tailor-master/customers/details/Lo8yWAYz6C9qFEShOV4tyKDtZn1429fubx5L1r2WU3Y=
2025-04-29 00:22:16 [abdullateef] INFO  com.example.tailormaster.controller.CustomerController - Displaying details for customer ID (encrypted): Lo8yWAYz6C9qFEShOV4tyKDtZn1429fubx5L1r2WU3Y=
2025-04-29 00:22:16 [abdullateef] INFO  com.example.tailormaster.controller.CustomerController - Fetched customer details: Customer(fullName=LedgerTest3, phoneNumber=03219988776, enabled=false)
2025-04-29 00:22:16 [abdullateef] INFO  com.example.tailormaster.controller.CustomerController - Fetched measurement details: [CustomerMeasurement(customer=Customer(fullName=LedgerTest3, phoneNumber=03219988776, enabled=false), product=Product(type=SHALWAR, name=شلوار, description=, price=500.00, enabled=true), chest=null, sleeveLength=null, shoulder=null, hips=22, waist=34, barcode=LedgerTest303219988776-6fccaec9-e05e-459b-8f12-70f13381b24a), CustomerMeasurement(customer=Customer(fullName=LedgerTest3, phoneNumber=03219988776, enabled=false), product=Product(type=QAMEEZ, name=قميض, description=, price=2000.00, enabled=true), chest=34, sleeveLength=32, shoulder=23, hips=null, waist=null, barcode=LedgerTest303219988776-1b6b5e86-06cd-4c1e-b7e4-e43ce15cd165)]
2025-04-29 00:22:17 [abdullateef] INFO  com.example.tailormaster.filter.LoggingInterceptor - User 'abdullateef' is requesting: GET /tailor-master/dashboard/notifications/upcoming-deliveries
2025-04-29 00:22:17 [abdullateef] INFO  com.example.tailormaster.controller.dashboard.DashboardController - Requested upcoming deliveries.
2025-04-29 00:22:17 [abdullateef] INFO  com.example.tailormaster.service.dashboard.DashboardService - Upcoming deliveries fetched: 10
2025-04-29 00:22:17 [abdullateef] INFO  com.example.tailormaster.controller.dashboard.DashboardController - Upcoming deliveries fetched: 10
2025-04-29 00:27:26 [] INFO  org.springframework.boot.web.embedded.tomcat.GracefulShutdown - Commencing graceful shutdown. Waiting for active requests to complete
2025-04-29 00:27:27 [] INFO  org.springframework.boot.web.embedded.tomcat.GracefulShutdown - Graceful shutdown complete
2025-04-29 00:27:28 [] INFO  org.springframework.orm.jpa.LocalContainerEntityManagerFactoryBean - Closing JPA EntityManagerFactory for persistence unit 'default'
2025-04-29 00:27:28 [] INFO  com.zaxxer.hikari.HikariDataSource - HikariPool-1 - Shutdown initiated...
2025-04-29 00:27:28 [] INFO  com.zaxxer.hikari.HikariDataSource - HikariPool-1 - Shutdown completed.
2025-04-29 00:27:37 [] INFO  org.hibernate.validator.internal.util.Version - HV000001: Hibernate Validator 8.0.2.Final
2025-04-29 00:27:37 [] INFO  com.example.tailormaster.TailorMasterAppApplication - Starting TailorMasterAppApplication using Java 17.0.2 with PID 14612 (E:\Development-Workspaces\tailor-master-app\tailor-master-app\target\classes started by wajiz.pk in E:\Development-Workspaces\tailor-master-app\tailor-master-app)
2025-04-29 00:27:37 [] INFO  com.example.tailormaster.TailorMasterAppApplication - No active profile set, falling back to 1 default profile: "default"
2025-04-29 00:27:38 [] INFO  org.springframework.boot.devtools.env.DevToolsPropertyDefaultsPostProcessor - Devtools property defaults active! Set 'spring.devtools.add-properties' to 'false' to disable
2025-04-29 00:27:38 [] INFO  org.springframework.boot.devtools.env.DevToolsPropertyDefaultsPostProcessor - For additional web related logging consider setting the 'logging.level.web' property to 'DEBUG'
2025-04-29 00:27:39 [] INFO  org.springframework.data.repository.config.RepositoryConfigurationDelegate - Bootstrapping Spring Data JPA repositories in DEFAULT mode.
2025-04-29 00:27:39 [] INFO  org.springframework.data.repository.config.RepositoryConfigurationDelegate - Finished Spring Data repository scanning in 164 ms. Found 9 JPA repository interfaces.
2025-04-29 00:27:40 [] INFO  org.springframework.boot.web.embedded.tomcat.TomcatWebServer - Tomcat initialized with port 8080 (http)
2025-04-29 00:27:40 [] INFO  org.apache.coyote.http11.Http11NioProtocol - Initializing ProtocolHandler ["http-nio-8080"]
2025-04-29 00:27:40 [] INFO  org.apache.catalina.core.StandardService - Starting service [Tomcat]
2025-04-29 00:27:40 [] INFO  org.apache.catalina.core.StandardEngine - Starting Servlet engine: [Apache Tomcat/10.1.40]
2025-04-29 00:27:41 [] INFO  org.apache.catalina.core.ContainerBase.[Tomcat].[localhost].[/tailor-master] - Initializing Spring embedded WebApplicationContext
2025-04-29 00:27:41 [] INFO  org.springframework.boot.web.servlet.context.ServletWebServerApplicationContext - Root WebApplicationContext: initialization completed in 2995 ms
2025-04-29 00:27:41 [] INFO  org.hibernate.jpa.internal.util.LogHelper - HHH000204: Processing PersistenceUnitInfo [name: default]
2025-04-29 00:27:41 [] INFO  org.hibernate.Version - HHH000412: Hibernate ORM core version 6.6.4.Final
2025-04-29 00:27:41 [] INFO  org.hibernate.cache.internal.RegionFactoryInitiator - HHH000026: Second-level cache disabled
2025-04-29 00:27:42 [] INFO  org.springframework.orm.jpa.persistenceunit.SpringPersistenceUnitInfo - No LoadTimeWeaver setup: ignoring JPA class transformer
2025-04-29 00:27:42 [] INFO  com.zaxxer.hikari.HikariDataSource - HikariPool-1 - Starting...
2025-04-29 00:27:42 [] INFO  com.zaxxer.hikari.pool.HikariPool - HikariPool-1 - Added connection com.mysql.cj.jdbc.ConnectionImpl@6a57d680
2025-04-29 00:27:42 [] INFO  com.zaxxer.hikari.HikariDataSource - HikariPool-1 - Start completed.
2025-04-29 00:27:43 [] INFO  org.hibernate.orm.connections.pooling - HHH10001005: Database info:
	Database JDBC URL [Connecting through datasource 'HikariDataSource (HikariPool-1)']
	Database driver: undefined/unknown
	Database version: 8.0.28
	Autocommit mode: undefined/unknown
	Isolation level: undefined/unknown
	Minimum pool size: undefined/unknown
	Maximum pool size: undefined/unknown
2025-04-29 00:27:45 [] INFO  org.hibernate.engine.transaction.jta.platform.internal.JtaPlatformInitiator - HHH000489: No JTA platform available (set 'hibernate.transaction.jta.platform' to enable JTA platform integration)
2025-04-29 00:27:45 [] INFO  org.springframework.orm.jpa.LocalContainerEntityManagerFactoryBean - Initialized JPA EntityManagerFactory for persistence unit 'default'
2025-04-29 00:27:46 [] INFO  org.springframework.data.jpa.repository.query.QueryEnhancerFactory - Hibernate is in classpath; If applicable, HQL parser will be used.
2025-04-29 00:27:49 [] WARN  org.springframework.boot.autoconfigure.orm.jpa.JpaBaseConfiguration$JpaWebConfiguration - spring.jpa.open-in-view is enabled by default. Therefore, database queries may be performed during view rendering. Explicitly configure spring.jpa.open-in-view to disable this warning
2025-04-29 00:27:49 [] INFO  org.springframework.security.config.annotation.authentication.configuration.InitializeAuthenticationProviderBeanManagerConfigurer$InitializeAuthenticationProviderManagerConfigurer - Global AuthenticationManager configured with AuthenticationProvider bean with name authenticationProvider
2025-04-29 00:27:49 [] WARN  org.springframework.security.config.annotation.authentication.configuration.InitializeUserDetailsBeanManagerConfigurer$InitializeUserDetailsManagerConfigurer - Global AuthenticationManager configured with an AuthenticationProvider bean. UserDetailsService beans will not be used by Spring Security for automatically configuring username/password login. Consider removing the AuthenticationProvider bean. Alternatively, consider using the UserDetailsService in a manually instantiated DaoAuthenticationProvider. If the current configuration is intentional, to turn off this warning, increase the logging level of 'org.springframework.security.config.annotation.authentication.configuration.InitializeUserDetailsBeanManagerConfigurer' to ERROR
2025-04-29 00:27:51 [] INFO  org.springframework.boot.devtools.autoconfigure.OptionalLiveReloadServer - LiveReload server is running on port 35729
2025-04-29 00:27:51 [] INFO  org.apache.coyote.http11.Http11NioProtocol - Starting ProtocolHandler ["http-nio-8080"]
2025-04-29 00:27:51 [] INFO  org.springframework.boot.web.embedded.tomcat.TomcatWebServer - Tomcat started on port 8080 (http) with context path '/tailor-master'
2025-04-29 00:27:51 [] INFO  com.example.tailormaster.TailorMasterAppApplication - Started TailorMasterAppApplication in 14.372 seconds (process running for 16.936)
2025-04-29 00:27:56 [] INFO  org.apache.catalina.core.ContainerBase.[Tomcat].[localhost].[/tailor-master] - Initializing Spring DispatcherServlet 'dispatcherServlet'
2025-04-29 00:27:56 [] INFO  org.springframework.web.servlet.DispatcherServlet - Initializing Servlet 'dispatcherServlet'
2025-04-29 00:27:56 [] INFO  org.springframework.web.servlet.DispatcherServlet - Completed initialization in 0 ms
2025-04-29 00:27:56 [abdullateef] INFO  com.example.tailormaster.filter.LoggingInterceptor - User 'abdullateef' is requesting: GET /tailor-master/customers/details/Lo8yWAYz6C9qFEShOV4tyKDtZn1429fubx5L1r2WU3Y=
2025-04-29 00:27:56 [abdullateef] INFO  com.example.tailormaster.controller.CustomerController - Displaying details for customer ID (encrypted): Lo8yWAYz6C9qFEShOV4tyKDtZn1429fubx5L1r2WU3Y=
2025-04-29 00:27:56 [abdullateef] INFO  com.example.tailormaster.controller.CustomerController - Fetched customer details: Customer(fullName=LedgerTest3, phoneNumber=03219988776, enabled=false)
2025-04-29 00:27:56 [abdullateef] INFO  com.example.tailormaster.controller.CustomerController - Fetched measurement details: [CustomerMeasurement(customer=Customer(fullName=LedgerTest3, phoneNumber=03219988776, enabled=false), product=Product(type=SHALWAR, name=شلوار, description=, price=500.00, enabled=true), chest=null, sleeveLength=null, shoulder=null, hips=22, waist=34, barcode=LedgerTest303219988776-6fccaec9-e05e-459b-8f12-70f13381b24a), CustomerMeasurement(customer=Customer(fullName=LedgerTest3, phoneNumber=03219988776, enabled=false), product=Product(type=QAMEEZ, name=قميض, description=, price=2000.00, enabled=true), chest=34, sleeveLength=32, shoulder=23, hips=null, waist=null, barcode=LedgerTest303219988776-1b6b5e86-06cd-4c1e-b7e4-e43ce15cd165)]
2025-04-29 00:27:58 [abdullateef] INFO  com.example.tailormaster.filter.LoggingInterceptor - User 'abdullateef' is requesting: GET /tailor-master/dashboard/notifications/upcoming-deliveries
2025-04-29 00:27:58 [abdullateef] INFO  com.example.tailormaster.controller.dashboard.DashboardController - Requested upcoming deliveries.
2025-04-29 00:27:58 [abdullateef] INFO  com.example.tailormaster.service.dashboard.DashboardService - Upcoming deliveries fetched: 10
2025-04-29 00:27:58 [abdullateef] INFO  com.example.tailormaster.controller.dashboard.DashboardController - Upcoming deliveries fetched: 10
2025-04-29 00:30:19 [abdullateef] INFO  com.example.tailormaster.filter.LoggingInterceptor - User 'abdullateef' is requesting: GET /tailor-master/customers
2025-04-29 00:30:21 [abdullateef] INFO  com.example.tailormaster.filter.LoggingInterceptor - User 'abdullateef' is requesting: GET /tailor-master/dashboard/notifications/upcoming-deliveries
2025-04-29 00:30:21 [abdullateef] INFO  com.example.tailormaster.controller.dashboard.DashboardController - Requested upcoming deliveries.
2025-04-29 00:30:21 [abdullateef] INFO  com.example.tailormaster.service.dashboard.DashboardService - Upcoming deliveries fetched: 10
2025-04-29 00:30:21 [abdullateef] INFO  com.example.tailormaster.controller.dashboard.DashboardController - Upcoming deliveries fetched: 10
2025-04-29 00:30:21 [abdullateef] INFO  com.example.tailormaster.filter.LoggingInterceptor - User 'abdullateef' is requesting: GET /tailor-master/customers/datatable
2025-04-29 00:30:21 [abdullateef] INFO  com.example.tailormaster.controller.CustomerController - Fetching customers data with search value: , sort direction: asc, start date: null, end date: null
2025-04-29 00:30:23 [abdullateef] INFO  com.example.tailormaster.filter.LoggingInterceptor - User 'abdullateef' is requesting: GET /tailor-master/customers/details/8fB6IkzjXxxt0LcNiBqqn-LFc1f3JLBursWB8VsQ7dU=
2025-04-29 00:30:23 [abdullateef] INFO  com.example.tailormaster.controller.CustomerController - Displaying details for customer ID (encrypted): 8fB6IkzjXxxt0LcNiBqqn-LFc1f3JLBursWB8VsQ7dU=
2025-04-29 00:30:23 [abdullateef] INFO  com.example.tailormaster.controller.CustomerController - Fetched customer details: Customer(fullName=LedgerTest2, phoneNumber=03455566778, enabled=false)
2025-04-29 00:30:23 [abdullateef] INFO  com.example.tailormaster.controller.CustomerController - Fetched measurement details: [CustomerMeasurement(customer=Customer(fullName=LedgerTest2, phoneNumber=03455566778, enabled=false), product=Product(type=QAMEEZ, name=قميض, description=, price=2000.00, enabled=true), chest=34, sleeveLength=32, shoulder=67, hips=null, waist=null, barcode=LedgerTest203455566778-e8b94c60-8e2d-45dd-8150-ffff8ece3778), CustomerMeasurement(customer=Customer(fullName=LedgerTest2, phoneNumber=03455566778, enabled=false), product=Product(type=SHALWAR, name=شلوار, description=, price=500.00, enabled=true), chest=null, sleeveLength=null, shoulder=null, hips=23, waist=33, barcode=LedgerTest203455566778-be33d5f9-34f0-4a35-b2a5-6b757a54f8f0)]
2025-04-29 00:30:24 [abdullateef] INFO  com.example.tailormaster.filter.LoggingInterceptor - User 'abdullateef' is requesting: GET /tailor-master/dashboard/notifications/upcoming-deliveries
2025-04-29 00:30:24 [abdullateef] INFO  com.example.tailormaster.controller.dashboard.DashboardController - Requested upcoming deliveries.
2025-04-29 00:30:24 [abdullateef] INFO  com.example.tailormaster.service.dashboard.DashboardService - Upcoming deliveries fetched: 10
2025-04-29 00:30:24 [abdullateef] INFO  com.example.tailormaster.controller.dashboard.DashboardController - Upcoming deliveries fetched: 10
2025-04-29 00:30:44 [abdullateef] INFO  com.example.tailormaster.filter.LoggingInterceptor - User 'abdullateef' is requesting: GET /tailor-master/customers
2025-04-29 00:30:45 [abdullateef] INFO  com.example.tailormaster.filter.LoggingInterceptor - User 'abdullateef' is requesting: GET /tailor-master/dashboard/notifications/upcoming-deliveries
2025-04-29 00:30:45 [abdullateef] INFO  com.example.tailormaster.controller.dashboard.DashboardController - Requested upcoming deliveries.
2025-04-29 00:30:45 [abdullateef] INFO  com.example.tailormaster.filter.LoggingInterceptor - User 'abdullateef' is requesting: GET /tailor-master/customers/datatable
2025-04-29 00:30:45 [abdullateef] INFO  com.example.tailormaster.service.dashboard.DashboardService - Upcoming deliveries fetched: 10
2025-04-29 00:30:45 [abdullateef] INFO  com.example.tailormaster.controller.dashboard.DashboardController - Upcoming deliveries fetched: 10
2025-04-29 00:30:45 [abdullateef] INFO  com.example.tailormaster.controller.CustomerController - Fetching customers data with search value: , sort direction: asc, start date: null, end date: null
2025-04-29 00:30:47 [abdullateef] INFO  com.example.tailormaster.filter.LoggingInterceptor - User 'abdullateef' is requesting: GET /tailor-master/customers/details/vKKQ5GqL_2KPl9aw-dMd-1ZRA9ZzDrSaR3TX_COwigE=
2025-04-29 00:30:47 [abdullateef] INFO  com.example.tailormaster.controller.CustomerController - Displaying details for customer ID (encrypted): vKKQ5GqL_2KPl9aw-dMd-1ZRA9ZzDrSaR3TX_COwigE=
2025-04-29 00:30:47 [abdullateef] INFO  com.example.tailormaster.controller.CustomerController - Fetched customer details: Customer(fullName=LedgerTest, phoneNumber=03213322334, enabled=false)
2025-04-29 00:30:47 [abdullateef] INFO  com.example.tailormaster.controller.CustomerController - Fetched measurement details: [CustomerMeasurement(customer=Customer(fullName=LedgerTest, phoneNumber=03213322334, enabled=false), product=Product(type=SHALWAR, name=شلوار, description=, price=500.00, enabled=true), chest=null, sleeveLength=null, shoulder=null, hips=24, waist=32, barcode=LedgerTest03213322334-b5774866-f354-421e-88b6-06019238f068), CustomerMeasurement(customer=Customer(fullName=LedgerTest, phoneNumber=03213322334, enabled=false), product=Product(type=QAMEEZ, name=قميض, description=, price=2000.00, enabled=true), chest=34, sleeveLength=32, shoulder=23, hips=null, waist=null, barcode=LedgerTest03213322334-e4c60211-aa51-4e8d-9c04-85446f2e1db2)]
2025-04-29 00:30:47 [abdullateef] INFO  com.example.tailormaster.filter.LoggingInterceptor - User 'abdullateef' is requesting: GET /tailor-master/dashboard/notifications/upcoming-deliveries
2025-04-29 00:30:47 [abdullateef] INFO  com.example.tailormaster.controller.dashboard.DashboardController - Requested upcoming deliveries.
2025-04-29 00:30:47 [abdullateef] INFO  com.example.tailormaster.service.dashboard.DashboardService - Upcoming deliveries fetched: 10
2025-04-29 00:30:47 [abdullateef] INFO  com.example.tailormaster.controller.dashboard.DashboardController - Upcoming deliveries fetched: 10
2025-04-29 00:30:52 [abdullateef] INFO  com.example.tailormaster.filter.LoggingInterceptor - User 'abdullateef' is requesting: GET /tailor-master/customers
2025-04-29 00:30:52 [abdullateef] INFO  com.example.tailormaster.filter.LoggingInterceptor - User 'abdullateef' is requesting: GET /tailor-master/dashboard/notifications/upcoming-deliveries
2025-04-29 00:30:52 [abdullateef] INFO  com.example.tailormaster.controller.dashboard.DashboardController - Requested upcoming deliveries.
2025-04-29 00:30:52 [abdullateef] INFO  com.example.tailormaster.filter.LoggingInterceptor - User 'abdullateef' is requesting: GET /tailor-master/customers/datatable
2025-04-29 00:30:52 [abdullateef] INFO  com.example.tailormaster.service.dashboard.DashboardService - Upcoming deliveries fetched: 10
2025-04-29 00:30:52 [abdullateef] INFO  com.example.tailormaster.controller.dashboard.DashboardController - Upcoming deliveries fetched: 10
2025-04-29 00:30:52 [abdullateef] INFO  com.example.tailormaster.controller.CustomerController - Fetching customers data with search value: , sort direction: asc, start date: null, end date: null
2025-04-29 00:30:56 [abdullateef] INFO  com.example.tailormaster.filter.LoggingInterceptor - User 'abdullateef' is requesting: GET /tailor-master/customers/datatable
2025-04-29 00:30:56 [abdullateef] INFO  com.example.tailormaster.controller.CustomerController - Fetching customers data with search value: , sort direction: asc, start date: null, end date: null
2025-04-29 00:30:58 [abdullateef] INFO  com.example.tailormaster.filter.LoggingInterceptor - User 'abdullateef' is requesting: GET /tailor-master/customers/details/-EuUmiDmWn8w1sbKtb2X19lUsN-d51-AanlFa_YdkLk=
2025-04-29 00:30:58 [abdullateef] INFO  com.example.tailormaster.controller.CustomerController - Displaying details for customer ID (encrypted): -EuUmiDmWn8w1sbKtb2X19lUsN-d51-AanlFa_YdkLk=
2025-04-29 00:30:58 [abdullateef] INFO  com.example.tailormaster.controller.CustomerController - Fetched customer details: Customer(fullName=Test Customer 101, phoneNumber=03224499844, enabled=false)
2025-04-29 00:30:58 [abdullateef] INFO  com.example.tailormaster.controller.CustomerController - Fetched measurement details: [CustomerMeasurement(customer=Customer(fullName=Test Customer 101, phoneNumber=03224499844, enabled=false), product=Product(type=QAMEEZ, name=قميض, description=, price=2000.00, enabled=true), chest=35, sleeveLength=32, shoulder=23, hips=null, waist=null, barcode=null), CustomerMeasurement(customer=Customer(fullName=Test Customer 101, phoneNumber=03224499844, enabled=false), product=Product(type=SHALWAR, name=شلوار, description=, price=500.00, enabled=true), chest=null, sleeveLength=null, shoulder=null, hips=24, waist=34, barcode=null)]
2025-04-29 00:30:58 [abdullateef] INFO  com.example.tailormaster.filter.LoggingInterceptor - User 'abdullateef' is requesting: GET /tailor-master/dashboard/notifications/upcoming-deliveries
2025-04-29 00:30:58 [abdullateef] INFO  com.example.tailormaster.controller.dashboard.DashboardController - Requested upcoming deliveries.
2025-04-29 00:30:58 [abdullateef] INFO  com.example.tailormaster.service.dashboard.DashboardService - Upcoming deliveries fetched: 10
2025-04-29 00:30:58 [abdullateef] INFO  com.example.tailormaster.controller.dashboard.DashboardController - Upcoming deliveries fetched: 10
2025-04-29 00:31:00 [abdullateef] INFO  com.example.tailormaster.filter.LoggingInterceptor - User 'abdullateef' is requesting: GET /tailor-master/customers
2025-04-29 00:31:01 [abdullateef] INFO  com.example.tailormaster.filter.LoggingInterceptor - User 'abdullateef' is requesting: GET /tailor-master/dashboard/notifications/upcoming-deliveries
2025-04-29 00:31:01 [abdullateef] INFO  com.example.tailormaster.controller.dashboard.DashboardController - Requested upcoming deliveries.
2025-04-29 00:31:01 [abdullateef] INFO  com.example.tailormaster.filter.LoggingInterceptor - User 'abdullateef' is requesting: GET /tailor-master/customers/datatable
2025-04-29 00:31:01 [abdullateef] INFO  com.example.tailormaster.service.dashboard.DashboardService - Upcoming deliveries fetched: 10
2025-04-29 00:31:01 [abdullateef] INFO  com.example.tailormaster.controller.dashboard.DashboardController - Upcoming deliveries fetched: 10
2025-04-29 00:31:01 [abdullateef] INFO  com.example.tailormaster.controller.CustomerController - Fetching customers data with search value: , sort direction: asc, start date: null, end date: null
2025-04-29 00:33:02 [abdullateef] INFO  com.example.tailormaster.filter.LoggingInterceptor - User 'abdullateef' is requesting: GET /tailor-master/customers/details/8WjXkefcpWLNC7uUrNE5fWviSly3VKB-jEPWskBOxLY=
2025-04-29 00:33:02 [abdullateef] INFO  com.example.tailormaster.controller.CustomerController - Displaying details for customer ID (encrypted): 8WjXkefcpWLNC7uUrNE5fWviSly3VKB-jEPWskBOxLY=
2025-04-29 00:33:02 [abdullateef] INFO  com.example.tailormaster.controller.CustomerController - Fetched customer details: Customer(fullName=LedgerTest3, phoneNumber=03219988776, enabled=false)
2025-04-29 00:33:02 [abdullateef] INFO  com.example.tailormaster.controller.CustomerController - Fetched measurement details: [CustomerMeasurement(customer=Customer(fullName=LedgerTest3, phoneNumber=03219988776, enabled=false), product=Product(type=SHALWAR, name=شلوار, description=, price=500.00, enabled=true), chest=null, sleeveLength=null, shoulder=null, hips=22, waist=34, barcode=LedgerTest303219988776-6fccaec9-e05e-459b-8f12-70f13381b24a), CustomerMeasurement(customer=Customer(fullName=LedgerTest3, phoneNumber=03219988776, enabled=false), product=Product(type=QAMEEZ, name=قميض, description=, price=2000.00, enabled=true), chest=34, sleeveLength=32, shoulder=23, hips=null, waist=null, barcode=LedgerTest303219988776-1b6b5e86-06cd-4c1e-b7e4-e43ce15cd165)]
2025-04-29 00:33:03 [abdullateef] INFO  com.example.tailormaster.filter.LoggingInterceptor - User 'abdullateef' is requesting: GET /tailor-master/dashboard/notifications/upcoming-deliveries
2025-04-29 00:33:03 [abdullateef] INFO  com.example.tailormaster.controller.dashboard.DashboardController - Requested upcoming deliveries.
2025-04-29 00:33:03 [abdullateef] INFO  com.example.tailormaster.service.dashboard.DashboardService - Upcoming deliveries fetched: 10
2025-04-29 00:33:03 [abdullateef] INFO  com.example.tailormaster.controller.dashboard.DashboardController - Upcoming deliveries fetched: 10
2025-04-29 00:36:10 [] INFO  org.springframework.boot.web.embedded.tomcat.GracefulShutdown - Commencing graceful shutdown. Waiting for active requests to complete
2025-04-29 00:36:11 [] INFO  org.springframework.boot.web.embedded.tomcat.GracefulShutdown - Graceful shutdown complete
2025-04-29 00:36:11 [] INFO  org.springframework.orm.jpa.LocalContainerEntityManagerFactoryBean - Closing JPA EntityManagerFactory for persistence unit 'default'
2025-04-29 00:36:11 [] INFO  com.zaxxer.hikari.HikariDataSource - HikariPool-1 - Shutdown initiated...
2025-04-29 00:36:11 [] INFO  com.zaxxer.hikari.HikariDataSource - HikariPool-1 - Shutdown completed.
2025-04-29 00:36:23 [] INFO  org.hibernate.validator.internal.util.Version - HV000001: Hibernate Validator 8.0.2.Final
2025-04-29 00:36:23 [] INFO  com.example.tailormaster.TailorMasterAppApplication - Starting TailorMasterAppApplication using Java 17.0.2 with PID 5364 (E:\Development-Workspaces\tailor-master-app\tailor-master-app\target\classes started by wajiz.pk in E:\Development-Workspaces\tailor-master-app\tailor-master-app)
2025-04-29 00:36:23 [] INFO  com.example.tailormaster.TailorMasterAppApplication - No active profile set, falling back to 1 default profile: "default"
2025-04-29 00:36:23 [] INFO  org.springframework.boot.devtools.env.DevToolsPropertyDefaultsPostProcessor - Devtools property defaults active! Set 'spring.devtools.add-properties' to 'false' to disable
2025-04-29 00:36:23 [] INFO  org.springframework.boot.devtools.env.DevToolsPropertyDefaultsPostProcessor - For additional web related logging consider setting the 'logging.level.web' property to 'DEBUG'
2025-04-29 00:36:25 [] INFO  org.springframework.data.repository.config.RepositoryConfigurationDelegate - Bootstrapping Spring Data JPA repositories in DEFAULT mode.
2025-04-29 00:36:25 [] INFO  org.springframework.data.repository.config.RepositoryConfigurationDelegate - Finished Spring Data repository scanning in 163 ms. Found 9 JPA repository interfaces.
2025-04-29 00:36:26 [] INFO  org.springframework.boot.web.embedded.tomcat.TomcatWebServer - Tomcat initialized with port 8080 (http)
2025-04-29 00:36:26 [] INFO  org.apache.coyote.http11.Http11NioProtocol - Initializing ProtocolHandler ["http-nio-8080"]
2025-04-29 00:36:26 [] INFO  org.apache.catalina.core.StandardService - Starting service [Tomcat]
2025-04-29 00:36:26 [] INFO  org.apache.catalina.core.StandardEngine - Starting Servlet engine: [Apache Tomcat/10.1.40]
2025-04-29 00:36:26 [] INFO  org.apache.catalina.core.ContainerBase.[Tomcat].[localhost].[/tailor-master] - Initializing Spring embedded WebApplicationContext
2025-04-29 00:36:26 [] INFO  org.springframework.boot.web.servlet.context.ServletWebServerApplicationContext - Root WebApplicationContext: initialization completed in 2999 ms
2025-04-29 00:36:26 [] INFO  org.hibernate.jpa.internal.util.LogHelper - HHH000204: Processing PersistenceUnitInfo [name: default]
2025-04-29 00:36:26 [] INFO  org.hibernate.Version - HHH000412: Hibernate ORM core version 6.6.4.Final
2025-04-29 00:36:27 [] INFO  org.hibernate.cache.internal.RegionFactoryInitiator - HHH000026: Second-level cache disabled
2025-04-29 00:36:27 [] INFO  org.springframework.orm.jpa.persistenceunit.SpringPersistenceUnitInfo - No LoadTimeWeaver setup: ignoring JPA class transformer
2025-04-29 00:36:27 [] INFO  com.zaxxer.hikari.HikariDataSource - HikariPool-1 - Starting...
2025-04-29 00:36:28 [] INFO  com.zaxxer.hikari.pool.HikariPool - HikariPool-1 - Added connection com.mysql.cj.jdbc.ConnectionImpl@6a57d680
2025-04-29 00:36:28 [] INFO  com.zaxxer.hikari.HikariDataSource - HikariPool-1 - Start completed.
2025-04-29 00:36:28 [] INFO  org.hibernate.orm.connections.pooling - HHH10001005: Database info:
	Database JDBC URL [Connecting through datasource 'HikariDataSource (HikariPool-1)']
	Database driver: undefined/unknown
	Database version: 8.0.28
	Autocommit mode: undefined/unknown
	Isolation level: undefined/unknown
	Minimum pool size: undefined/unknown
	Maximum pool size: undefined/unknown
2025-04-29 00:36:30 [] INFO  org.hibernate.engine.transaction.jta.platform.internal.JtaPlatformInitiator - HHH000489: No JTA platform available (set 'hibernate.transaction.jta.platform' to enable JTA platform integration)
2025-04-29 00:36:30 [] INFO  org.springframework.orm.jpa.LocalContainerEntityManagerFactoryBean - Initialized JPA EntityManagerFactory for persistence unit 'default'
2025-04-29 00:36:31 [] INFO  org.springframework.data.jpa.repository.query.QueryEnhancerFactory - Hibernate is in classpath; If applicable, HQL parser will be used.
2025-04-29 00:36:33 [] WARN  org.springframework.boot.autoconfigure.orm.jpa.JpaBaseConfiguration$JpaWebConfiguration - spring.jpa.open-in-view is enabled by default. Therefore, database queries may be performed during view rendering. Explicitly configure spring.jpa.open-in-view to disable this warning
2025-04-29 00:36:33 [] INFO  org.springframework.security.config.annotation.authentication.configuration.InitializeAuthenticationProviderBeanManagerConfigurer$InitializeAuthenticationProviderManagerConfigurer - Global AuthenticationManager configured with AuthenticationProvider bean with name authenticationProvider
2025-04-29 00:36:33 [] WARN  org.springframework.security.config.annotation.authentication.configuration.InitializeUserDetailsBeanManagerConfigurer$InitializeUserDetailsManagerConfigurer - Global AuthenticationManager configured with an AuthenticationProvider bean. UserDetailsService beans will not be used by Spring Security for automatically configuring username/password login. Consider removing the AuthenticationProvider bean. Alternatively, consider using the UserDetailsService in a manually instantiated DaoAuthenticationProvider. If the current configuration is intentional, to turn off this warning, increase the logging level of 'org.springframework.security.config.annotation.authentication.configuration.InitializeUserDetailsBeanManagerConfigurer' to ERROR
2025-04-29 00:36:34 [] INFO  org.springframework.boot.devtools.autoconfigure.OptionalLiveReloadServer - LiveReload server is running on port 35729
2025-04-29 00:36:34 [] INFO  org.apache.coyote.http11.Http11NioProtocol - Starting ProtocolHandler ["http-nio-8080"]
2025-04-29 00:36:34 [] INFO  org.springframework.boot.web.embedded.tomcat.TomcatWebServer - Tomcat started on port 8080 (http) with context path '/tailor-master'
2025-04-29 00:36:34 [] INFO  com.example.tailormaster.TailorMasterAppApplication - Started TailorMasterAppApplication in 12.368 seconds (process running for 15.075)
2025-04-29 00:36:40 [] INFO  org.apache.catalina.core.ContainerBase.[Tomcat].[localhost].[/tailor-master] - Initializing Spring DispatcherServlet 'dispatcherServlet'
2025-04-29 00:36:40 [] INFO  org.springframework.web.servlet.DispatcherServlet - Initializing Servlet 'dispatcherServlet'
2025-04-29 00:36:40 [] INFO  org.springframework.web.servlet.DispatcherServlet - Completed initialization in 2 ms
2025-04-29 00:36:40 [abdullateef] INFO  com.example.tailormaster.filter.LoggingInterceptor - User 'abdullateef' is requesting: GET /tailor-master/customers/details/8WjXkefcpWLNC7uUrNE5fWviSly3VKB-jEPWskBOxLY=
2025-04-29 00:36:41 [abdullateef] INFO  com.example.tailormaster.controller.CustomerController - Displaying details for customer ID (encrypted): 8WjXkefcpWLNC7uUrNE5fWviSly3VKB-jEPWskBOxLY=
2025-04-29 00:36:41 [abdullateef] INFO  com.example.tailormaster.controller.CustomerController - Fetched customer details: Customer(fullName=LedgerTest3, phoneNumber=03219988776, enabled=false)
2025-04-29 00:36:41 [abdullateef] INFO  com.example.tailormaster.controller.CustomerController - Fetched measurement details: [CustomerMeasurement(customer=Customer(fullName=LedgerTest3, phoneNumber=03219988776, enabled=false), product=Product(type=SHALWAR, name=شلوار, description=, price=500.00, enabled=true), chest=null, sleeveLength=null, shoulder=null, hips=22, waist=34, barcode=LedgerTest303219988776-6fccaec9-e05e-459b-8f12-70f13381b24a), CustomerMeasurement(customer=Customer(fullName=LedgerTest3, phoneNumber=03219988776, enabled=false), product=Product(type=QAMEEZ, name=قميض, description=, price=2000.00, enabled=true), chest=34, sleeveLength=32, shoulder=23, hips=null, waist=null, barcode=LedgerTest303219988776-1b6b5e86-06cd-4c1e-b7e4-e43ce15cd165)]
2025-04-29 00:36:42 [abdullateef] INFO  com.example.tailormaster.filter.LoggingInterceptor - User 'abdullateef' is requesting: GET /tailor-master/dashboard/notifications/upcoming-deliveries
2025-04-29 00:36:42 [abdullateef] INFO  com.example.tailormaster.controller.dashboard.DashboardController - Requested upcoming deliveries.
2025-04-29 00:36:42 [abdullateef] INFO  com.example.tailormaster.service.dashboard.DashboardService - Upcoming deliveries fetched: 10
2025-04-29 00:36:42 [abdullateef] INFO  com.example.tailormaster.controller.dashboard.DashboardController - Upcoming deliveries fetched: 10
2025-04-29 00:44:18 [] INFO  org.springframework.boot.web.embedded.tomcat.GracefulShutdown - Commencing graceful shutdown. Waiting for active requests to complete
2025-04-29 00:44:20 [] INFO  org.springframework.boot.web.embedded.tomcat.GracefulShutdown - Graceful shutdown complete
2025-04-29 00:44:20 [] INFO  org.springframework.orm.jpa.LocalContainerEntityManagerFactoryBean - Closing JPA EntityManagerFactory for persistence unit 'default'
2025-04-29 00:44:20 [] INFO  com.zaxxer.hikari.HikariDataSource - HikariPool-1 - Shutdown initiated...
2025-04-29 00:44:20 [] INFO  com.zaxxer.hikari.HikariDataSource - HikariPool-1 - Shutdown completed.
2025-04-29 00:44:31 [] INFO  org.hibernate.validator.internal.util.Version - HV000001: Hibernate Validator 8.0.2.Final
2025-04-29 00:44:31 [] INFO  com.example.tailormaster.TailorMasterAppApplication - Starting TailorMasterAppApplication using Java 17.0.2 with PID 476 (E:\Development-Workspaces\tailor-master-app\tailor-master-app\target\classes started by wajiz.pk in E:\Development-Workspaces\tailor-master-app\tailor-master-app)
2025-04-29 00:44:31 [] INFO  com.example.tailormaster.TailorMasterAppApplication - No active profile set, falling back to 1 default profile: "default"
2025-04-29 00:44:32 [] INFO  org.springframework.boot.devtools.env.DevToolsPropertyDefaultsPostProcessor - Devtools property defaults active! Set 'spring.devtools.add-properties' to 'false' to disable
2025-04-29 00:44:32 [] INFO  org.springframework.boot.devtools.env.DevToolsPropertyDefaultsPostProcessor - For additional web related logging consider setting the 'logging.level.web' property to 'DEBUG'
2025-04-29 00:44:33 [] INFO  org.springframework.data.repository.config.RepositoryConfigurationDelegate - Bootstrapping Spring Data JPA repositories in DEFAULT mode.
2025-04-29 00:44:34 [] INFO  org.springframework.data.repository.config.RepositoryConfigurationDelegate - Finished Spring Data repository scanning in 177 ms. Found 9 JPA repository interfaces.
2025-04-29 00:44:35 [] INFO  org.springframework.boot.web.embedded.tomcat.TomcatWebServer - Tomcat initialized with port 8080 (http)
2025-04-29 00:44:35 [] INFO  org.apache.coyote.http11.Http11NioProtocol - Initializing ProtocolHandler ["http-nio-8080"]
2025-04-29 00:44:35 [] INFO  org.apache.catalina.core.StandardService - Starting service [Tomcat]
2025-04-29 00:44:35 [] INFO  org.apache.catalina.core.StandardEngine - Starting Servlet engine: [Apache Tomcat/10.1.40]
2025-04-29 00:44:35 [] INFO  org.apache.catalina.core.ContainerBase.[Tomcat].[localhost].[/tailor-master] - Initializing Spring embedded WebApplicationContext
2025-04-29 00:44:35 [] INFO  org.springframework.boot.web.servlet.context.ServletWebServerApplicationContext - Root WebApplicationContext: initialization completed in 3390 ms
2025-04-29 00:44:35 [] INFO  org.hibernate.jpa.internal.util.LogHelper - HHH000204: Processing PersistenceUnitInfo [name: default]
2025-04-29 00:44:35 [] INFO  org.hibernate.Version - HHH000412: Hibernate ORM core version 6.6.4.Final
2025-04-29 00:44:35 [] INFO  org.hibernate.cache.internal.RegionFactoryInitiator - HHH000026: Second-level cache disabled
2025-04-29 00:44:36 [] INFO  org.springframework.orm.jpa.persistenceunit.SpringPersistenceUnitInfo - No LoadTimeWeaver setup: ignoring JPA class transformer
2025-04-29 00:44:36 [] INFO  com.zaxxer.hikari.HikariDataSource - HikariPool-1 - Starting...
2025-04-29 00:44:37 [] INFO  com.zaxxer.hikari.pool.HikariPool - HikariPool-1 - Added connection com.mysql.cj.jdbc.ConnectionImpl@45cfcc38
2025-04-29 00:44:37 [] INFO  com.zaxxer.hikari.HikariDataSource - HikariPool-1 - Start completed.
2025-04-29 00:44:37 [] INFO  org.hibernate.orm.connections.pooling - HHH10001005: Database info:
	Database JDBC URL [Connecting through datasource 'HikariDataSource (HikariPool-1)']
	Database driver: undefined/unknown
	Database version: 8.0.28
	Autocommit mode: undefined/unknown
	Isolation level: undefined/unknown
	Minimum pool size: undefined/unknown
	Maximum pool size: undefined/unknown
2025-04-29 00:44:39 [] INFO  org.hibernate.engine.transaction.jta.platform.internal.JtaPlatformInitiator - HHH000489: No JTA platform available (set 'hibernate.transaction.jta.platform' to enable JTA platform integration)
2025-04-29 00:44:39 [] INFO  org.springframework.orm.jpa.LocalContainerEntityManagerFactoryBean - Initialized JPA EntityManagerFactory for persistence unit 'default'
2025-04-29 00:44:40 [] INFO  org.springframework.data.jpa.repository.query.QueryEnhancerFactory - Hibernate is in classpath; If applicable, HQL parser will be used.
2025-04-29 00:44:43 [] WARN  org.springframework.boot.autoconfigure.orm.jpa.JpaBaseConfiguration$JpaWebConfiguration - spring.jpa.open-in-view is enabled by default. Therefore, database queries may be performed during view rendering. Explicitly configure spring.jpa.open-in-view to disable this warning
2025-04-29 00:44:43 [] INFO  org.springframework.security.config.annotation.authentication.configuration.InitializeAuthenticationProviderBeanManagerConfigurer$InitializeAuthenticationProviderManagerConfigurer - Global AuthenticationManager configured with AuthenticationProvider bean with name authenticationProvider
2025-04-29 00:44:43 [] WARN  org.springframework.security.config.annotation.authentication.configuration.InitializeUserDetailsBeanManagerConfigurer$InitializeUserDetailsManagerConfigurer - Global AuthenticationManager configured with an AuthenticationProvider bean. UserDetailsService beans will not be used by Spring Security for automatically configuring username/password login. Consider removing the AuthenticationProvider bean. Alternatively, consider using the UserDetailsService in a manually instantiated DaoAuthenticationProvider. If the current configuration is intentional, to turn off this warning, increase the logging level of 'org.springframework.security.config.annotation.authentication.configuration.InitializeUserDetailsBeanManagerConfigurer' to ERROR
2025-04-29 00:44:44 [] INFO  org.springframework.boot.devtools.autoconfigure.OptionalLiveReloadServer - LiveReload server is running on port 35729
2025-04-29 00:44:45 [] INFO  org.apache.coyote.http11.Http11NioProtocol - Starting ProtocolHandler ["http-nio-8080"]
2025-04-29 00:44:45 [] INFO  org.springframework.boot.web.embedded.tomcat.TomcatWebServer - Tomcat started on port 8080 (http) with context path '/tailor-master'
2025-04-29 00:44:45 [] INFO  com.example.tailormaster.TailorMasterAppApplication - Started TailorMasterAppApplication in 14.497 seconds (process running for 17.365)
2025-04-29 00:44:48 [] INFO  org.apache.catalina.core.ContainerBase.[Tomcat].[localhost].[/tailor-master] - Initializing Spring DispatcherServlet 'dispatcherServlet'
2025-04-29 00:44:48 [] INFO  org.springframework.web.servlet.DispatcherServlet - Initializing Servlet 'dispatcherServlet'
2025-04-29 00:44:48 [] INFO  org.springframework.web.servlet.DispatcherServlet - Completed initialization in 2 ms
2025-04-29 00:44:48 [abdullateef] INFO  com.example.tailormaster.filter.LoggingInterceptor - User 'abdullateef' is requesting: GET /tailor-master/customers/details/8WjXkefcpWLNC7uUrNE5fWviSly3VKB-jEPWskBOxLY=
2025-04-29 00:44:48 [abdullateef] INFO  com.example.tailormaster.controller.CustomerController - Displaying details for customer ID (encrypted): 8WjXkefcpWLNC7uUrNE5fWviSly3VKB-jEPWskBOxLY=
2025-04-29 00:44:48 [abdullateef] INFO  com.example.tailormaster.controller.CustomerController - Fetched customer details: Customer(fullName=LedgerTest3, phoneNumber=03219988776, enabled=false)
2025-04-29 00:44:48 [abdullateef] INFO  com.example.tailormaster.controller.CustomerController - Fetched measurement details: [CustomerMeasurement(customer=Customer(fullName=LedgerTest3, phoneNumber=03219988776, enabled=false), product=Product(type=SHALWAR, name=شلوار, description=, price=500.00, enabled=true), chest=null, sleeveLength=null, shoulder=null, hips=22, waist=34, barcode=LedgerTest303219988776-6fccaec9-e05e-459b-8f12-70f13381b24a), CustomerMeasurement(customer=Customer(fullName=LedgerTest3, phoneNumber=03219988776, enabled=false), product=Product(type=QAMEEZ, name=قميض, description=, price=2000.00, enabled=true), chest=34, sleeveLength=32, shoulder=23, hips=null, waist=null, barcode=LedgerTest303219988776-1b6b5e86-06cd-4c1e-b7e4-e43ce15cd165)]
2025-04-29 00:44:50 [abdullateef] INFO  com.example.tailormaster.filter.LoggingInterceptor - User 'abdullateef' is requesting: GET /tailor-master/dashboard/notifications/upcoming-deliveries
2025-04-29 00:44:50 [abdullateef] INFO  com.example.tailormaster.controller.dashboard.DashboardController - Requested upcoming deliveries.
2025-04-29 00:44:50 [abdullateef] INFO  com.example.tailormaster.service.dashboard.DashboardService - Upcoming deliveries fetched: 10
2025-04-29 00:44:50 [abdullateef] INFO  com.example.tailormaster.controller.dashboard.DashboardController - Upcoming deliveries fetched: 10
2025-04-29 00:45:48 [] INFO  org.springframework.boot.web.embedded.tomcat.GracefulShutdown - Commencing graceful shutdown. Waiting for active requests to complete
2025-04-29 00:45:49 [] INFO  org.springframework.boot.web.embedded.tomcat.GracefulShutdown - Graceful shutdown complete
2025-04-29 00:45:49 [] INFO  org.springframework.orm.jpa.LocalContainerEntityManagerFactoryBean - Closing JPA EntityManagerFactory for persistence unit 'default'
2025-04-29 00:45:49 [] INFO  com.zaxxer.hikari.HikariDataSource - HikariPool-1 - Shutdown initiated...
2025-04-29 00:45:49 [] INFO  com.zaxxer.hikari.HikariDataSource - HikariPool-1 - Shutdown completed.
2025-04-29 00:45:58 [] INFO  org.hibernate.validator.internal.util.Version - HV000001: Hibernate Validator 8.0.2.Final
2025-04-29 00:45:58 [] INFO  com.example.tailormaster.TailorMasterAppApplication - Starting TailorMasterAppApplication using Java 17.0.2 with PID 15144 (E:\Development-Workspaces\tailor-master-app\tailor-master-app\target\classes started by wajiz.pk in E:\Development-Workspaces\tailor-master-app\tailor-master-app)
2025-04-29 00:45:58 [] INFO  com.example.tailormaster.TailorMasterAppApplication - No active profile set, falling back to 1 default profile: "default"
2025-04-29 00:45:58 [] INFO  org.springframework.boot.devtools.env.DevToolsPropertyDefaultsPostProcessor - Devtools property defaults active! Set 'spring.devtools.add-properties' to 'false' to disable
2025-04-29 00:45:58 [] INFO  org.springframework.boot.devtools.env.DevToolsPropertyDefaultsPostProcessor - For additional web related logging consider setting the 'logging.level.web' property to 'DEBUG'
2025-04-29 00:46:00 [] INFO  org.springframework.data.repository.config.RepositoryConfigurationDelegate - Bootstrapping Spring Data JPA repositories in DEFAULT mode.
2025-04-29 00:46:00 [] INFO  org.springframework.data.repository.config.RepositoryConfigurationDelegate - Finished Spring Data repository scanning in 150 ms. Found 9 JPA repository interfaces.
2025-04-29 00:46:01 [] INFO  org.springframework.boot.web.embedded.tomcat.TomcatWebServer - Tomcat initialized with port 8080 (http)
2025-04-29 00:46:01 [] INFO  org.apache.coyote.http11.Http11NioProtocol - Initializing ProtocolHandler ["http-nio-8080"]
2025-04-29 00:46:01 [] INFO  org.apache.catalina.core.StandardService - Starting service [Tomcat]
2025-04-29 00:46:01 [] INFO  org.apache.catalina.core.StandardEngine - Starting Servlet engine: [Apache Tomcat/10.1.40]
2025-04-29 00:46:01 [] INFO  org.apache.catalina.core.ContainerBase.[Tomcat].[localhost].[/tailor-master] - Initializing Spring embedded WebApplicationContext
2025-04-29 00:46:01 [] INFO  org.springframework.boot.web.servlet.context.ServletWebServerApplicationContext - Root WebApplicationContext: initialization completed in 2864 ms
2025-04-29 00:46:02 [] INFO  org.hibernate.jpa.internal.util.LogHelper - HHH000204: Processing PersistenceUnitInfo [name: default]
2025-04-29 00:46:02 [] INFO  org.hibernate.Version - HHH000412: Hibernate ORM core version 6.6.4.Final
2025-04-29 00:46:02 [] INFO  org.hibernate.cache.internal.RegionFactoryInitiator - HHH000026: Second-level cache disabled
2025-04-29 00:46:02 [] INFO  org.springframework.orm.jpa.persistenceunit.SpringPersistenceUnitInfo - No LoadTimeWeaver setup: ignoring JPA class transformer
2025-04-29 00:46:02 [] INFO  com.zaxxer.hikari.HikariDataSource - HikariPool-1 - Starting...
2025-04-29 00:46:03 [] INFO  com.zaxxer.hikari.pool.HikariPool - HikariPool-1 - Added connection com.mysql.cj.jdbc.ConnectionImpl@4d645d64
2025-04-29 00:46:03 [] INFO  com.zaxxer.hikari.HikariDataSource - HikariPool-1 - Start completed.
2025-04-29 00:46:03 [] INFO  org.hibernate.orm.connections.pooling - HHH10001005: Database info:
	Database JDBC URL [Connecting through datasource 'HikariDataSource (HikariPool-1)']
	Database driver: undefined/unknown
	Database version: 8.0.28
	Autocommit mode: undefined/unknown
	Isolation level: undefined/unknown
	Minimum pool size: undefined/unknown
	Maximum pool size: undefined/unknown
2025-04-29 00:46:05 [] INFO  org.hibernate.engine.transaction.jta.platform.internal.JtaPlatformInitiator - HHH000489: No JTA platform available (set 'hibernate.transaction.jta.platform' to enable JTA platform integration)
2025-04-29 00:46:05 [] INFO  org.springframework.orm.jpa.LocalContainerEntityManagerFactoryBean - Initialized JPA EntityManagerFactory for persistence unit 'default'
2025-04-29 00:46:06 [] INFO  org.springframework.data.jpa.repository.query.QueryEnhancerFactory - Hibernate is in classpath; If applicable, HQL parser will be used.
2025-04-29 00:46:09 [] WARN  org.springframework.boot.autoconfigure.orm.jpa.JpaBaseConfiguration$JpaWebConfiguration - spring.jpa.open-in-view is enabled by default. Therefore, database queries may be performed during view rendering. Explicitly configure spring.jpa.open-in-view to disable this warning
2025-04-29 00:46:09 [] INFO  org.springframework.security.config.annotation.authentication.configuration.InitializeAuthenticationProviderBeanManagerConfigurer$InitializeAuthenticationProviderManagerConfigurer - Global AuthenticationManager configured with AuthenticationProvider bean with name authenticationProvider
2025-04-29 00:46:09 [] WARN  org.springframework.security.config.annotation.authentication.configuration.InitializeUserDetailsBeanManagerConfigurer$InitializeUserDetailsManagerConfigurer - Global AuthenticationManager configured with an AuthenticationProvider bean. UserDetailsService beans will not be used by Spring Security for automatically configuring username/password login. Consider removing the AuthenticationProvider bean. Alternatively, consider using the UserDetailsService in a manually instantiated DaoAuthenticationProvider. If the current configuration is intentional, to turn off this warning, increase the logging level of 'org.springframework.security.config.annotation.authentication.configuration.InitializeUserDetailsBeanManagerConfigurer' to ERROR
2025-04-29 00:46:09 [] INFO  org.springframework.boot.devtools.autoconfigure.OptionalLiveReloadServer - LiveReload server is running on port 35729
2025-04-29 00:46:10 [] INFO  org.apache.coyote.http11.Http11NioProtocol - Starting ProtocolHandler ["http-nio-8080"]
2025-04-29 00:46:10 [] INFO  org.springframework.boot.web.embedded.tomcat.TomcatWebServer - Tomcat started on port 8080 (http) with context path '/tailor-master'
2025-04-29 00:46:10 [] INFO  com.example.tailormaster.TailorMasterAppApplication - Started TailorMasterAppApplication in 12.334 seconds (process running for 14.748)
2025-04-29 00:47:13 [] INFO  org.apache.catalina.core.ContainerBase.[Tomcat].[localhost].[/tailor-master] - Initializing Spring DispatcherServlet 'dispatcherServlet'
2025-04-29 00:47:13 [] INFO  org.springframework.web.servlet.DispatcherServlet - Initializing Servlet 'dispatcherServlet'
2025-04-29 00:47:13 [] INFO  org.springframework.web.servlet.DispatcherServlet - Completed initialization in 0 ms
2025-04-29 00:47:13 [abdullateef] INFO  com.example.tailormaster.filter.LoggingInterceptor - User 'abdullateef' is requesting: GET /tailor-master/customers/details/8WjXkefcpWLNC7uUrNE5fWviSly3VKB-jEPWskBOxLY=
2025-04-29 00:47:13 [abdullateef] INFO  com.example.tailormaster.controller.CustomerController - Displaying details for customer ID (encrypted): 8WjXkefcpWLNC7uUrNE5fWviSly3VKB-jEPWskBOxLY=
2025-04-29 00:47:13 [abdullateef] INFO  com.example.tailormaster.controller.CustomerController - Fetched customer details: Customer(fullName=LedgerTest3, phoneNumber=03219988776, enabled=false)
2025-04-29 00:47:13 [abdullateef] INFO  com.example.tailormaster.controller.CustomerController - Fetched measurement details: [CustomerMeasurement(customer=Customer(fullName=LedgerTest3, phoneNumber=03219988776, enabled=false), product=Product(type=SHALWAR, name=شلوار, description=, price=500.00, enabled=true), chest=null, sleeveLength=null, shoulder=null, hips=22, waist=34, barcode=LedgerTest303219988776-6fccaec9-e05e-459b-8f12-70f13381b24a), CustomerMeasurement(customer=Customer(fullName=LedgerTest3, phoneNumber=03219988776, enabled=false), product=Product(type=QAMEEZ, name=قميض, description=, price=2000.00, enabled=true), chest=34, sleeveLength=32, shoulder=23, hips=null, waist=null, barcode=LedgerTest303219988776-1b6b5e86-06cd-4c1e-b7e4-e43ce15cd165)]
2025-04-29 00:47:15 [abdullateef] INFO  com.example.tailormaster.filter.LoggingInterceptor - User 'abdullateef' is requesting: GET /tailor-master/dashboard/notifications/upcoming-deliveries
2025-04-29 00:47:15 [abdullateef] INFO  com.example.tailormaster.controller.dashboard.DashboardController - Requested upcoming deliveries.
2025-04-29 00:47:15 [abdullateef] INFO  com.example.tailormaster.service.dashboard.DashboardService - Upcoming deliveries fetched: 10
2025-04-29 00:47:15 [abdullateef] INFO  com.example.tailormaster.controller.dashboard.DashboardController - Upcoming deliveries fetched: 10
2025-04-29 00:47:53 [abdullateef] INFO  com.example.tailormaster.filter.LoggingInterceptor - User 'abdullateef' is requesting: GET /tailor-master/customers
2025-04-29 00:47:55 [abdullateef] INFO  com.example.tailormaster.filter.LoggingInterceptor - User 'abdullateef' is requesting: GET /tailor-master/dashboard/notifications/upcoming-deliveries
2025-04-29 00:47:55 [abdullateef] INFO  com.example.tailormaster.controller.dashboard.DashboardController - Requested upcoming deliveries.
2025-04-29 00:47:55 [abdullateef] INFO  com.example.tailormaster.service.dashboard.DashboardService - Upcoming deliveries fetched: 10
2025-04-29 00:47:55 [abdullateef] INFO  com.example.tailormaster.controller.dashboard.DashboardController - Upcoming deliveries fetched: 10
2025-04-29 00:47:55 [abdullateef] INFO  com.example.tailormaster.filter.LoggingInterceptor - User 'abdullateef' is requesting: GET /tailor-master/customers/datatable
2025-04-29 00:47:55 [abdullateef] INFO  com.example.tailormaster.controller.CustomerController - Fetching customers data with search value: , sort direction: asc, start date: null, end date: null
2025-04-29 00:47:58 [abdullateef] INFO  com.example.tailormaster.filter.LoggingInterceptor - User 'abdullateef' is requesting: GET /tailor-master/orders/create/9tGz5KNrLGqT6YcFtnYL6rqcvQhYpJaSL1ivAHgL6Og=
2025-04-29 00:47:58 [abdullateef] INFO  com.example.tailormaster.controller.OrderController - Displaying create order form for customer ID: 9tGz5KNrLGqT6YcFtnYL6rqcvQhYpJaSL1ivAHgL6Og=
2025-04-29 00:47:58 [abdullateef] INFO  com.example.tailormaster.filter.LoggingInterceptor - User 'abdullateef' is requesting: GET /tailor-master/dashboard/notifications/upcoming-deliveries
2025-04-29 00:47:58 [abdullateef] INFO  com.example.tailormaster.controller.dashboard.DashboardController - Requested upcoming deliveries.
2025-04-29 00:47:58 [abdullateef] INFO  com.example.tailormaster.service.dashboard.DashboardService - Upcoming deliveries fetched: 10
2025-04-29 00:47:58 [abdullateef] INFO  com.example.tailormaster.controller.dashboard.DashboardController - Upcoming deliveries fetched: 10
2025-04-29 00:48:06 [abdullateef] INFO  com.example.tailormaster.filter.LoggingInterceptor - User 'abdullateef' is requesting: POST /tailor-master/orders/create
2025-04-29 00:48:06 [abdullateef] INFO  com.example.tailormaster.controller.OrderController - Attempting to create a new order for customer ID: 9FqajFi5M60XOLIxw1zBcnWfofvb1IVglVG_kzDxuSE=
2025-04-29 00:48:06 [abdullateef] INFO  com.example.tailormaster.service.product.ProductService - Fetching product by ID: 2
2025-04-29 00:48:06 [abdullateef] INFO  com.example.tailormaster.service.product.ProductService - Fetching product by ID: 1
2025-04-29 00:48:06 [abdullateef] INFO  com.example.tailormaster.service.order.OrderService - Order saved with ID: 98
2025-04-29 00:48:06 [abdullateef] INFO  com.example.tailormaster.controller.OrderController - Order created successfully: Order(customer=Customer(fullName=LedgerTest3, phoneNumber=03219988776, enabled=false), orderDate=2025-04-29, deliveryDate=2025-04-30, advancePayment=0, duePayment=2500.00, totalProductAmount=2500.00, orderId=GT-250429-002, user=User(username=abdullateef, fullName=Abdul Lateef, fathersName=null, phone1=03453759863, phone2=, dateOfBirth=2000-01-01, shopName=غازي ٽيلرز, proprietorName=Abdul Lateef, shopAddress=Sachal Goth, Block-B, Near PCSIR Laboratory, Gulshan-e-Iqbal, Karachi., shortCode=GT, enabled=true), status=PENDING, cabinetNo=null, pickupStatus=NOT_PICKED_UP, pickupDate=null, pickedUpWithDue=false, outstandingDueAmount=0, paidAmount=0)
2025-04-29 00:48:06 [abdullateef] INFO  com.example.tailormaster.filter.LoggingInterceptor - User 'abdullateef' is requesting: GET /tailor-master/orders
2025-04-29 00:48:06 [abdullateef] INFO  com.example.tailormaster.controller.OrderController - User accessed the orders list page.
2025-04-29 00:48:06 [abdullateef] INFO  com.example.tailormaster.filter.LoggingInterceptor - User 'abdullateef' is requesting: GET /tailor-master/dashboard/notifications/upcoming-deliveries
2025-04-29 00:48:06 [abdullateef] INFO  com.example.tailormaster.controller.dashboard.DashboardController - Requested upcoming deliveries.
2025-04-29 00:48:06 [abdullateef] INFO  com.example.tailormaster.service.dashboard.DashboardService - Upcoming deliveries fetched: 11
2025-04-29 00:48:06 [abdullateef] INFO  com.example.tailormaster.controller.dashboard.DashboardController - Upcoming deliveries fetched: 11
2025-04-29 00:48:06 [abdullateef] INFO  com.example.tailormaster.filter.LoggingInterceptor - User 'abdullateef' is requesting: GET /tailor-master/orders/datatable
2025-04-29 00:48:06 [abdullateef] INFO  com.example.tailormaster.controller.OrderController - Fetching paginated orders for datatable - draw: 1, start: 0, length: 10, search: , column: 0, direction: asc, startDate: null, endDate: null
2025-04-29 00:48:10 [abdullateef] INFO  com.example.tailormaster.filter.LoggingInterceptor - User 'abdullateef' is requesting: GET /tailor-master/customers
2025-04-29 00:48:10 [abdullateef] INFO  com.example.tailormaster.filter.LoggingInterceptor - User 'abdullateef' is requesting: GET /tailor-master/dashboard/notifications/upcoming-deliveries
2025-04-29 00:48:10 [abdullateef] INFO  com.example.tailormaster.filter.LoggingInterceptor - User 'abdullateef' is requesting: GET /tailor-master/customers/datatable
2025-04-29 00:48:10 [abdullateef] INFO  com.example.tailormaster.controller.dashboard.DashboardController - Requested upcoming deliveries.
2025-04-29 00:48:10 [abdullateef] INFO  com.example.tailormaster.controller.CustomerController - Fetching customers data with search value: , sort direction: asc, start date: null, end date: null
2025-04-29 00:48:10 [abdullateef] INFO  com.example.tailormaster.service.dashboard.DashboardService - Upcoming deliveries fetched: 11
2025-04-29 00:48:10 [abdullateef] INFO  com.example.tailormaster.controller.dashboard.DashboardController - Upcoming deliveries fetched: 11
2025-04-29 00:48:12 [abdullateef] INFO  com.example.tailormaster.filter.LoggingInterceptor - User 'abdullateef' is requesting: GET /tailor-master/customers/details/dwWnFUHoZkpANiaigWnvtjpFX4twz7_j-2M8k5HiGSE=
2025-04-29 00:48:12 [abdullateef] INFO  com.example.tailormaster.controller.CustomerController - Displaying details for customer ID (encrypted): dwWnFUHoZkpANiaigWnvtjpFX4twz7_j-2M8k5HiGSE=
2025-04-29 00:48:12 [abdullateef] INFO  com.example.tailormaster.controller.CustomerController - Fetched customer details: Customer(fullName=LedgerTest3, phoneNumber=03219988776, enabled=false)
2025-04-29 00:48:12 [abdullateef] INFO  com.example.tailormaster.controller.CustomerController - Fetched measurement details: [CustomerMeasurement(customer=Customer(fullName=LedgerTest3, phoneNumber=03219988776, enabled=false), product=Product(type=SHALWAR, name=شلوار, description=, price=500.00, enabled=true), chest=null, sleeveLength=null, shoulder=null, hips=22, waist=34, barcode=LedgerTest303219988776-6fccaec9-e05e-459b-8f12-70f13381b24a), CustomerMeasurement(customer=Customer(fullName=LedgerTest3, phoneNumber=03219988776, enabled=false), product=Product(type=QAMEEZ, name=قميض, description=, price=2000.00, enabled=true), chest=34, sleeveLength=32, shoulder=23, hips=null, waist=null, barcode=LedgerTest303219988776-1b6b5e86-06cd-4c1e-b7e4-e43ce15cd165)]
2025-04-29 00:48:13 [abdullateef] INFO  com.example.tailormaster.filter.LoggingInterceptor - User 'abdullateef' is requesting: GET /tailor-master/dashboard/notifications/upcoming-deliveries
2025-04-29 00:48:13 [abdullateef] INFO  com.example.tailormaster.controller.dashboard.DashboardController - Requested upcoming deliveries.
2025-04-29 00:48:13 [abdullateef] INFO  com.example.tailormaster.service.dashboard.DashboardService - Upcoming deliveries fetched: 11
2025-04-29 00:48:13 [abdullateef] INFO  com.example.tailormaster.controller.dashboard.DashboardController - Upcoming deliveries fetched: 11
2025-04-29 00:49:05 [] INFO  org.springframework.boot.web.embedded.tomcat.GracefulShutdown - Commencing graceful shutdown. Waiting for active requests to complete
2025-04-29 00:49:06 [] INFO  org.springframework.boot.web.embedded.tomcat.GracefulShutdown - Graceful shutdown complete
2025-04-29 00:49:07 [] INFO  org.springframework.orm.jpa.LocalContainerEntityManagerFactoryBean - Closing JPA EntityManagerFactory for persistence unit 'default'
2025-04-29 00:49:07 [] INFO  com.zaxxer.hikari.HikariDataSource - HikariPool-1 - Shutdown initiated...
2025-04-29 00:49:07 [] INFO  com.zaxxer.hikari.HikariDataSource - HikariPool-1 - Shutdown completed.
2025-04-29 00:49:15 [] INFO  org.hibernate.validator.internal.util.Version - HV000001: Hibernate Validator 8.0.2.Final
2025-04-29 00:49:15 [] INFO  com.example.tailormaster.TailorMasterAppApplication - Starting TailorMasterAppApplication using Java 17.0.2 with PID 14692 (E:\Development-Workspaces\tailor-master-app\tailor-master-app\target\classes started by wajiz.pk in E:\Development-Workspaces\tailor-master-app\tailor-master-app)
2025-04-29 00:49:15 [] INFO  com.example.tailormaster.TailorMasterAppApplication - No active profile set, falling back to 1 default profile: "default"
2025-04-29 00:49:16 [] INFO  org.springframework.boot.devtools.env.DevToolsPropertyDefaultsPostProcessor - Devtools property defaults active! Set 'spring.devtools.add-properties' to 'false' to disable
2025-04-29 00:49:16 [] INFO  org.springframework.boot.devtools.env.DevToolsPropertyDefaultsPostProcessor - For additional web related logging consider setting the 'logging.level.web' property to 'DEBUG'
2025-04-29 00:49:18 [] INFO  org.springframework.data.repository.config.RepositoryConfigurationDelegate - Bootstrapping Spring Data JPA repositories in DEFAULT mode.
2025-04-29 00:49:18 [] INFO  org.springframework.data.repository.config.RepositoryConfigurationDelegate - Finished Spring Data repository scanning in 151 ms. Found 9 JPA repository interfaces.
2025-04-29 00:49:19 [] INFO  org.springframework.boot.web.embedded.tomcat.TomcatWebServer - Tomcat initialized with port 8080 (http)
2025-04-29 00:49:19 [] INFO  org.apache.coyote.http11.Http11NioProtocol - Initializing ProtocolHandler ["http-nio-8080"]
2025-04-29 00:49:19 [] INFO  org.apache.catalina.core.StandardService - Starting service [Tomcat]
2025-04-29 00:49:19 [] INFO  org.apache.catalina.core.StandardEngine - Starting Servlet engine: [Apache Tomcat/10.1.40]
2025-04-29 00:49:19 [] INFO  org.apache.catalina.core.ContainerBase.[Tomcat].[localhost].[/tailor-master] - Initializing Spring embedded WebApplicationContext
2025-04-29 00:49:19 [] INFO  org.springframework.boot.web.servlet.context.ServletWebServerApplicationContext - Root WebApplicationContext: initialization completed in 3191 ms
2025-04-29 00:49:19 [] INFO  org.hibernate.jpa.internal.util.LogHelper - HHH000204: Processing PersistenceUnitInfo [name: default]
2025-04-29 00:49:19 [] INFO  org.hibernate.Version - HHH000412: Hibernate ORM core version 6.6.4.Final
2025-04-29 00:49:19 [] INFO  org.hibernate.cache.internal.RegionFactoryInitiator - HHH000026: Second-level cache disabled
2025-04-29 00:49:20 [] INFO  org.springframework.orm.jpa.persistenceunit.SpringPersistenceUnitInfo - No LoadTimeWeaver setup: ignoring JPA class transformer
2025-04-29 00:49:20 [] INFO  com.zaxxer.hikari.HikariDataSource - HikariPool-1 - Starting...
2025-04-29 00:49:20 [] INFO  com.zaxxer.hikari.pool.HikariPool - HikariPool-1 - Added connection com.mysql.cj.jdbc.ConnectionImpl@2ef0e30f
2025-04-29 00:49:20 [] INFO  com.zaxxer.hikari.HikariDataSource - HikariPool-1 - Start completed.
2025-04-29 00:49:21 [] INFO  org.hibernate.orm.connections.pooling - HHH10001005: Database info:
	Database JDBC URL [Connecting through datasource 'HikariDataSource (HikariPool-1)']
	Database driver: undefined/unknown
	Database version: 8.0.28
	Autocommit mode: undefined/unknown
	Isolation level: undefined/unknown
	Minimum pool size: undefined/unknown
	Maximum pool size: undefined/unknown
2025-04-29 00:49:24 [] INFO  org.hibernate.engine.transaction.jta.platform.internal.JtaPlatformInitiator - HHH000489: No JTA platform available (set 'hibernate.transaction.jta.platform' to enable JTA platform integration)
2025-04-29 00:49:24 [] INFO  org.springframework.orm.jpa.LocalContainerEntityManagerFactoryBean - Initialized JPA EntityManagerFactory for persistence unit 'default'
2025-04-29 00:49:25 [] INFO  org.springframework.data.jpa.repository.query.QueryEnhancerFactory - Hibernate is in classpath; If applicable, HQL parser will be used.
2025-04-29 00:49:30 [] WARN  org.springframework.boot.autoconfigure.orm.jpa.JpaBaseConfiguration$JpaWebConfiguration - spring.jpa.open-in-view is enabled by default. Therefore, database queries may be performed during view rendering. Explicitly configure spring.jpa.open-in-view to disable this warning
2025-04-29 00:49:30 [] INFO  org.springframework.security.config.annotation.authentication.configuration.InitializeAuthenticationProviderBeanManagerConfigurer$InitializeAuthenticationProviderManagerConfigurer - Global AuthenticationManager configured with AuthenticationProvider bean with name authenticationProvider
2025-04-29 00:49:30 [] WARN  org.springframework.security.config.annotation.authentication.configuration.InitializeUserDetailsBeanManagerConfigurer$InitializeUserDetailsManagerConfigurer - Global AuthenticationManager configured with an AuthenticationProvider bean. UserDetailsService beans will not be used by Spring Security for automatically configuring username/password login. Consider removing the AuthenticationProvider bean. Alternatively, consider using the UserDetailsService in a manually instantiated DaoAuthenticationProvider. If the current configuration is intentional, to turn off this warning, increase the logging level of 'org.springframework.security.config.annotation.authentication.configuration.InitializeUserDetailsBeanManagerConfigurer' to ERROR
2025-04-29 00:49:32 [] INFO  org.springframework.boot.devtools.autoconfigure.OptionalLiveReloadServer - LiveReload server is running on port 35729
2025-04-29 00:49:32 [] INFO  org.apache.coyote.http11.Http11NioProtocol - Starting ProtocolHandler ["http-nio-8080"]
2025-04-29 00:49:32 [] INFO  org.springframework.boot.web.embedded.tomcat.TomcatWebServer - Tomcat started on port 8080 (http) with context path '/tailor-master'
2025-04-29 00:49:32 [] INFO  com.example.tailormaster.TailorMasterAppApplication - Started TailorMasterAppApplication in 17.322 seconds (process running for 19.959)
2025-04-29 00:54:12 [] INFO  org.springframework.boot.web.embedded.tomcat.GracefulShutdown - Commencing graceful shutdown. Waiting for active requests to complete
2025-04-29 00:54:14 [] INFO  org.springframework.boot.web.embedded.tomcat.GracefulShutdown - Graceful shutdown complete
2025-04-29 00:54:14 [] INFO  org.springframework.orm.jpa.LocalContainerEntityManagerFactoryBean - Closing JPA EntityManagerFactory for persistence unit 'default'
2025-04-29 00:54:14 [] INFO  com.zaxxer.hikari.HikariDataSource - HikariPool-1 - Shutdown initiated...
2025-04-29 00:54:14 [] INFO  com.zaxxer.hikari.HikariDataSource - HikariPool-1 - Shutdown completed.
2025-04-29 00:54:29 [] INFO  org.hibernate.validator.internal.util.Version - HV000001: Hibernate Validator 8.0.2.Final
2025-04-29 00:54:30 [] INFO  com.example.tailormaster.TailorMasterAppApplication - Starting TailorMasterAppApplication using Java 17.0.2 with PID 18788 (E:\Development-Workspaces\tailor-master-app\tailor-master-app\target\classes started by wajiz.pk in E:\Development-Workspaces\tailor-master-app\tailor-master-app)
2025-04-29 00:54:30 [] INFO  com.example.tailormaster.TailorMasterAppApplication - No active profile set, falling back to 1 default profile: "default"
2025-04-29 00:54:30 [] INFO  org.springframework.boot.devtools.env.DevToolsPropertyDefaultsPostProcessor - Devtools property defaults active! Set 'spring.devtools.add-properties' to 'false' to disable
2025-04-29 00:54:30 [] INFO  org.springframework.boot.devtools.env.DevToolsPropertyDefaultsPostProcessor - For additional web related logging consider setting the 'logging.level.web' property to 'DEBUG'
2025-04-29 00:54:32 [] INFO  org.springframework.data.repository.config.RepositoryConfigurationDelegate - Bootstrapping Spring Data JPA repositories in DEFAULT mode.
2025-04-29 00:54:32 [] INFO  org.springframework.data.repository.config.RepositoryConfigurationDelegate - Finished Spring Data repository scanning in 279 ms. Found 9 JPA repository interfaces.
2025-04-29 00:54:35 [] INFO  org.springframework.boot.web.embedded.tomcat.TomcatWebServer - Tomcat initialized with port 8080 (http)
2025-04-29 00:54:35 [] INFO  org.apache.coyote.http11.Http11NioProtocol - Initializing ProtocolHandler ["http-nio-8080"]
2025-04-29 00:54:35 [] INFO  org.apache.catalina.core.StandardService - Starting service [Tomcat]
2025-04-29 00:54:35 [] INFO  org.apache.catalina.core.StandardEngine - Starting Servlet engine: [Apache Tomcat/10.1.40]
2025-04-29 00:54:35 [] INFO  org.apache.catalina.core.ContainerBase.[Tomcat].[localhost].[/tailor-master] - Initializing Spring embedded WebApplicationContext
2025-04-29 00:54:35 [] INFO  org.springframework.boot.web.servlet.context.ServletWebServerApplicationContext - Root WebApplicationContext: initialization completed in 5300 ms
2025-04-29 00:54:36 [] INFO  org.hibernate.jpa.internal.util.LogHelper - HHH000204: Processing PersistenceUnitInfo [name: default]
2025-04-29 00:54:36 [] INFO  org.hibernate.Version - HHH000412: Hibernate ORM core version 6.6.4.Final
2025-04-29 00:54:36 [] INFO  org.hibernate.cache.internal.RegionFactoryInitiator - HHH000026: Second-level cache disabled
2025-04-29 00:54:37 [] INFO  org.springframework.orm.jpa.persistenceunit.SpringPersistenceUnitInfo - No LoadTimeWeaver setup: ignoring JPA class transformer
2025-04-29 00:54:37 [] INFO  com.zaxxer.hikari.HikariDataSource - HikariPool-1 - Starting...
2025-04-29 00:54:38 [] INFO  com.zaxxer.hikari.pool.HikariPool - HikariPool-1 - Added connection com.mysql.cj.jdbc.ConnectionImpl@4496833c
2025-04-29 00:54:38 [] INFO  com.zaxxer.hikari.HikariDataSource - HikariPool-1 - Start completed.
2025-04-29 00:54:38 [] INFO  org.hibernate.orm.connections.pooling - HHH10001005: Database info:
	Database JDBC URL [Connecting through datasource 'HikariDataSource (HikariPool-1)']
	Database driver: undefined/unknown
	Database version: 8.0.28
	Autocommit mode: undefined/unknown
	Isolation level: undefined/unknown
	Minimum pool size: undefined/unknown
	Maximum pool size: undefined/unknown
2025-04-29 00:54:42 [] INFO  org.hibernate.engine.transaction.jta.platform.internal.JtaPlatformInitiator - HHH000489: No JTA platform available (set 'hibernate.transaction.jta.platform' to enable JTA platform integration)
2025-04-29 00:54:42 [] INFO  org.springframework.orm.jpa.LocalContainerEntityManagerFactoryBean - Initialized JPA EntityManagerFactory for persistence unit 'default'
2025-04-29 00:54:44 [] INFO  org.springframework.data.jpa.repository.query.QueryEnhancerFactory - Hibernate is in classpath; If applicable, HQL parser will be used.
2025-04-29 00:54:49 [] WARN  org.springframework.boot.autoconfigure.orm.jpa.JpaBaseConfiguration$JpaWebConfiguration - spring.jpa.open-in-view is enabled by default. Therefore, database queries may be performed during view rendering. Explicitly configure spring.jpa.open-in-view to disable this warning
2025-04-29 00:54:49 [] INFO  org.springframework.security.config.annotation.authentication.configuration.InitializeAuthenticationProviderBeanManagerConfigurer$InitializeAuthenticationProviderManagerConfigurer - Global AuthenticationManager configured with AuthenticationProvider bean with name authenticationProvider
2025-04-29 00:54:49 [] WARN  org.springframework.security.config.annotation.authentication.configuration.InitializeUserDetailsBeanManagerConfigurer$InitializeUserDetailsManagerConfigurer - Global AuthenticationManager configured with an AuthenticationProvider bean. UserDetailsService beans will not be used by Spring Security for automatically configuring username/password login. Consider removing the AuthenticationProvider bean. Alternatively, consider using the UserDetailsService in a manually instantiated DaoAuthenticationProvider. If the current configuration is intentional, to turn off this warning, increase the logging level of 'org.springframework.security.config.annotation.authentication.configuration.InitializeUserDetailsBeanManagerConfigurer' to ERROR
2025-04-29 00:54:51 [] INFO  org.springframework.boot.devtools.autoconfigure.OptionalLiveReloadServer - LiveReload server is running on port 35729
2025-04-29 00:54:51 [] INFO  org.apache.coyote.http11.Http11NioProtocol - Starting ProtocolHandler ["http-nio-8080"]
2025-04-29 00:54:51 [] INFO  org.springframework.boot.web.embedded.tomcat.TomcatWebServer - Tomcat started on port 8080 (http) with context path '/tailor-master'
2025-04-29 00:54:51 [] INFO  com.example.tailormaster.TailorMasterAppApplication - Started TailorMasterAppApplication in 22.777 seconds (process running for 30.022)
2025-04-29 00:55:42 [] INFO  org.apache.catalina.core.ContainerBase.[Tomcat].[localhost].[/tailor-master] - Initializing Spring DispatcherServlet 'dispatcherServlet'
2025-04-29 00:55:42 [] INFO  org.springframework.web.servlet.DispatcherServlet - Initializing Servlet 'dispatcherServlet'
2025-04-29 00:55:42 [] INFO  org.springframework.web.servlet.DispatcherServlet - Completed initialization in 2 ms
2025-04-29 00:55:42 [abdullateef] INFO  com.example.tailormaster.filter.LoggingInterceptor - User 'abdullateef' is requesting: GET /tailor-master/customers/details/dwWnFUHoZkpANiaigWnvtjpFX4twz7_j-2M8k5HiGSE=
2025-04-29 00:55:42 [abdullateef] INFO  com.example.tailormaster.controller.CustomerController - Displaying details for customer ID (encrypted): dwWnFUHoZkpANiaigWnvtjpFX4twz7_j-2M8k5HiGSE=
2025-04-29 00:55:42 [abdullateef] INFO  com.example.tailormaster.controller.CustomerController - Fetched customer details: Customer(fullName=LedgerTest3, phoneNumber=03219988776, enabled=false)
2025-04-29 00:55:42 [abdullateef] INFO  com.example.tailormaster.controller.CustomerController - Fetched measurement details: [CustomerMeasurement(customer=Customer(fullName=LedgerTest3, phoneNumber=03219988776, enabled=false), product=Product(type=SHALWAR, name=شلوار, description=, price=500.00, enabled=true), chest=null, sleeveLength=null, shoulder=null, hips=22, waist=34, barcode=LedgerTest303219988776-6fccaec9-e05e-459b-8f12-70f13381b24a), CustomerMeasurement(customer=Customer(fullName=LedgerTest3, phoneNumber=03219988776, enabled=false), product=Product(type=QAMEEZ, name=قميض, description=, price=2000.00, enabled=true), chest=34, sleeveLength=32, shoulder=23, hips=null, waist=null, barcode=LedgerTest303219988776-1b6b5e86-06cd-4c1e-b7e4-e43ce15cd165)]
2025-04-29 00:55:45 [abdullateef] ERROR org.thymeleaf.TemplateEngine - [THYMELEAF][http-nio-8080-exec-1] Exception processing template "customer/customer-details": An error happened during template parsing (template: "class path resource [templates/customer/customer-details.html]")
org.thymeleaf.exceptions.TemplateInputException: An error happened during template parsing (template: "class path resource [templates/customer/customer-details.html]")
	at org.thymeleaf.templateparser.markup.AbstractMarkupTemplateParser.parse(AbstractMarkupTemplateParser.java:241) ~[thymeleaf-3.1.3.RELEASE.jar:3.1.3.RELEASE]
	at org.thymeleaf.templateparser.markup.AbstractMarkupTemplateParser.parseStandalone(AbstractMarkupTemplateParser.java:100) ~[thymeleaf-3.1.3.RELEASE.jar:3.1.3.RELEASE]
	at org.thymeleaf.engine.TemplateManager.parseAndProcess(TemplateManager.java:666) ~[thymeleaf-3.1.3.RELEASE.jar:3.1.3.RELEASE]
	at org.thymeleaf.TemplateEngine.process(TemplateEngine.java:1103) ~[thymeleaf-3.1.3.RELEASE.jar:3.1.3.RELEASE]
	at org.thymeleaf.TemplateEngine.process(TemplateEngine.java:1077) ~[thymeleaf-3.1.3.RELEASE.jar:3.1.3.RELEASE]
	at org.thymeleaf.spring6.view.ThymeleafView.renderFragment(ThymeleafView.java:372) ~[thymeleaf-spring6-3.1.3.RELEASE.jar:3.1.3.RELEASE]
	at org.thymeleaf.spring6.view.ThymeleafView.render(ThymeleafView.java:192) ~[thymeleaf-spring6-3.1.3.RELEASE.jar:3.1.3.RELEASE]
	at org.springframework.web.servlet.DispatcherServlet.render(DispatcherServlet.java:1435) ~[spring-webmvc-6.2.1.jar:6.2.1]
	at org.springframework.web.servlet.DispatcherServlet.processDispatchResult(DispatcherServlet.java:1167) ~[spring-webmvc-6.2.1.jar:6.2.1]
	at org.springframework.web.servlet.DispatcherServlet.doDispatch(DispatcherServlet.java:1105) ~[spring-webmvc-6.2.1.jar:6.2.1]
	at org.springframework.web.servlet.DispatcherServlet.doService(DispatcherServlet.java:978) ~[spring-webmvc-6.2.1.jar:6.2.1]
	at org.springframework.web.servlet.FrameworkServlet.processRequest(FrameworkServlet.java:1014) ~[spring-webmvc-6.2.1.jar:6.2.1]
	at org.springframework.web.servlet.FrameworkServlet.doGet(FrameworkServlet.java:903) ~[spring-webmvc-6.2.1.jar:6.2.1]
	at jakarta.servlet.http.HttpServlet.service(HttpServlet.java:564) ~[tomcat-embed-core-10.1.40.jar:6.0]
	at org.springframework.web.servlet.FrameworkServlet.service(FrameworkServlet.java:885) ~[spring-webmvc-6.2.1.jar:6.2.1]
	at jakarta.servlet.http.HttpServlet.service(HttpServlet.java:658) ~[tomcat-embed-core-10.1.40.jar:6.0]
	at org.apache.catalina.core.ApplicationFilterChain.internalDoFilter(ApplicationFilterChain.java:195) ~[tomcat-embed-core-10.1.40.jar:10.1.40]
	at org.apache.catalina.core.ApplicationFilterChain.doFilter(ApplicationFilterChain.java:140) ~[tomcat-embed-core-10.1.40.jar:10.1.40]
	at org.apache.tomcat.websocket.server.WsFilter.doFilter(WsFilter.java:51) ~[tomcat-embed-websocket-10.1.40.jar:10.1.40]
	at org.apache.catalina.core.ApplicationFilterChain.internalDoFilter(ApplicationFilterChain.java:164) ~[tomcat-embed-core-10.1.40.jar:10.1.40]
	at org.apache.catalina.core.ApplicationFilterChain.doFilter(ApplicationFilterChain.java:140) ~[tomcat-embed-core-10.1.40.jar:10.1.40]
	at com.example.tailormaster.filter.LoggingMDCFilter.doFilter(LoggingMDCFilter.java:30) ~[classes/:?]
	at org.apache.catalina.core.ApplicationFilterChain.internalDoFilter(ApplicationFilterChain.java:164) ~[tomcat-embed-core-10.1.40.jar:10.1.40]
	at org.apache.catalina.core.ApplicationFilterChain.doFilter(ApplicationFilterChain.java:140) ~[tomcat-embed-core-10.1.40.jar:10.1.40]
	at org.springframework.web.filter.CompositeFilter$VirtualFilterChain.doFilter(CompositeFilter.java:108) ~[spring-web-6.2.1.jar:6.2.1]
	at org.springframework.security.web.FilterChainProxy.lambda$doFilterInternal$3(FilterChainProxy.java:231) ~[spring-security-web-6.4.2.jar:6.4.2]
	at org.springframework.security.web.FilterChainProxy$VirtualFilterChain.doFilter(FilterChainProxy.java:365) ~[spring-security-web-6.4.2.jar:6.4.2]
	at org.springframework.security.web.access.intercept.AuthorizationFilter.doFilter(AuthorizationFilter.java:101) ~[spring-security-web-6.4.2.jar:6.4.2]
	at org.springframework.security.web.FilterChainProxy$VirtualFilterChain.doFilter(FilterChainProxy.java:374) ~[spring-security-web-6.4.2.jar:6.4.2]
	at org.springframework.security.web.access.ExceptionTranslationFilter.doFilter(ExceptionTranslationFilter.java:126) ~[spring-security-web-6.4.2.jar:6.4.2]
	at org.springframework.security.web.access.ExceptionTranslationFilter.doFilter(ExceptionTranslationFilter.java:120) ~[spring-security-web-6.4.2.jar:6.4.2]
	at org.springframework.security.web.FilterChainProxy$VirtualFilterChain.doFilter(FilterChainProxy.java:374) ~[spring-security-web-6.4.2.jar:6.4.2]
	at org.springframework.security.web.authentication.AnonymousAuthenticationFilter.doFilter(AnonymousAuthenticationFilter.java:100) ~[spring-security-web-6.4.2.jar:6.4.2]
	at org.springframework.security.web.FilterChainProxy$VirtualFilterChain.doFilter(FilterChainProxy.java:374) ~[spring-security-web-6.4.2.jar:6.4.2]
	at org.springframework.security.web.servletapi.SecurityContextHolderAwareRequestFilter.doFilter(SecurityContextHolderAwareRequestFilter.java:179) ~[spring-security-web-6.4.2.jar:6.4.2]
	at org.springframework.security.web.FilterChainProxy$VirtualFilterChain.doFilter(FilterChainProxy.java:374) ~[spring-security-web-6.4.2.jar:6.4.2]
	at org.springframework.security.web.savedrequest.RequestCacheAwareFilter.doFilter(RequestCacheAwareFilter.java:63) ~[spring-security-web-6.4.2.jar:6.4.2]
	at org.springframework.security.web.FilterChainProxy$VirtualFilterChain.doFilter(FilterChainProxy.java:374) ~[spring-security-web-6.4.2.jar:6.4.2]
	at org.springframework.security.web.authentication.AbstractAuthenticationProcessingFilter.doFilter(AbstractAuthenticationProcessingFilter.java:227) ~[spring-security-web-6.4.2.jar:6.4.2]
	at org.springframework.security.web.authentication.AbstractAuthenticationProcessingFilter.doFilter(AbstractAuthenticationProcessingFilter.java:221) ~[spring-security-web-6.4.2.jar:6.4.2]
	at org.springframework.security.web.FilterChainProxy$VirtualFilterChain.doFilter(FilterChainProxy.java:374) ~[spring-security-web-6.4.2.jar:6.4.2]
	at org.springframework.security.web.authentication.logout.LogoutFilter.doFilter(LogoutFilter.java:107) ~[spring-security-web-6.4.2.jar:6.4.2]
	at org.springframework.security.web.authentication.logout.LogoutFilter.doFilter(LogoutFilter.java:93) ~[spring-security-web-6.4.2.jar:6.4.2]
	at org.springframework.security.web.FilterChainProxy$VirtualFilterChain.doFilter(FilterChainProxy.java:374) ~[spring-security-web-6.4.2.jar:6.4.2]
	at org.springframework.security.web.csrf.CsrfFilter.doFilterInternal(CsrfFilter.java:117) ~[spring-security-web-6.4.2.jar:6.4.2]
	at org.springframework.web.filter.OncePerRequestFilter.doFilter(OncePerRequestFilter.java:116) ~[spring-web-6.2.1.jar:6.2.1]
	at org.springframework.security.web.FilterChainProxy$VirtualFilterChain.doFilter(FilterChainProxy.java:374) ~[spring-security-web-6.4.2.jar:6.4.2]
	at org.springframework.security.web.header.HeaderWriterFilter.doHeadersAfter(HeaderWriterFilter.java:90) ~[spring-security-web-6.4.2.jar:6.4.2]
	at org.springframework.security.web.header.HeaderWriterFilter.doFilterInternal(HeaderWriterFilter.java:75) ~[spring-security-web-6.4.2.jar:6.4.2]
	at org.springframework.web.filter.OncePerRequestFilter.doFilter(OncePerRequestFilter.java:116) ~[spring-web-6.2.1.jar:6.2.1]
	at org.springframework.security.web.FilterChainProxy$VirtualFilterChain.doFilter(FilterChainProxy.java:374) ~[spring-security-web-6.4.2.jar:6.4.2]
	at org.springframework.security.web.context.SecurityContextHolderFilter.doFilter(SecurityContextHolderFilter.java:82) ~[spring-security-web-6.4.2.jar:6.4.2]
	at org.springframework.security.web.context.SecurityContextHolderFilter.doFilter(SecurityContextHolderFilter.java:69) ~[spring-security-web-6.4.2.jar:6.4.2]
	at org.springframework.security.web.FilterChainProxy$VirtualFilterChain.doFilter(FilterChainProxy.java:374) ~[spring-security-web-6.4.2.jar:6.4.2]
	at org.springframework.security.web.context.request.async.WebAsyncManagerIntegrationFilter.doFilterInternal(WebAsyncManagerIntegrationFilter.java:62) ~[spring-security-web-6.4.2.jar:6.4.2]
	at org.springframework.web.filter.OncePerRequestFilter.doFilter(OncePerRequestFilter.java:116) ~[spring-web-6.2.1.jar:6.2.1]
	at org.springframework.security.web.FilterChainProxy$VirtualFilterChain.doFilter(FilterChainProxy.java:374) ~[spring-security-web-6.4.2.jar:6.4.2]
	at org.springframework.security.web.session.DisableEncodeUrlFilter.doFilterInternal(DisableEncodeUrlFilter.java:42) ~[spring-security-web-6.4.2.jar:6.4.2]
	at org.springframework.web.filter.OncePerRequestFilter.doFilter(OncePerRequestFilter.java:116) ~[spring-web-6.2.1.jar:6.2.1]
	at org.springframework.security.web.FilterChainProxy$VirtualFilterChain.doFilter(FilterChainProxy.java:374) ~[spring-security-web-6.4.2.jar:6.4.2]
	at org.springframework.security.web.FilterChainProxy.doFilterInternal(FilterChainProxy.java:233) ~[spring-security-web-6.4.2.jar:6.4.2]
	at org.springframework.security.web.FilterChainProxy.doFilter(FilterChainProxy.java:191) ~[spring-security-web-6.4.2.jar:6.4.2]
	at org.springframework.web.filter.CompositeFilter$VirtualFilterChain.doFilter(CompositeFilter.java:113) ~[spring-web-6.2.1.jar:6.2.1]
	at org.springframework.web.servlet.handler.HandlerMappingIntrospector.lambda$createCacheFilter$3(HandlerMappingIntrospector.java:243) ~[spring-webmvc-6.2.1.jar:6.2.1]
	at org.springframework.web.filter.CompositeFilter$VirtualFilterChain.doFilter(CompositeFilter.java:113) [spring-web-6.2.1.jar:6.2.1]
	at org.springframework.web.filter.CompositeFilter.doFilter(CompositeFilter.java:74) [spring-web-6.2.1.jar:6.2.1]
	at org.springframework.security.config.annotation.web.configuration.WebMvcSecurityConfiguration$CompositeFilterChainProxy.doFilter(WebMvcSecurityConfiguration.java:238) [spring-security-config-6.4.2.jar:6.4.2]
	at org.springframework.web.filter.DelegatingFilterProxy.invokeDelegate(DelegatingFilterProxy.java:362) [spring-web-6.2.1.jar:6.2.1]
	at org.springframework.web.filter.DelegatingFilterProxy.doFilter(DelegatingFilterProxy.java:278) [spring-web-6.2.1.jar:6.2.1]
	at org.apache.catalina.core.ApplicationFilterChain.internalDoFilter(ApplicationFilterChain.java:164) [tomcat-embed-core-10.1.40.jar:10.1.40]
	at org.apache.catalina.core.ApplicationFilterChain.doFilter(ApplicationFilterChain.java:140) [tomcat-embed-core-10.1.40.jar:10.1.40]
	at org.springframework.web.filter.RequestContextFilter.doFilterInternal(RequestContextFilter.java:100) [spring-web-6.2.1.jar:6.2.1]
	at org.springframework.web.filter.OncePerRequestFilter.doFilter(OncePerRequestFilter.java:116) [spring-web-6.2.1.jar:6.2.1]
	at org.apache.catalina.core.ApplicationFilterChain.internalDoFilter(ApplicationFilterChain.java:164) [tomcat-embed-core-10.1.40.jar:10.1.40]
	at org.apache.catalina.core.ApplicationFilterChain.doFilter(ApplicationFilterChain.java:140) [tomcat-embed-core-10.1.40.jar:10.1.40]
	at org.springframework.web.filter.FormContentFilter.doFilterInternal(FormContentFilter.java:93) [spring-web-6.2.1.jar:6.2.1]
	at org.springframework.web.filter.OncePerRequestFilter.doFilter(OncePerRequestFilter.java:116) [spring-web-6.2.1.jar:6.2.1]
	at org.apache.catalina.core.ApplicationFilterChain.internalDoFilter(ApplicationFilterChain.java:164) [tomcat-embed-core-10.1.40.jar:10.1.40]
	at org.apache.catalina.core.ApplicationFilterChain.doFilter(ApplicationFilterChain.java:140) [tomcat-embed-core-10.1.40.jar:10.1.40]
	at org.springframework.web.filter.CharacterEncodingFilter.doFilterInternal(CharacterEncodingFilter.java:201) [spring-web-6.2.1.jar:6.2.1]
	at org.springframework.web.filter.OncePerRequestFilter.doFilter(OncePerRequestFilter.java:116) [spring-web-6.2.1.jar:6.2.1]
	at org.apache.catalina.core.ApplicationFilterChain.internalDoFilter(ApplicationFilterChain.java:164) [tomcat-embed-core-10.1.40.jar:10.1.40]
	at org.apache.catalina.core.ApplicationFilterChain.doFilter(ApplicationFilterChain.java:140) [tomcat-embed-core-10.1.40.jar:10.1.40]
	at org.apache.catalina.core.StandardWrapperValve.invoke(StandardWrapperValve.java:167) [tomcat-embed-core-10.1.40.jar:10.1.40]
	at org.apache.catalina.core.StandardContextValve.invoke(StandardContextValve.java:90) [tomcat-embed-core-10.1.40.jar:10.1.40]
	at org.apache.catalina.authenticator.AuthenticatorBase.invoke(AuthenticatorBase.java:483) [tomcat-embed-core-10.1.40.jar:10.1.40]
	at org.apache.catalina.core.StandardHostValve.invoke(StandardHostValve.java:116) [tomcat-embed-core-10.1.40.jar:10.1.40]
	at org.apache.catalina.valves.ErrorReportValve.invoke(ErrorReportValve.java:93) [tomcat-embed-core-10.1.40.jar:10.1.40]
	at org.apache.catalina.core.StandardEngineValve.invoke(StandardEngineValve.java:74) [tomcat-embed-core-10.1.40.jar:10.1.40]
	at org.apache.catalina.connector.CoyoteAdapter.service(CoyoteAdapter.java:344) [tomcat-embed-core-10.1.40.jar:10.1.40]
	at org.apache.coyote.http11.Http11Processor.service(Http11Processor.java:398) [tomcat-embed-core-10.1.40.jar:10.1.40]
	at org.apache.coyote.AbstractProcessorLight.process(AbstractProcessorLight.java:63) [tomcat-embed-core-10.1.40.jar:10.1.40]
	at org.apache.coyote.AbstractProtocol$ConnectionHandler.process(AbstractProtocol.java:903) [tomcat-embed-core-10.1.40.jar:10.1.40]
	at org.apache.tomcat.util.net.NioEndpoint$SocketProcessor.doRun(NioEndpoint.java:1740) [tomcat-embed-core-10.1.40.jar:10.1.40]
	at org.apache.tomcat.util.net.SocketProcessorBase.run(SocketProcessorBase.java:52) [tomcat-embed-core-10.1.40.jar:10.1.40]
	at org.apache.tomcat.util.threads.ThreadPoolExecutor.runWorker(ThreadPoolExecutor.java:1189) [tomcat-embed-core-10.1.40.jar:10.1.40]
	at org.apache.tomcat.util.threads.ThreadPoolExecutor$Worker.run(ThreadPoolExecutor.java:658) [tomcat-embed-core-10.1.40.jar:10.1.40]
	at org.apache.tomcat.util.threads.TaskThread$WrappingRunnable.run(TaskThread.java:63) [tomcat-embed-core-10.1.40.jar:10.1.40]
	at java.base/java.lang.Thread.run(Thread.java:833) [?:?]
Caused by: org.attoparser.ParseException: Exception evaluating SpringEL expression: "totalCredit.subtract(totalDebit) >= 0" (template: "customer/customer-details" - line 86, col 37)
	at org.attoparser.MarkupParser.parseDocument(MarkupParser.java:393) ~[attoparser-2.0.7.RELEASE.jar:2.0.7.RELEASE]
	at org.attoparser.MarkupParser.parse(MarkupParser.java:257) ~[attoparser-2.0.7.RELEASE.jar:2.0.7.RELEASE]
	at org.thymeleaf.templateparser.markup.AbstractMarkupTemplateParser.parse(AbstractMarkupTemplateParser.java:230) ~[thymeleaf-3.1.3.RELEASE.jar:3.1.3.RELEASE]
	... 98 more
Caused by: org.thymeleaf.exceptions.TemplateProcessingException: Exception evaluating SpringEL expression: "totalCredit.subtract(totalDebit) >= 0" (template: "customer/customer-details" - line 86, col 37)
	at org.thymeleaf.spring6.expression.SPELVariableExpressionEvaluator.evaluate(SPELVariableExpressionEvaluator.java:292) ~[thymeleaf-spring6-3.1.3.RELEASE.jar:3.1.3.RELEASE]
	at org.thymeleaf.standard.expression.VariableExpression.executeVariableExpression(VariableExpression.java:166) ~[thymeleaf-3.1.3.RELEASE.jar:3.1.3.RELEASE]
	at org.thymeleaf.standard.expression.SimpleExpression.executeSimple(SimpleExpression.java:66) ~[thymeleaf-3.1.3.RELEASE.jar:3.1.3.RELEASE]
	at org.thymeleaf.standard.expression.Expression.execute(Expression.java:109) ~[thymeleaf-3.1.3.RELEASE.jar:3.1.3.RELEASE]
	at org.thymeleaf.standard.expression.Expression.execute(Expression.java:138) ~[thymeleaf-3.1.3.RELEASE.jar:3.1.3.RELEASE]
	at org.thymeleaf.standard.expression.ConditionalExpression.executeConditional(ConditionalExpression.java:209) ~[thymeleaf-3.1.3.RELEASE.jar:3.1.3.RELEASE]
	at org.thymeleaf.standard.expression.ComplexExpression.executeComplex(ComplexExpression.java:77) ~[thymeleaf-3.1.3.RELEASE.jar:3.1.3.RELEASE]
	at org.thymeleaf.standard.expression.Expression.execute(Expression.java:112) ~[thymeleaf-3.1.3.RELEASE.jar:3.1.3.RELEASE]
	at org.thymeleaf.standard.expression.Expression.execute(Expression.java:138) ~[thymeleaf-3.1.3.RELEASE.jar:3.1.3.RELEASE]
	at org.thymeleaf.standard.processor.AbstractStandardExpressionAttributeTagProcessor.doProcess(AbstractStandardExpressionAttributeTagProcessor.java:144) ~[thymeleaf-3.1.3.RELEASE.jar:3.1.3.RELEASE]
	at org.thymeleaf.processor.element.AbstractAttributeTagProcessor.doProcess(AbstractAttributeTagProcessor.java:74) ~[thymeleaf-3.1.3.RELEASE.jar:3.1.3.RELEASE]
	at org.thymeleaf.processor.element.AbstractElementTagProcessor.process(AbstractElementTagProcessor.java:95) ~[thymeleaf-3.1.3.RELEASE.jar:3.1.3.RELEASE]
	at org.thymeleaf.util.ProcessorConfigurationUtils$ElementTagProcessorWrapper.process(ProcessorConfigurationUtils.java:633) ~[thymeleaf-3.1.3.RELEASE.jar:3.1.3.RELEASE]
	at org.thymeleaf.engine.ProcessorTemplateHandler.handleOpenElement(ProcessorTemplateHandler.java:1314) ~[thymeleaf-3.1.3.RELEASE.jar:3.1.3.RELEASE]
	at org.thymeleaf.engine.TemplateHandlerAdapterMarkupHandler.handleOpenElementEnd(TemplateHandlerAdapterMarkupHandler.java:304) ~[thymeleaf-3.1.3.RELEASE.jar:3.1.3.RELEASE]
	at org.thymeleaf.templateparser.markup.InlinedOutputExpressionMarkupHandler$InlineMarkupAdapterPreProcessorHandler.handleOpenElementEnd(InlinedOutputExpressionMarkupHandler.java:278) ~[thymeleaf-3.1.3.RELEASE.jar:3.1.3.RELEASE]
	at org.thymeleaf.standard.inline.OutputExpressionInlinePreProcessorHandler.handleOpenElementEnd(OutputExpressionInlinePreProcessorHandler.java:186) ~[thymeleaf-3.1.3.RELEASE.jar:3.1.3.RELEASE]
	at org.thymeleaf.templateparser.markup.InlinedOutputExpressionMarkupHandler.handleOpenElementEnd(InlinedOutputExpressionMarkupHandler.java:124) ~[thymeleaf-3.1.3.RELEASE.jar:3.1.3.RELEASE]
	at org.attoparser.HtmlElement.handleOpenElementEnd(HtmlElement.java:109) ~[attoparser-2.0.7.RELEASE.jar:2.0.7.RELEASE]
	at org.attoparser.HtmlMarkupHandler.handleOpenElementEnd(HtmlMarkupHandler.java:297) ~[attoparser-2.0.7.RELEASE.jar:2.0.7.RELEASE]
	at org.attoparser.MarkupEventProcessorHandler.handleOpenElementEnd(MarkupEventProcessorHandler.java:402) ~[attoparser-2.0.7.RELEASE.jar:2.0.7.RELEASE]
	at org.attoparser.ParsingElementMarkupUtil.parseOpenElement(ParsingElementMarkupUtil.java:159) ~[attoparser-2.0.7.RELEASE.jar:2.0.7.RELEASE]
	at org.attoparser.MarkupParser.parseBuffer(MarkupParser.java:710) ~[attoparser-2.0.7.RELEASE.jar:2.0.7.RELEASE]
	at org.attoparser.MarkupParser.parseDocument(MarkupParser.java:301) ~[attoparser-2.0.7.RELEASE.jar:2.0.7.RELEASE]
	at org.attoparser.MarkupParser.parse(MarkupParser.java:257) ~[attoparser-2.0.7.RELEASE.jar:2.0.7.RELEASE]
	at org.thymeleaf.templateparser.markup.AbstractMarkupTemplateParser.parse(AbstractMarkupTemplateParser.java:230) ~[thymeleaf-3.1.3.RELEASE.jar:3.1.3.RELEASE]
	... 98 more
Caused by: org.springframework.expression.spel.SpelEvaluationException: EL1011E: Method call: Attempted to call method subtract(null) on null context object
	at org.springframework.expression.spel.ast.MethodReference.throwIfNotNullSafe(MethodReference.java:167) ~[spring-expression-6.2.1.jar:6.2.1]
	at org.springframework.expression.spel.ast.MethodReference.getValueRef(MethodReference.java:96) ~[spring-expression-6.2.1.jar:6.2.1]
	at org.springframework.expression.spel.ast.CompoundExpression.getValueRef(CompoundExpression.java:75) ~[spring-expression-6.2.1.jar:6.2.1]
	at org.springframework.expression.spel.ast.CompoundExpression.getValueInternal(CompoundExpression.java:96) ~[spring-expression-6.2.1.jar:6.2.1]
	at org.springframework.expression.spel.ast.OpGE.getValueInternal(OpGE.java:47) ~[spring-expression-6.2.1.jar:6.2.1]
	at org.springframework.expression.spel.ast.OpGE.getValueInternal(OpGE.java:37) ~[spring-expression-6.2.1.jar:6.2.1]
	at org.springframework.expression.spel.ast.SpelNodeImpl.getValue(SpelNodeImpl.java:116) ~[spring-expression-6.2.1.jar:6.2.1]
	at org.springframework.expression.spel.standard.SpelExpression.getValue(SpelExpression.java:338) ~[spring-expression-6.2.1.jar:6.2.1]
	at org.thymeleaf.spring6.expression.SPELVariableExpressionEvaluator.evaluate(SPELVariableExpressionEvaluator.java:265) ~[thymeleaf-spring6-3.1.3.RELEASE.jar:3.1.3.RELEASE]
	at org.thymeleaf.standard.expression.VariableExpression.executeVariableExpression(VariableExpression.java:166) ~[thymeleaf-3.1.3.RELEASE.jar:3.1.3.RELEASE]
	at org.thymeleaf.standard.expression.SimpleExpression.executeSimple(SimpleExpression.java:66) ~[thymeleaf-3.1.3.RELEASE.jar:3.1.3.RELEASE]
	at org.thymeleaf.standard.expression.Expression.execute(Expression.java:109) ~[thymeleaf-3.1.3.RELEASE.jar:3.1.3.RELEASE]
	at org.thymeleaf.standard.expression.Expression.execute(Expression.java:138) ~[thymeleaf-3.1.3.RELEASE.jar:3.1.3.RELEASE]
	at org.thymeleaf.standard.expression.ConditionalExpression.executeConditional(ConditionalExpression.java:209) ~[thymeleaf-3.1.3.RELEASE.jar:3.1.3.RELEASE]
	at org.thymeleaf.standard.expression.ComplexExpression.executeComplex(ComplexExpression.java:77) ~[thymeleaf-3.1.3.RELEASE.jar:3.1.3.RELEASE]
	at org.thymeleaf.standard.expression.Expression.execute(Expression.java:112) ~[thymeleaf-3.1.3.RELEASE.jar:3.1.3.RELEASE]
	at org.thymeleaf.standard.expression.Expression.execute(Expression.java:138) ~[thymeleaf-3.1.3.RELEASE.jar:3.1.3.RELEASE]
	at org.thymeleaf.standard.processor.AbstractStandardExpressionAttributeTagProcessor.doProcess(AbstractStandardExpressionAttributeTagProcessor.java:144) ~[thymeleaf-3.1.3.RELEASE.jar:3.1.3.RELEASE]
	at org.thymeleaf.processor.element.AbstractAttributeTagProcessor.doProcess(AbstractAttributeTagProcessor.java:74) ~[thymeleaf-3.1.3.RELEASE.jar:3.1.3.RELEASE]
	at org.thymeleaf.processor.element.AbstractElementTagProcessor.process(AbstractElementTagProcessor.java:95) ~[thymeleaf-3.1.3.RELEASE.jar:3.1.3.RELEASE]
	at org.thymeleaf.util.ProcessorConfigurationUtils$ElementTagProcessorWrapper.process(ProcessorConfigurationUtils.java:633) ~[thymeleaf-3.1.3.RELEASE.jar:3.1.3.RELEASE]
	at org.thymeleaf.engine.ProcessorTemplateHandler.handleOpenElement(ProcessorTemplateHandler.java:1314) ~[thymeleaf-3.1.3.RELEASE.jar:3.1.3.RELEASE]
	at org.thymeleaf.engine.TemplateHandlerAdapterMarkupHandler.handleOpenElementEnd(TemplateHandlerAdapterMarkupHandler.java:304) ~[thymeleaf-3.1.3.RELEASE.jar:3.1.3.RELEASE]
	at org.thymeleaf.templateparser.markup.InlinedOutputExpressionMarkupHandler$InlineMarkupAdapterPreProcessorHandler.handleOpenElementEnd(InlinedOutputExpressionMarkupHandler.java:278) ~[thymeleaf-3.1.3.RELEASE.jar:3.1.3.RELEASE]
	at org.thymeleaf.standard.inline.OutputExpressionInlinePreProcessorHandler.handleOpenElementEnd(OutputExpressionInlinePreProcessorHandler.java:186) ~[thymeleaf-3.1.3.RELEASE.jar:3.1.3.RELEASE]
	at org.thymeleaf.templateparser.markup.InlinedOutputExpressionMarkupHandler.handleOpenElementEnd(InlinedOutputExpressionMarkupHandler.java:124) ~[thymeleaf-3.1.3.RELEASE.jar:3.1.3.RELEASE]
	at org.attoparser.HtmlElement.handleOpenElementEnd(HtmlElement.java:109) ~[attoparser-2.0.7.RELEASE.jar:2.0.7.RELEASE]
	at org.attoparser.HtmlMarkupHandler.handleOpenElementEnd(HtmlMarkupHandler.java:297) ~[attoparser-2.0.7.RELEASE.jar:2.0.7.RELEASE]
	at org.attoparser.MarkupEventProcessorHandler.handleOpenElementEnd(MarkupEventProcessorHandler.java:402) ~[attoparser-2.0.7.RELEASE.jar:2.0.7.RELEASE]
	at org.attoparser.ParsingElementMarkupUtil.parseOpenElement(ParsingElementMarkupUtil.java:159) ~[attoparser-2.0.7.RELEASE.jar:2.0.7.RELEASE]
	at org.attoparser.MarkupParser.parseBuffer(MarkupParser.java:710) ~[attoparser-2.0.7.RELEASE.jar:2.0.7.RELEASE]
	at org.attoparser.MarkupParser.parseDocument(MarkupParser.java:301) ~[attoparser-2.0.7.RELEASE.jar:2.0.7.RELEASE]
	at org.attoparser.MarkupParser.parse(MarkupParser.java:257) ~[attoparser-2.0.7.RELEASE.jar:2.0.7.RELEASE]
	at org.thymeleaf.templateparser.markup.AbstractMarkupTemplateParser.parse(AbstractMarkupTemplateParser.java:230) ~[thymeleaf-3.1.3.RELEASE.jar:3.1.3.RELEASE]
	... 98 more
2025-04-29 00:55:45 [] ERROR org.apache.catalina.core.ContainerBase.[Tomcat].[localhost].[/tailor-master].[dispatcherServlet] - Servlet.service() for servlet [dispatcherServlet] in context with path [/tailor-master] threw exception [Request processing failed: org.thymeleaf.exceptions.TemplateInputException: An error happened during template parsing (template: "class path resource [templates/customer/customer-details.html]")] with root cause
org.springframework.expression.spel.SpelEvaluationException: EL1011E: Method call: Attempted to call method subtract(null) on null context object
	at org.springframework.expression.spel.ast.MethodReference.throwIfNotNullSafe(MethodReference.java:167) ~[spring-expression-6.2.1.jar:6.2.1]
	at org.springframework.expression.spel.ast.MethodReference.getValueRef(MethodReference.java:96) ~[spring-expression-6.2.1.jar:6.2.1]
	at org.springframework.expression.spel.ast.CompoundExpression.getValueRef(CompoundExpression.java:75) ~[spring-expression-6.2.1.jar:6.2.1]
	at org.springframework.expression.spel.ast.CompoundExpression.getValueInternal(CompoundExpression.java:96) ~[spring-expression-6.2.1.jar:6.2.1]
	at org.springframework.expression.spel.ast.OpGE.getValueInternal(OpGE.java:47) ~[spring-expression-6.2.1.jar:6.2.1]
	at org.springframework.expression.spel.ast.OpGE.getValueInternal(OpGE.java:37) ~[spring-expression-6.2.1.jar:6.2.1]
	at org.springframework.expression.spel.ast.SpelNodeImpl.getValue(SpelNodeImpl.java:116) ~[spring-expression-6.2.1.jar:6.2.1]
	at org.springframework.expression.spel.standard.SpelExpression.getValue(SpelExpression.java:338) ~[spring-expression-6.2.1.jar:6.2.1]
	at org.thymeleaf.spring6.expression.SPELVariableExpressionEvaluator.evaluate(SPELVariableExpressionEvaluator.java:265) ~[thymeleaf-spring6-3.1.3.RELEASE.jar:3.1.3.RELEASE]
	at org.thymeleaf.standard.expression.VariableExpression.executeVariableExpression(VariableExpression.java:166) ~[thymeleaf-3.1.3.RELEASE.jar:3.1.3.RELEASE]
	at org.thymeleaf.standard.expression.SimpleExpression.executeSimple(SimpleExpression.java:66) ~[thymeleaf-3.1.3.RELEASE.jar:3.1.3.RELEASE]
	at org.thymeleaf.standard.expression.Expression.execute(Expression.java:109) ~[thymeleaf-3.1.3.RELEASE.jar:3.1.3.RELEASE]
	at org.thymeleaf.standard.expression.Expression.execute(Expression.java:138) ~[thymeleaf-3.1.3.RELEASE.jar:3.1.3.RELEASE]
	at org.thymeleaf.standard.expression.ConditionalExpression.executeConditional(ConditionalExpression.java:209) ~[thymeleaf-3.1.3.RELEASE.jar:3.1.3.RELEASE]
	at org.thymeleaf.standard.expression.ComplexExpression.executeComplex(ComplexExpression.java:77) ~[thymeleaf-3.1.3.RELEASE.jar:3.1.3.RELEASE]
	at org.thymeleaf.standard.expression.Expression.execute(Expression.java:112) ~[thymeleaf-3.1.3.RELEASE.jar:3.1.3.RELEASE]
	at org.thymeleaf.standard.expression.Expression.execute(Expression.java:138) ~[thymeleaf-3.1.3.RELEASE.jar:3.1.3.RELEASE]
	at org.thymeleaf.standard.processor.AbstractStandardExpressionAttributeTagProcessor.doProcess(AbstractStandardExpressionAttributeTagProcessor.java:144) ~[thymeleaf-3.1.3.RELEASE.jar:3.1.3.RELEASE]
	at org.thymeleaf.processor.element.AbstractAttributeTagProcessor.doProcess(AbstractAttributeTagProcessor.java:74) ~[thymeleaf-3.1.3.RELEASE.jar:3.1.3.RELEASE]
	at org.thymeleaf.processor.element.AbstractElementTagProcessor.process(AbstractElementTagProcessor.java:95) ~[thymeleaf-3.1.3.RELEASE.jar:3.1.3.RELEASE]
	at org.thymeleaf.util.ProcessorConfigurationUtils$ElementTagProcessorWrapper.process(ProcessorConfigurationUtils.java:633) ~[thymeleaf-3.1.3.RELEASE.jar:3.1.3.RELEASE]
	at org.thymeleaf.engine.ProcessorTemplateHandler.handleOpenElement(ProcessorTemplateHandler.java:1314) ~[thymeleaf-3.1.3.RELEASE.jar:3.1.3.RELEASE]
	at org.thymeleaf.engine.TemplateHandlerAdapterMarkupHandler.handleOpenElementEnd(TemplateHandlerAdapterMarkupHandler.java:304) ~[thymeleaf-3.1.3.RELEASE.jar:3.1.3.RELEASE]
	at org.thymeleaf.templateparser.markup.InlinedOutputExpressionMarkupHandler$InlineMarkupAdapterPreProcessorHandler.handleOpenElementEnd(InlinedOutputExpressionMarkupHandler.java:278) ~[thymeleaf-3.1.3.RELEASE.jar:3.1.3.RELEASE]
	at org.thymeleaf.standard.inline.OutputExpressionInlinePreProcessorHandler.handleOpenElementEnd(OutputExpressionInlinePreProcessorHandler.java:186) ~[thymeleaf-3.1.3.RELEASE.jar:3.1.3.RELEASE]
	at org.thymeleaf.templateparser.markup.InlinedOutputExpressionMarkupHandler.handleOpenElementEnd(InlinedOutputExpressionMarkupHandler.java:124) ~[thymeleaf-3.1.3.RELEASE.jar:3.1.3.RELEASE]
	at org.attoparser.HtmlElement.handleOpenElementEnd(HtmlElement.java:109) ~[attoparser-2.0.7.RELEASE.jar:2.0.7.RELEASE]
	at org.attoparser.HtmlMarkupHandler.handleOpenElementEnd(HtmlMarkupHandler.java:297) ~[attoparser-2.0.7.RELEASE.jar:2.0.7.RELEASE]
	at org.attoparser.MarkupEventProcessorHandler.handleOpenElementEnd(MarkupEventProcessorHandler.java:402) ~[attoparser-2.0.7.RELEASE.jar:2.0.7.RELEASE]
	at org.attoparser.ParsingElementMarkupUtil.parseOpenElement(ParsingElementMarkupUtil.java:159) ~[attoparser-2.0.7.RELEASE.jar:2.0.7.RELEASE]
	at org.attoparser.MarkupParser.parseBuffer(MarkupParser.java:710) ~[attoparser-2.0.7.RELEASE.jar:2.0.7.RELEASE]
	at org.attoparser.MarkupParser.parseDocument(MarkupParser.java:301) ~[attoparser-2.0.7.RELEASE.jar:2.0.7.RELEASE]
	at org.attoparser.MarkupParser.parse(MarkupParser.java:257) ~[attoparser-2.0.7.RELEASE.jar:2.0.7.RELEASE]
	at org.thymeleaf.templateparser.markup.AbstractMarkupTemplateParser.parse(AbstractMarkupTemplateParser.java:230) ~[thymeleaf-3.1.3.RELEASE.jar:3.1.3.RELEASE]
	at org.thymeleaf.templateparser.markup.AbstractMarkupTemplateParser.parseStandalone(AbstractMarkupTemplateParser.java:100) ~[thymeleaf-3.1.3.RELEASE.jar:3.1.3.RELEASE]
	at org.thymeleaf.engine.TemplateManager.parseAndProcess(TemplateManager.java:666) ~[thymeleaf-3.1.3.RELEASE.jar:3.1.3.RELEASE]
	at org.thymeleaf.TemplateEngine.process(TemplateEngine.java:1103) ~[thymeleaf-3.1.3.RELEASE.jar:3.1.3.RELEASE]
	at org.thymeleaf.TemplateEngine.process(TemplateEngine.java:1077) ~[thymeleaf-3.1.3.RELEASE.jar:3.1.3.RELEASE]
	at org.thymeleaf.spring6.view.ThymeleafView.renderFragment(ThymeleafView.java:372) ~[thymeleaf-spring6-3.1.3.RELEASE.jar:3.1.3.RELEASE]
	at org.thymeleaf.spring6.view.ThymeleafView.render(ThymeleafView.java:192) ~[thymeleaf-spring6-3.1.3.RELEASE.jar:3.1.3.RELEASE]
	at org.springframework.web.servlet.DispatcherServlet.render(DispatcherServlet.java:1435) ~[spring-webmvc-6.2.1.jar:6.2.1]
	at org.springframework.web.servlet.DispatcherServlet.processDispatchResult(DispatcherServlet.java:1167) ~[spring-webmvc-6.2.1.jar:6.2.1]
	at org.springframework.web.servlet.DispatcherServlet.doDispatch(DispatcherServlet.java:1105) ~[spring-webmvc-6.2.1.jar:6.2.1]
	at org.springframework.web.servlet.DispatcherServlet.doService(DispatcherServlet.java:978) ~[spring-webmvc-6.2.1.jar:6.2.1]
	at org.springframework.web.servlet.FrameworkServlet.processRequest(FrameworkServlet.java:1014) ~[spring-webmvc-6.2.1.jar:6.2.1]
	at org.springframework.web.servlet.FrameworkServlet.doGet(FrameworkServlet.java:903) ~[spring-webmvc-6.2.1.jar:6.2.1]
	at jakarta.servlet.http.HttpServlet.service(HttpServlet.java:564) ~[tomcat-embed-core-10.1.40.jar:6.0]
	at org.springframework.web.servlet.FrameworkServlet.service(FrameworkServlet.java:885) ~[spring-webmvc-6.2.1.jar:6.2.1]
	at jakarta.servlet.http.HttpServlet.service(HttpServlet.java:658) ~[tomcat-embed-core-10.1.40.jar:6.0]
	at org.apache.catalina.core.ApplicationFilterChain.internalDoFilter(ApplicationFilterChain.java:195) ~[tomcat-embed-core-10.1.40.jar:10.1.40]
	at org.apache.catalina.core.ApplicationFilterChain.doFilter(ApplicationFilterChain.java:140) ~[tomcat-embed-core-10.1.40.jar:10.1.40]
	at org.apache.tomcat.websocket.server.WsFilter.doFilter(WsFilter.java:51) ~[tomcat-embed-websocket-10.1.40.jar:10.1.40]
	at org.apache.catalina.core.ApplicationFilterChain.internalDoFilter(ApplicationFilterChain.java:164) ~[tomcat-embed-core-10.1.40.jar:10.1.40]
	at org.apache.catalina.core.ApplicationFilterChain.doFilter(ApplicationFilterChain.java:140) ~[tomcat-embed-core-10.1.40.jar:10.1.40]
	at com.example.tailormaster.filter.LoggingMDCFilter.doFilter(LoggingMDCFilter.java:30) ~[classes/:?]
	at org.apache.catalina.core.ApplicationFilterChain.internalDoFilter(ApplicationFilterChain.java:164) ~[tomcat-embed-core-10.1.40.jar:10.1.40]
	at org.apache.catalina.core.ApplicationFilterChain.doFilter(ApplicationFilterChain.java:140) ~[tomcat-embed-core-10.1.40.jar:10.1.40]
	at org.springframework.web.filter.CompositeFilter$VirtualFilterChain.doFilter(CompositeFilter.java:108) ~[spring-web-6.2.1.jar:6.2.1]
	at org.springframework.security.web.FilterChainProxy.lambda$doFilterInternal$3(FilterChainProxy.java:231) ~[spring-security-web-6.4.2.jar:6.4.2]
	at org.springframework.security.web.FilterChainProxy$VirtualFilterChain.doFilter(FilterChainProxy.java:365) ~[spring-security-web-6.4.2.jar:6.4.2]
	at org.springframework.security.web.access.intercept.AuthorizationFilter.doFilter(AuthorizationFilter.java:101) ~[spring-security-web-6.4.2.jar:6.4.2]
	at org.springframework.security.web.FilterChainProxy$VirtualFilterChain.doFilter(FilterChainProxy.java:374) ~[spring-security-web-6.4.2.jar:6.4.2]
	at org.springframework.security.web.access.ExceptionTranslationFilter.doFilter(ExceptionTranslationFilter.java:126) ~[spring-security-web-6.4.2.jar:6.4.2]
	at org.springframework.security.web.access.ExceptionTranslationFilter.doFilter(ExceptionTranslationFilter.java:120) ~[spring-security-web-6.4.2.jar:6.4.2]
	at org.springframework.security.web.FilterChainProxy$VirtualFilterChain.doFilter(FilterChainProxy.java:374) ~[spring-security-web-6.4.2.jar:6.4.2]
	at org.springframework.security.web.authentication.AnonymousAuthenticationFilter.doFilter(AnonymousAuthenticationFilter.java:100) ~[spring-security-web-6.4.2.jar:6.4.2]
	at org.springframework.security.web.FilterChainProxy$VirtualFilterChain.doFilter(FilterChainProxy.java:374) ~[spring-security-web-6.4.2.jar:6.4.2]
	at org.springframework.security.web.servletapi.SecurityContextHolderAwareRequestFilter.doFilter(SecurityContextHolderAwareRequestFilter.java:179) ~[spring-security-web-6.4.2.jar:6.4.2]
	at org.springframework.security.web.FilterChainProxy$VirtualFilterChain.doFilter(FilterChainProxy.java:374) ~[spring-security-web-6.4.2.jar:6.4.2]
	at org.springframework.security.web.savedrequest.RequestCacheAwareFilter.doFilter(RequestCacheAwareFilter.java:63) ~[spring-security-web-6.4.2.jar:6.4.2]
	at org.springframework.security.web.FilterChainProxy$VirtualFilterChain.doFilter(FilterChainProxy.java:374) ~[spring-security-web-6.4.2.jar:6.4.2]
	at org.springframework.security.web.authentication.AbstractAuthenticationProcessingFilter.doFilter(AbstractAuthenticationProcessingFilter.java:227) ~[spring-security-web-6.4.2.jar:6.4.2]
	at org.springframework.security.web.authentication.AbstractAuthenticationProcessingFilter.doFilter(AbstractAuthenticationProcessingFilter.java:221) ~[spring-security-web-6.4.2.jar:6.4.2]
	at org.springframework.security.web.FilterChainProxy$VirtualFilterChain.doFilter(FilterChainProxy.java:374) ~[spring-security-web-6.4.2.jar:6.4.2]
	at org.springframework.security.web.authentication.logout.LogoutFilter.doFilter(LogoutFilter.java:107) ~[spring-security-web-6.4.2.jar:6.4.2]
	at org.springframework.security.web.authentication.logout.LogoutFilter.doFilter(LogoutFilter.java:93) ~[spring-security-web-6.4.2.jar:6.4.2]
	at org.springframework.security.web.FilterChainProxy$VirtualFilterChain.doFilter(FilterChainProxy.java:374) ~[spring-security-web-6.4.2.jar:6.4.2]
	at org.springframework.security.web.csrf.CsrfFilter.doFilterInternal(CsrfFilter.java:117) ~[spring-security-web-6.4.2.jar:6.4.2]
	at org.springframework.web.filter.OncePerRequestFilter.doFilter(OncePerRequestFilter.java:116) ~[spring-web-6.2.1.jar:6.2.1]
	at org.springframework.security.web.FilterChainProxy$VirtualFilterChain.doFilter(FilterChainProxy.java:374) ~[spring-security-web-6.4.2.jar:6.4.2]
	at org.springframework.security.web.header.HeaderWriterFilter.doHeadersAfter(HeaderWriterFilter.java:90) ~[spring-security-web-6.4.2.jar:6.4.2]
	at org.springframework.security.web.header.HeaderWriterFilter.doFilterInternal(HeaderWriterFilter.java:75) ~[spring-security-web-6.4.2.jar:6.4.2]
	at org.springframework.web.filter.OncePerRequestFilter.doFilter(OncePerRequestFilter.java:116) ~[spring-web-6.2.1.jar:6.2.1]
	at org.springframework.security.web.FilterChainProxy$VirtualFilterChain.doFilter(FilterChainProxy.java:374) ~[spring-security-web-6.4.2.jar:6.4.2]
	at org.springframework.security.web.context.SecurityContextHolderFilter.doFilter(SecurityContextHolderFilter.java:82) ~[spring-security-web-6.4.2.jar:6.4.2]
	at org.springframework.security.web.context.SecurityContextHolderFilter.doFilter(SecurityContextHolderFilter.java:69) ~[spring-security-web-6.4.2.jar:6.4.2]
	at org.springframework.security.web.FilterChainProxy$VirtualFilterChain.doFilter(FilterChainProxy.java:374) ~[spring-security-web-6.4.2.jar:6.4.2]
	at org.springframework.security.web.context.request.async.WebAsyncManagerIntegrationFilter.doFilterInternal(WebAsyncManagerIntegrationFilter.java:62) ~[spring-security-web-6.4.2.jar:6.4.2]
	at org.springframework.web.filter.OncePerRequestFilter.doFilter(OncePerRequestFilter.java:116) ~[spring-web-6.2.1.jar:6.2.1]
	at org.springframework.security.web.FilterChainProxy$VirtualFilterChain.doFilter(FilterChainProxy.java:374) ~[spring-security-web-6.4.2.jar:6.4.2]
	at org.springframework.security.web.session.DisableEncodeUrlFilter.doFilterInternal(DisableEncodeUrlFilter.java:42) ~[spring-security-web-6.4.2.jar:6.4.2]
	at org.springframework.web.filter.OncePerRequestFilter.doFilter(OncePerRequestFilter.java:116) ~[spring-web-6.2.1.jar:6.2.1]
	at org.springframework.security.web.FilterChainProxy$VirtualFilterChain.doFilter(FilterChainProxy.java:374) ~[spring-security-web-6.4.2.jar:6.4.2]
	at org.springframework.security.web.FilterChainProxy.doFilterInternal(FilterChainProxy.java:233) ~[spring-security-web-6.4.2.jar:6.4.2]
	at org.springframework.security.web.FilterChainProxy.doFilter(FilterChainProxy.java:191) ~[spring-security-web-6.4.2.jar:6.4.2]
	at org.springframework.web.filter.CompositeFilter$VirtualFilterChain.doFilter(CompositeFilter.java:113) ~[spring-web-6.2.1.jar:6.2.1]
	at org.springframework.web.servlet.handler.HandlerMappingIntrospector.lambda$createCacheFilter$3(HandlerMappingIntrospector.java:243) ~[spring-webmvc-6.2.1.jar:6.2.1]
	at org.springframework.web.filter.CompositeFilter$VirtualFilterChain.doFilter(CompositeFilter.java:113) ~[spring-web-6.2.1.jar:6.2.1]
	at org.springframework.web.filter.CompositeFilter.doFilter(CompositeFilter.java:74) ~[spring-web-6.2.1.jar:6.2.1]
	at org.springframework.security.config.annotation.web.configuration.WebMvcSecurityConfiguration$CompositeFilterChainProxy.doFilter(WebMvcSecurityConfiguration.java:238) ~[spring-security-config-6.4.2.jar:6.4.2]
	at org.springframework.web.filter.DelegatingFilterProxy.invokeDelegate(DelegatingFilterProxy.java:362) ~[spring-web-6.2.1.jar:6.2.1]
	at org.springframework.web.filter.DelegatingFilterProxy.doFilter(DelegatingFilterProxy.java:278) ~[spring-web-6.2.1.jar:6.2.1]
	at org.apache.catalina.core.ApplicationFilterChain.internalDoFilter(ApplicationFilterChain.java:164) ~[tomcat-embed-core-10.1.40.jar:10.1.40]
	at org.apache.catalina.core.ApplicationFilterChain.doFilter(ApplicationFilterChain.java:140) ~[tomcat-embed-core-10.1.40.jar:10.1.40]
	at org.springframework.web.filter.RequestContextFilter.doFilterInternal(RequestContextFilter.java:100) ~[spring-web-6.2.1.jar:6.2.1]
	at org.springframework.web.filter.OncePerRequestFilter.doFilter(OncePerRequestFilter.java:116) ~[spring-web-6.2.1.jar:6.2.1]
	at org.apache.catalina.core.ApplicationFilterChain.internalDoFilter(ApplicationFilterChain.java:164) ~[tomcat-embed-core-10.1.40.jar:10.1.40]
	at org.apache.catalina.core.ApplicationFilterChain.doFilter(ApplicationFilterChain.java:140) ~[tomcat-embed-core-10.1.40.jar:10.1.40]
	at org.springframework.web.filter.FormContentFilter.doFilterInternal(FormContentFilter.java:93) ~[spring-web-6.2.1.jar:6.2.1]
	at org.springframework.web.filter.OncePerRequestFilter.doFilter(OncePerRequestFilter.java:116) ~[spring-web-6.2.1.jar:6.2.1]
	at org.apache.catalina.core.ApplicationFilterChain.internalDoFilter(ApplicationFilterChain.java:164) ~[tomcat-embed-core-10.1.40.jar:10.1.40]
	at org.apache.catalina.core.ApplicationFilterChain.doFilter(ApplicationFilterChain.java:140) ~[tomcat-embed-core-10.1.40.jar:10.1.40]
	at org.springframework.web.filter.CharacterEncodingFilter.doFilterInternal(CharacterEncodingFilter.java:201) ~[spring-web-6.2.1.jar:6.2.1]
	at org.springframework.web.filter.OncePerRequestFilter.doFilter(OncePerRequestFilter.java:116) ~[spring-web-6.2.1.jar:6.2.1]
	at org.apache.catalina.core.ApplicationFilterChain.internalDoFilter(ApplicationFilterChain.java:164) ~[tomcat-embed-core-10.1.40.jar:10.1.40]
	at org.apache.catalina.core.ApplicationFilterChain.doFilter(ApplicationFilterChain.java:140) ~[tomcat-embed-core-10.1.40.jar:10.1.40]
	at org.apache.catalina.core.StandardWrapperValve.invoke(StandardWrapperValve.java:167) [tomcat-embed-core-10.1.40.jar:10.1.40]
	at org.apache.catalina.core.StandardContextValve.invoke(StandardContextValve.java:90) [tomcat-embed-core-10.1.40.jar:10.1.40]
	at org.apache.catalina.authenticator.AuthenticatorBase.invoke(AuthenticatorBase.java:483) [tomcat-embed-core-10.1.40.jar:10.1.40]
	at org.apache.catalina.core.StandardHostValve.invoke(StandardHostValve.java:116) [tomcat-embed-core-10.1.40.jar:10.1.40]
	at org.apache.catalina.valves.ErrorReportValve.invoke(ErrorReportValve.java:93) [tomcat-embed-core-10.1.40.jar:10.1.40]
	at org.apache.catalina.core.StandardEngineValve.invoke(StandardEngineValve.java:74) [tomcat-embed-core-10.1.40.jar:10.1.40]
	at org.apache.catalina.connector.CoyoteAdapter.service(CoyoteAdapter.java:344) [tomcat-embed-core-10.1.40.jar:10.1.40]
	at org.apache.coyote.http11.Http11Processor.service(Http11Processor.java:398) [tomcat-embed-core-10.1.40.jar:10.1.40]
	at org.apache.coyote.AbstractProcessorLight.process(AbstractProcessorLight.java:63) [tomcat-embed-core-10.1.40.jar:10.1.40]
	at org.apache.coyote.AbstractProtocol$ConnectionHandler.process(AbstractProtocol.java:903) [tomcat-embed-core-10.1.40.jar:10.1.40]
	at org.apache.tomcat.util.net.NioEndpoint$SocketProcessor.doRun(NioEndpoint.java:1740) [tomcat-embed-core-10.1.40.jar:10.1.40]
	at org.apache.tomcat.util.net.SocketProcessorBase.run(SocketProcessorBase.java:52) [tomcat-embed-core-10.1.40.jar:10.1.40]
	at org.apache.tomcat.util.threads.ThreadPoolExecutor.runWorker(ThreadPoolExecutor.java:1189) [tomcat-embed-core-10.1.40.jar:10.1.40]
	at org.apache.tomcat.util.threads.ThreadPoolExecutor$Worker.run(ThreadPoolExecutor.java:658) [tomcat-embed-core-10.1.40.jar:10.1.40]
	at org.apache.tomcat.util.threads.TaskThread$WrappingRunnable.run(TaskThread.java:63) [tomcat-embed-core-10.1.40.jar:10.1.40]
	at java.base/java.lang.Thread.run(Thread.java:833) [?:?]
2025-04-29 00:55:45 [] INFO  com.example.tailormaster.filter.LoggingInterceptor - User 'null' is requesting: GET /tailor-master/error
2025-04-29 01:05:17 [] INFO  org.springframework.boot.web.embedded.tomcat.GracefulShutdown - Commencing graceful shutdown. Waiting for active requests to complete
2025-04-29 01:05:19 [] INFO  org.springframework.boot.web.embedded.tomcat.GracefulShutdown - Graceful shutdown complete
2025-04-29 01:05:19 [] INFO  org.springframework.orm.jpa.LocalContainerEntityManagerFactoryBean - Closing JPA EntityManagerFactory for persistence unit 'default'
2025-04-29 01:05:19 [] INFO  com.zaxxer.hikari.HikariDataSource - HikariPool-1 - Shutdown initiated...
2025-04-29 01:05:19 [] INFO  com.zaxxer.hikari.HikariDataSource - HikariPool-1 - Shutdown completed.
2025-04-29 01:05:37 [] INFO  org.hibernate.validator.internal.util.Version - HV000001: Hibernate Validator 8.0.2.Final
2025-04-29 01:05:37 [] INFO  com.example.tailormaster.TailorMasterAppApplication - Starting TailorMasterAppApplication using Java 17.0.2 with PID 17720 (E:\Development-Workspaces\tailor-master-app\tailor-master-app\target\classes started by wajiz.pk in E:\Development-Workspaces\tailor-master-app\tailor-master-app)
2025-04-29 01:05:37 [] INFO  com.example.tailormaster.TailorMasterAppApplication - No active profile set, falling back to 1 default profile: "default"
2025-04-29 01:05:37 [] INFO  org.springframework.boot.devtools.env.DevToolsPropertyDefaultsPostProcessor - Devtools property defaults active! Set 'spring.devtools.add-properties' to 'false' to disable
2025-04-29 01:05:37 [] INFO  org.springframework.boot.devtools.env.DevToolsPropertyDefaultsPostProcessor - For additional web related logging consider setting the 'logging.level.web' property to 'DEBUG'
2025-04-29 01:05:39 [] INFO  org.springframework.data.repository.config.RepositoryConfigurationDelegate - Bootstrapping Spring Data JPA repositories in DEFAULT mode.
2025-04-29 01:05:39 [] INFO  org.springframework.data.repository.config.RepositoryConfigurationDelegate - Finished Spring Data repository scanning in 168 ms. Found 9 JPA repository interfaces.
2025-04-29 01:05:40 [] INFO  org.springframework.boot.web.embedded.tomcat.TomcatWebServer - Tomcat initialized with port 8080 (http)
2025-04-29 01:05:40 [] INFO  org.apache.coyote.http11.Http11NioProtocol - Initializing ProtocolHandler ["http-nio-8080"]
2025-04-29 01:05:40 [] INFO  org.apache.catalina.core.StandardService - Starting service [Tomcat]
2025-04-29 01:05:40 [] INFO  org.apache.catalina.core.StandardEngine - Starting Servlet engine: [Apache Tomcat/10.1.40]
2025-04-29 01:05:40 [] INFO  org.apache.catalina.core.ContainerBase.[Tomcat].[localhost].[/tailor-master] - Initializing Spring embedded WebApplicationContext
2025-04-29 01:05:40 [] INFO  org.springframework.boot.web.servlet.context.ServletWebServerApplicationContext - Root WebApplicationContext: initialization completed in 3213 ms
2025-04-29 01:05:40 [] INFO  org.hibernate.jpa.internal.util.LogHelper - HHH000204: Processing PersistenceUnitInfo [name: default]
2025-04-29 01:05:41 [] INFO  org.hibernate.Version - HHH000412: Hibernate ORM core version 6.6.4.Final
2025-04-29 01:05:41 [] INFO  org.hibernate.cache.internal.RegionFactoryInitiator - HHH000026: Second-level cache disabled
2025-04-29 01:05:41 [] INFO  org.springframework.orm.jpa.persistenceunit.SpringPersistenceUnitInfo - No LoadTimeWeaver setup: ignoring JPA class transformer
2025-04-29 01:05:41 [] INFO  com.zaxxer.hikari.HikariDataSource - HikariPool-1 - Starting...
2025-04-29 01:05:42 [] INFO  com.zaxxer.hikari.pool.HikariPool - HikariPool-1 - Added connection com.mysql.cj.jdbc.ConnectionImpl@169ffdf6
2025-04-29 01:05:42 [] INFO  com.zaxxer.hikari.HikariDataSource - HikariPool-1 - Start completed.
2025-04-29 01:05:42 [] INFO  org.hibernate.orm.connections.pooling - HHH10001005: Database info:
	Database JDBC URL [Connecting through datasource 'HikariDataSource (HikariPool-1)']
	Database driver: undefined/unknown
	Database version: 8.0.28
	Autocommit mode: undefined/unknown
	Isolation level: undefined/unknown
	Minimum pool size: undefined/unknown
	Maximum pool size: undefined/unknown
2025-04-29 01:05:44 [] INFO  org.hibernate.engine.transaction.jta.platform.internal.JtaPlatformInitiator - HHH000489: No JTA platform available (set 'hibernate.transaction.jta.platform' to enable JTA platform integration)
2025-04-29 01:05:45 [] INFO  org.springframework.orm.jpa.LocalContainerEntityManagerFactoryBean - Initialized JPA EntityManagerFactory for persistence unit 'default'
2025-04-29 01:05:45 [] INFO  org.springframework.data.jpa.repository.query.QueryEnhancerFactory - Hibernate is in classpath; If applicable, HQL parser will be used.
2025-04-29 01:05:48 [] WARN  org.springframework.boot.autoconfigure.orm.jpa.JpaBaseConfiguration$JpaWebConfiguration - spring.jpa.open-in-view is enabled by default. Therefore, database queries may be performed during view rendering. Explicitly configure spring.jpa.open-in-view to disable this warning
2025-04-29 01:05:48 [] INFO  org.springframework.security.config.annotation.authentication.configuration.InitializeAuthenticationProviderBeanManagerConfigurer$InitializeAuthenticationProviderManagerConfigurer - Global AuthenticationManager configured with AuthenticationProvider bean with name authenticationProvider
2025-04-29 01:05:48 [] WARN  org.springframework.security.config.annotation.authentication.configuration.InitializeUserDetailsBeanManagerConfigurer$InitializeUserDetailsManagerConfigurer - Global AuthenticationManager configured with an AuthenticationProvider bean. UserDetailsService beans will not be used by Spring Security for automatically configuring username/password login. Consider removing the AuthenticationProvider bean. Alternatively, consider using the UserDetailsService in a manually instantiated DaoAuthenticationProvider. If the current configuration is intentional, to turn off this warning, increase the logging level of 'org.springframework.security.config.annotation.authentication.configuration.InitializeUserDetailsBeanManagerConfigurer' to ERROR
2025-04-29 01:05:49 [] INFO  org.springframework.boot.devtools.autoconfigure.OptionalLiveReloadServer - LiveReload server is running on port 35729
2025-04-29 01:05:49 [] INFO  org.apache.coyote.http11.Http11NioProtocol - Starting ProtocolHandler ["http-nio-8080"]
2025-04-29 01:05:49 [] INFO  org.springframework.boot.web.embedded.tomcat.TomcatWebServer - Tomcat started on port 8080 (http) with context path '/tailor-master'
2025-04-29 01:05:49 [] INFO  com.example.tailormaster.TailorMasterAppApplication - Started TailorMasterAppApplication in 13.765 seconds (process running for 16.441)
2025-04-29 01:05:55 [] INFO  org.apache.catalina.core.ContainerBase.[Tomcat].[localhost].[/tailor-master] - Initializing Spring DispatcherServlet 'dispatcherServlet'
2025-04-29 01:05:55 [] INFO  org.springframework.web.servlet.DispatcherServlet - Initializing Servlet 'dispatcherServlet'
2025-04-29 01:05:55 [] INFO  org.springframework.web.servlet.DispatcherServlet - Completed initialization in 1 ms
2025-04-29 01:05:55 [abdullateef] INFO  com.example.tailormaster.filter.LoggingInterceptor - User 'abdullateef' is requesting: GET /tailor-master/customers/details/dwWnFUHoZkpANiaigWnvtjpFX4twz7_j-2M8k5HiGSE=
2025-04-29 01:05:55 [abdullateef] INFO  com.example.tailormaster.controller.CustomerController - Displaying details for customer ID (encrypted): dwWnFUHoZkpANiaigWnvtjpFX4twz7_j-2M8k5HiGSE=
2025-04-29 01:05:55 [abdullateef] INFO  com.example.tailormaster.controller.CustomerController - Fetched customer details: Customer(fullName=LedgerTest3, phoneNumber=03219988776, enabled=false)
2025-04-29 01:05:55 [abdullateef] INFO  com.example.tailormaster.controller.CustomerController - Fetched measurement details: [CustomerMeasurement(customer=Customer(fullName=LedgerTest3, phoneNumber=03219988776, enabled=false), product=Product(type=SHALWAR, name=شلوار, description=, price=500.00, enabled=true), chest=null, sleeveLength=null, shoulder=null, hips=22, waist=34, barcode=LedgerTest303219988776-6fccaec9-e05e-459b-8f12-70f13381b24a), CustomerMeasurement(customer=Customer(fullName=LedgerTest3, phoneNumber=03219988776, enabled=false), product=Product(type=QAMEEZ, name=قميض, description=, price=2000.00, enabled=true), chest=34, sleeveLength=32, shoulder=23, hips=null, waist=null, barcode=LedgerTest303219988776-1b6b5e86-06cd-4c1e-b7e4-e43ce15cd165)]
2025-04-29 01:05:56 [abdullateef] INFO  com.example.tailormaster.filter.LoggingInterceptor - User 'abdullateef' is requesting: GET /tailor-master/dashboard/notifications/upcoming-deliveries
2025-04-29 01:05:56 [abdullateef] INFO  com.example.tailormaster.controller.dashboard.DashboardController - Requested upcoming deliveries.
2025-04-29 01:05:57 [abdullateef] INFO  com.example.tailormaster.service.dashboard.DashboardService - Upcoming deliveries fetched: 11
2025-04-29 01:05:57 [abdullateef] INFO  com.example.tailormaster.controller.dashboard.DashboardController - Upcoming deliveries fetched: 11
2025-04-29 01:07:47 [abdullateef] INFO  com.example.tailormaster.filter.LoggingInterceptor - User 'abdullateef' is requesting: GET /tailor-master/customers
2025-04-29 01:07:49 [abdullateef] INFO  com.example.tailormaster.filter.LoggingInterceptor - User 'abdullateef' is requesting: GET /tailor-master/dashboard/notifications/upcoming-deliveries
2025-04-29 01:07:49 [abdullateef] INFO  com.example.tailormaster.controller.dashboard.DashboardController - Requested upcoming deliveries.
2025-04-29 01:07:49 [abdullateef] INFO  com.example.tailormaster.service.dashboard.DashboardService - Upcoming deliveries fetched: 11
2025-04-29 01:07:49 [abdullateef] INFO  com.example.tailormaster.controller.dashboard.DashboardController - Upcoming deliveries fetched: 11
2025-04-29 01:07:49 [abdullateef] INFO  com.example.tailormaster.filter.LoggingInterceptor - User 'abdullateef' is requesting: GET /tailor-master/customers/datatable
2025-04-29 01:07:49 [abdullateef] INFO  com.example.tailormaster.controller.CustomerController - Fetching customers data with search value: , sort direction: asc, start date: null, end date: null
2025-04-29 01:07:51 [abdullateef] INFO  com.example.tailormaster.filter.LoggingInterceptor - User 'abdullateef' is requesting: GET /tailor-master/customers/details/ajeu11rVe4QiWBW7DNOushatHoZcHJcl76r0KZuzsKM=
2025-04-29 01:07:51 [abdullateef] INFO  com.example.tailormaster.controller.CustomerController - Displaying details for customer ID (encrypted): ajeu11rVe4QiWBW7DNOushatHoZcHJcl76r0KZuzsKM=
2025-04-29 01:07:51 [abdullateef] INFO  com.example.tailormaster.controller.CustomerController - Fetched customer details: Customer(fullName=LedgerTest2, phoneNumber=03455566778, enabled=false)
2025-04-29 01:07:51 [abdullateef] INFO  com.example.tailormaster.controller.CustomerController - Fetched measurement details: [CustomerMeasurement(customer=Customer(fullName=LedgerTest2, phoneNumber=03455566778, enabled=false), product=Product(type=QAMEEZ, name=قميض, description=, price=2000.00, enabled=true), chest=34, sleeveLength=32, shoulder=67, hips=null, waist=null, barcode=LedgerTest203455566778-e8b94c60-8e2d-45dd-8150-ffff8ece3778), CustomerMeasurement(customer=Customer(fullName=LedgerTest2, phoneNumber=03455566778, enabled=false), product=Product(type=SHALWAR, name=شلوار, description=, price=500.00, enabled=true), chest=null, sleeveLength=null, shoulder=null, hips=23, waist=33, barcode=LedgerTest203455566778-be33d5f9-34f0-4a35-b2a5-6b757a54f8f0)]
2025-04-29 01:07:51 [abdullateef] INFO  com.example.tailormaster.filter.LoggingInterceptor - User 'abdullateef' is requesting: GET /tailor-master/dashboard/notifications/upcoming-deliveries
2025-04-29 01:07:51 [abdullateef] INFO  com.example.tailormaster.controller.dashboard.DashboardController - Requested upcoming deliveries.
2025-04-29 01:07:51 [abdullateef] INFO  com.example.tailormaster.service.dashboard.DashboardService - Upcoming deliveries fetched: 11
2025-04-29 01:07:51 [abdullateef] INFO  com.example.tailormaster.controller.dashboard.DashboardController - Upcoming deliveries fetched: 11
2025-04-29 01:08:09 [abdullateef] INFO  com.example.tailormaster.filter.LoggingInterceptor - User 'abdullateef' is requesting: GET /tailor-master/customers
2025-04-29 01:08:09 [abdullateef] INFO  com.example.tailormaster.filter.LoggingInterceptor - User 'abdullateef' is requesting: GET /tailor-master/dashboard/notifications/upcoming-deliveries
2025-04-29 01:08:09 [abdullateef] INFO  com.example.tailormaster.controller.dashboard.DashboardController - Requested upcoming deliveries.
2025-04-29 01:08:09 [abdullateef] INFO  com.example.tailormaster.filter.LoggingInterceptor - User 'abdullateef' is requesting: GET /tailor-master/customers/datatable
2025-04-29 01:08:09 [abdullateef] INFO  com.example.tailormaster.service.dashboard.DashboardService - Upcoming deliveries fetched: 11
2025-04-29 01:08:09 [abdullateef] INFO  com.example.tailormaster.controller.dashboard.DashboardController - Upcoming deliveries fetched: 11
2025-04-29 01:08:09 [abdullateef] INFO  com.example.tailormaster.controller.CustomerController - Fetching customers data with search value: , sort direction: asc, start date: null, end date: null
2025-04-29 01:08:12 [abdullateef] INFO  com.example.tailormaster.filter.LoggingInterceptor - User 'abdullateef' is requesting: GET /tailor-master/customers/details/U9DDSMuEBBUehjivYQv3C7_aaBwiOwQsI6kf9_TTJNc=
2025-04-29 01:08:12 [abdullateef] INFO  com.example.tailormaster.controller.CustomerController - Displaying details for customer ID (encrypted): U9DDSMuEBBUehjivYQv3C7_aaBwiOwQsI6kf9_TTJNc=
2025-04-29 01:08:12 [abdullateef] INFO  com.example.tailormaster.controller.CustomerController - Fetched customer details: Customer(fullName=LedgerTest, phoneNumber=03213322334, enabled=false)
2025-04-29 01:08:12 [abdullateef] INFO  com.example.tailormaster.controller.CustomerController - Fetched measurement details: [CustomerMeasurement(customer=Customer(fullName=LedgerTest, phoneNumber=03213322334, enabled=false), product=Product(type=SHALWAR, name=شلوار, description=, price=500.00, enabled=true), chest=null, sleeveLength=null, shoulder=null, hips=24, waist=32, barcode=LedgerTest03213322334-b5774866-f354-421e-88b6-06019238f068), CustomerMeasurement(customer=Customer(fullName=LedgerTest, phoneNumber=03213322334, enabled=false), product=Product(type=QAMEEZ, name=قميض, description=, price=2000.00, enabled=true), chest=34, sleeveLength=32, shoulder=23, hips=null, waist=null, barcode=LedgerTest03213322334-e4c60211-aa51-4e8d-9c04-85446f2e1db2)]
2025-04-29 01:08:12 [abdullateef] INFO  com.example.tailormaster.filter.LoggingInterceptor - User 'abdullateef' is requesting: GET /tailor-master/dashboard/notifications/upcoming-deliveries
2025-04-29 01:08:12 [abdullateef] INFO  com.example.tailormaster.controller.dashboard.DashboardController - Requested upcoming deliveries.
2025-04-29 01:08:12 [abdullateef] INFO  com.example.tailormaster.service.dashboard.DashboardService - Upcoming deliveries fetched: 11
2025-04-29 01:08:12 [abdullateef] INFO  com.example.tailormaster.controller.dashboard.DashboardController - Upcoming deliveries fetched: 11
2025-04-29 01:09:16 [abdullateef] INFO  com.example.tailormaster.filter.LoggingInterceptor - User 'abdullateef' is requesting: GET /tailor-master/customers
2025-04-29 01:09:16 [abdullateef] INFO  com.example.tailormaster.filter.LoggingInterceptor - User 'abdullateef' is requesting: GET /tailor-master/dashboard/notifications/upcoming-deliveries
2025-04-29 01:09:16 [abdullateef] INFO  com.example.tailormaster.controller.dashboard.DashboardController - Requested upcoming deliveries.
2025-04-29 01:09:17 [abdullateef] INFO  com.example.tailormaster.service.dashboard.DashboardService - Upcoming deliveries fetched: 11
2025-04-29 01:09:17 [abdullateef] INFO  com.example.tailormaster.controller.dashboard.DashboardController - Upcoming deliveries fetched: 11
2025-04-29 01:09:17 [abdullateef] INFO  com.example.tailormaster.filter.LoggingInterceptor - User 'abdullateef' is requesting: GET /tailor-master/customers/datatable
2025-04-29 01:09:17 [abdullateef] INFO  com.example.tailormaster.controller.CustomerController - Fetching customers data with search value: , sort direction: asc, start date: null, end date: null
2025-04-29 01:09:23 [abdullateef] INFO  com.example.tailormaster.filter.LoggingInterceptor - User 'abdullateef' is requesting: GET /tailor-master/customers/details/JE16kA4bXCAReFYHeGR3eLcmjMy2kQEQbxDI2N68Saw=
2025-04-29 01:09:23 [abdullateef] INFO  com.example.tailormaster.controller.CustomerController - Displaying details for customer ID (encrypted): JE16kA4bXCAReFYHeGR3eLcmjMy2kQEQbxDI2N68Saw=
2025-04-29 01:09:23 [abdullateef] INFO  com.example.tailormaster.controller.CustomerController - Fetched customer details: Customer(fullName=LedgerTest2, phoneNumber=03455566778, enabled=false)
2025-04-29 01:09:23 [abdullateef] INFO  com.example.tailormaster.controller.CustomerController - Fetched measurement details: [CustomerMeasurement(customer=Customer(fullName=LedgerTest2, phoneNumber=03455566778, enabled=false), product=Product(type=QAMEEZ, name=قميض, description=, price=2000.00, enabled=true), chest=34, sleeveLength=32, shoulder=67, hips=null, waist=null, barcode=LedgerTest203455566778-e8b94c60-8e2d-45dd-8150-ffff8ece3778), CustomerMeasurement(customer=Customer(fullName=LedgerTest2, phoneNumber=03455566778, enabled=false), product=Product(type=SHALWAR, name=شلوار, description=, price=500.00, enabled=true), chest=null, sleeveLength=null, shoulder=null, hips=23, waist=33, barcode=LedgerTest203455566778-be33d5f9-34f0-4a35-b2a5-6b757a54f8f0)]
2025-04-29 01:09:23 [abdullateef] INFO  com.example.tailormaster.filter.LoggingInterceptor - User 'abdullateef' is requesting: GET /tailor-master/dashboard/notifications/upcoming-deliveries
2025-04-29 01:09:23 [abdullateef] INFO  com.example.tailormaster.controller.dashboard.DashboardController - Requested upcoming deliveries.
2025-04-29 01:09:23 [abdullateef] INFO  com.example.tailormaster.service.dashboard.DashboardService - Upcoming deliveries fetched: 11
2025-04-29 01:09:23 [abdullateef] INFO  com.example.tailormaster.controller.dashboard.DashboardController - Upcoming deliveries fetched: 11
2025-04-29 01:12:44 [] INFO  org.springframework.boot.web.embedded.tomcat.GracefulShutdown - Commencing graceful shutdown. Waiting for active requests to complete
2025-04-29 01:12:46 [] INFO  org.springframework.boot.web.embedded.tomcat.GracefulShutdown - Graceful shutdown complete
2025-04-29 01:12:46 [] INFO  org.springframework.orm.jpa.LocalContainerEntityManagerFactoryBean - Closing JPA EntityManagerFactory for persistence unit 'default'
2025-04-29 01:12:46 [] INFO  com.zaxxer.hikari.HikariDataSource - HikariPool-1 - Shutdown initiated...
2025-04-29 01:12:46 [] INFO  com.zaxxer.hikari.HikariDataSource - HikariPool-1 - Shutdown completed.
2025-04-29 23:23:51 [] INFO  org.hibernate.validator.internal.util.Version - HV000001: Hibernate Validator 8.0.2.Final
2025-04-29 23:23:51 [] INFO  com.example.tailormaster.TailorMasterAppApplication - Starting TailorMasterAppApplication using Java 17.0.2 with PID 16760 (E:\Development-Workspaces\tailor-master-app\tailor-master-app\target\classes started by wajiz.pk in E:\Development-Workspaces\tailor-master-app\tailor-master-app)
2025-04-29 23:23:51 [] INFO  com.example.tailormaster.TailorMasterAppApplication - No active profile set, falling back to 1 default profile: "default"
2025-04-29 23:23:51 [] INFO  org.springframework.boot.devtools.env.DevToolsPropertyDefaultsPostProcessor - Devtools property defaults active! Set 'spring.devtools.add-properties' to 'false' to disable
2025-04-29 23:23:51 [] INFO  org.springframework.boot.devtools.env.DevToolsPropertyDefaultsPostProcessor - For additional web related logging consider setting the 'logging.level.web' property to 'DEBUG'
2025-04-29 23:23:53 [] INFO  org.springframework.data.repository.config.RepositoryConfigurationDelegate - Bootstrapping Spring Data JPA repositories in DEFAULT mode.
2025-04-29 23:23:53 [] INFO  org.springframework.data.repository.config.RepositoryConfigurationDelegate - Finished Spring Data repository scanning in 169 ms. Found 9 JPA repository interfaces.
2025-04-29 23:23:54 [] INFO  org.springframework.boot.web.embedded.tomcat.TomcatWebServer - Tomcat initialized with port 8080 (http)
2025-04-29 23:23:54 [] INFO  org.apache.coyote.http11.Http11NioProtocol - Initializing ProtocolHandler ["http-nio-8080"]
2025-04-29 23:23:54 [] INFO  org.apache.catalina.core.StandardService - Starting service [Tomcat]
2025-04-29 23:23:54 [] INFO  org.apache.catalina.core.StandardEngine - Starting Servlet engine: [Apache Tomcat/10.1.40]
2025-04-29 23:23:54 [] INFO  org.apache.catalina.core.ContainerBase.[Tomcat].[localhost].[/tailor-master] - Initializing Spring embedded WebApplicationContext
2025-04-29 23:23:54 [] INFO  org.springframework.boot.web.servlet.context.ServletWebServerApplicationContext - Root WebApplicationContext: initialization completed in 3256 ms
2025-04-29 23:23:54 [] INFO  org.hibernate.jpa.internal.util.LogHelper - HHH000204: Processing PersistenceUnitInfo [name: default]
2025-04-29 23:23:55 [] INFO  org.hibernate.Version - HHH000412: Hibernate ORM core version 6.6.4.Final
2025-04-29 23:23:55 [] INFO  org.hibernate.cache.internal.RegionFactoryInitiator - HHH000026: Second-level cache disabled
2025-04-29 23:23:55 [] INFO  org.springframework.orm.jpa.persistenceunit.SpringPersistenceUnitInfo - No LoadTimeWeaver setup: ignoring JPA class transformer
2025-04-29 23:23:55 [] INFO  com.zaxxer.hikari.HikariDataSource - HikariPool-1 - Starting...
2025-04-29 23:23:56 [] INFO  com.zaxxer.hikari.pool.HikariPool - HikariPool-1 - Added connection com.mysql.cj.jdbc.ConnectionImpl@7c63892
2025-04-29 23:23:56 [] INFO  com.zaxxer.hikari.HikariDataSource - HikariPool-1 - Start completed.
2025-04-29 23:23:56 [] INFO  org.hibernate.orm.connections.pooling - HHH10001005: Database info:
	Database JDBC URL [Connecting through datasource 'HikariDataSource (HikariPool-1)']
	Database driver: undefined/unknown
	Database version: 8.0.28
	Autocommit mode: undefined/unknown
	Isolation level: undefined/unknown
	Minimum pool size: undefined/unknown
	Maximum pool size: undefined/unknown
2025-04-29 23:23:59 [] INFO  org.hibernate.engine.transaction.jta.platform.internal.JtaPlatformInitiator - HHH000489: No JTA platform available (set 'hibernate.transaction.jta.platform' to enable JTA platform integration)
2025-04-29 23:23:59 [] INFO  org.springframework.orm.jpa.LocalContainerEntityManagerFactoryBean - Initialized JPA EntityManagerFactory for persistence unit 'default'
2025-04-29 23:24:00 [] INFO  org.springframework.data.jpa.repository.query.QueryEnhancerFactory - Hibernate is in classpath; If applicable, HQL parser will be used.
2025-04-29 23:24:03 [] WARN  org.springframework.boot.autoconfigure.orm.jpa.JpaBaseConfiguration$JpaWebConfiguration - spring.jpa.open-in-view is enabled by default. Therefore, database queries may be performed during view rendering. Explicitly configure spring.jpa.open-in-view to disable this warning
2025-04-29 23:24:03 [] INFO  org.springframework.security.config.annotation.authentication.configuration.InitializeAuthenticationProviderBeanManagerConfigurer$InitializeAuthenticationProviderManagerConfigurer - Global AuthenticationManager configured with AuthenticationProvider bean with name authenticationProvider
2025-04-29 23:24:03 [] WARN  org.springframework.security.config.annotation.authentication.configuration.InitializeUserDetailsBeanManagerConfigurer$InitializeUserDetailsManagerConfigurer - Global AuthenticationManager configured with an AuthenticationProvider bean. UserDetailsService beans will not be used by Spring Security for automatically configuring username/password login. Consider removing the AuthenticationProvider bean. Alternatively, consider using the UserDetailsService in a manually instantiated DaoAuthenticationProvider. If the current configuration is intentional, to turn off this warning, increase the logging level of 'org.springframework.security.config.annotation.authentication.configuration.InitializeUserDetailsBeanManagerConfigurer' to ERROR
2025-04-29 23:24:04 [] INFO  org.springframework.boot.devtools.autoconfigure.OptionalLiveReloadServer - LiveReload server is running on port 35729
2025-04-29 23:24:04 [] INFO  org.apache.coyote.http11.Http11NioProtocol - Starting ProtocolHandler ["http-nio-8080"]
2025-04-29 23:24:04 [] INFO  org.springframework.boot.web.embedded.tomcat.TomcatWebServer - Tomcat started on port 8080 (http) with context path '/tailor-master'
2025-04-29 23:24:04 [] INFO  com.example.tailormaster.TailorMasterAppApplication - Started TailorMasterAppApplication in 14.593 seconds (process running for 19.14)
2025-04-29 23:25:20 [] INFO  org.apache.catalina.core.ContainerBase.[Tomcat].[localhost].[/tailor-master] - Initializing Spring DispatcherServlet 'dispatcherServlet'
2025-04-29 23:25:20 [] INFO  org.springframework.web.servlet.DispatcherServlet - Initializing Servlet 'dispatcherServlet'
2025-04-29 23:25:20 [] INFO  org.springframework.web.servlet.DispatcherServlet - Completed initialization in 3 ms
2025-04-29 23:25:20 [] WARN  org.apache.catalina.util.SessionIdGeneratorBase - Creation of SecureRandom instance for session ID generation using [SHA1PRNG] took [142] milliseconds.
2025-04-29 23:25:20 [ANONYMOUS] INFO  com.example.tailormaster.filter.LoggingInterceptor - User 'ANONYMOUS' is requesting: GET /tailor-master/login
2025-04-29 23:25:20 [ANONYMOUS] INFO  com.example.tailormaster.controller.AuthController - Accessed login page
2025-04-29 23:25:34 [abdullateef] INFO  com.example.tailormaster.filter.LoggingInterceptor - User 'abdullateef' is requesting: GET /tailor-master/dashboard
2025-04-29 23:25:35 [abdullateef] INFO  com.example.tailormaster.controller.AuthController - User 'abdullateef' accessed the dashboard
2025-04-29 23:25:36 [abdullateef] INFO  com.example.tailormaster.filter.LoggingInterceptor - User 'abdullateef' is requesting: GET /tailor-master/dashboard/notifications/upcoming-deliveries
2025-04-29 23:25:36 [abdullateef] INFO  com.example.tailormaster.filter.LoggingInterceptor - User 'abdullateef' is requesting: GET /tailor-master/dashboard/total-customers
2025-04-29 23:25:36 [abdullateef] INFO  com.example.tailormaster.filter.LoggingInterceptor - User 'abdullateef' is requesting: GET /tailor-master/dashboard/total-orders
2025-04-29 23:25:36 [abdullateef] INFO  com.example.tailormaster.controller.dashboard.DashboardController - Requested upcoming deliveries.
2025-04-29 23:25:36 [abdullateef] INFO  com.example.tailormaster.controller.dashboard.DashboardController - Requested total customers.
2025-04-29 23:25:36 [abdullateef] INFO  com.example.tailormaster.filter.LoggingInterceptor - User 'abdullateef' is requesting: GET /tailor-master/dashboard/pending-payments
2025-04-29 23:25:36 [abdullateef] INFO  com.example.tailormaster.controller.dashboard.DashboardController - Requested total orders.
2025-04-29 23:25:36 [abdullateef] INFO  com.example.tailormaster.controller.dashboard.DashboardController - Requested pending payments.
2025-04-29 23:25:36 [abdullateef] INFO  com.example.tailormaster.service.dashboard.DashboardService - Total pending payments: 9
2025-04-29 23:25:36 [abdullateef] INFO  com.example.tailormaster.controller.dashboard.DashboardController - Pending payments: 9
2025-04-29 23:25:36 [abdullateef] INFO  com.example.tailormaster.filter.LoggingInterceptor - User 'abdullateef' is requesting: GET /tailor-master/dashboard/revenue-this-month
2025-04-29 23:25:36 [abdullateef] INFO  com.example.tailormaster.filter.LoggingInterceptor - User 'abdullateef' is requesting: GET /tailor-master/dashboard/monthly-revenue-trends
2025-04-29 23:25:36 [abdullateef] INFO  com.example.tailormaster.controller.dashboard.DashboardController - Requested revenue-this-month.
2025-04-29 23:25:36 [abdullateef] INFO  com.example.tailormaster.service.dashboard.DashboardService - Upcoming deliveries fetched: 11
2025-04-29 23:25:36 [abdullateef] INFO  com.example.tailormaster.controller.dashboard.DashboardController - Upcoming deliveries fetched: 11
2025-04-29 23:25:36 [abdullateef] INFO  com.example.tailormaster.controller.dashboard.DashboardController - Requested monthly-revenue-trends.
2025-04-29 23:25:36 [abdullateef] INFO  com.example.tailormaster.service.dashboard.DashboardService - Revenue this month: 348000.00
2025-04-29 23:25:36 [abdullateef] INFO  com.example.tailormaster.controller.dashboard.DashboardController - Revenue this month: 348000.00
2025-04-29 23:25:36 [abdullateef] INFO  com.example.tailormaster.filter.LoggingInterceptor - User 'abdullateef' is requesting: GET /tailor-master/dashboard/order-status-counts
2025-04-29 23:25:36 [abdullateef] INFO  com.example.tailormaster.controller.dashboard.DashboardController - Requested order-status-counts.
2025-04-29 23:25:36 [abdullateef] INFO  com.example.tailormaster.service.dashboard.DashboardService - Order status counts: {Cancelled=2, Pending=9, InProgress=2, Completed=60, Ready for Pickup=7}
2025-04-29 23:25:36 [abdullateef] INFO  com.example.tailormaster.controller.dashboard.DashboardController - Order status counts: {Cancelled=2, Pending=9, InProgress=2, Completed=60, Ready for Pickup=7}
2025-04-29 23:25:36 [abdullateef] INFO  com.example.tailormaster.filter.LoggingInterceptor - User 'abdullateef' is requesting: GET /tailor-master/dashboard/customers/top
2025-04-29 23:25:36 [abdullateef] INFO  com.example.tailormaster.filter.LoggingInterceptor - User 'abdullateef' is requesting: GET /tailor-master/dashboard/recent-orders
2025-04-29 23:25:36 [abdullateef] INFO  com.example.tailormaster.controller.dashboard.DashboardController - Requested top customers.
2025-04-29 23:25:36 [abdullateef] INFO  com.example.tailormaster.service.dashboard.DashboardService - Top customers fetched: 5
2025-04-29 23:25:36 [abdullateef] INFO  com.example.tailormaster.controller.dashboard.DashboardController - Top customers fetched: 5
2025-04-29 23:25:36 [abdullateef] INFO  com.example.tailormaster.service.dashboard.DashboardService - Monthly revenue trends fetched successfully
2025-04-29 23:25:36 [abdullateef] INFO  com.example.tailormaster.controller.dashboard.DashboardController - Requested recent-orders.
2025-04-29 23:25:36 [abdullateef] INFO  com.example.tailormaster.service.dashboard.DashboardService - Recent orders fetched: 5 orders
2025-04-29 23:25:36 [abdullateef] INFO  com.example.tailormaster.controller.dashboard.DashboardController - Recent orders fetched: 5
2025-04-29 23:25:36 [abdullateef] INFO  com.example.tailormaster.service.dashboard.DashboardService - Total customers: 40
2025-04-29 23:25:36 [abdullateef] INFO  com.example.tailormaster.controller.dashboard.DashboardController - Total customers: 40
2025-04-29 23:25:36 [abdullateef] INFO  com.example.tailormaster.service.dashboard.DashboardService - Total orders: 73
2025-04-29 23:25:36 [abdullateef] INFO  com.example.tailormaster.controller.dashboard.DashboardController - Total orders: 73
2025-04-29 23:25:40 [abdullateef] INFO  com.example.tailormaster.filter.LoggingInterceptor - User 'abdullateef' is requesting: GET /tailor-master/customers
2025-04-29 23:25:41 [abdullateef] INFO  com.example.tailormaster.filter.LoggingInterceptor - User 'abdullateef' is requesting: GET /tailor-master/dashboard/notifications/upcoming-deliveries
2025-04-29 23:25:41 [abdullateef] INFO  com.example.tailormaster.controller.dashboard.DashboardController - Requested upcoming deliveries.
2025-04-29 23:25:41 [abdullateef] INFO  com.example.tailormaster.service.dashboard.DashboardService - Upcoming deliveries fetched: 11
2025-04-29 23:25:41 [abdullateef] INFO  com.example.tailormaster.controller.dashboard.DashboardController - Upcoming deliveries fetched: 11
2025-04-29 23:25:41 [abdullateef] INFO  com.example.tailormaster.filter.LoggingInterceptor - User 'abdullateef' is requesting: GET /tailor-master/customers/datatable
2025-04-29 23:25:41 [abdullateef] INFO  com.example.tailormaster.controller.CustomerController - Fetching customers data with search value: , sort direction: asc, start date: null, end date: null
2025-04-29 23:25:43 [abdullateef] INFO  com.example.tailormaster.filter.LoggingInterceptor - User 'abdullateef' is requesting: GET /tailor-master/customers/details/4Jv6vk8DiEX6sjeDtgL002RWAxvYncSVsSuJzLdZ6Do=
2025-04-29 23:25:43 [abdullateef] INFO  com.example.tailormaster.controller.CustomerController - Displaying details for customer ID (encrypted): 4Jv6vk8DiEX6sjeDtgL002RWAxvYncSVsSuJzLdZ6Do=
2025-04-29 23:25:43 [abdullateef] INFO  com.example.tailormaster.controller.CustomerController - Fetched customer details: Customer(fullName=LedgerTest3, phoneNumber=03219988776, enabled=false)
2025-04-29 23:25:43 [abdullateef] INFO  com.example.tailormaster.controller.CustomerController - Fetched measurement details: [CustomerMeasurement(customer=Customer(fullName=LedgerTest3, phoneNumber=03219988776, enabled=false), product=Product(type=SHALWAR, name=شلوار, description=, price=500.00, enabled=true), chest=null, sleeveLength=null, shoulder=null, hips=22, waist=34, barcode=LedgerTest303219988776-6fccaec9-e05e-459b-8f12-70f13381b24a), CustomerMeasurement(customer=Customer(fullName=LedgerTest3, phoneNumber=03219988776, enabled=false), product=Product(type=QAMEEZ, name=قميض, description=, price=2000.00, enabled=true), chest=34, sleeveLength=32, shoulder=23, hips=null, waist=null, barcode=LedgerTest303219988776-1b6b5e86-06cd-4c1e-b7e4-e43ce15cd165)]
2025-04-29 23:25:44 [abdullateef] INFO  com.example.tailormaster.filter.LoggingInterceptor - User 'abdullateef' is requesting: GET /tailor-master/dashboard/notifications/upcoming-deliveries
2025-04-29 23:25:44 [abdullateef] INFO  com.example.tailormaster.controller.dashboard.DashboardController - Requested upcoming deliveries.
2025-04-29 23:25:44 [abdullateef] INFO  com.example.tailormaster.service.dashboard.DashboardService - Upcoming deliveries fetched: 11
2025-04-29 23:25:44 [abdullateef] INFO  com.example.tailormaster.controller.dashboard.DashboardController - Upcoming deliveries fetched: 11
2025-04-29 23:27:27 [abdullateef] INFO  com.example.tailormaster.filter.LoggingInterceptor - User 'abdullateef' is requesting: GET /tailor-master/customers
2025-04-29 23:27:29 [abdullateef] INFO  com.example.tailormaster.filter.LoggingInterceptor - User 'abdullateef' is requesting: GET /tailor-master/dashboard/notifications/upcoming-deliveries
2025-04-29 23:27:29 [abdullateef] INFO  com.example.tailormaster.controller.dashboard.DashboardController - Requested upcoming deliveries.
2025-04-29 23:27:29 [abdullateef] INFO  com.example.tailormaster.service.dashboard.DashboardService - Upcoming deliveries fetched: 11
2025-04-29 23:27:29 [abdullateef] INFO  com.example.tailormaster.controller.dashboard.DashboardController - Upcoming deliveries fetched: 11
2025-04-29 23:27:29 [abdullateef] INFO  com.example.tailormaster.filter.LoggingInterceptor - User 'abdullateef' is requesting: GET /tailor-master/customers/datatable
2025-04-29 23:27:29 [abdullateef] INFO  com.example.tailormaster.controller.CustomerController - Fetching customers data with search value: , sort direction: asc, start date: null, end date: null
2025-04-29 23:27:32 [abdullateef] INFO  com.example.tailormaster.filter.LoggingInterceptor - User 'abdullateef' is requesting: GET /tailor-master/customers/details/u_Ppnz7O1_fOiDXF-v3v0jrOoLs4L3S-QwKfbRJaw_c=
2025-04-29 23:27:32 [abdullateef] INFO  com.example.tailormaster.controller.CustomerController - Displaying details for customer ID (encrypted): u_Ppnz7O1_fOiDXF-v3v0jrOoLs4L3S-QwKfbRJaw_c=
2025-04-29 23:27:32 [abdullateef] INFO  com.example.tailormaster.controller.CustomerController - Fetched customer details: Customer(fullName=LedgerTest2, phoneNumber=03455566778, enabled=false)
2025-04-29 23:27:32 [abdullateef] INFO  com.example.tailormaster.controller.CustomerController - Fetched measurement details: [CustomerMeasurement(customer=Customer(fullName=LedgerTest2, phoneNumber=03455566778, enabled=false), product=Product(type=QAMEEZ, name=قميض, description=, price=2000.00, enabled=true), chest=34, sleeveLength=32, shoulder=67, hips=null, waist=null, barcode=LedgerTest203455566778-e8b94c60-8e2d-45dd-8150-ffff8ece3778), CustomerMeasurement(customer=Customer(fullName=LedgerTest2, phoneNumber=03455566778, enabled=false), product=Product(type=SHALWAR, name=شلوار, description=, price=500.00, enabled=true), chest=null, sleeveLength=null, shoulder=null, hips=23, waist=33, barcode=LedgerTest203455566778-be33d5f9-34f0-4a35-b2a5-6b757a54f8f0)]
2025-04-29 23:27:32 [abdullateef] INFO  com.example.tailormaster.filter.LoggingInterceptor - User 'abdullateef' is requesting: GET /tailor-master/dashboard/notifications/upcoming-deliveries
2025-04-29 23:27:32 [abdullateef] INFO  com.example.tailormaster.controller.dashboard.DashboardController - Requested upcoming deliveries.
2025-04-29 23:27:32 [abdullateef] INFO  com.example.tailormaster.service.dashboard.DashboardService - Upcoming deliveries fetched: 11
2025-04-29 23:27:32 [abdullateef] INFO  com.example.tailormaster.controller.dashboard.DashboardController - Upcoming deliveries fetched: 11
2025-04-29 23:27:40 [abdullateef] INFO  com.example.tailormaster.filter.LoggingInterceptor - User 'abdullateef' is requesting: GET /tailor-master/customers
2025-04-29 23:27:40 [abdullateef] INFO  com.example.tailormaster.filter.LoggingInterceptor - User 'abdullateef' is requesting: GET /tailor-master/dashboard/notifications/upcoming-deliveries
2025-04-29 23:27:40 [abdullateef] INFO  com.example.tailormaster.controller.dashboard.DashboardController - Requested upcoming deliveries.
2025-04-29 23:27:40 [abdullateef] INFO  com.example.tailormaster.service.dashboard.DashboardService - Upcoming deliveries fetched: 11
2025-04-29 23:27:40 [abdullateef] INFO  com.example.tailormaster.filter.LoggingInterceptor - User 'abdullateef' is requesting: GET /tailor-master/customers/datatable
2025-04-29 23:27:40 [abdullateef] INFO  com.example.tailormaster.controller.dashboard.DashboardController - Upcoming deliveries fetched: 11
2025-04-29 23:27:40 [abdullateef] INFO  com.example.tailormaster.controller.CustomerController - Fetching customers data with search value: , sort direction: asc, start date: null, end date: null
2025-04-29 23:27:42 [abdullateef] INFO  com.example.tailormaster.filter.LoggingInterceptor - User 'abdullateef' is requesting: GET /tailor-master/customers/datatable
2025-04-29 23:27:42 [abdullateef] INFO  com.example.tailormaster.controller.CustomerController - Fetching customers data with search value: , sort direction: asc, start date: null, end date: null
2025-04-29 23:27:44 [abdullateef] INFO  com.example.tailormaster.filter.LoggingInterceptor - User 'abdullateef' is requesting: GET /tailor-master/customers/datatable
2025-04-29 23:27:44 [abdullateef] INFO  com.example.tailormaster.controller.CustomerController - Fetching customers data with search value: , sort direction: asc, start date: null, end date: null
2025-04-29 23:27:45 [abdullateef] INFO  com.example.tailormaster.filter.LoggingInterceptor - User 'abdullateef' is requesting: GET /tailor-master/customers/datatable
2025-04-29 23:27:45 [abdullateef] INFO  com.example.tailormaster.controller.CustomerController - Fetching customers data with search value: , sort direction: asc, start date: null, end date: null
2025-04-29 23:27:52 [abdullateef] INFO  com.example.tailormaster.filter.LoggingInterceptor - User 'abdullateef' is requesting: GET /tailor-master/orders/create/g3rWs64pvI0gjSFLcKTYVEkX2wF4ilkmO75-Nsrn9SI=
2025-04-29 23:27:52 [abdullateef] INFO  com.example.tailormaster.controller.OrderController - Displaying create order form for customer ID: g3rWs64pvI0gjSFLcKTYVEkX2wF4ilkmO75-Nsrn9SI=
2025-04-29 23:27:53 [abdullateef] INFO  com.example.tailormaster.filter.LoggingInterceptor - User 'abdullateef' is requesting: GET /tailor-master/dashboard/notifications/upcoming-deliveries
2025-04-29 23:27:53 [abdullateef] INFO  com.example.tailormaster.controller.dashboard.DashboardController - Requested upcoming deliveries.
2025-04-29 23:27:53 [abdullateef] INFO  com.example.tailormaster.service.dashboard.DashboardService - Upcoming deliveries fetched: 11
2025-04-29 23:27:53 [abdullateef] INFO  com.example.tailormaster.controller.dashboard.DashboardController - Upcoming deliveries fetched: 11
2025-04-29 23:28:11 [abdullateef] INFO  com.example.tailormaster.filter.LoggingInterceptor - User 'abdullateef' is requesting: POST /tailor-master/orders/create
2025-04-29 23:28:12 [abdullateef] INFO  com.example.tailormaster.controller.OrderController - Attempting to create a new order for customer ID: A1n0GjlFmXVIokd6QqyBbPw6vD2Lqbc1JoUwLwStBnM=
2025-04-29 23:28:12 [abdullateef] INFO  com.example.tailormaster.service.product.ProductService - Fetching product by ID: 1
2025-04-29 23:28:12 [abdullateef] INFO  com.example.tailormaster.service.product.ProductService - Fetching product by ID: 2
2025-04-29 23:28:12 [abdullateef] INFO  com.example.tailormaster.service.order.OrderService - Order saved with ID: 99
2025-04-29 23:28:12 [abdullateef] INFO  com.example.tailormaster.controller.OrderController - Order created successfully: Order(customer=Customer(fullName=Ali, phoneNumber=03224499112, enabled=false), orderDate=2025-04-29, deliveryDate=2025-04-30, advancePayment=0, duePayment=7500.00, totalProductAmount=7500.00, orderId=GT-250429-003, user=User(username=abdullateef, fullName=Abdul Lateef, fathersName=null, phone1=03453759863, phone2=, dateOfBirth=2000-01-01, shopName=غازي ٽيلرز, proprietorName=Abdul Lateef, shopAddress=Sachal Goth, Block-B, Near PCSIR Laboratory, Gulshan-e-Iqbal, Karachi., shortCode=GT, enabled=true), status=PENDING, cabinetNo=null, pickupStatus=NOT_PICKED_UP, pickupDate=null, pickedUpWithDue=false, outstandingDueAmount=0, paidAmount=0)
2025-04-29 23:28:12 [abdullateef] INFO  com.example.tailormaster.filter.LoggingInterceptor - User 'abdullateef' is requesting: GET /tailor-master/orders
2025-04-29 23:28:12 [abdullateef] INFO  com.example.tailormaster.controller.OrderController - User accessed the orders list page.
2025-04-29 23:28:12 [abdullateef] INFO  com.example.tailormaster.filter.LoggingInterceptor - User 'abdullateef' is requesting: GET /tailor-master/dashboard/notifications/upcoming-deliveries
2025-04-29 23:28:12 [abdullateef] INFO  com.example.tailormaster.controller.dashboard.DashboardController - Requested upcoming deliveries.
2025-04-29 23:28:12 [abdullateef] INFO  com.example.tailormaster.service.dashboard.DashboardService - Upcoming deliveries fetched: 12
2025-04-29 23:28:12 [abdullateef] INFO  com.example.tailormaster.controller.dashboard.DashboardController - Upcoming deliveries fetched: 12
2025-04-29 23:28:12 [abdullateef] INFO  com.example.tailormaster.filter.LoggingInterceptor - User 'abdullateef' is requesting: GET /tailor-master/orders/datatable
2025-04-29 23:28:12 [abdullateef] INFO  com.example.tailormaster.controller.OrderController - Fetching paginated orders for datatable - draw: 1, start: 0, length: 10, search: , column: 0, direction: asc, startDate: null, endDate: null
2025-04-29 23:28:14 [abdullateef] INFO  com.example.tailormaster.filter.LoggingInterceptor - User 'abdullateef' is requesting: GET /tailor-master/orders/details/1uWUlIF-2lkFrbtlSJHClQ2RSNx6RNNQMYQCAnUl1IA=
2025-04-29 23:28:14 [abdullateef] INFO  com.example.tailormaster.controller.OrderController - Displaying order details: Order(customer=Customer(fullName=Ali, phoneNumber=03224499112, enabled=false), orderDate=2025-04-29, deliveryDate=2025-04-30, advancePayment=0.00, duePayment=7500.00, totalProductAmount=7500.00, orderId=GT-250429-003, user=User(username=abdullateef, fullName=Abdul Lateef, fathersName=null, phone1=03453759863, phone2=, dateOfBirth=2000-01-01, shopName=غازي ٽيلرز, proprietorName=Abdul Lateef, shopAddress=Sachal Goth, Block-B, Near PCSIR Laboratory, Gulshan-e-Iqbal, Karachi., shortCode=GT, enabled=true), status=PENDING, cabinetNo=null, pickupStatus=NOT_PICKED_UP, pickupDate=null, pickedUpWithDue=false, outstandingDueAmount=0.00, paidAmount=0.00)
2025-04-29 23:28:15 [abdullateef] INFO  com.example.tailormaster.filter.LoggingInterceptor - User 'abdullateef' is requesting: GET /tailor-master/dashboard/notifications/upcoming-deliveries
2025-04-29 23:28:15 [abdullateef] INFO  com.example.tailormaster.controller.dashboard.DashboardController - Requested upcoming deliveries.
2025-04-29 23:28:15 [abdullateef] INFO  com.example.tailormaster.service.dashboard.DashboardService - Upcoming deliveries fetched: 12
2025-04-29 23:28:15 [abdullateef] INFO  com.example.tailormaster.controller.dashboard.DashboardController - Upcoming deliveries fetched: 12
2025-04-29 23:28:20 [abdullateef] INFO  com.example.tailormaster.filter.LoggingInterceptor - User 'abdullateef' is requesting: GET /tailor-master/orders
2025-04-29 23:28:20 [abdullateef] INFO  com.example.tailormaster.controller.OrderController - User accessed the orders list page.
2025-04-29 23:28:20 [abdullateef] INFO  com.example.tailormaster.filter.LoggingInterceptor - User 'abdullateef' is requesting: GET /tailor-master/dashboard/notifications/upcoming-deliveries
2025-04-29 23:28:20 [abdullateef] INFO  com.example.tailormaster.controller.dashboard.DashboardController - Requested upcoming deliveries.
2025-04-29 23:28:20 [abdullateef] INFO  com.example.tailormaster.service.dashboard.DashboardService - Upcoming deliveries fetched: 12
2025-04-29 23:28:20 [abdullateef] INFO  com.example.tailormaster.controller.dashboard.DashboardController - Upcoming deliveries fetched: 12
2025-04-29 23:28:20 [abdullateef] INFO  com.example.tailormaster.filter.LoggingInterceptor - User 'abdullateef' is requesting: GET /tailor-master/orders/datatable
2025-04-29 23:28:20 [abdullateef] INFO  com.example.tailormaster.controller.OrderController - Fetching paginated orders for datatable - draw: 1, start: 0, length: 10, search: , column: 0, direction: asc, startDate: null, endDate: null
2025-04-29 23:28:21 [abdullateef] INFO  com.example.tailormaster.filter.LoggingInterceptor - User 'abdullateef' is requesting: GET /tailor-master/customers
2025-04-29 23:28:21 [abdullateef] INFO  com.example.tailormaster.filter.LoggingInterceptor - User 'abdullateef' is requesting: GET /tailor-master/dashboard/notifications/upcoming-deliveries
2025-04-29 23:28:21 [abdullateef] INFO  com.example.tailormaster.controller.dashboard.DashboardController - Requested upcoming deliveries.
2025-04-29 23:28:21 [abdullateef] INFO  com.example.tailormaster.filter.LoggingInterceptor - User 'abdullateef' is requesting: GET /tailor-master/customers/datatable
2025-04-29 23:28:22 [abdullateef] INFO  com.example.tailormaster.controller.CustomerController - Fetching customers data with search value: , sort direction: asc, start date: null, end date: null
2025-04-29 23:28:22 [abdullateef] INFO  com.example.tailormaster.service.dashboard.DashboardService - Upcoming deliveries fetched: 12
2025-04-29 23:28:22 [abdullateef] INFO  com.example.tailormaster.controller.dashboard.DashboardController - Upcoming deliveries fetched: 12
2025-04-29 23:28:26 [abdullateef] INFO  com.example.tailormaster.filter.LoggingInterceptor - User 'abdullateef' is requesting: GET /tailor-master/customers/datatable
2025-04-29 23:28:26 [abdullateef] INFO  com.example.tailormaster.controller.CustomerController - Fetching customers data with search value: , sort direction: asc, start date: null, end date: null
2025-04-29 23:28:28 [abdullateef] INFO  com.example.tailormaster.filter.LoggingInterceptor - User 'abdullateef' is requesting: GET /tailor-master/customers/datatable
2025-04-29 23:28:28 [abdullateef] INFO  com.example.tailormaster.controller.CustomerController - Fetching customers data with search value: , sort direction: asc, start date: null, end date: null
2025-04-29 23:28:29 [abdullateef] INFO  com.example.tailormaster.filter.LoggingInterceptor - User 'abdullateef' is requesting: GET /tailor-master/customers/details/GpNUJ6Nra21vPWC0mYmzxohWQwBb8yHa-bsbYRMP2Cg=
2025-04-29 23:28:29 [abdullateef] INFO  com.example.tailormaster.controller.CustomerController - Displaying details for customer ID (encrypted): GpNUJ6Nra21vPWC0mYmzxohWQwBb8yHa-bsbYRMP2Cg=
2025-04-29 23:28:29 [abdullateef] INFO  com.example.tailormaster.controller.CustomerController - Fetched customer details: Customer(fullName=Ali, phoneNumber=03224499112, enabled=false)
2025-04-29 23:28:29 [abdullateef] INFO  com.example.tailormaster.controller.CustomerController - Fetched measurement details: [CustomerMeasurement(customer=Customer(fullName=Ali, phoneNumber=03224499112, enabled=false), product=Product(type=QAMEEZ, name=قميض, description=, price=2000.00, enabled=true), chest=35, sleeveLength=32, shoulder=67, hips=null, waist=null, barcode=Ali03224499112-83ed7fb6-eaad-42e1-ac41-372436cd7b67), CustomerMeasurement(customer=Customer(fullName=Ali, phoneNumber=03224499112, enabled=false), product=Product(type=SHALWAR, name=شلوار, description=, price=500.00, enabled=true), chest=null, sleeveLength=null, shoulder=null, hips=11, waist=22, barcode=Ali03224499112-0cdef070-fa57-4255-975d-1716d95df63f)]
2025-04-29 23:28:30 [abdullateef] INFO  com.example.tailormaster.filter.LoggingInterceptor - User 'abdullateef' is requesting: GET /tailor-master/dashboard/notifications/upcoming-deliveries
2025-04-29 23:28:30 [abdullateef] INFO  com.example.tailormaster.controller.dashboard.DashboardController - Requested upcoming deliveries.
2025-04-29 23:28:30 [abdullateef] INFO  com.example.tailormaster.service.dashboard.DashboardService - Upcoming deliveries fetched: 12
2025-04-29 23:28:30 [abdullateef] INFO  com.example.tailormaster.controller.dashboard.DashboardController - Upcoming deliveries fetched: 12
2025-04-29 23:28:56 [abdullateef] INFO  com.example.tailormaster.filter.LoggingInterceptor - User 'abdullateef' is requesting: GET /tailor-master/orders
2025-04-29 23:28:56 [abdullateef] INFO  com.example.tailormaster.controller.OrderController - User accessed the orders list page.
2025-04-29 23:28:56 [abdullateef] INFO  com.example.tailormaster.filter.LoggingInterceptor - User 'abdullateef' is requesting: GET /tailor-master/dashboard/notifications/upcoming-deliveries
2025-04-29 23:28:56 [abdullateef] INFO  com.example.tailormaster.controller.dashboard.DashboardController - Requested upcoming deliveries.
2025-04-29 23:28:56 [abdullateef] INFO  com.example.tailormaster.service.dashboard.DashboardService - Upcoming deliveries fetched: 12
2025-04-29 23:28:56 [abdullateef] INFO  com.example.tailormaster.controller.dashboard.DashboardController - Upcoming deliveries fetched: 12
2025-04-29 23:28:56 [abdullateef] INFO  com.example.tailormaster.filter.LoggingInterceptor - User 'abdullateef' is requesting: GET /tailor-master/orders/datatable
2025-04-29 23:28:56 [abdullateef] INFO  com.example.tailormaster.controller.OrderController - Fetching paginated orders for datatable - draw: 1, start: 0, length: 10, search: , column: 0, direction: asc, startDate: null, endDate: null
2025-04-29 23:28:58 [abdullateef] INFO  com.example.tailormaster.filter.LoggingInterceptor - User 'abdullateef' is requesting: GET /tailor-master/orders/datatable
2025-04-29 23:28:58 [abdullateef] INFO  com.example.tailormaster.controller.OrderController - Fetching paginated orders for datatable - draw: 2, start: 70, length: 10, search: , column: 0, direction: asc, startDate: null, endDate: null
2025-04-29 23:29:01 [abdullateef] INFO  com.example.tailormaster.filter.LoggingInterceptor - User 'abdullateef' is requesting: GET /tailor-master/orders/details/I21wG2VSnqUPtSpvjj_lLFZwnbLvZJvvk5QFrpS2eiI=
2025-04-29 23:29:01 [abdullateef] INFO  com.example.tailormaster.controller.OrderController - Displaying order details: Order(customer=Customer(fullName=Ali, phoneNumber=03224499112, enabled=false), orderDate=2025-04-29, deliveryDate=2025-04-30, advancePayment=0.00, duePayment=7500.00, totalProductAmount=7500.00, orderId=GT-250429-003, user=User(username=abdullateef, fullName=Abdul Lateef, fathersName=null, phone1=03453759863, phone2=, dateOfBirth=2000-01-01, shopName=غازي ٽيلرز, proprietorName=Abdul Lateef, shopAddress=Sachal Goth, Block-B, Near PCSIR Laboratory, Gulshan-e-Iqbal, Karachi., shortCode=GT, enabled=true), status=PENDING, cabinetNo=null, pickupStatus=NOT_PICKED_UP, pickupDate=null, pickedUpWithDue=false, outstandingDueAmount=0.00, paidAmount=0.00)
2025-04-29 23:29:01 [abdullateef] INFO  com.example.tailormaster.filter.LoggingInterceptor - User 'abdullateef' is requesting: GET /tailor-master/dashboard/notifications/upcoming-deliveries
2025-04-29 23:29:01 [abdullateef] INFO  com.example.tailormaster.controller.dashboard.DashboardController - Requested upcoming deliveries.
2025-04-29 23:29:01 [abdullateef] INFO  com.example.tailormaster.service.dashboard.DashboardService - Upcoming deliveries fetched: 12
2025-04-29 23:29:01 [abdullateef] INFO  com.example.tailormaster.controller.dashboard.DashboardController - Upcoming deliveries fetched: 12
2025-04-29 23:29:07 [abdullateef] INFO  com.example.tailormaster.filter.LoggingInterceptor - User 'abdullateef' is requesting: POST /tailor-master/orders/update-order-status
2025-04-29 23:29:07 [abdullateef] INFO  com.example.tailormaster.controller.OrderController - Attempting to update order status for order ID: 99
2025-04-29 23:29:07 [abdullateef] INFO  com.example.tailormaster.service.order.OrderService - Order Status updated with ID: 99
2025-04-29 23:29:07 [abdullateef] INFO  com.example.tailormaster.controller.OrderController - Order status updated successfully for ID: 99
2025-04-29 23:29:11 [abdullateef] INFO  com.example.tailormaster.filter.LoggingInterceptor - User 'abdullateef' is requesting: GET /tailor-master/orders
2025-04-29 23:29:11 [abdullateef] INFO  com.example.tailormaster.controller.OrderController - User accessed the orders list page.
2025-04-29 23:29:11 [abdullateef] INFO  com.example.tailormaster.filter.LoggingInterceptor - User 'abdullateef' is requesting: GET /tailor-master/dashboard/notifications/upcoming-deliveries
2025-04-29 23:29:11 [abdullateef] INFO  com.example.tailormaster.controller.dashboard.DashboardController - Requested upcoming deliveries.
2025-04-29 23:29:11 [abdullateef] INFO  com.example.tailormaster.filter.LoggingInterceptor - User 'abdullateef' is requesting: GET /tailor-master/orders/datatable
2025-04-29 23:29:11 [abdullateef] INFO  com.example.tailormaster.service.dashboard.DashboardService - Upcoming deliveries fetched: 11
2025-04-29 23:29:11 [abdullateef] INFO  com.example.tailormaster.controller.dashboard.DashboardController - Upcoming deliveries fetched: 11
2025-04-29 23:29:11 [abdullateef] INFO  com.example.tailormaster.controller.OrderController - Fetching paginated orders for datatable - draw: 1, start: 0, length: 10, search: , column: 0, direction: asc, startDate: null, endDate: null
2025-04-29 23:29:13 [abdullateef] INFO  com.example.tailormaster.filter.LoggingInterceptor - User 'abdullateef' is requesting: GET /tailor-master/orders/datatable
2025-04-29 23:29:13 [abdullateef] INFO  com.example.tailormaster.controller.OrderController - Fetching paginated orders for datatable - draw: 2, start: 70, length: 10, search: , column: 0, direction: asc, startDate: null, endDate: null
2025-04-29 23:29:26 [abdullateef] INFO  com.example.tailormaster.filter.LoggingInterceptor - User 'abdullateef' is requesting: POST /tailor-master/orders/pickup
2025-04-29 23:29:26 [abdullateef] INFO  com.example.tailormaster.controller.OrderController - Attempting to mark order as picked up with ID: CspPmkx_q5Fzc3rO5opz761upL4k87XL3Ap3Z4pSgZE= and amount received: 5000
2025-04-29 23:29:26 [abdullateef] INFO  com.example.tailormaster.service.order.OrderService - Attempting the Order: Order(customer=Customer(fullName=Ali, phoneNumber=03224499112, enabled=false), orderDate=2025-04-29, deliveryDate=2025-04-30, advancePayment=0.00, duePayment=7500.00, totalProductAmount=7500.00, orderId=GT-250429-003, user=User(username=abdullateef, fullName=Abdul Lateef, fathersName=null, phone1=03453759863, phone2=, dateOfBirth=2000-01-01, shopName=غازي ٽيلرز, proprietorName=Abdul Lateef, shopAddress=Sachal Goth, Block-B, Near PCSIR Laboratory, Gulshan-e-Iqbal, Karachi., shortCode=GT, enabled=true), status=COMPLETED, cabinetNo=11, pickupStatus=NOT_PICKED_UP, pickupDate=null, pickedUpWithDue=false, outstandingDueAmount=0.00, paidAmount=0.00) mark as picked up with amount received: 5000
2025-04-29 23:29:26 [abdullateef] INFO  com.example.tailormaster.service.order.OrderService - Order with ID 99 marked as picked up. Amount received: 5000, Outstanding due: 2500.00
2025-04-29 23:29:26 [abdullateef] INFO  com.example.tailormaster.controller.OrderController - Order request processed successfully for ID: 99
2025-04-29 23:29:26 [abdullateef] INFO  com.example.tailormaster.filter.LoggingInterceptor - User 'abdullateef' is requesting: GET /tailor-master/orders/datatable
2025-04-29 23:29:26 [abdullateef] INFO  com.example.tailormaster.controller.OrderController - Fetching paginated orders for datatable - draw: 3, start: 70, length: 10, search: , column: 0, direction: asc, startDate: null, endDate: null
2025-04-29 23:29:30 [abdullateef] INFO  com.example.tailormaster.filter.LoggingInterceptor - User 'abdullateef' is requesting: GET /tailor-master/customers
2025-04-29 23:29:30 [abdullateef] INFO  com.example.tailormaster.filter.LoggingInterceptor - User 'abdullateef' is requesting: GET /tailor-master/dashboard/notifications/upcoming-deliveries
2025-04-29 23:29:30 [abdullateef] INFO  com.example.tailormaster.controller.dashboard.DashboardController - Requested upcoming deliveries.
2025-04-29 23:29:30 [abdullateef] INFO  com.example.tailormaster.filter.LoggingInterceptor - User 'abdullateef' is requesting: GET /tailor-master/customers/datatable
2025-04-29 23:29:30 [abdullateef] INFO  com.example.tailormaster.service.dashboard.DashboardService - Upcoming deliveries fetched: 11
2025-04-29 23:29:30 [abdullateef] INFO  com.example.tailormaster.controller.dashboard.DashboardController - Upcoming deliveries fetched: 11
2025-04-29 23:29:30 [abdullateef] INFO  com.example.tailormaster.controller.CustomerController - Fetching customers data with search value: , sort direction: asc, start date: null, end date: null
2025-04-29 23:29:33 [abdullateef] INFO  com.example.tailormaster.filter.LoggingInterceptor - User 'abdullateef' is requesting: GET /tailor-master/customers/datatable
2025-04-29 23:29:33 [abdullateef] INFO  com.example.tailormaster.controller.CustomerController - Fetching customers data with search value: a, sort direction: asc, start date: null, end date: null
2025-04-29 23:29:34 [abdullateef] INFO  com.example.tailormaster.filter.LoggingInterceptor - User 'abdullateef' is requesting: GET /tailor-master/customers/datatable
2025-04-29 23:29:34 [abdullateef] INFO  com.example.tailormaster.controller.CustomerController - Fetching customers data with search value: ali, sort direction: asc, start date: null, end date: null
2025-04-29 23:29:37 [abdullateef] INFO  com.example.tailormaster.filter.LoggingInterceptor - User 'abdullateef' is requesting: GET /tailor-master/customers/details/jCo1-IJ-xAnd1vlpsdaaPRACNq5rPhlyg2mhyeeFS7g=
2025-04-29 23:29:37 [abdullateef] INFO  com.example.tailormaster.controller.CustomerController - Displaying details for customer ID (encrypted): jCo1-IJ-xAnd1vlpsdaaPRACNq5rPhlyg2mhyeeFS7g=
2025-04-29 23:29:37 [abdullateef] INFO  com.example.tailormaster.controller.CustomerController - Fetched customer details: Customer(fullName=Ali, phoneNumber=03224499112, enabled=false)
2025-04-29 23:29:37 [abdullateef] INFO  com.example.tailormaster.controller.CustomerController - Fetched measurement details: [CustomerMeasurement(customer=Customer(fullName=Ali, phoneNumber=03224499112, enabled=false), product=Product(type=QAMEEZ, name=قميض, description=, price=2000.00, enabled=true), chest=35, sleeveLength=32, shoulder=67, hips=null, waist=null, barcode=Ali03224499112-83ed7fb6-eaad-42e1-ac41-372436cd7b67), CustomerMeasurement(customer=Customer(fullName=Ali, phoneNumber=03224499112, enabled=false), product=Product(type=SHALWAR, name=شلوار, description=, price=500.00, enabled=true), chest=null, sleeveLength=null, shoulder=null, hips=11, waist=22, barcode=Ali03224499112-0cdef070-fa57-4255-975d-1716d95df63f)]
2025-04-29 23:29:37 [abdullateef] INFO  com.example.tailormaster.filter.LoggingInterceptor - User 'abdullateef' is requesting: GET /tailor-master/dashboard/notifications/upcoming-deliveries
2025-04-29 23:29:37 [abdullateef] INFO  com.example.tailormaster.controller.dashboard.DashboardController - Requested upcoming deliveries.
2025-04-29 23:29:37 [abdullateef] INFO  com.example.tailormaster.service.dashboard.DashboardService - Upcoming deliveries fetched: 11
2025-04-29 23:29:37 [abdullateef] INFO  com.example.tailormaster.controller.dashboard.DashboardController - Upcoming deliveries fetched: 11
2025-04-29 23:29:55 [abdullateef] INFO  com.example.tailormaster.filter.LoggingInterceptor - User 'abdullateef' is requesting: GET /tailor-master/orders/pending-payments
2025-04-29 23:29:55 [abdullateef] INFO  com.example.tailormaster.controller.OrderController - User accessed the pending payments page.
2025-04-29 23:29:56 [abdullateef] INFO  com.example.tailormaster.filter.LoggingInterceptor - User 'abdullateef' is requesting: GET /tailor-master/dashboard/notifications/upcoming-deliveries
2025-04-29 23:29:56 [abdullateef] INFO  com.example.tailormaster.controller.dashboard.DashboardController - Requested upcoming deliveries.
2025-04-29 23:29:56 [abdullateef] INFO  com.example.tailormaster.service.dashboard.DashboardService - Upcoming deliveries fetched: 11
2025-04-29 23:29:56 [abdullateef] INFO  com.example.tailormaster.controller.dashboard.DashboardController - Upcoming deliveries fetched: 11
2025-04-29 23:30:27 [abdullateef] INFO  com.example.tailormaster.filter.LoggingInterceptor - User 'abdullateef' is requesting: POST /tailor-master/orders/pending-payments/pay
2025-04-29 23:30:27 [abdullateef] INFO  com.example.tailormaster.controller.OrderController - Attempting to process payment of 1000 for order ID: V37693EtjLuxQ7RjbOvUybmcRSma76cP4PGGq2ISzo8=
2025-04-29 23:30:27 [abdullateef] INFO  com.example.tailormaster.service.order.OrderService - Attempting the process payment for Order: Order(customer=Customer(fullName=Ali, phoneNumber=03224499112, enabled=false), orderDate=2025-04-29, deliveryDate=2025-04-30, advancePayment=0.00, duePayment=7500.00, totalProductAmount=7500.00, orderId=GT-250429-003, user=User(username=abdullateef, fullName=Abdul Lateef, fathersName=null, phone1=03453759863, phone2=, dateOfBirth=2000-01-01, shopName=غازي ٽيلرز, proprietorName=Abdul Lateef, shopAddress=Sachal Goth, Block-B, Near PCSIR Laboratory, Gulshan-e-Iqbal, Karachi., shortCode=GT, enabled=true), status=COMPLETED, cabinetNo=11, pickupStatus=PICKED_UP, pickupDate=2025-04-29T23:29:26, pickedUpWithDue=true, outstandingDueAmount=2500.00, paidAmount=5000.00)
2025-04-29 23:30:33 [abdullateef] INFO  com.example.tailormaster.service.order.OrderService - Payment of 1000 processed for Order: Order(customer=Customer(fullName=Ali, phoneNumber=03224499112, enabled=false), orderDate=2025-04-29, deliveryDate=2025-04-30, advancePayment=0.00, duePayment=7500.00, totalProductAmount=7500.00, orderId=GT-250429-003, user=User(username=abdullateef, fullName=Abdul Lateef, fathersName=null, phone1=03453759863, phone2=, dateOfBirth=2000-01-01, shopName=غازي ٽيلرز, proprietorName=Abdul Lateef, shopAddress=Sachal Goth, Block-B, Near PCSIR Laboratory, Gulshan-e-Iqbal, Karachi., shortCode=GT, enabled=true), status=COMPLETED, cabinetNo=11, pickupStatus=PICKED_UP, pickupDate=2025-04-29T23:29:26, pickedUpWithDue=true, outstandingDueAmount=1500.00, paidAmount=6000.00)
2025-04-29 23:30:33 [abdullateef] INFO  com.example.tailormaster.controller.OrderController - Order request processed successfully for ID: 99
2025-04-29 23:30:35 [abdullateef] INFO  com.example.tailormaster.filter.LoggingInterceptor - User 'abdullateef' is requesting: GET /tailor-master/orders/pending-payments
2025-04-29 23:30:35 [abdullateef] INFO  com.example.tailormaster.controller.OrderController - User accessed the pending payments page.
2025-04-29 23:30:35 [abdullateef] INFO  com.example.tailormaster.filter.LoggingInterceptor - User 'abdullateef' is requesting: GET /tailor-master/dashboard/notifications/upcoming-deliveries
2025-04-29 23:30:35 [abdullateef] INFO  com.example.tailormaster.controller.dashboard.DashboardController - Requested upcoming deliveries.
2025-04-29 23:30:35 [abdullateef] INFO  com.example.tailormaster.service.dashboard.DashboardService - Upcoming deliveries fetched: 11
2025-04-29 23:30:35 [abdullateef] INFO  com.example.tailormaster.controller.dashboard.DashboardController - Upcoming deliveries fetched: 11
2025-04-29 23:30:51 [abdullateef] INFO  com.example.tailormaster.filter.LoggingInterceptor - User 'abdullateef' is requesting: POST /tailor-master/orders/pending-payments/pay
2025-04-29 23:30:51 [abdullateef] INFO  com.example.tailormaster.controller.OrderController - Attempting to process payment of 500 for order ID: 0krDPVB99g7qPCi2qUrQa1l8NTB4aFuofdAoRwTSP-s=
2025-04-29 23:30:51 [abdullateef] INFO  com.example.tailormaster.service.order.OrderService - Attempting the process payment for Order: Order(customer=Customer(fullName=Ali, phoneNumber=03224499112, enabled=false), orderDate=2025-04-29, deliveryDate=2025-04-30, advancePayment=0.00, duePayment=7500.00, totalProductAmount=7500.00, orderId=GT-250429-003, user=User(username=abdullateef, fullName=Abdul Lateef, fathersName=null, phone1=03453759863, phone2=, dateOfBirth=2000-01-01, shopName=غازي ٽيلرز, proprietorName=Abdul Lateef, shopAddress=Sachal Goth, Block-B, Near PCSIR Laboratory, Gulshan-e-Iqbal, Karachi., shortCode=GT, enabled=true), status=COMPLETED, cabinetNo=11, pickupStatus=PICKED_UP, pickupDate=2025-04-29T23:29:26, pickedUpWithDue=true, outstandingDueAmount=1500.00, paidAmount=6000.00)
2025-04-29 23:30:51 [abdullateef] INFO  com.example.tailormaster.service.order.OrderService - Payment of 500 processed for Order: Order(customer=Customer(fullName=Ali, phoneNumber=03224499112, enabled=false), orderDate=2025-04-29, deliveryDate=2025-04-30, advancePayment=0.00, duePayment=7500.00, totalProductAmount=7500.00, orderId=GT-250429-003, user=User(username=abdullateef, fullName=Abdul Lateef, fathersName=null, phone1=03453759863, phone2=, dateOfBirth=2000-01-01, shopName=غازي ٽيلرز, proprietorName=Abdul Lateef, shopAddress=Sachal Goth, Block-B, Near PCSIR Laboratory, Gulshan-e-Iqbal, Karachi., shortCode=GT, enabled=true), status=COMPLETED, cabinetNo=11, pickupStatus=PICKED_UP, pickupDate=2025-04-29T23:29:26, pickedUpWithDue=true, outstandingDueAmount=1000.00, paidAmount=6500.00)
2025-04-29 23:30:51 [abdullateef] INFO  com.example.tailormaster.controller.OrderController - Order request processed successfully for ID: 99
2025-04-29 23:30:53 [abdullateef] INFO  com.example.tailormaster.filter.LoggingInterceptor - User 'abdullateef' is requesting: GET /tailor-master/orders/pending-payments
2025-04-29 23:30:54 [abdullateef] INFO  com.example.tailormaster.controller.OrderController - User accessed the pending payments page.
2025-04-29 23:30:54 [abdullateef] INFO  com.example.tailormaster.filter.LoggingInterceptor - User 'abdullateef' is requesting: GET /tailor-master/dashboard/notifications/upcoming-deliveries
2025-04-29 23:30:54 [abdullateef] INFO  com.example.tailormaster.controller.dashboard.DashboardController - Requested upcoming deliveries.
2025-04-29 23:30:54 [abdullateef] INFO  com.example.tailormaster.service.dashboard.DashboardService - Upcoming deliveries fetched: 11
2025-04-29 23:30:54 [abdullateef] INFO  com.example.tailormaster.controller.dashboard.DashboardController - Upcoming deliveries fetched: 11
2025-04-29 23:31:00 [abdullateef] INFO  com.example.tailormaster.filter.LoggingInterceptor - User 'abdullateef' is requesting: GET /tailor-master/customers
2025-04-29 23:31:01 [abdullateef] INFO  com.example.tailormaster.filter.LoggingInterceptor - User 'abdullateef' is requesting: GET /tailor-master/dashboard/notifications/upcoming-deliveries
2025-04-29 23:31:01 [abdullateef] INFO  com.example.tailormaster.controller.dashboard.DashboardController - Requested upcoming deliveries.
2025-04-29 23:31:01 [abdullateef] INFO  com.example.tailormaster.filter.LoggingInterceptor - User 'abdullateef' is requesting: GET /tailor-master/customers/datatable
2025-04-29 23:31:01 [abdullateef] INFO  com.example.tailormaster.service.dashboard.DashboardService - Upcoming deliveries fetched: 11
2025-04-29 23:31:01 [abdullateef] INFO  com.example.tailormaster.controller.dashboard.DashboardController - Upcoming deliveries fetched: 11
2025-04-29 23:31:01 [abdullateef] INFO  com.example.tailormaster.controller.CustomerController - Fetching customers data with search value: , sort direction: asc, start date: null, end date: null
2025-04-29 23:31:04 [abdullateef] INFO  com.example.tailormaster.filter.LoggingInterceptor - User 'abdullateef' is requesting: GET /tailor-master/customers/datatable
2025-04-29 23:31:04 [abdullateef] INFO  com.example.tailormaster.controller.CustomerController - Fetching customers data with search value: a, sort direction: asc, start date: null, end date: null
2025-04-29 23:31:05 [abdullateef] INFO  com.example.tailormaster.filter.LoggingInterceptor - User 'abdullateef' is requesting: GET /tailor-master/customers/datatable
2025-04-29 23:31:05 [abdullateef] INFO  com.example.tailormaster.controller.CustomerController - Fetching customers data with search value: ali, sort direction: asc, start date: null, end date: null
2025-04-29 23:31:07 [abdullateef] INFO  com.example.tailormaster.filter.LoggingInterceptor - User 'abdullateef' is requesting: GET /tailor-master/customers/details/Hwmos0JZf31DWsAZ_uGInrlV0TDnVanAe5tOMp_Nbqw=
2025-04-29 23:31:07 [abdullateef] INFO  com.example.tailormaster.controller.CustomerController - Displaying details for customer ID (encrypted): Hwmos0JZf31DWsAZ_uGInrlV0TDnVanAe5tOMp_Nbqw=
2025-04-29 23:31:07 [abdullateef] INFO  com.example.tailormaster.controller.CustomerController - Fetched customer details: Customer(fullName=Ali, phoneNumber=03224499112, enabled=false)
2025-04-29 23:31:07 [abdullateef] INFO  com.example.tailormaster.controller.CustomerController - Fetched measurement details: [CustomerMeasurement(customer=Customer(fullName=Ali, phoneNumber=03224499112, enabled=false), product=Product(type=QAMEEZ, name=قميض, description=, price=2000.00, enabled=true), chest=35, sleeveLength=32, shoulder=67, hips=null, waist=null, barcode=Ali03224499112-83ed7fb6-eaad-42e1-ac41-372436cd7b67), CustomerMeasurement(customer=Customer(fullName=Ali, phoneNumber=03224499112, enabled=false), product=Product(type=SHALWAR, name=شلوار, description=, price=500.00, enabled=true), chest=null, sleeveLength=null, shoulder=null, hips=11, waist=22, barcode=Ali03224499112-0cdef070-fa57-4255-975d-1716d95df63f)]
2025-04-29 23:31:07 [abdullateef] INFO  com.example.tailormaster.filter.LoggingInterceptor - User 'abdullateef' is requesting: GET /tailor-master/dashboard/notifications/upcoming-deliveries
2025-04-29 23:31:07 [abdullateef] INFO  com.example.tailormaster.controller.dashboard.DashboardController - Requested upcoming deliveries.
2025-04-29 23:31:07 [abdullateef] INFO  com.example.tailormaster.service.dashboard.DashboardService - Upcoming deliveries fetched: 11
2025-04-29 23:31:07 [abdullateef] INFO  com.example.tailormaster.controller.dashboard.DashboardController - Upcoming deliveries fetched: 11
2025-04-29 23:31:39 [abdullateef] INFO  com.example.tailormaster.filter.LoggingInterceptor - User 'abdullateef' is requesting: GET /tailor-master/orders/pending-payments
2025-04-29 23:31:39 [abdullateef] INFO  com.example.tailormaster.controller.OrderController - User accessed the pending payments page.
2025-04-29 23:31:39 [abdullateef] INFO  com.example.tailormaster.filter.LoggingInterceptor - User 'abdullateef' is requesting: GET /tailor-master/dashboard/notifications/upcoming-deliveries
2025-04-29 23:31:39 [abdullateef] INFO  com.example.tailormaster.controller.dashboard.DashboardController - Requested upcoming deliveries.
2025-04-29 23:31:39 [abdullateef] INFO  com.example.tailormaster.service.dashboard.DashboardService - Upcoming deliveries fetched: 11
2025-04-29 23:31:39 [abdullateef] INFO  com.example.tailormaster.controller.dashboard.DashboardController - Upcoming deliveries fetched: 11
2025-04-29 23:31:43 [abdullateef] INFO  com.example.tailormaster.filter.LoggingInterceptor - User 'abdullateef' is requesting: POST /tailor-master/orders/pending-payments/pay
2025-04-29 23:31:43 [abdullateef] INFO  com.example.tailormaster.controller.OrderController - Attempting to process payment of 1000 for order ID: 4mJ_7lzkDVVMkLOVoEVdgHkyGFBURY2TivK5I7ZvW5s=
2025-04-29 23:31:43 [abdullateef] INFO  com.example.tailormaster.service.order.OrderService - Attempting the process payment for Order: Order(customer=Customer(fullName=Ali, phoneNumber=03224499112, enabled=false), orderDate=2025-04-29, deliveryDate=2025-04-30, advancePayment=0.00, duePayment=7500.00, totalProductAmount=7500.00, orderId=GT-250429-003, user=User(username=abdullateef, fullName=Abdul Lateef, fathersName=null, phone1=03453759863, phone2=, dateOfBirth=2000-01-01, shopName=غازي ٽيلرز, proprietorName=Abdul Lateef, shopAddress=Sachal Goth, Block-B, Near PCSIR Laboratory, Gulshan-e-Iqbal, Karachi., shortCode=GT, enabled=true), status=COMPLETED, cabinetNo=11, pickupStatus=PICKED_UP, pickupDate=2025-04-29T23:29:26, pickedUpWithDue=true, outstandingDueAmount=1000.00, paidAmount=6500.00)
2025-04-29 23:31:43 [abdullateef] INFO  com.example.tailormaster.service.order.OrderService - Payment of 1000 processed for Order: Order(customer=Customer(fullName=Ali, phoneNumber=03224499112, enabled=false), orderDate=2025-04-29, deliveryDate=2025-04-30, advancePayment=0.00, duePayment=7500.00, totalProductAmount=7500.00, orderId=GT-250429-003, user=User(username=abdullateef, fullName=Abdul Lateef, fathersName=null, phone1=03453759863, phone2=, dateOfBirth=2000-01-01, shopName=غازي ٽيلرز, proprietorName=Abdul Lateef, shopAddress=Sachal Goth, Block-B, Near PCSIR Laboratory, Gulshan-e-Iqbal, Karachi., shortCode=GT, enabled=true), status=COMPLETED, cabinetNo=11, pickupStatus=PICKED_UP, pickupDate=2025-04-29T23:29:26, pickedUpWithDue=true, outstandingDueAmount=0.00, paidAmount=7500.00)
2025-04-29 23:31:43 [abdullateef] INFO  com.example.tailormaster.controller.OrderController - Order request processed successfully for ID: 99
2025-04-29 23:31:45 [abdullateef] INFO  com.example.tailormaster.filter.LoggingInterceptor - User 'abdullateef' is requesting: GET /tailor-master/orders/pending-payments
2025-04-29 23:31:45 [abdullateef] INFO  com.example.tailormaster.controller.OrderController - User accessed the pending payments page.
2025-04-29 23:31:46 [abdullateef] INFO  com.example.tailormaster.filter.LoggingInterceptor - User 'abdullateef' is requesting: GET /tailor-master/dashboard/notifications/upcoming-deliveries
2025-04-29 23:31:46 [abdullateef] INFO  com.example.tailormaster.controller.dashboard.DashboardController - Requested upcoming deliveries.
2025-04-29 23:31:46 [abdullateef] INFO  com.example.tailormaster.service.dashboard.DashboardService - Upcoming deliveries fetched: 11
2025-04-29 23:31:46 [abdullateef] INFO  com.example.tailormaster.controller.dashboard.DashboardController - Upcoming deliveries fetched: 11
2025-04-29 23:31:52 [abdullateef] INFO  com.example.tailormaster.filter.LoggingInterceptor - User 'abdullateef' is requesting: GET /tailor-master/customers
2025-04-29 23:31:52 [abdullateef] INFO  com.example.tailormaster.filter.LoggingInterceptor - User 'abdullateef' is requesting: GET /tailor-master/dashboard/notifications/upcoming-deliveries
2025-04-29 23:31:52 [abdullateef] INFO  com.example.tailormaster.controller.dashboard.DashboardController - Requested upcoming deliveries.
2025-04-29 23:31:52 [abdullateef] INFO  com.example.tailormaster.filter.LoggingInterceptor - User 'abdullateef' is requesting: GET /tailor-master/customers/datatable
2025-04-29 23:31:52 [abdullateef] INFO  com.example.tailormaster.service.dashboard.DashboardService - Upcoming deliveries fetched: 11
2025-04-29 23:31:52 [abdullateef] INFO  com.example.tailormaster.controller.dashboard.DashboardController - Upcoming deliveries fetched: 11
2025-04-29 23:31:52 [abdullateef] INFO  com.example.tailormaster.controller.CustomerController - Fetching customers data with search value: , sort direction: asc, start date: null, end date: null
2025-04-29 23:31:55 [abdullateef] INFO  com.example.tailormaster.filter.LoggingInterceptor - User 'abdullateef' is requesting: GET /tailor-master/customers/datatable
2025-04-29 23:31:55 [abdullateef] INFO  com.example.tailormaster.controller.CustomerController - Fetching customers data with search value: a, sort direction: asc, start date: null, end date: null
2025-04-29 23:31:56 [abdullateef] INFO  com.example.tailormaster.filter.LoggingInterceptor - User 'abdullateef' is requesting: GET /tailor-master/customers/datatable
2025-04-29 23:31:56 [abdullateef] INFO  com.example.tailormaster.controller.CustomerController - Fetching customers data with search value: ali, sort direction: asc, start date: null, end date: null
2025-04-29 23:31:58 [abdullateef] INFO  com.example.tailormaster.filter.LoggingInterceptor - User 'abdullateef' is requesting: GET /tailor-master/customers/details/0TuXVjZFnUvT4e44t3nQNnlEUf-ziCLY8IguBiKJfP4=
2025-04-29 23:31:58 [abdullateef] INFO  com.example.tailormaster.controller.CustomerController - Displaying details for customer ID (encrypted): 0TuXVjZFnUvT4e44t3nQNnlEUf-ziCLY8IguBiKJfP4=
2025-04-29 23:31:58 [abdullateef] INFO  com.example.tailormaster.controller.CustomerController - Fetched customer details: Customer(fullName=Ali, phoneNumber=03224499112, enabled=false)
2025-04-29 23:31:58 [abdullateef] INFO  com.example.tailormaster.controller.CustomerController - Fetched measurement details: [CustomerMeasurement(customer=Customer(fullName=Ali, phoneNumber=03224499112, enabled=false), product=Product(type=QAMEEZ, name=قميض, description=, price=2000.00, enabled=true), chest=35, sleeveLength=32, shoulder=67, hips=null, waist=null, barcode=Ali03224499112-83ed7fb6-eaad-42e1-ac41-372436cd7b67), CustomerMeasurement(customer=Customer(fullName=Ali, phoneNumber=03224499112, enabled=false), product=Product(type=SHALWAR, name=شلوار, description=, price=500.00, enabled=true), chest=null, sleeveLength=null, shoulder=null, hips=11, waist=22, barcode=Ali03224499112-0cdef070-fa57-4255-975d-1716d95df63f)]
2025-04-29 23:31:58 [abdullateef] INFO  com.example.tailormaster.filter.LoggingInterceptor - User 'abdullateef' is requesting: GET /tailor-master/dashboard/notifications/upcoming-deliveries
2025-04-29 23:31:58 [abdullateef] INFO  com.example.tailormaster.controller.dashboard.DashboardController - Requested upcoming deliveries.
2025-04-29 23:31:58 [abdullateef] INFO  com.example.tailormaster.service.dashboard.DashboardService - Upcoming deliveries fetched: 11
2025-04-29 23:31:58 [abdullateef] INFO  com.example.tailormaster.controller.dashboard.DashboardController - Upcoming deliveries fetched: 11
2025-04-29 23:33:53 [abdullateef] INFO  com.example.tailormaster.filter.LoggingInterceptor - User 'abdullateef' is requesting: GET /tailor-master/orders
2025-04-29 23:33:53 [abdullateef] INFO  com.example.tailormaster.controller.OrderController - User accessed the orders list page.
2025-04-29 23:33:54 [abdullateef] INFO  com.example.tailormaster.filter.LoggingInterceptor - User 'abdullateef' is requesting: GET /tailor-master/dashboard/notifications/upcoming-deliveries
2025-04-29 23:33:54 [abdullateef] INFO  com.example.tailormaster.controller.dashboard.DashboardController - Requested upcoming deliveries.
2025-04-29 23:33:54 [abdullateef] INFO  com.example.tailormaster.service.dashboard.DashboardService - Upcoming deliveries fetched: 11
2025-04-29 23:33:54 [abdullateef] INFO  com.example.tailormaster.controller.dashboard.DashboardController - Upcoming deliveries fetched: 11
2025-04-29 23:33:54 [abdullateef] INFO  com.example.tailormaster.filter.LoggingInterceptor - User 'abdullateef' is requesting: GET /tailor-master/orders/datatable
2025-04-29 23:33:54 [abdullateef] INFO  com.example.tailormaster.controller.OrderController - Fetching paginated orders for datatable - draw: 1, start: 0, length: 10, search: , column: 0, direction: asc, startDate: null, endDate: null
2025-04-29 23:40:05 [] INFO  org.springframework.boot.web.embedded.tomcat.GracefulShutdown - Commencing graceful shutdown. Waiting for active requests to complete
2025-04-29 23:40:08 [] INFO  org.springframework.boot.web.embedded.tomcat.GracefulShutdown - Graceful shutdown complete
2025-04-29 23:40:09 [] INFO  org.springframework.orm.jpa.LocalContainerEntityManagerFactoryBean - Closing JPA EntityManagerFactory for persistence unit 'default'
2025-04-29 23:40:09 [] INFO  com.zaxxer.hikari.HikariDataSource - HikariPool-1 - Shutdown initiated...
2025-04-29 23:40:09 [] INFO  com.zaxxer.hikari.HikariDataSource - HikariPool-1 - Shutdown completed.
2025-04-29 23:40:27 [] INFO  org.hibernate.validator.internal.util.Version - HV000001: Hibernate Validator 8.0.2.Final
2025-04-29 23:40:27 [] INFO  com.example.tailormaster.TailorMasterAppApplication - Starting TailorMasterAppApplication using Java 17.0.2 with PID 12020 (E:\Development-Workspaces\tailor-master-app\tailor-master-app\target\classes started by wajiz.pk in E:\Development-Workspaces\tailor-master-app\tailor-master-app)
2025-04-29 23:40:27 [] INFO  com.example.tailormaster.TailorMasterAppApplication - No active profile set, falling back to 1 default profile: "default"
2025-04-29 23:40:27 [] INFO  org.springframework.boot.devtools.env.DevToolsPropertyDefaultsPostProcessor - Devtools property defaults active! Set 'spring.devtools.add-properties' to 'false' to disable
2025-04-29 23:40:27 [] INFO  org.springframework.boot.devtools.env.DevToolsPropertyDefaultsPostProcessor - For additional web related logging consider setting the 'logging.level.web' property to 'DEBUG'
2025-04-29 23:40:29 [] INFO  org.springframework.data.repository.config.RepositoryConfigurationDelegate - Bootstrapping Spring Data JPA repositories in DEFAULT mode.
2025-04-29 23:40:29 [] INFO  org.springframework.data.repository.config.RepositoryConfigurationDelegate - Finished Spring Data repository scanning in 185 ms. Found 9 JPA repository interfaces.
2025-04-29 23:40:30 [] INFO  org.springframework.boot.web.embedded.tomcat.TomcatWebServer - Tomcat initialized with port 8080 (http)
2025-04-29 23:40:30 [] INFO  org.apache.coyote.http11.Http11NioProtocol - Initializing ProtocolHandler ["http-nio-8080"]
2025-04-29 23:40:30 [] INFO  org.apache.catalina.core.StandardService - Starting service [Tomcat]
2025-04-29 23:40:30 [] INFO  org.apache.catalina.core.StandardEngine - Starting Servlet engine: [Apache Tomcat/10.1.40]
2025-04-29 23:40:30 [] INFO  org.apache.catalina.core.ContainerBase.[Tomcat].[localhost].[/tailor-master] - Initializing Spring embedded WebApplicationContext
2025-04-29 23:40:30 [] INFO  org.springframework.boot.web.servlet.context.ServletWebServerApplicationContext - Root WebApplicationContext: initialization completed in 3410 ms
2025-04-29 23:40:31 [] INFO  org.hibernate.jpa.internal.util.LogHelper - HHH000204: Processing PersistenceUnitInfo [name: default]
2025-04-29 23:40:31 [] INFO  org.hibernate.Version - HHH000412: Hibernate ORM core version 6.6.4.Final
2025-04-29 23:40:31 [] INFO  org.hibernate.cache.internal.RegionFactoryInitiator - HHH000026: Second-level cache disabled
2025-04-29 23:40:32 [] INFO  org.springframework.orm.jpa.persistenceunit.SpringPersistenceUnitInfo - No LoadTimeWeaver setup: ignoring JPA class transformer
2025-04-29 23:40:32 [] INFO  com.zaxxer.hikari.HikariDataSource - HikariPool-1 - Starting...
2025-04-29 23:40:32 [] INFO  com.zaxxer.hikari.pool.HikariPool - HikariPool-1 - Added connection com.mysql.cj.jdbc.ConnectionImpl@144718cf
2025-04-29 23:40:32 [] INFO  com.zaxxer.hikari.HikariDataSource - HikariPool-1 - Start completed.
2025-04-29 23:40:33 [] INFO  org.hibernate.orm.connections.pooling - HHH10001005: Database info:
	Database JDBC URL [Connecting through datasource 'HikariDataSource (HikariPool-1)']
	Database driver: undefined/unknown
	Database version: 8.0.28
	Autocommit mode: undefined/unknown
	Isolation level: undefined/unknown
	Minimum pool size: undefined/unknown
	Maximum pool size: undefined/unknown
2025-04-29 23:40:35 [] INFO  org.hibernate.engine.transaction.jta.platform.internal.JtaPlatformInitiator - HHH000489: No JTA platform available (set 'hibernate.transaction.jta.platform' to enable JTA platform integration)
2025-04-29 23:40:35 [] INFO  org.springframework.orm.jpa.LocalContainerEntityManagerFactoryBean - Initialized JPA EntityManagerFactory for persistence unit 'default'
2025-04-29 23:40:36 [] INFO  org.springframework.data.jpa.repository.query.QueryEnhancerFactory - Hibernate is in classpath; If applicable, HQL parser will be used.
2025-04-29 23:40:38 [] WARN  org.springframework.boot.autoconfigure.orm.jpa.JpaBaseConfiguration$JpaWebConfiguration - spring.jpa.open-in-view is enabled by default. Therefore, database queries may be performed during view rendering. Explicitly configure spring.jpa.open-in-view to disable this warning
2025-04-29 23:40:38 [] INFO  org.springframework.security.config.annotation.authentication.configuration.InitializeAuthenticationProviderBeanManagerConfigurer$InitializeAuthenticationProviderManagerConfigurer - Global AuthenticationManager configured with AuthenticationProvider bean with name authenticationProvider
2025-04-29 23:40:38 [] WARN  org.springframework.security.config.annotation.authentication.configuration.InitializeUserDetailsBeanManagerConfigurer$InitializeUserDetailsManagerConfigurer - Global AuthenticationManager configured with an AuthenticationProvider bean. UserDetailsService beans will not be used by Spring Security for automatically configuring username/password login. Consider removing the AuthenticationProvider bean. Alternatively, consider using the UserDetailsService in a manually instantiated DaoAuthenticationProvider. If the current configuration is intentional, to turn off this warning, increase the logging level of 'org.springframework.security.config.annotation.authentication.configuration.InitializeUserDetailsBeanManagerConfigurer' to ERROR
2025-04-29 23:40:39 [] INFO  org.springframework.boot.devtools.autoconfigure.OptionalLiveReloadServer - LiveReload server is running on port 35729
2025-04-29 23:40:39 [] INFO  org.apache.coyote.http11.Http11NioProtocol - Starting ProtocolHandler ["http-nio-8080"]
2025-04-29 23:40:39 [] INFO  org.springframework.boot.web.embedded.tomcat.TomcatWebServer - Tomcat started on port 8080 (http) with context path '/tailor-master'
2025-04-29 23:40:39 [] INFO  com.example.tailormaster.TailorMasterAppApplication - Started TailorMasterAppApplication in 13.484 seconds (process running for 16.321)
2025-04-29 23:40:45 [] INFO  org.apache.catalina.core.ContainerBase.[Tomcat].[localhost].[/tailor-master] - Initializing Spring DispatcherServlet 'dispatcherServlet'
2025-04-29 23:40:45 [] INFO  org.springframework.web.servlet.DispatcherServlet - Initializing Servlet 'dispatcherServlet'
2025-04-29 23:40:45 [] INFO  org.springframework.web.servlet.DispatcherServlet - Completed initialization in 0 ms
2025-04-29 23:40:45 [abdullateef] INFO  com.example.tailormaster.filter.LoggingInterceptor - User 'abdullateef' is requesting: GET /tailor-master/orders
2025-04-29 23:40:46 [abdullateef] INFO  com.example.tailormaster.controller.OrderController - User accessed the orders list page.
2025-04-29 23:40:47 [abdullateef] INFO  com.example.tailormaster.filter.LoggingInterceptor - User 'abdullateef' is requesting: GET /tailor-master/dashboard/notifications/upcoming-deliveries
2025-04-29 23:40:47 [abdullateef] INFO  com.example.tailormaster.controller.dashboard.DashboardController - Requested upcoming deliveries.
2025-04-29 23:40:47 [abdullateef] INFO  com.example.tailormaster.filter.LoggingInterceptor - User 'abdullateef' is requesting: GET /tailor-master/orders/datatable
2025-04-29 23:40:47 [abdullateef] INFO  com.example.tailormaster.controller.OrderController - Fetching paginated orders for datatable - draw: 1, start: 0, length: 10, search: , column: 0, direction: asc, startDate: null, endDate: null
2025-04-29 23:40:47 [abdullateef] INFO  com.example.tailormaster.service.dashboard.DashboardService - Upcoming deliveries fetched: 11
2025-04-29 23:40:47 [abdullateef] INFO  com.example.tailormaster.controller.dashboard.DashboardController - Upcoming deliveries fetched: 11
2025-04-29 23:41:35 [abdullateef] INFO  com.example.tailormaster.filter.LoggingInterceptor - User 'abdullateef' is requesting: GET /tailor-master/orders/datatable
2025-04-29 23:41:35 [abdullateef] INFO  com.example.tailormaster.controller.OrderController - Fetching paginated orders for datatable - draw: 2, start: 10, length: 10, search: , column: 0, direction: asc, startDate: null, endDate: null
2025-04-29 23:41:39 [abdullateef] INFO  com.example.tailormaster.filter.LoggingInterceptor - User 'abdullateef' is requesting: GET /tailor-master/orders/datatable
2025-04-29 23:41:39 [abdullateef] INFO  com.example.tailormaster.controller.OrderController - Fetching paginated orders for datatable - draw: 3, start: 20, length: 10, search: , column: 0, direction: asc, startDate: null, endDate: null
2025-04-29 23:41:42 [abdullateef] INFO  com.example.tailormaster.filter.LoggingInterceptor - User 'abdullateef' is requesting: GET /tailor-master/orders/datatable
2025-04-29 23:41:42 [abdullateef] INFO  com.example.tailormaster.controller.OrderController - Fetching paginated orders for datatable - draw: 4, start: 30, length: 10, search: , column: 0, direction: asc, startDate: null, endDate: null
2025-04-29 23:41:43 [abdullateef] INFO  com.example.tailormaster.filter.LoggingInterceptor - User 'abdullateef' is requesting: GET /tailor-master/orders/datatable
2025-04-29 23:41:43 [abdullateef] INFO  com.example.tailormaster.controller.OrderController - Fetching paginated orders for datatable - draw: 5, start: 40, length: 10, search: , column: 0, direction: asc, startDate: null, endDate: null
2025-04-29 23:41:45 [abdullateef] INFO  com.example.tailormaster.filter.LoggingInterceptor - User 'abdullateef' is requesting: GET /tailor-master/orders/datatable
2025-04-29 23:41:45 [abdullateef] INFO  com.example.tailormaster.controller.OrderController - Fetching paginated orders for datatable - draw: 6, start: 50, length: 10, search: , column: 0, direction: asc, startDate: null, endDate: null
2025-04-29 23:41:47 [abdullateef] INFO  com.example.tailormaster.filter.LoggingInterceptor - User 'abdullateef' is requesting: GET /tailor-master/orders/datatable
2025-04-29 23:41:47 [abdullateef] INFO  com.example.tailormaster.controller.OrderController - Fetching paginated orders for datatable - draw: 7, start: 60, length: 10, search: , column: 0, direction: asc, startDate: null, endDate: null
2025-04-29 23:41:50 [abdullateef] INFO  com.example.tailormaster.filter.LoggingInterceptor - User 'abdullateef' is requesting: GET /tailor-master/orders/datatable
2025-04-29 23:41:50 [abdullateef] INFO  com.example.tailormaster.controller.OrderController - Fetching paginated orders for datatable - draw: 8, start: 70, length: 10, search: , column: 0, direction: asc, startDate: null, endDate: null
2025-04-29 23:41:58 [abdullateef] INFO  com.example.tailormaster.filter.LoggingInterceptor - User 'abdullateef' is requesting: GET /tailor-master/orders/datatable
2025-04-29 23:41:58 [abdullateef] INFO  com.example.tailormaster.controller.OrderController - Fetching paginated orders for datatable - draw: 9, start: 0, length: 10, search: , column: 0, direction: asc, startDate: null, endDate: null
2025-04-29 23:42:05 [abdullateef] INFO  com.example.tailormaster.filter.LoggingInterceptor - User 'abdullateef' is requesting: GET /tailor-master/orders/details/k2Vp7EJ5K031CJeCmDmb-svnqfL3xSX84CbzHWv66AU=
2025-04-29 23:42:05 [abdullateef] INFO  com.example.tailormaster.controller.OrderController - Displaying order details: Order(customer=Customer(fullName=LedgerTest3, phoneNumber=03219988776, enabled=false), orderDate=2025-04-29, deliveryDate=2025-04-30, advancePayment=0.00, duePayment=2500.00, totalProductAmount=2500.00, orderId=GT-250429-002, user=User(username=abdullateef, fullName=Abdul Lateef, fathersName=null, phone1=03453759863, phone2=, dateOfBirth=2000-01-01, shopName=غازي ٽيلرز, proprietorName=Abdul Lateef, shopAddress=Sachal Goth, Block-B, Near PCSIR Laboratory, Gulshan-e-Iqbal, Karachi., shortCode=GT, enabled=true), status=PENDING, cabinetNo=null, pickupStatus=NOT_PICKED_UP, pickupDate=null, pickedUpWithDue=false, outstandingDueAmount=0.00, paidAmount=0.00)
2025-04-29 23:42:05 [abdullateef] INFO  com.example.tailormaster.filter.LoggingInterceptor - User 'abdullateef' is requesting: GET /tailor-master/dashboard/notifications/upcoming-deliveries
2025-04-29 23:42:05 [abdullateef] INFO  com.example.tailormaster.controller.dashboard.DashboardController - Requested upcoming deliveries.
2025-04-29 23:42:05 [abdullateef] INFO  com.example.tailormaster.service.dashboard.DashboardService - Upcoming deliveries fetched: 11
2025-04-29 23:42:05 [abdullateef] INFO  com.example.tailormaster.controller.dashboard.DashboardController - Upcoming deliveries fetched: 11
2025-04-29 23:42:08 [abdullateef] INFO  com.example.tailormaster.filter.LoggingInterceptor - User 'abdullateef' is requesting: POST /tailor-master/orders/update-order-status
2025-04-29 23:42:08 [abdullateef] INFO  com.example.tailormaster.controller.OrderController - Attempting to update order status for order ID: 98
2025-04-29 23:42:08 [abdullateef] INFO  com.example.tailormaster.service.order.OrderService - Order Status updated with ID: 98
2025-04-29 23:42:08 [abdullateef] INFO  com.example.tailormaster.controller.OrderController - Order status updated successfully for ID: 98
2025-04-29 23:42:11 [abdullateef] INFO  com.example.tailormaster.filter.LoggingInterceptor - User 'abdullateef' is requesting: GET /tailor-master/orders
2025-04-29 23:42:11 [abdullateef] INFO  com.example.tailormaster.controller.OrderController - User accessed the orders list page.
2025-04-29 23:42:11 [abdullateef] INFO  com.example.tailormaster.filter.LoggingInterceptor - User 'abdullateef' is requesting: GET /tailor-master/dashboard/notifications/upcoming-deliveries
2025-04-29 23:42:11 [abdullateef] INFO  com.example.tailormaster.controller.dashboard.DashboardController - Requested upcoming deliveries.
2025-04-29 23:42:11 [abdullateef] INFO  com.example.tailormaster.filter.LoggingInterceptor - User 'abdullateef' is requesting: GET /tailor-master/orders/datatable
2025-04-29 23:42:11 [abdullateef] INFO  com.example.tailormaster.controller.OrderController - Fetching paginated orders for datatable - draw: 1, start: 0, length: 10, search: , column: 0, direction: asc, startDate: null, endDate: null
2025-04-29 23:42:11 [abdullateef] INFO  com.example.tailormaster.service.dashboard.DashboardService - Upcoming deliveries fetched: 11
2025-04-29 23:42:11 [abdullateef] INFO  com.example.tailormaster.controller.dashboard.DashboardController - Upcoming deliveries fetched: 11
2025-04-29 23:42:17 [abdullateef] INFO  com.example.tailormaster.filter.LoggingInterceptor - User 'abdullateef' is requesting: GET /tailor-master/orders/details/HXPhcxIx3GwKbmrj7o_WFhkUuno60vLYfrMyJ7s5r_I=
2025-04-29 23:42:17 [abdullateef] INFO  com.example.tailormaster.controller.OrderController - Displaying order details: Order(customer=Customer(fullName=LedgerTest3, phoneNumber=03219988776, enabled=false), orderDate=2025-04-29, deliveryDate=2025-04-30, advancePayment=0.00, duePayment=2500.00, totalProductAmount=2500.00, orderId=GT-250429-002, user=User(username=abdullateef, fullName=Abdul Lateef, fathersName=null, phone1=03453759863, phone2=, dateOfBirth=2000-01-01, shopName=غازي ٽيلرز, proprietorName=Abdul Lateef, shopAddress=Sachal Goth, Block-B, Near PCSIR Laboratory, Gulshan-e-Iqbal, Karachi., shortCode=GT, enabled=true), status=IN_PROGRESS, cabinetNo=null, pickupStatus=NOT_PICKED_UP, pickupDate=null, pickedUpWithDue=false, outstandingDueAmount=0.00, paidAmount=0.00)
2025-04-29 23:42:17 [abdullateef] INFO  com.example.tailormaster.filter.LoggingInterceptor - User 'abdullateef' is requesting: GET /tailor-master/dashboard/notifications/upcoming-deliveries
2025-04-29 23:42:17 [abdullateef] INFO  com.example.tailormaster.controller.dashboard.DashboardController - Requested upcoming deliveries.
2025-04-29 23:42:17 [abdullateef] INFO  com.example.tailormaster.service.dashboard.DashboardService - Upcoming deliveries fetched: 11
2025-04-29 23:42:17 [abdullateef] INFO  com.example.tailormaster.controller.dashboard.DashboardController - Upcoming deliveries fetched: 11
2025-04-29 23:42:28 [abdullateef] INFO  com.example.tailormaster.filter.LoggingInterceptor - User 'abdullateef' is requesting: POST /tailor-master/orders/update-order-status
2025-04-29 23:42:28 [abdullateef] INFO  com.example.tailormaster.controller.OrderController - Attempting to update order status for order ID: 98
2025-04-29 23:42:28 [abdullateef] INFO  com.example.tailormaster.service.order.OrderService - Order Status updated with ID: 98
2025-04-29 23:42:28 [abdullateef] INFO  com.example.tailormaster.controller.OrderController - Order status updated successfully for ID: 98
2025-04-29 23:42:29 [abdullateef] INFO  com.example.tailormaster.filter.LoggingInterceptor - User 'abdullateef' is requesting: GET /tailor-master/orders
2025-04-29 23:42:29 [abdullateef] INFO  com.example.tailormaster.controller.OrderController - User accessed the orders list page.
2025-04-29 23:42:30 [abdullateef] INFO  com.example.tailormaster.filter.LoggingInterceptor - User 'abdullateef' is requesting: GET /tailor-master/dashboard/notifications/upcoming-deliveries
2025-04-29 23:42:30 [abdullateef] INFO  com.example.tailormaster.controller.dashboard.DashboardController - Requested upcoming deliveries.
2025-04-29 23:42:30 [abdullateef] INFO  com.example.tailormaster.service.dashboard.DashboardService - Upcoming deliveries fetched: 10
2025-04-29 23:42:30 [abdullateef] INFO  com.example.tailormaster.controller.dashboard.DashboardController - Upcoming deliveries fetched: 10
2025-04-29 23:42:30 [abdullateef] INFO  com.example.tailormaster.filter.LoggingInterceptor - User 'abdullateef' is requesting: GET /tailor-master/orders/datatable
2025-04-29 23:42:30 [abdullateef] INFO  com.example.tailormaster.controller.OrderController - Fetching paginated orders for datatable - draw: 1, start: 0, length: 10, search: , column: 0, direction: asc, startDate: null, endDate: null
2025-04-29 23:43:09 [abdullateef] INFO  com.example.tailormaster.filter.LoggingInterceptor - User 'abdullateef' is requesting: POST /tailor-master/orders/pickup
2025-04-29 23:43:09 [abdullateef] INFO  com.example.tailormaster.controller.OrderController - Attempting to mark order as picked up with ID: Y18ftdPLg8FL39wE70AnqIfbfiV92VXXHh3sV6MRrzk= and amount received: 2500
2025-04-29 23:43:09 [abdullateef] INFO  com.example.tailormaster.service.order.OrderService - Attempting the Order: Order(customer=Customer(fullName=LedgerTest3, phoneNumber=03219988776, enabled=false), orderDate=2025-04-29, deliveryDate=2025-04-30, advancePayment=0.00, duePayment=2500.00, totalProductAmount=2500.00, orderId=GT-250429-002, user=User(username=abdullateef, fullName=Abdul Lateef, fathersName=null, phone1=03453759863, phone2=, dateOfBirth=2000-01-01, shopName=غازي ٽيلرز, proprietorName=Abdul Lateef, shopAddress=Sachal Goth, Block-B, Near PCSIR Laboratory, Gulshan-e-Iqbal, Karachi., shortCode=GT, enabled=true), status=COMPLETED, cabinetNo=7, pickupStatus=NOT_PICKED_UP, pickupDate=null, pickedUpWithDue=false, outstandingDueAmount=0.00, paidAmount=0.00) mark as picked up with amount received: 2500
2025-04-29 23:43:09 [abdullateef] INFO  com.example.tailormaster.service.order.OrderService - Order with ID 98 marked as picked up. Amount received: 2500, Outstanding due: 0.00
2025-04-29 23:43:09 [abdullateef] INFO  com.example.tailormaster.controller.OrderController - Order request processed successfully for ID: 98
2025-04-29 23:43:09 [abdullateef] INFO  com.example.tailormaster.filter.LoggingInterceptor - User 'abdullateef' is requesting: GET /tailor-master/orders/datatable
2025-04-29 23:43:09 [abdullateef] INFO  com.example.tailormaster.controller.OrderController - Fetching paginated orders for datatable - draw: 2, start: 0, length: 10, search: , column: 0, direction: asc, startDate: null, endDate: null
2025-04-29 23:43:18 [abdullateef] INFO  com.example.tailormaster.filter.LoggingInterceptor - User 'abdullateef' is requesting: GET /tailor-master/orders/details/CnQiJJYIltPkAZMI_18t9aFj8t48axdfPqJS4alM4nc=
2025-04-29 23:43:18 [abdullateef] INFO  com.example.tailormaster.controller.OrderController - Displaying order details: Order(customer=Customer(fullName=LedgerTest3, phoneNumber=03219988776, enabled=false), orderDate=2025-04-29, deliveryDate=2025-04-30, advancePayment=0.00, duePayment=2500.00, totalProductAmount=2500.00, orderId=GT-250429-002, user=User(username=abdullateef, fullName=Abdul Lateef, fathersName=null, phone1=03453759863, phone2=, dateOfBirth=2000-01-01, shopName=غازي ٽيلرز, proprietorName=Abdul Lateef, shopAddress=Sachal Goth, Block-B, Near PCSIR Laboratory, Gulshan-e-Iqbal, Karachi., shortCode=GT, enabled=true), status=COMPLETED, cabinetNo=7, pickupStatus=PICKED_UP, pickupDate=2025-04-29T23:43:09, pickedUpWithDue=false, outstandingDueAmount=0.00, paidAmount=2500.00)
2025-04-29 23:43:18 [abdullateef] INFO  com.example.tailormaster.filter.LoggingInterceptor - User 'abdullateef' is requesting: GET /tailor-master/dashboard/notifications/upcoming-deliveries
2025-04-29 23:43:18 [abdullateef] INFO  com.example.tailormaster.controller.dashboard.DashboardController - Requested upcoming deliveries.
2025-04-29 23:43:18 [abdullateef] INFO  com.example.tailormaster.service.dashboard.DashboardService - Upcoming deliveries fetched: 10
2025-04-29 23:43:18 [abdullateef] INFO  com.example.tailormaster.controller.dashboard.DashboardController - Upcoming deliveries fetched: 10
2025-04-29 23:43:56 [abdullateef] INFO  com.example.tailormaster.filter.LoggingInterceptor - User 'abdullateef' is requesting: GET /tailor-master/dashboard
2025-04-29 23:43:56 [abdullateef] INFO  com.example.tailormaster.controller.AuthController - User 'abdullateef' accessed the dashboard
2025-04-29 23:43:57 [abdullateef] INFO  com.example.tailormaster.filter.LoggingInterceptor - User 'abdullateef' is requesting: GET /tailor-master/dashboard/total-customers
2025-04-29 23:43:57 [abdullateef] INFO  com.example.tailormaster.filter.LoggingInterceptor - User 'abdullateef' is requesting: GET /tailor-master/dashboard/notifications/upcoming-deliveries
2025-04-29 23:43:57 [abdullateef] INFO  com.example.tailormaster.filter.LoggingInterceptor - User 'abdullateef' is requesting: GET /tailor-master/dashboard/total-orders
2025-04-29 23:43:57 [abdullateef] INFO  com.example.tailormaster.controller.dashboard.DashboardController - Requested total customers.
2025-04-29 23:43:57 [abdullateef] INFO  com.example.tailormaster.filter.LoggingInterceptor - User 'abdullateef' is requesting: GET /tailor-master/dashboard/pending-payments
2025-04-29 23:43:57 [abdullateef] INFO  com.example.tailormaster.controller.dashboard.DashboardController - Requested upcoming deliveries.
2025-04-29 23:43:57 [abdullateef] INFO  com.example.tailormaster.controller.dashboard.DashboardController - Requested total orders.
2025-04-29 23:43:57 [abdullateef] INFO  com.example.tailormaster.service.dashboard.DashboardService - Upcoming deliveries fetched: 10
2025-04-29 23:43:57 [abdullateef] INFO  com.example.tailormaster.controller.dashboard.DashboardController - Upcoming deliveries fetched: 10
2025-04-29 23:43:57 [abdullateef] INFO  com.example.tailormaster.controller.dashboard.DashboardController - Requested pending payments.
2025-04-29 23:43:57 [abdullateef] INFO  com.example.tailormaster.filter.LoggingInterceptor - User 'abdullateef' is requesting: GET /tailor-master/dashboard/revenue-this-month
2025-04-29 23:43:57 [abdullateef] INFO  com.example.tailormaster.service.dashboard.DashboardService - Total pending payments: 9
2025-04-29 23:43:57 [abdullateef] INFO  com.example.tailormaster.controller.dashboard.DashboardController - Pending payments: 9
2025-04-29 23:43:57 [abdullateef] INFO  com.example.tailormaster.filter.LoggingInterceptor - User 'abdullateef' is requesting: GET /tailor-master/dashboard/monthly-revenue-trends
2025-04-29 23:43:57 [abdullateef] INFO  com.example.tailormaster.controller.dashboard.DashboardController - Requested monthly-revenue-trends.
2025-04-29 23:43:57 [abdullateef] INFO  com.example.tailormaster.controller.dashboard.DashboardController - Requested revenue-this-month.
2025-04-29 23:43:57 [abdullateef] INFO  com.example.tailormaster.filter.LoggingInterceptor - User 'abdullateef' is requesting: GET /tailor-master/dashboard/order-status-counts
2025-04-29 23:43:57 [abdullateef] INFO  com.example.tailormaster.service.dashboard.DashboardService - Revenue this month: 358000.00
2025-04-29 23:43:57 [abdullateef] INFO  com.example.tailormaster.controller.dashboard.DashboardController - Revenue this month: 358000.00
2025-04-29 23:43:57 [abdullateef] INFO  com.example.tailormaster.controller.dashboard.DashboardController - Requested order-status-counts.
2025-04-29 23:43:57 [abdullateef] INFO  com.example.tailormaster.filter.LoggingInterceptor - User 'abdullateef' is requesting: GET /tailor-master/dashboard/recent-orders
2025-04-29 23:43:57 [abdullateef] INFO  com.example.tailormaster.filter.LoggingInterceptor - User 'abdullateef' is requesting: GET /tailor-master/dashboard/customers/top
2025-04-29 23:43:57 [abdullateef] INFO  com.example.tailormaster.controller.dashboard.DashboardController - Requested top customers.
2025-04-29 23:43:57 [abdullateef] INFO  com.example.tailormaster.service.dashboard.DashboardService - Top customers fetched: 5
2025-04-29 23:43:57 [abdullateef] INFO  com.example.tailormaster.controller.dashboard.DashboardController - Requested recent-orders.
2025-04-29 23:43:57 [abdullateef] INFO  com.example.tailormaster.controller.dashboard.DashboardController - Top customers fetched: 5
2025-04-29 23:43:57 [abdullateef] INFO  com.example.tailormaster.service.dashboard.DashboardService - Order status counts: {Cancelled=2, Pending=8, InProgress=2, Completed=62, Ready for Pickup=7}
2025-04-29 23:43:57 [abdullateef] INFO  com.example.tailormaster.controller.dashboard.DashboardController - Order status counts: {Cancelled=2, Pending=8, InProgress=2, Completed=62, Ready for Pickup=7}
2025-04-29 23:43:57 [abdullateef] INFO  com.example.tailormaster.service.dashboard.DashboardService - Recent orders fetched: 5 orders
2025-04-29 23:43:57 [abdullateef] INFO  com.example.tailormaster.controller.dashboard.DashboardController - Recent orders fetched: 5
2025-04-29 23:43:57 [abdullateef] INFO  com.example.tailormaster.service.dashboard.DashboardService - Total customers: 40
2025-04-29 23:43:57 [abdullateef] INFO  com.example.tailormaster.controller.dashboard.DashboardController - Total customers: 40
2025-04-29 23:43:57 [abdullateef] INFO  com.example.tailormaster.service.dashboard.DashboardService - Total orders: 74
2025-04-29 23:43:57 [abdullateef] INFO  com.example.tailormaster.controller.dashboard.DashboardController - Total orders: 74
2025-04-29 23:43:57 [abdullateef] INFO  com.example.tailormaster.service.dashboard.DashboardService - Monthly revenue trends fetched successfully
2025-04-29 23:44:07 [abdullateef] INFO  com.example.tailormaster.filter.LoggingInterceptor - User 'abdullateef' is requesting: GET /tailor-master/orders
2025-04-29 23:44:07 [abdullateef] INFO  com.example.tailormaster.controller.OrderController - User accessed the orders list page.
2025-04-29 23:44:07 [abdullateef] INFO  com.example.tailormaster.filter.LoggingInterceptor - User 'abdullateef' is requesting: GET /tailor-master/dashboard/notifications/upcoming-deliveries
2025-04-29 23:44:07 [abdullateef] INFO  com.example.tailormaster.controller.dashboard.DashboardController - Requested upcoming deliveries.
2025-04-29 23:44:07 [abdullateef] INFO  com.example.tailormaster.service.dashboard.DashboardService - Upcoming deliveries fetched: 10
2025-04-29 23:44:07 [abdullateef] INFO  com.example.tailormaster.controller.dashboard.DashboardController - Upcoming deliveries fetched: 10
2025-04-29 23:44:07 [abdullateef] INFO  com.example.tailormaster.filter.LoggingInterceptor - User 'abdullateef' is requesting: GET /tailor-master/orders/datatable
2025-04-29 23:44:07 [abdullateef] INFO  com.example.tailormaster.controller.OrderController - Fetching paginated orders for datatable - draw: 1, start: 0, length: 10, search: , column: 0, direction: asc, startDate: null, endDate: null
2025-04-29 23:44:12 [abdullateef] INFO  com.example.tailormaster.filter.LoggingInterceptor - User 'abdullateef' is requesting: GET /tailor-master/customers
2025-04-29 23:44:12 [abdullateef] INFO  com.example.tailormaster.filter.LoggingInterceptor - User 'abdullateef' is requesting: GET /tailor-master/dashboard/notifications/upcoming-deliveries
2025-04-29 23:44:12 [abdullateef] INFO  com.example.tailormaster.controller.dashboard.DashboardController - Requested upcoming deliveries.
2025-04-29 23:44:12 [abdullateef] INFO  com.example.tailormaster.service.dashboard.DashboardService - Upcoming deliveries fetched: 10
2025-04-29 23:44:12 [abdullateef] INFO  com.example.tailormaster.controller.dashboard.DashboardController - Upcoming deliveries fetched: 10
2025-04-29 23:44:12 [abdullateef] INFO  com.example.tailormaster.filter.LoggingInterceptor - User 'abdullateef' is requesting: GET /tailor-master/customers/datatable
2025-04-29 23:44:12 [abdullateef] INFO  com.example.tailormaster.controller.CustomerController - Fetching customers data with search value: , sort direction: asc, start date: null, end date: null
2025-04-29 23:44:16 [abdullateef] INFO  com.example.tailormaster.filter.LoggingInterceptor - User 'abdullateef' is requesting: GET /tailor-master/customers/details/2gCign8NBSz2OLjnxHokyQnwPICqecS-l4cK--YhpJE=
2025-04-29 23:44:16 [abdullateef] INFO  com.example.tailormaster.controller.CustomerController - Displaying details for customer ID (encrypted): 2gCign8NBSz2OLjnxHokyQnwPICqecS-l4cK--YhpJE=
2025-04-29 23:44:16 [abdullateef] INFO  com.example.tailormaster.controller.CustomerController - Fetched customer details: Customer(fullName=LedgerTest3, phoneNumber=03219988776, enabled=false)
2025-04-29 23:44:16 [abdullateef] INFO  com.example.tailormaster.controller.CustomerController - Fetched measurement details: [CustomerMeasurement(customer=Customer(fullName=LedgerTest3, phoneNumber=03219988776, enabled=false), product=Product(type=SHALWAR, name=شلوار, description=, price=500.00, enabled=true), chest=null, sleeveLength=null, shoulder=null, hips=22, waist=34, barcode=LedgerTest303219988776-6fccaec9-e05e-459b-8f12-70f13381b24a), CustomerMeasurement(customer=Customer(fullName=LedgerTest3, phoneNumber=03219988776, enabled=false), product=Product(type=QAMEEZ, name=قميض, description=, price=2000.00, enabled=true), chest=34, sleeveLength=32, shoulder=23, hips=null, waist=null, barcode=LedgerTest303219988776-1b6b5e86-06cd-4c1e-b7e4-e43ce15cd165)]
2025-04-29 23:44:16 [abdullateef] INFO  com.example.tailormaster.filter.LoggingInterceptor - User 'abdullateef' is requesting: GET /tailor-master/dashboard/notifications/upcoming-deliveries
2025-04-29 23:44:16 [abdullateef] INFO  com.example.tailormaster.controller.dashboard.DashboardController - Requested upcoming deliveries.
2025-04-29 23:44:16 [abdullateef] INFO  com.example.tailormaster.service.dashboard.DashboardService - Upcoming deliveries fetched: 10
2025-04-29 23:44:16 [abdullateef] INFO  com.example.tailormaster.controller.dashboard.DashboardController - Upcoming deliveries fetched: 10
2025-04-29 23:45:09 [abdullateef] INFO  com.example.tailormaster.filter.LoggingInterceptor - User 'abdullateef' is requesting: GET /tailor-master/customers
2025-04-29 23:45:09 [abdullateef] INFO  com.example.tailormaster.filter.LoggingInterceptor - User 'abdullateef' is requesting: GET /tailor-master/dashboard/notifications/upcoming-deliveries
2025-04-29 23:45:09 [abdullateef] INFO  com.example.tailormaster.controller.dashboard.DashboardController - Requested upcoming deliveries.
2025-04-29 23:45:09 [abdullateef] INFO  com.example.tailormaster.service.dashboard.DashboardService - Upcoming deliveries fetched: 10
2025-04-29 23:45:09 [abdullateef] INFO  com.example.tailormaster.controller.dashboard.DashboardController - Upcoming deliveries fetched: 10
2025-04-29 23:45:09 [abdullateef] INFO  com.example.tailormaster.filter.LoggingInterceptor - User 'abdullateef' is requesting: GET /tailor-master/customers/datatable
2025-04-29 23:45:09 [abdullateef] INFO  com.example.tailormaster.controller.CustomerController - Fetching customers data with search value: , sort direction: asc, start date: null, end date: null
2025-04-29 23:45:11 [abdullateef] INFO  com.example.tailormaster.filter.LoggingInterceptor - User 'abdullateef' is requesting: GET /tailor-master/customers/details/8lD5Vwk2z0kBoxYhdvCfekKbnfaoR0oSKEioDEM0p6k=
2025-04-29 23:45:11 [abdullateef] INFO  com.example.tailormaster.controller.CustomerController - Displaying details for customer ID (encrypted): 8lD5Vwk2z0kBoxYhdvCfekKbnfaoR0oSKEioDEM0p6k=
2025-04-29 23:45:12 [abdullateef] INFO  com.example.tailormaster.controller.CustomerController - Fetched customer details: Customer(fullName=LedgerTest2, phoneNumber=03455566778, enabled=false)
2025-04-29 23:45:12 [abdullateef] INFO  com.example.tailormaster.controller.CustomerController - Fetched measurement details: [CustomerMeasurement(customer=Customer(fullName=LedgerTest2, phoneNumber=03455566778, enabled=false), product=Product(type=QAMEEZ, name=قميض, description=, price=2000.00, enabled=true), chest=34, sleeveLength=32, shoulder=67, hips=null, waist=null, barcode=LedgerTest203455566778-e8b94c60-8e2d-45dd-8150-ffff8ece3778), CustomerMeasurement(customer=Customer(fullName=LedgerTest2, phoneNumber=03455566778, enabled=false), product=Product(type=SHALWAR, name=شلوار, description=, price=500.00, enabled=true), chest=null, sleeveLength=null, shoulder=null, hips=23, waist=33, barcode=LedgerTest203455566778-be33d5f9-34f0-4a35-b2a5-6b757a54f8f0)]
2025-04-29 23:45:12 [abdullateef] INFO  com.example.tailormaster.filter.LoggingInterceptor - User 'abdullateef' is requesting: GET /tailor-master/dashboard/notifications/upcoming-deliveries
2025-04-29 23:45:12 [abdullateef] INFO  com.example.tailormaster.controller.dashboard.DashboardController - Requested upcoming deliveries.
2025-04-29 23:45:12 [abdullateef] INFO  com.example.tailormaster.service.dashboard.DashboardService - Upcoming deliveries fetched: 10
2025-04-29 23:45:12 [abdullateef] INFO  com.example.tailormaster.controller.dashboard.DashboardController - Upcoming deliveries fetched: 10
2025-04-29 23:45:27 [abdullateef] INFO  com.example.tailormaster.filter.LoggingInterceptor - User 'abdullateef' is requesting: GET /tailor-master/dashboard
2025-04-29 23:45:27 [abdullateef] INFO  com.example.tailormaster.controller.AuthController - User 'abdullateef' accessed the dashboard
2025-04-29 23:45:27 [abdullateef] INFO  com.example.tailormaster.filter.LoggingInterceptor - User 'abdullateef' is requesting: GET /tailor-master/dashboard/notifications/upcoming-deliveries
2025-04-29 23:45:27 [abdullateef] INFO  com.example.tailormaster.filter.LoggingInterceptor - User 'abdullateef' is requesting: GET /tailor-master/dashboard/total-customers
2025-04-29 23:45:27 [abdullateef] INFO  com.example.tailormaster.filter.LoggingInterceptor - User 'abdullateef' is requesting: GET /tailor-master/dashboard/total-orders
2025-04-29 23:45:27 [abdullateef] INFO  com.example.tailormaster.controller.dashboard.DashboardController - Requested total customers.
2025-04-29 23:45:27 [abdullateef] INFO  com.example.tailormaster.filter.LoggingInterceptor - User 'abdullateef' is requesting: GET /tailor-master/dashboard/pending-payments
2025-04-29 23:45:27 [abdullateef] INFO  com.example.tailormaster.controller.dashboard.DashboardController - Requested upcoming deliveries.
2025-04-29 23:45:27 [abdullateef] INFO  com.example.tailormaster.controller.dashboard.DashboardController - Requested pending payments.
2025-04-29 23:45:27 [abdullateef] INFO  com.example.tailormaster.service.dashboard.DashboardService - Total pending payments: 9
2025-04-29 23:45:27 [abdullateef] INFO  com.example.tailormaster.controller.dashboard.DashboardController - Pending payments: 9
2025-04-29 23:45:27 [abdullateef] INFO  com.example.tailormaster.filter.LoggingInterceptor - User 'abdullateef' is requesting: GET /tailor-master/dashboard/revenue-this-month
2025-04-29 23:45:27 [abdullateef] INFO  com.example.tailormaster.service.dashboard.DashboardService - Upcoming deliveries fetched: 10
2025-04-29 23:45:27 [abdullateef] INFO  com.example.tailormaster.controller.dashboard.DashboardController - Upcoming deliveries fetched: 10
2025-04-29 23:45:27 [abdullateef] INFO  com.example.tailormaster.filter.LoggingInterceptor - User 'abdullateef' is requesting: GET /tailor-master/dashboard/monthly-revenue-trends
2025-04-29 23:45:27 [abdullateef] INFO  com.example.tailormaster.controller.dashboard.DashboardController - Requested total orders.
2025-04-29 23:45:27 [abdullateef] INFO  com.example.tailormaster.controller.dashboard.DashboardController - Requested revenue-this-month.
2025-04-29 23:45:27 [abdullateef] INFO  com.example.tailormaster.service.dashboard.DashboardService - Revenue this month: 358000.00
2025-04-29 23:45:27 [abdullateef] INFO  com.example.tailormaster.controller.dashboard.DashboardController - Revenue this month: 358000.00
2025-04-29 23:45:27 [abdullateef] INFO  com.example.tailormaster.controller.dashboard.DashboardController - Requested monthly-revenue-trends.
2025-04-29 23:45:27 [abdullateef] INFO  com.example.tailormaster.filter.LoggingInterceptor - User 'abdullateef' is requesting: GET /tailor-master/dashboard/order-status-counts
2025-04-29 23:45:27 [abdullateef] INFO  com.example.tailormaster.controller.dashboard.DashboardController - Requested order-status-counts.
2025-04-29 23:45:27 [abdullateef] INFO  com.example.tailormaster.service.dashboard.DashboardService - Order status counts: {Cancelled=2, Pending=8, InProgress=2, Completed=62, Ready for Pickup=7}
2025-04-29 23:45:27 [abdullateef] INFO  com.example.tailormaster.controller.dashboard.DashboardController - Order status counts: {Cancelled=2, Pending=8, InProgress=2, Completed=62, Ready for Pickup=7}
2025-04-29 23:45:27 [abdullateef] INFO  com.example.tailormaster.filter.LoggingInterceptor - User 'abdullateef' is requesting: GET /tailor-master/dashboard/recent-orders
2025-04-29 23:45:27 [abdullateef] INFO  com.example.tailormaster.filter.LoggingInterceptor - User 'abdullateef' is requesting: GET /tailor-master/dashboard/customers/top
2025-04-29 23:45:27 [abdullateef] INFO  com.example.tailormaster.controller.dashboard.DashboardController - Requested recent-orders.
2025-04-29 23:45:27 [abdullateef] INFO  com.example.tailormaster.service.dashboard.DashboardService - Recent orders fetched: 5 orders
2025-04-29 23:45:27 [abdullateef] INFO  com.example.tailormaster.controller.dashboard.DashboardController - Recent orders fetched: 5
2025-04-29 23:45:27 [abdullateef] INFO  com.example.tailormaster.controller.dashboard.DashboardController - Requested top customers.
2025-04-29 23:45:27 [abdullateef] INFO  com.example.tailormaster.service.dashboard.DashboardService - Top customers fetched: 5
2025-04-29 23:45:27 [abdullateef] INFO  com.example.tailormaster.controller.dashboard.DashboardController - Top customers fetched: 5
2025-04-29 23:45:27 [abdullateef] INFO  com.example.tailormaster.service.dashboard.DashboardService - Monthly revenue trends fetched successfully
2025-04-29 23:45:27 [abdullateef] INFO  com.example.tailormaster.service.dashboard.DashboardService - Total customers: 40
2025-04-29 23:45:27 [abdullateef] INFO  com.example.tailormaster.controller.dashboard.DashboardController - Total customers: 40
2025-04-29 23:45:27 [abdullateef] INFO  com.example.tailormaster.service.dashboard.DashboardService - Total orders: 74
2025-04-29 23:45:27 [abdullateef] INFO  com.example.tailormaster.controller.dashboard.DashboardController - Total orders: 74
2025-04-29 23:45:36 [abdullateef] INFO  com.example.tailormaster.filter.LoggingInterceptor - User 'abdullateef' is requesting: GET /tailor-master/orders
2025-04-29 23:45:36 [abdullateef] INFO  com.example.tailormaster.controller.OrderController - User accessed the orders list page.
2025-04-29 23:45:36 [abdullateef] INFO  com.example.tailormaster.filter.LoggingInterceptor - User 'abdullateef' is requesting: GET /tailor-master/dashboard/notifications/upcoming-deliveries
2025-04-29 23:45:36 [abdullateef] INFO  com.example.tailormaster.controller.dashboard.DashboardController - Requested upcoming deliveries.
2025-04-29 23:45:36 [abdullateef] INFO  com.example.tailormaster.service.dashboard.DashboardService - Upcoming deliveries fetched: 10
2025-04-29 23:45:36 [abdullateef] INFO  com.example.tailormaster.controller.dashboard.DashboardController - Upcoming deliveries fetched: 10
2025-04-29 23:45:36 [abdullateef] INFO  com.example.tailormaster.filter.LoggingInterceptor - User 'abdullateef' is requesting: GET /tailor-master/orders/datatable
2025-04-29 23:45:36 [abdullateef] INFO  com.example.tailormaster.controller.OrderController - Fetching paginated orders for datatable - draw: 1, start: 0, length: 10, search: , column: 0, direction: asc, startDate: null, endDate: null
2025-04-29 23:45:48 [abdullateef] INFO  com.example.tailormaster.filter.LoggingInterceptor - User 'abdullateef' is requesting: GET /tailor-master/orders/datatable
2025-04-29 23:45:48 [abdullateef] INFO  com.example.tailormaster.controller.OrderController - Fetching paginated orders for datatable - draw: 2, start: 10, length: 10, search: , column: 0, direction: asc, startDate: null, endDate: null
2025-04-29 23:45:53 [abdullateef] INFO  com.example.tailormaster.filter.LoggingInterceptor - User 'abdullateef' is requesting: GET /tailor-master/orders/datatable
2025-04-29 23:45:53 [abdullateef] INFO  com.example.tailormaster.controller.OrderController - Fetching paginated orders for datatable - draw: 3, start: 30, length: 10, search: , column: 0, direction: asc, startDate: null, endDate: null
2025-04-29 23:46:07 [abdullateef] INFO  com.example.tailormaster.filter.LoggingInterceptor - User 'abdullateef' is requesting: GET /tailor-master/orders/datatable
2025-04-29 23:46:07 [abdullateef] INFO  com.example.tailormaster.controller.OrderController - Fetching paginated orders for datatable - draw: 4, start: 0, length: 10, search: , column: 0, direction: asc, startDate: 2025-04-01, endDate: 2025-04-29
2025-04-29 23:46:24 [abdullateef] INFO  com.example.tailormaster.filter.LoggingInterceptor - User 'abdullateef' is requesting: GET /tailor-master/orders/datatable
2025-04-29 23:46:24 [abdullateef] INFO  com.example.tailormaster.controller.OrderController - Fetching paginated orders for datatable - draw: 5, start: 0, length: 10, search: paid, column: 0, direction: asc, startDate: 2025-04-01, endDate: 2025-04-29
2025-04-29 23:46:25 [abdullateef] INFO  com.example.tailormaster.filter.LoggingInterceptor - User 'abdullateef' is requesting: GET /tailor-master/orders/datatable
2025-04-29 23:46:25 [abdullateef] INFO  com.example.tailormaster.controller.OrderController - Fetching paginated orders for datatable - draw: 6, start: 0, length: 10, search: pai, column: 0, direction: asc, startDate: 2025-04-01, endDate: 2025-04-29
2025-04-29 23:46:26 [abdullateef] INFO  com.example.tailormaster.filter.LoggingInterceptor - User 'abdullateef' is requesting: GET /tailor-master/orders/datatable
2025-04-29 23:46:26 [abdullateef] INFO  com.example.tailormaster.controller.OrderController - Fetching paginated orders for datatable - draw: 7, start: 0, length: 10, search: , column: 0, direction: asc, startDate: 2025-04-01, endDate: 2025-04-29
2025-04-29 23:47:19 [abdullateef] INFO  com.example.tailormaster.filter.LoggingInterceptor - User 'abdullateef' is requesting: GET /tailor-master/orders/datatable
2025-04-29 23:47:19 [abdullateef] INFO  com.example.tailormaster.controller.OrderController - Fetching paginated orders for datatable - draw: 8, start: 40, length: 10, search: , column: 0, direction: asc, startDate: 2025-04-01, endDate: 2025-04-29
2025-04-29 23:57:54 [] INFO  org.springframework.boot.web.embedded.tomcat.GracefulShutdown - Commencing graceful shutdown. Waiting for active requests to complete
2025-04-29 23:57:55 [] INFO  org.springframework.boot.web.embedded.tomcat.GracefulShutdown - Graceful shutdown complete
2025-04-29 23:57:56 [] INFO  org.springframework.orm.jpa.LocalContainerEntityManagerFactoryBean - Closing JPA EntityManagerFactory for persistence unit 'default'
2025-04-29 23:57:56 [] INFO  com.zaxxer.hikari.HikariDataSource - HikariPool-1 - Shutdown initiated...
2025-04-29 23:57:56 [] INFO  com.zaxxer.hikari.HikariDataSource - HikariPool-1 - Shutdown completed.
2025-04-29 23:58:15 [] INFO  org.hibernate.validator.internal.util.Version - HV000001: Hibernate Validator 8.0.2.Final
2025-04-29 23:58:16 [] INFO  com.example.tailormaster.TailorMasterAppApplication - Starting TailorMasterAppApplication using Java 17.0.2 with PID 15212 (E:\Development-Workspaces\tailor-master-app\tailor-master-app\target\classes started by wajiz.pk in E:\Development-Workspaces\tailor-master-app\tailor-master-app)
2025-04-29 23:58:16 [] INFO  com.example.tailormaster.TailorMasterAppApplication - No active profile set, falling back to 1 default profile: "default"
2025-04-29 23:58:16 [] INFO  org.springframework.boot.devtools.env.DevToolsPropertyDefaultsPostProcessor - Devtools property defaults active! Set 'spring.devtools.add-properties' to 'false' to disable
2025-04-29 23:58:16 [] INFO  org.springframework.boot.devtools.env.DevToolsPropertyDefaultsPostProcessor - For additional web related logging consider setting the 'logging.level.web' property to 'DEBUG'
2025-04-29 23:58:17 [] INFO  org.springframework.data.repository.config.RepositoryConfigurationDelegate - Bootstrapping Spring Data JPA repositories in DEFAULT mode.
2025-04-29 23:58:18 [] INFO  org.springframework.data.repository.config.RepositoryConfigurationDelegate - Finished Spring Data repository scanning in 222 ms. Found 9 JPA repository interfaces.
2025-04-29 23:58:19 [] INFO  org.springframework.boot.web.embedded.tomcat.TomcatWebServer - Tomcat initialized with port 8080 (http)
2025-04-29 23:58:19 [] INFO  org.apache.coyote.http11.Http11NioProtocol - Initializing ProtocolHandler ["http-nio-8080"]
2025-04-29 23:58:19 [] INFO  org.apache.catalina.core.StandardService - Starting service [Tomcat]
2025-04-29 23:58:19 [] INFO  org.apache.catalina.core.StandardEngine - Starting Servlet engine: [Apache Tomcat/10.1.40]
2025-04-29 23:58:19 [] INFO  org.apache.catalina.core.ContainerBase.[Tomcat].[localhost].[/tailor-master] - Initializing Spring embedded WebApplicationContext
2025-04-29 23:58:19 [] INFO  org.springframework.boot.web.servlet.context.ServletWebServerApplicationContext - Root WebApplicationContext: initialization completed in 3231 ms
2025-04-29 23:58:19 [] INFO  org.hibernate.jpa.internal.util.LogHelper - HHH000204: Processing PersistenceUnitInfo [name: default]
2025-04-29 23:58:19 [] INFO  org.hibernate.Version - HHH000412: Hibernate ORM core version 6.6.4.Final
2025-04-29 23:58:19 [] INFO  org.hibernate.cache.internal.RegionFactoryInitiator - HHH000026: Second-level cache disabled
2025-04-29 23:58:20 [] INFO  org.springframework.orm.jpa.persistenceunit.SpringPersistenceUnitInfo - No LoadTimeWeaver setup: ignoring JPA class transformer
2025-04-29 23:58:20 [] INFO  com.zaxxer.hikari.HikariDataSource - HikariPool-1 - Starting...
2025-04-29 23:58:21 [] INFO  com.zaxxer.hikari.pool.HikariPool - HikariPool-1 - Added connection com.mysql.cj.jdbc.ConnectionImpl@378242fa
2025-04-29 23:58:21 [] INFO  com.zaxxer.hikari.HikariDataSource - HikariPool-1 - Start completed.
2025-04-29 23:58:21 [] INFO  org.hibernate.orm.connections.pooling - HHH10001005: Database info:
	Database JDBC URL [Connecting through datasource 'HikariDataSource (HikariPool-1)']
	Database driver: undefined/unknown
	Database version: 8.0.28
	Autocommit mode: undefined/unknown
	Isolation level: undefined/unknown
	Minimum pool size: undefined/unknown
	Maximum pool size: undefined/unknown
2025-04-29 23:58:23 [] INFO  org.hibernate.engine.transaction.jta.platform.internal.JtaPlatformInitiator - HHH000489: No JTA platform available (set 'hibernate.transaction.jta.platform' to enable JTA platform integration)
2025-04-29 23:58:23 [] INFO  org.springframework.orm.jpa.LocalContainerEntityManagerFactoryBean - Initialized JPA EntityManagerFactory for persistence unit 'default'
2025-04-29 23:58:24 [] INFO  org.springframework.data.jpa.repository.query.QueryEnhancerFactory - Hibernate is in classpath; If applicable, HQL parser will be used.
2025-04-29 23:58:27 [] WARN  org.springframework.boot.autoconfigure.orm.jpa.JpaBaseConfiguration$JpaWebConfiguration - spring.jpa.open-in-view is enabled by default. Therefore, database queries may be performed during view rendering. Explicitly configure spring.jpa.open-in-view to disable this warning
2025-04-29 23:58:27 [] INFO  org.springframework.security.config.annotation.authentication.configuration.InitializeAuthenticationProviderBeanManagerConfigurer$InitializeAuthenticationProviderManagerConfigurer - Global AuthenticationManager configured with AuthenticationProvider bean with name authenticationProvider
2025-04-29 23:58:27 [] WARN  org.springframework.security.config.annotation.authentication.configuration.InitializeUserDetailsBeanManagerConfigurer$InitializeUserDetailsManagerConfigurer - Global AuthenticationManager configured with an AuthenticationProvider bean. UserDetailsService beans will not be used by Spring Security for automatically configuring username/password login. Consider removing the AuthenticationProvider bean. Alternatively, consider using the UserDetailsService in a manually instantiated DaoAuthenticationProvider. If the current configuration is intentional, to turn off this warning, increase the logging level of 'org.springframework.security.config.annotation.authentication.configuration.InitializeUserDetailsBeanManagerConfigurer' to ERROR
2025-04-29 23:58:28 [] INFO  org.springframework.boot.devtools.autoconfigure.OptionalLiveReloadServer - LiveReload server is running on port 35729
2025-04-29 23:58:28 [] INFO  org.apache.coyote.http11.Http11NioProtocol - Starting ProtocolHandler ["http-nio-8080"]
2025-04-29 23:58:28 [] INFO  org.springframework.boot.web.embedded.tomcat.TomcatWebServer - Tomcat started on port 8080 (http) with context path '/tailor-master'
2025-04-29 23:58:28 [] INFO  com.example.tailormaster.TailorMasterAppApplication - Started TailorMasterAppApplication in 13.633 seconds (process running for 16.795)
2025-04-29 23:58:31 [] INFO  org.apache.catalina.core.ContainerBase.[Tomcat].[localhost].[/tailor-master] - Initializing Spring DispatcherServlet 'dispatcherServlet'
2025-04-29 23:58:31 [] INFO  org.springframework.web.servlet.DispatcherServlet - Initializing Servlet 'dispatcherServlet'
2025-04-29 23:58:31 [] INFO  org.springframework.web.servlet.DispatcherServlet - Completed initialization in 1 ms
2025-04-29 23:58:31 [abdullateef] INFO  com.example.tailormaster.filter.LoggingInterceptor - User 'abdullateef' is requesting: GET /tailor-master/orders
2025-04-29 23:58:32 [abdullateef] INFO  com.example.tailormaster.controller.OrderController - User accessed the orders list page.
2025-04-29 23:58:33 [abdullateef] INFO  com.example.tailormaster.filter.LoggingInterceptor - User 'abdullateef' is requesting: GET /tailor-master/dashboard/notifications/upcoming-deliveries
2025-04-29 23:58:33 [abdullateef] INFO  com.example.tailormaster.controller.dashboard.DashboardController - Requested upcoming deliveries.
2025-04-29 23:58:33 [abdullateef] INFO  com.example.tailormaster.filter.LoggingInterceptor - User 'abdullateef' is requesting: GET /tailor-master/orders/datatable
2025-04-29 23:58:33 [abdullateef] INFO  com.example.tailormaster.controller.OrderController - Fetching paginated orders for datatable - draw: 1, start: 0, length: 10, search: , column: 0, direction: asc, startDate: null, endDate: null
2025-04-29 23:58:33 [abdullateef] INFO  com.example.tailormaster.service.dashboard.DashboardService - Upcoming deliveries fetched: 10
2025-04-29 23:58:33 [abdullateef] INFO  com.example.tailormaster.controller.dashboard.DashboardController - Upcoming deliveries fetched: 10
2025-04-29 23:59:48 [] INFO  org.springframework.boot.web.embedded.tomcat.GracefulShutdown - Commencing graceful shutdown. Waiting for active requests to complete
2025-04-29 23:59:50 [] INFO  org.springframework.boot.web.embedded.tomcat.GracefulShutdown - Graceful shutdown complete
2025-04-29 23:59:51 [] INFO  org.springframework.orm.jpa.LocalContainerEntityManagerFactoryBean - Closing JPA EntityManagerFactory for persistence unit 'default'
2025-04-29 23:59:51 [] INFO  com.zaxxer.hikari.HikariDataSource - HikariPool-1 - Shutdown initiated...
2025-04-29 23:59:51 [] INFO  com.zaxxer.hikari.HikariDataSource - HikariPool-1 - Shutdown completed.
