2025-05-10 00:10:32 [] INFO  org.hibernate.validator.internal.util.Version - HV000001: Hibernate Validator 8.0.2.Final
2025-05-10 00:10:32 [] INFO  com.example.tailormaster.TailorMasterAppApplication - Starting TailorMasterAppApplication using Java 17.0.2 with PID 6116 (E:\Development-Workspaces\tailor-master-app\tailor-master-app\target\classes started by wajiz.pk in E:\Development-Workspaces\tailor-master-app\tailor-master-app)
2025-05-10 00:10:32 [] INFO  com.example.tailormaster.TailorMasterAppApplication - No active profile set, falling back to 1 default profile: "default"
2025-05-10 00:10:33 [] INFO  org.springframework.boot.devtools.env.DevToolsPropertyDefaultsPostProcessor - Devtools property defaults active! Set 'spring.devtools.add-properties' to 'false' to disable
2025-05-10 00:10:33 [] INFO  org.springframework.boot.devtools.env.DevToolsPropertyDefaultsPostProcessor - For additional web related logging consider setting the 'logging.level.web' property to 'DEBUG'
2025-05-10 00:10:36 [] INFO  org.springframework.data.repository.config.RepositoryConfigurationDelegate - Bootstrapping Spring Data JPA repositories in DEFAULT mode.
2025-05-10 00:10:37 [] INFO  org.springframework.data.repository.config.RepositoryConfigurationDelegate - Finished Spring Data repository scanning in 287 ms. Found 12 JPA repository interfaces.
2025-05-10 00:10:38 [] INFO  org.springframework.boot.web.embedded.tomcat.TomcatWebServer - Tomcat initialized with port 8080 (http)
2025-05-10 00:10:38 [] INFO  org.apache.coyote.http11.Http11NioProtocol - Initializing ProtocolHandler ["http-nio-8080"]
2025-05-10 00:10:38 [] INFO  org.apache.catalina.core.StandardService - Starting service [Tomcat]
2025-05-10 00:10:38 [] INFO  org.apache.catalina.core.StandardEngine - Starting Servlet engine: [Apache Tomcat/10.1.40]
2025-05-10 00:10:39 [] INFO  org.apache.catalina.core.ContainerBase.[Tomcat].[localhost].[/tailor-master] - Initializing Spring embedded WebApplicationContext
2025-05-10 00:10:39 [] INFO  org.springframework.boot.web.servlet.context.ServletWebServerApplicationContext - Root WebApplicationContext: initialization completed in 6046 ms
2025-05-10 00:10:39 [] INFO  org.hibernate.jpa.internal.util.LogHelper - HHH000204: Processing PersistenceUnitInfo [name: default]
2025-05-10 00:10:39 [] INFO  org.hibernate.Version - HHH000412: Hibernate ORM core version 6.6.4.Final
2025-05-10 00:10:40 [] INFO  org.hibernate.cache.internal.RegionFactoryInitiator - HHH000026: Second-level cache disabled
2025-05-10 00:10:40 [] INFO  org.springframework.orm.jpa.persistenceunit.SpringPersistenceUnitInfo - No LoadTimeWeaver setup: ignoring JPA class transformer
2025-05-10 00:10:41 [] INFO  com.zaxxer.hikari.HikariDataSource - HikariPool-1 - Starting...
2025-05-10 00:10:42 [] INFO  com.zaxxer.hikari.pool.HikariPool - HikariPool-1 - Added connection com.mysql.cj.jdbc.ConnectionImpl@59a9d134
2025-05-10 00:10:42 [] INFO  com.zaxxer.hikari.HikariDataSource - HikariPool-1 - Start completed.
2025-05-10 00:10:42 [] INFO  org.hibernate.orm.connections.pooling - HHH10001005: Database info:
	Database JDBC URL [Connecting through datasource 'HikariDataSource (HikariPool-1)']
	Database driver: undefined/unknown
	Database version: 8.0.28
	Autocommit mode: undefined/unknown
	Isolation level: undefined/unknown
	Minimum pool size: undefined/unknown
	Maximum pool size: undefined/unknown
2025-05-10 00:10:50 [] INFO  org.hibernate.engine.transaction.jta.platform.internal.JtaPlatformInitiator - HHH000489: No JTA platform available (set 'hibernate.transaction.jta.platform' to enable JTA platform integration)
2025-05-10 00:10:51 [] INFO  org.springframework.orm.jpa.LocalContainerEntityManagerFactoryBean - Initialized JPA EntityManagerFactory for persistence unit 'default'
2025-05-10 00:10:54 [] INFO  org.springframework.data.jpa.repository.query.QueryEnhancerFactory - Hibernate is in classpath; If applicable, HQL parser will be used.
2025-05-10 00:11:04 [] WARN  org.springframework.boot.autoconfigure.orm.jpa.JpaBaseConfiguration$JpaWebConfiguration - spring.jpa.open-in-view is enabled by default. Therefore, database queries may be performed during view rendering. Explicitly configure spring.jpa.open-in-view to disable this warning
2025-05-10 00:11:04 [] INFO  org.springframework.security.config.annotation.authentication.configuration.InitializeAuthenticationProviderBeanManagerConfigurer$InitializeAuthenticationProviderManagerConfigurer - Global AuthenticationManager configured with AuthenticationProvider bean with name authenticationProvider
2025-05-10 00:11:04 [] WARN  org.springframework.security.config.annotation.authentication.configuration.InitializeUserDetailsBeanManagerConfigurer$InitializeUserDetailsManagerConfigurer - Global AuthenticationManager configured with an AuthenticationProvider bean. UserDetailsService beans will not be used by Spring Security for automatically configuring username/password login. Consider removing the AuthenticationProvider bean. Alternatively, consider using the UserDetailsService in a manually instantiated DaoAuthenticationProvider. If the current configuration is intentional, to turn off this warning, increase the logging level of 'org.springframework.security.config.annotation.authentication.configuration.InitializeUserDetailsBeanManagerConfigurer' to ERROR
2025-05-10 00:11:06 [] INFO  org.springframework.boot.devtools.autoconfigure.OptionalLiveReloadServer - LiveReload server is running on port 35729
2025-05-10 00:11:06 [] INFO  org.apache.coyote.http11.Http11NioProtocol - Starting ProtocolHandler ["http-nio-8080"]
2025-05-10 00:11:06 [] INFO  org.springframework.boot.web.embedded.tomcat.TomcatWebServer - Tomcat started on port 8080 (http) with context path '/tailor-master'
2025-05-10 00:11:06 [] INFO  com.example.tailormaster.TailorMasterAppApplication - Started TailorMasterAppApplication in 35.426 seconds (process running for 41.555)
2025-05-10 00:13:09 [] INFO  org.apache.catalina.core.ContainerBase.[Tomcat].[localhost].[/tailor-master] - Initializing Spring DispatcherServlet 'dispatcherServlet'
2025-05-10 00:13:09 [] INFO  org.springframework.web.servlet.DispatcherServlet - Initializing Servlet 'dispatcherServlet'
2025-05-10 00:13:09 [] INFO  org.springframework.web.servlet.DispatcherServlet - Completed initialization in 0 ms
2025-05-10 00:13:10 [] WARN  org.apache.catalina.util.SessionIdGeneratorBase - Creation of SecureRandom instance for session ID generation using [SHA1PRNG] took [179] milliseconds.
2025-05-10 00:13:10 [ANONYMOUS] INFO  com.example.tailormaster.filter.LoggingInterceptor - User 'ANONYMOUS' is requesting: GET /tailor-master/login
2025-05-10 00:13:10 [ANONYMOUS] INFO  com.example.tailormaster.controller.AuthController - Accessed login page
2025-05-10 00:13:21 [abdullateef] INFO  com.example.tailormaster.filter.LoggingInterceptor - User 'abdullateef' is requesting: GET /tailor-master/dashboard
2025-05-10 00:13:21 [abdullateef] INFO  com.example.tailormaster.controller.AuthController - User 'abdullateef' accessed the dashboard
2025-05-10 00:13:22 [abdullateef] INFO  com.example.tailormaster.filter.LoggingInterceptor - User 'abdullateef' is requesting: GET /tailor-master/dashboard/notifications/upcoming-deliveries
2025-05-10 00:13:22 [abdullateef] INFO  com.example.tailormaster.filter.LoggingInterceptor - User 'abdullateef' is requesting: GET /tailor-master/dashboard/total-customers
2025-05-10 00:13:22 [abdullateef] INFO  com.example.tailormaster.filter.LoggingInterceptor - User 'abdullateef' is requesting: GET /tailor-master/dashboard/total-orders
2025-05-10 00:13:22 [abdullateef] INFO  com.example.tailormaster.controller.dashboard.DashboardController - Requested upcoming deliveries.
2025-05-10 00:13:22 [abdullateef] INFO  com.example.tailormaster.filter.LoggingInterceptor - User 'abdullateef' is requesting: GET /tailor-master/dashboard/pending-payments
2025-05-10 00:13:22 [abdullateef] INFO  com.example.tailormaster.controller.dashboard.DashboardController - Requested total customers.
2025-05-10 00:13:22 [abdullateef] INFO  com.example.tailormaster.controller.dashboard.DashboardController - Requested total orders.
2025-05-10 00:13:22 [abdullateef] INFO  com.example.tailormaster.controller.dashboard.DashboardController - Requested pending payments.
2025-05-10 00:13:22 [abdullateef] INFO  com.example.tailormaster.filter.LoggingInterceptor - User 'abdullateef' is requesting: GET /tailor-master/dashboard/revenue-this-month
2025-05-10 00:13:22 [abdullateef] INFO  com.example.tailormaster.filter.LoggingInterceptor - User 'abdullateef' is requesting: GET /tailor-master/dashboard/monthly-revenue-trends
2025-05-10 00:13:22 [abdullateef] INFO  com.example.tailormaster.service.dashboard.DashboardService - Total pending payments: 7
2025-05-10 00:13:22 [abdullateef] INFO  com.example.tailormaster.controller.dashboard.DashboardController - Pending payments: 7
2025-05-10 00:13:22 [abdullateef] INFO  com.example.tailormaster.controller.dashboard.DashboardController - Requested revenue-this-month.
2025-05-10 00:13:22 [abdullateef] INFO  com.example.tailormaster.controller.dashboard.DashboardController - Requested monthly-revenue-trends.
2025-05-10 00:13:22 [abdullateef] INFO  com.example.tailormaster.service.dashboard.DashboardService - Revenue this month: 12000.00
2025-05-10 00:13:22 [abdullateef] INFO  com.example.tailormaster.controller.dashboard.DashboardController - Revenue this month: 12000.00
2025-05-10 00:13:22 [abdullateef] INFO  com.example.tailormaster.service.dashboard.DashboardService - Upcoming deliveries fetched: 8
2025-05-10 00:13:22 [abdullateef] INFO  com.example.tailormaster.controller.dashboard.DashboardController - Upcoming deliveries fetched: 8
2025-05-10 00:13:22 [abdullateef] INFO  com.example.tailormaster.filter.LoggingInterceptor - User 'abdullateef' is requesting: GET /tailor-master/dashboard/order-status-counts
2025-05-10 00:13:22 [abdullateef] INFO  com.example.tailormaster.controller.dashboard.DashboardController - Requested order-status-counts.
2025-05-10 00:13:22 [abdullateef] INFO  com.example.tailormaster.service.dashboard.DashboardService - Order status counts: {Cancelled=1, Pending=7, InProgress=1, Completed=41, Ready for Pickup=7}
2025-05-10 00:13:22 [abdullateef] INFO  com.example.tailormaster.controller.dashboard.DashboardController - Order status counts: {Cancelled=1, Pending=7, InProgress=1, Completed=41, Ready for Pickup=7}
2025-05-10 00:13:22 [abdullateef] INFO  com.example.tailormaster.service.dashboard.DashboardService - Monthly revenue trends fetched successfully
2025-05-10 00:13:22 [abdullateef] INFO  com.example.tailormaster.filter.LoggingInterceptor - User 'abdullateef' is requesting: GET /tailor-master/dashboard/customers/top
2025-05-10 00:13:22 [abdullateef] INFO  com.example.tailormaster.filter.LoggingInterceptor - User 'abdullateef' is requesting: GET /tailor-master/dashboard/recent-orders
2025-05-10 00:13:22 [abdullateef] INFO  com.example.tailormaster.service.dashboard.DashboardService - Total customers: 49
2025-05-10 00:13:22 [abdullateef] INFO  com.example.tailormaster.controller.dashboard.DashboardController - Total customers: 49
2025-05-10 00:13:22 [abdullateef] INFO  com.example.tailormaster.controller.dashboard.DashboardController - Requested recent-orders.
2025-05-10 00:13:22 [abdullateef] INFO  com.example.tailormaster.controller.dashboard.DashboardController - Requested top customers.
2025-05-10 00:13:22 [abdullateef] INFO  com.example.tailormaster.service.dashboard.DashboardService - Top customers fetched: 5
2025-05-10 00:13:22 [abdullateef] INFO  com.example.tailormaster.controller.dashboard.DashboardController - Top customers fetched: 5
2025-05-10 00:13:23 [abdullateef] INFO  com.example.tailormaster.service.dashboard.DashboardService - Recent orders fetched: 5 orders
2025-05-10 00:13:23 [abdullateef] INFO  com.example.tailormaster.controller.dashboard.DashboardController - Recent orders fetched: 5
2025-05-10 00:13:23 [abdullateef] INFO  com.example.tailormaster.service.dashboard.DashboardService - Total orders: 50
2025-05-10 00:13:23 [abdullateef] INFO  com.example.tailormaster.controller.dashboard.DashboardController - Total orders: 50
2025-05-10 00:13:27 [abdullateef] INFO  com.example.tailormaster.filter.LoggingInterceptor - User 'abdullateef' is requesting: GET /tailor-master/customers
2025-05-10 00:13:27 [abdullateef] INFO  com.example.tailormaster.filter.LoggingInterceptor - User 'abdullateef' is requesting: GET /tailor-master/dashboard/notifications/upcoming-deliveries
2025-05-10 00:13:28 [abdullateef] INFO  com.example.tailormaster.controller.dashboard.DashboardController - Requested upcoming deliveries.
2025-05-10 00:13:28 [abdullateef] INFO  com.example.tailormaster.service.dashboard.DashboardService - Upcoming deliveries fetched: 8
2025-05-10 00:13:28 [abdullateef] INFO  com.example.tailormaster.controller.dashboard.DashboardController - Upcoming deliveries fetched: 8
2025-05-10 00:13:28 [abdullateef] INFO  com.example.tailormaster.filter.LoggingInterceptor - User 'abdullateef' is requesting: GET /tailor-master/customers/datatable
2025-05-10 00:13:28 [abdullateef] INFO  com.example.tailormaster.controller.CustomerController - Fetching customers data with search value: , sort direction: asc, start date: null, end date: null
2025-05-10 00:13:29 [abdullateef] INFO  com.example.tailormaster.filter.LoggingInterceptor - User 'abdullateef' is requesting: GET /tailor-master/customers/details/IYdzM22NZaq8IiJlvmYkTyLPKg_dh3h43V1rZ7WjKao=
2025-05-10 00:13:29 [abdullateef] INFO  com.example.tailormaster.controller.CustomerController - Displaying details for customer ID (encrypted): IYdzM22NZaq8IiJlvmYkTyLPKg_dh3h43V1rZ7WjKao=
2025-05-10 00:13:29 [abdullateef] INFO  com.example.tailormaster.controller.CustomerController - Fetched customer details: Customer(fullName=NewCustomer3, phoneNumber=03224499844, enabled=false)
2025-05-10 00:13:29 [abdullateef] INFO  com.example.tailormaster.controller.CustomerController - Fetched measurement details: null
2025-05-10 00:13:30 [abdullateef] INFO  com.example.tailormaster.filter.LoggingInterceptor - User 'abdullateef' is requesting: GET /tailor-master/dashboard/notifications/upcoming-deliveries
2025-05-10 00:13:30 [abdullateef] INFO  com.example.tailormaster.controller.dashboard.DashboardController - Requested upcoming deliveries.
2025-05-10 00:13:30 [abdullateef] INFO  com.example.tailormaster.service.dashboard.DashboardService - Upcoming deliveries fetched: 8
2025-05-10 00:13:30 [abdullateef] INFO  com.example.tailormaster.controller.dashboard.DashboardController - Upcoming deliveries fetched: 8
2025-05-10 00:13:33 [abdullateef] INFO  com.example.tailormaster.filter.LoggingInterceptor - User 'abdullateef' is requesting: GET /tailor-master/customers
2025-05-10 00:13:33 [abdullateef] INFO  com.example.tailormaster.filter.LoggingInterceptor - User 'abdullateef' is requesting: GET /tailor-master/dashboard/notifications/upcoming-deliveries
2025-05-10 00:13:33 [abdullateef] INFO  com.example.tailormaster.controller.dashboard.DashboardController - Requested upcoming deliveries.
2025-05-10 00:13:33 [abdullateef] INFO  com.example.tailormaster.service.dashboard.DashboardService - Upcoming deliveries fetched: 8
2025-05-10 00:13:33 [abdullateef] INFO  com.example.tailormaster.controller.dashboard.DashboardController - Upcoming deliveries fetched: 8
2025-05-10 00:13:33 [abdullateef] INFO  com.example.tailormaster.filter.LoggingInterceptor - User 'abdullateef' is requesting: GET /tailor-master/customers/datatable
2025-05-10 00:13:33 [abdullateef] INFO  com.example.tailormaster.controller.CustomerController - Fetching customers data with search value: , sort direction: asc, start date: null, end date: null
2025-05-10 00:13:36 [abdullateef] INFO  com.example.tailormaster.filter.LoggingInterceptor - User 'abdullateef' is requesting: GET /tailor-master/customers/details/D07miQeG6s-FAG3EVwFfKO5a2fD9e8qP-j_ir1Du4OI=
2025-05-10 00:13:36 [abdullateef] INFO  com.example.tailormaster.controller.CustomerController - Displaying details for customer ID (encrypted): D07miQeG6s-FAG3EVwFfKO5a2fD9e8qP-j_ir1Du4OI=
2025-05-10 00:13:36 [abdullateef] INFO  com.example.tailormaster.controller.CustomerController - Fetched customer details: Customer(fullName=PaginationTest5, phoneNumber=03332211223, enabled=false)
2025-05-10 00:13:36 [abdullateef] INFO  com.example.tailormaster.controller.CustomerController - Fetched measurement details: null
2025-05-10 00:13:37 [abdullateef] INFO  com.example.tailormaster.filter.LoggingInterceptor - User 'abdullateef' is requesting: GET /tailor-master/dashboard/notifications/upcoming-deliveries
2025-05-10 00:13:37 [abdullateef] INFO  com.example.tailormaster.controller.dashboard.DashboardController - Requested upcoming deliveries.
2025-05-10 00:13:37 [abdullateef] INFO  com.example.tailormaster.service.dashboard.DashboardService - Upcoming deliveries fetched: 8
2025-05-10 00:13:37 [abdullateef] INFO  com.example.tailormaster.controller.dashboard.DashboardController - Upcoming deliveries fetched: 8
2025-05-10 00:13:38 [abdullateef] INFO  com.example.tailormaster.filter.LoggingInterceptor - User 'abdullateef' is requesting: GET /tailor-master/customers/edit/GtDEZvVPlrxhVJU7_wA7dymspuuo7HrRK0On3Dr4FIQ=
2025-05-10 00:13:38 [abdullateef] INFO  com.example.tailormaster.controller.CustomerController - Displaying edit form for customer ID (encrypted): GtDEZvVPlrxhVJU7_wA7dymspuuo7HrRK0On3Dr4FIQ=
2025-05-10 00:13:38 [abdullateef] INFO  com.example.tailormaster.service.product.ProductService - Fetching all active products.
2025-05-10 00:13:38 [abdullateef] INFO  com.example.tailormaster.service.product.ProductService - Retrieved 2 active products.
2025-05-10 00:13:41 [abdullateef] INFO  com.example.tailormaster.controller.CustomerController - Populated CustomerRegistrationDTO for edit form: CustomerRegistrationDTO(customer=Customer(fullName=PaginationTest5, phoneNumber=03332211223, enabled=false), frontPocket=false, oneSidePocket=false, twoSidePocket=false, shalwarZipPocket=false, shalwarSadaPocket=false, twoPajamaPocket=false, singleSilai=false, doubleSilai=false, chamakSilai=false, flopPocket=false, normalButton=false, touchButton=false, metalButton=false, qameezLength=null, qameezType=null, bazoo=null, kuhni=null, aarmHole=null, kuff=null, golMoori=null, galla=null, gallaType=null, tera=null, patiLambai=null, chati=null, chati360=null, kamar=null, kamar360=null, daman=null, daman360=null, shalwar=null, shalwarGher=null, shalwarPaincha=null, pajama=null, pajamaWaist=null, pajamaPaincha=null, lasticPlusDori=null, deegar=null, measurement=null, products=[Product(type=QAMEEZ, name=قميض, description=, price=2000.00, enabled=true), Product(type=SHALWAR, name=شلوار, description=, price=500.00, enabled=true)], customerMeasurements={}, selectedProductIds=[])
2025-05-10 00:13:42 [abdullateef] INFO  com.example.tailormaster.filter.LoggingInterceptor - User 'abdullateef' is requesting: GET /tailor-master/dashboard/notifications/upcoming-deliveries
2025-05-10 00:13:42 [abdullateef] INFO  com.example.tailormaster.controller.dashboard.DashboardController - Requested upcoming deliveries.
2025-05-10 00:13:42 [abdullateef] INFO  com.example.tailormaster.service.dashboard.DashboardService - Upcoming deliveries fetched: 8
2025-05-10 00:13:42 [abdullateef] INFO  com.example.tailormaster.controller.dashboard.DashboardController - Upcoming deliveries fetched: 8
2025-05-10 00:14:11 [abdullateef] INFO  com.example.tailormaster.filter.LoggingInterceptor - User 'abdullateef' is requesting: POST /tailor-master/customers/update
2025-05-10 00:14:11 [abdullateef] INFO  com.example.tailormaster.controller.CustomerController - Attempting to update customer with encrypted ID: sRFdsjBKOhV-Qqlo5NY5Ry7XVAFo2-7mcIFH76646WA=
2025-05-10 00:14:31 [abdullateef] INFO  com.example.tailormaster.service.product.ProductService - Fetching product by ID: 1
2025-05-10 00:14:33 [abdullateef] INFO  com.example.tailormaster.service.product.ProductService - Fetching product by ID: 2
2025-05-10 00:14:36 [abdullateef] INFO  com.example.tailormaster.service.customer.CustomerService - Updating customer with ID: 41
2025-05-10 00:15:24 [abdullateef] WARN  org.hibernate.engine.jdbc.spi.SqlExceptionHelper - SQL Error: 1048, SQLState: 23000
2025-05-10 00:15:24 [abdullateef] ERROR org.hibernate.engine.jdbc.spi.SqlExceptionHelper - Column 'product_id' cannot be null
2025-05-10 00:15:27 [abdullateef] ERROR com.example.tailormaster.controller.CustomerController - Error updating customer with encrypted ID sRFdsjBKOhV-Qqlo5NY5Ry7XVAFo2-7mcIFH76646WA=: could not execute statement [Column 'product_id' cannot be null] [insert into customer_measurement (aarm_hole,barcode,bazoo,chamak_silai,chati,chati360,chest,created_at,customer_id,daman,daman360,deegar,double_silai,flop_pocket,front_pocket,galla,galla_type,gol_moori,hips,kamar,kamar360,kuff,kuhni,lastic_plus_dori,metal_button,normal_button,one_side_pocket,pajama,pajama_paincha,pajama_waist,pati_lambai,product_id,qameez_length,qameez_type,shalwar,shalwar_gher,shalwar_paincha,shalwar_sada_pocket,shalwar_zip_pocket,shoulder,single_silai,sleeve_length,tera,touch_button,two_pajama_pocket,two_side_pocket,updated_at,waist) values (?,?,?,?,?,?,?,?,?,?,?,?,?,?,?,?,?,?,?,?,?,?,?,?,?,?,?,?,?,?,?,?,?,?,?,?,?,?,?,?,?,?,?,?,?,?,?,?)]; SQL [insert into customer_measurement (aarm_hole,barcode,bazoo,chamak_silai,chati,chati360,chest,created_at,customer_id,daman,daman360,deegar,double_silai,flop_pocket,front_pocket,galla,galla_type,gol_moori,hips,kamar,kamar360,kuff,kuhni,lastic_plus_dori,metal_button,normal_button,one_side_pocket,pajama,pajama_paincha,pajama_waist,pati_lambai,product_id,qameez_length,qameez_type,shalwar,shalwar_gher,shalwar_paincha,shalwar_sada_pocket,shalwar_zip_pocket,shoulder,single_silai,sleeve_length,tera,touch_button,two_pajama_pocket,two_side_pocket,updated_at,waist) values (?,?,?,?,?,?,?,?,?,?,?,?,?,?,?,?,?,?,?,?,?,?,?,?,?,?,?,?,?,?,?,?,?,?,?,?,?,?,?,?,?,?,?,?,?,?,?,?)]; constraint [null]
org.springframework.dao.DataIntegrityViolationException: could not execute statement [Column 'product_id' cannot be null] [insert into customer_measurement (aarm_hole,barcode,bazoo,chamak_silai,chati,chati360,chest,created_at,customer_id,daman,daman360,deegar,double_silai,flop_pocket,front_pocket,galla,galla_type,gol_moori,hips,kamar,kamar360,kuff,kuhni,lastic_plus_dori,metal_button,normal_button,one_side_pocket,pajama,pajama_paincha,pajama_waist,pati_lambai,product_id,qameez_length,qameez_type,shalwar,shalwar_gher,shalwar_paincha,shalwar_sada_pocket,shalwar_zip_pocket,shoulder,single_silai,sleeve_length,tera,touch_button,two_pajama_pocket,two_side_pocket,updated_at,waist) values (?,?,?,?,?,?,?,?,?,?,?,?,?,?,?,?,?,?,?,?,?,?,?,?,?,?,?,?,?,?,?,?,?,?,?,?,?,?,?,?,?,?,?,?,?,?,?,?)]; SQL [insert into customer_measurement (aarm_hole,barcode,bazoo,chamak_silai,chati,chati360,chest,created_at,customer_id,daman,daman360,deegar,double_silai,flop_pocket,front_pocket,galla,galla_type,gol_moori,hips,kamar,kamar360,kuff,kuhni,lastic_plus_dori,metal_button,normal_button,one_side_pocket,pajama,pajama_paincha,pajama_waist,pati_lambai,product_id,qameez_length,qameez_type,shalwar,shalwar_gher,shalwar_paincha,shalwar_sada_pocket,shalwar_zip_pocket,shoulder,single_silai,sleeve_length,tera,touch_button,two_pajama_pocket,two_side_pocket,updated_at,waist) values (?,?,?,?,?,?,?,?,?,?,?,?,?,?,?,?,?,?,?,?,?,?,?,?,?,?,?,?,?,?,?,?,?,?,?,?,?,?,?,?,?,?,?,?,?,?,?,?)]; constraint [null]
	at org.springframework.orm.jpa.vendor.HibernateJpaDialect.convertHibernateAccessException(HibernateJpaDialect.java:290) ~[spring-orm-6.2.1.jar:6.2.1]
	at org.springframework.orm.jpa.vendor.HibernateJpaDialect.translateExceptionIfPossible(HibernateJpaDialect.java:241) ~[spring-orm-6.2.1.jar:6.2.1]
	at org.springframework.orm.jpa.AbstractEntityManagerFactoryBean.translateExceptionIfPossible(AbstractEntityManagerFactoryBean.java:560) ~[spring-orm-6.2.1.jar:6.2.1]
	at org.springframework.dao.support.ChainedPersistenceExceptionTranslator.translateExceptionIfPossible(ChainedPersistenceExceptionTranslator.java:61) ~[spring-tx-6.2.1.jar:6.2.1]
	at org.springframework.dao.support.DataAccessUtils.translateIfNecessary(DataAccessUtils.java:343) ~[spring-tx-6.2.1.jar:6.2.1]
	at org.springframework.dao.support.PersistenceExceptionTranslationInterceptor.invoke(PersistenceExceptionTranslationInterceptor.java:160) ~[spring-tx-6.2.1.jar:6.2.1]
	at org.springframework.aop.framework.ReflectiveMethodInvocation.proceed(ReflectiveMethodInvocation.java:184) ~[spring-aop-6.2.1.jar:6.2.1]
	at org.springframework.data.jpa.repository.support.CrudMethodMetadataPostProcessor$CrudMethodMetadataPopulatingMethodInterceptor.invoke(CrudMethodMetadataPostProcessor.java:165) ~[spring-data-jpa-3.4.1.jar:3.4.1]
	at org.springframework.aop.framework.ReflectiveMethodInvocation.proceed(ReflectiveMethodInvocation.java:184) ~[spring-aop-6.2.1.jar:6.2.1]
	at org.springframework.aop.framework.JdkDynamicAopProxy.invoke(JdkDynamicAopProxy.java:223) ~[spring-aop-6.2.1.jar:6.2.1]
	at jdk.proxy4/jdk.proxy4.$Proxy161.save(Unknown Source) ~[?:?]
	at com.example.tailormaster.service.customer.CustomerService.updateCustomer(CustomerService.java:83) ~[classes/:?]
	at java.base/jdk.internal.reflect.NativeMethodAccessorImpl.invoke0(Native Method) ~[?:?]
	at java.base/jdk.internal.reflect.NativeMethodAccessorImpl.invoke(NativeMethodAccessorImpl.java:77) ~[?:?]
	at java.base/jdk.internal.reflect.DelegatingMethodAccessorImpl.invoke(DelegatingMethodAccessorImpl.java:43) ~[?:?]
	at java.base/java.lang.reflect.Method.invoke(Method.java:568) ~[?:?]
	at org.springframework.aop.support.AopUtils.invokeJoinpointUsingReflection(AopUtils.java:359) ~[spring-aop-6.2.1.jar:6.2.1]
	at org.springframework.aop.framework.ReflectiveMethodInvocation.invokeJoinpoint(ReflectiveMethodInvocation.java:196) ~[spring-aop-6.2.1.jar:6.2.1]
	at org.springframework.aop.framework.ReflectiveMethodInvocation.proceed(ReflectiveMethodInvocation.java:163) ~[spring-aop-6.2.1.jar:6.2.1]
	at org.springframework.transaction.interceptor.TransactionAspectSupport.invokeWithinTransaction(TransactionAspectSupport.java:380) ~[spring-tx-6.2.1.jar:6.2.1]
	at org.springframework.transaction.interceptor.TransactionInterceptor.invoke(TransactionInterceptor.java:119) ~[spring-tx-6.2.1.jar:6.2.1]
	at org.springframework.aop.framework.ReflectiveMethodInvocation.proceed(ReflectiveMethodInvocation.java:184) ~[spring-aop-6.2.1.jar:6.2.1]
	at org.springframework.aop.framework.CglibAopProxy$DynamicAdvisedInterceptor.intercept(CglibAopProxy.java:727) ~[spring-aop-6.2.1.jar:6.2.1]
	at com.example.tailormaster.service.customer.CustomerService$$SpringCGLIB$$0.updateCustomer(<generated>) ~[classes/:?]
	at com.example.tailormaster.controller.CustomerController.updateCustomer(CustomerController.java:195) ~[classes/:?]
	at java.base/jdk.internal.reflect.NativeMethodAccessorImpl.invoke0(Native Method) ~[?:?]
	at java.base/jdk.internal.reflect.NativeMethodAccessorImpl.invoke(NativeMethodAccessorImpl.java:77) ~[?:?]
	at java.base/jdk.internal.reflect.DelegatingMethodAccessorImpl.invoke(DelegatingMethodAccessorImpl.java:43) ~[?:?]
	at java.base/java.lang.reflect.Method.invoke(Method.java:568) ~[?:?]
	at org.springframework.web.method.support.InvocableHandlerMethod.doInvoke(InvocableHandlerMethod.java:257) ~[spring-web-6.2.1.jar:6.2.1]
	at org.springframework.web.method.support.InvocableHandlerMethod.invokeForRequest(InvocableHandlerMethod.java:190) ~[spring-web-6.2.1.jar:6.2.1]
	at org.springframework.web.servlet.mvc.method.annotation.ServletInvocableHandlerMethod.invokeAndHandle(ServletInvocableHandlerMethod.java:118) ~[spring-webmvc-6.2.1.jar:6.2.1]
	at org.springframework.web.servlet.mvc.method.annotation.RequestMappingHandlerAdapter.invokeHandlerMethod(RequestMappingHandlerAdapter.java:986) ~[spring-webmvc-6.2.1.jar:6.2.1]
	at org.springframework.web.servlet.mvc.method.annotation.RequestMappingHandlerAdapter.handleInternal(RequestMappingHandlerAdapter.java:891) ~[spring-webmvc-6.2.1.jar:6.2.1]
	at org.springframework.web.servlet.mvc.method.AbstractHandlerMethodAdapter.handle(AbstractHandlerMethodAdapter.java:87) ~[spring-webmvc-6.2.1.jar:6.2.1]
	at org.springframework.web.servlet.DispatcherServlet.doDispatch(DispatcherServlet.java:1088) ~[spring-webmvc-6.2.1.jar:6.2.1]
	at org.springframework.web.servlet.DispatcherServlet.doService(DispatcherServlet.java:978) ~[spring-webmvc-6.2.1.jar:6.2.1]
	at org.springframework.web.servlet.FrameworkServlet.processRequest(FrameworkServlet.java:1014) ~[spring-webmvc-6.2.1.jar:6.2.1]
	at org.springframework.web.servlet.FrameworkServlet.doPost(FrameworkServlet.java:914) ~[spring-webmvc-6.2.1.jar:6.2.1]
	at jakarta.servlet.http.HttpServlet.service(HttpServlet.java:590) ~[tomcat-embed-core-10.1.40.jar:6.0]
	at org.springframework.web.servlet.FrameworkServlet.service(FrameworkServlet.java:885) ~[spring-webmvc-6.2.1.jar:6.2.1]
	at jakarta.servlet.http.HttpServlet.service(HttpServlet.java:658) ~[tomcat-embed-core-10.1.40.jar:6.0]
	at org.apache.catalina.core.ApplicationFilterChain.internalDoFilter(ApplicationFilterChain.java:195) ~[tomcat-embed-core-10.1.40.jar:10.1.40]
	at org.apache.catalina.core.ApplicationFilterChain.doFilter(ApplicationFilterChain.java:140) ~[tomcat-embed-core-10.1.40.jar:10.1.40]
	at org.apache.tomcat.websocket.server.WsFilter.doFilter(WsFilter.java:51) ~[tomcat-embed-websocket-10.1.40.jar:10.1.40]
	at org.apache.catalina.core.ApplicationFilterChain.internalDoFilter(ApplicationFilterChain.java:164) ~[tomcat-embed-core-10.1.40.jar:10.1.40]
	at org.apache.catalina.core.ApplicationFilterChain.doFilter(ApplicationFilterChain.java:140) ~[tomcat-embed-core-10.1.40.jar:10.1.40]
	at com.example.tailormaster.filter.LoggingMDCFilter.doFilter(LoggingMDCFilter.java:30) ~[classes/:?]
	at org.apache.catalina.core.ApplicationFilterChain.internalDoFilter(ApplicationFilterChain.java:164) ~[tomcat-embed-core-10.1.40.jar:10.1.40]
	at org.apache.catalina.core.ApplicationFilterChain.doFilter(ApplicationFilterChain.java:140) ~[tomcat-embed-core-10.1.40.jar:10.1.40]
	at org.springframework.web.filter.CompositeFilter$VirtualFilterChain.doFilter(CompositeFilter.java:108) ~[spring-web-6.2.1.jar:6.2.1]
	at org.springframework.security.web.FilterChainProxy.lambda$doFilterInternal$3(FilterChainProxy.java:231) ~[spring-security-web-6.4.2.jar:6.4.2]
	at org.springframework.security.web.FilterChainProxy$VirtualFilterChain.doFilter(FilterChainProxy.java:365) ~[spring-security-web-6.4.2.jar:6.4.2]
	at org.springframework.security.web.access.intercept.AuthorizationFilter.doFilter(AuthorizationFilter.java:101) ~[spring-security-web-6.4.2.jar:6.4.2]
	at org.springframework.security.web.FilterChainProxy$VirtualFilterChain.doFilter(FilterChainProxy.java:374) ~[spring-security-web-6.4.2.jar:6.4.2]
	at org.springframework.security.web.access.ExceptionTranslationFilter.doFilter(ExceptionTranslationFilter.java:126) ~[spring-security-web-6.4.2.jar:6.4.2]
	at org.springframework.security.web.access.ExceptionTranslationFilter.doFilter(ExceptionTranslationFilter.java:120) ~[spring-security-web-6.4.2.jar:6.4.2]
	at org.springframework.security.web.FilterChainProxy$VirtualFilterChain.doFilter(FilterChainProxy.java:374) ~[spring-security-web-6.4.2.jar:6.4.2]
	at org.springframework.security.web.authentication.AnonymousAuthenticationFilter.doFilter(AnonymousAuthenticationFilter.java:100) ~[spring-security-web-6.4.2.jar:6.4.2]
	at org.springframework.security.web.FilterChainProxy$VirtualFilterChain.doFilter(FilterChainProxy.java:374) ~[spring-security-web-6.4.2.jar:6.4.2]
	at org.springframework.security.web.servletapi.SecurityContextHolderAwareRequestFilter.doFilter(SecurityContextHolderAwareRequestFilter.java:179) ~[spring-security-web-6.4.2.jar:6.4.2]
	at org.springframework.security.web.FilterChainProxy$VirtualFilterChain.doFilter(FilterChainProxy.java:374) ~[spring-security-web-6.4.2.jar:6.4.2]
	at org.springframework.security.web.savedrequest.RequestCacheAwareFilter.doFilter(RequestCacheAwareFilter.java:63) ~[spring-security-web-6.4.2.jar:6.4.2]
	at org.springframework.security.web.FilterChainProxy$VirtualFilterChain.doFilter(FilterChainProxy.java:374) ~[spring-security-web-6.4.2.jar:6.4.2]
	at org.springframework.security.web.authentication.AbstractAuthenticationProcessingFilter.doFilter(AbstractAuthenticationProcessingFilter.java:227) ~[spring-security-web-6.4.2.jar:6.4.2]
	at org.springframework.security.web.authentication.AbstractAuthenticationProcessingFilter.doFilter(AbstractAuthenticationProcessingFilter.java:221) ~[spring-security-web-6.4.2.jar:6.4.2]
	at org.springframework.security.web.FilterChainProxy$VirtualFilterChain.doFilter(FilterChainProxy.java:374) ~[spring-security-web-6.4.2.jar:6.4.2]
	at org.springframework.security.web.authentication.logout.LogoutFilter.doFilter(LogoutFilter.java:107) ~[spring-security-web-6.4.2.jar:6.4.2]
	at org.springframework.security.web.authentication.logout.LogoutFilter.doFilter(LogoutFilter.java:93) ~[spring-security-web-6.4.2.jar:6.4.2]
	at org.springframework.security.web.FilterChainProxy$VirtualFilterChain.doFilter(FilterChainProxy.java:374) ~[spring-security-web-6.4.2.jar:6.4.2]
	at org.springframework.security.web.csrf.CsrfFilter.doFilterInternal(CsrfFilter.java:131) ~[spring-security-web-6.4.2.jar:6.4.2]
	at org.springframework.web.filter.OncePerRequestFilter.doFilter(OncePerRequestFilter.java:116) ~[spring-web-6.2.1.jar:6.2.1]
	at org.springframework.security.web.FilterChainProxy$VirtualFilterChain.doFilter(FilterChainProxy.java:374) ~[spring-security-web-6.4.2.jar:6.4.2]
	at org.springframework.security.web.header.HeaderWriterFilter.doHeadersAfter(HeaderWriterFilter.java:90) ~[spring-security-web-6.4.2.jar:6.4.2]
	at org.springframework.security.web.header.HeaderWriterFilter.doFilterInternal(HeaderWriterFilter.java:75) ~[spring-security-web-6.4.2.jar:6.4.2]
	at org.springframework.web.filter.OncePerRequestFilter.doFilter(OncePerRequestFilter.java:116) ~[spring-web-6.2.1.jar:6.2.1]
	at org.springframework.security.web.FilterChainProxy$VirtualFilterChain.doFilter(FilterChainProxy.java:374) ~[spring-security-web-6.4.2.jar:6.4.2]
	at org.springframework.security.web.context.SecurityContextHolderFilter.doFilter(SecurityContextHolderFilter.java:82) ~[spring-security-web-6.4.2.jar:6.4.2]
	at org.springframework.security.web.context.SecurityContextHolderFilter.doFilter(SecurityContextHolderFilter.java:69) ~[spring-security-web-6.4.2.jar:6.4.2]
	at org.springframework.security.web.FilterChainProxy$VirtualFilterChain.doFilter(FilterChainProxy.java:374) ~[spring-security-web-6.4.2.jar:6.4.2]
	at org.springframework.security.web.context.request.async.WebAsyncManagerIntegrationFilter.doFilterInternal(WebAsyncManagerIntegrationFilter.java:62) ~[spring-security-web-6.4.2.jar:6.4.2]
	at org.springframework.web.filter.OncePerRequestFilter.doFilter(OncePerRequestFilter.java:116) ~[spring-web-6.2.1.jar:6.2.1]
	at org.springframework.security.web.FilterChainProxy$VirtualFilterChain.doFilter(FilterChainProxy.java:374) ~[spring-security-web-6.4.2.jar:6.4.2]
	at org.springframework.security.web.session.DisableEncodeUrlFilter.doFilterInternal(DisableEncodeUrlFilter.java:42) ~[spring-security-web-6.4.2.jar:6.4.2]
	at org.springframework.web.filter.OncePerRequestFilter.doFilter(OncePerRequestFilter.java:116) ~[spring-web-6.2.1.jar:6.2.1]
	at org.springframework.security.web.FilterChainProxy$VirtualFilterChain.doFilter(FilterChainProxy.java:374) ~[spring-security-web-6.4.2.jar:6.4.2]
	at org.springframework.security.web.FilterChainProxy.doFilterInternal(FilterChainProxy.java:233) ~[spring-security-web-6.4.2.jar:6.4.2]
	at org.springframework.security.web.FilterChainProxy.doFilter(FilterChainProxy.java:191) ~[spring-security-web-6.4.2.jar:6.4.2]
	at org.springframework.web.filter.CompositeFilter$VirtualFilterChain.doFilter(CompositeFilter.java:113) ~[spring-web-6.2.1.jar:6.2.1]
	at org.springframework.web.servlet.handler.HandlerMappingIntrospector.lambda$createCacheFilter$3(HandlerMappingIntrospector.java:243) ~[spring-webmvc-6.2.1.jar:6.2.1]
	at org.springframework.web.filter.CompositeFilter$VirtualFilterChain.doFilter(CompositeFilter.java:113) [spring-web-6.2.1.jar:6.2.1]
	at org.springframework.web.filter.CompositeFilter.doFilter(CompositeFilter.java:74) [spring-web-6.2.1.jar:6.2.1]
	at org.springframework.security.config.annotation.web.configuration.WebMvcSecurityConfiguration$CompositeFilterChainProxy.doFilter(WebMvcSecurityConfiguration.java:238) [spring-security-config-6.4.2.jar:6.4.2]
	at org.springframework.web.filter.DelegatingFilterProxy.invokeDelegate(DelegatingFilterProxy.java:362) [spring-web-6.2.1.jar:6.2.1]
	at org.springframework.web.filter.DelegatingFilterProxy.doFilter(DelegatingFilterProxy.java:278) [spring-web-6.2.1.jar:6.2.1]
	at org.apache.catalina.core.ApplicationFilterChain.internalDoFilter(ApplicationFilterChain.java:164) [tomcat-embed-core-10.1.40.jar:10.1.40]
	at org.apache.catalina.core.ApplicationFilterChain.doFilter(ApplicationFilterChain.java:140) [tomcat-embed-core-10.1.40.jar:10.1.40]
	at org.springframework.web.filter.RequestContextFilter.doFilterInternal(RequestContextFilter.java:100) [spring-web-6.2.1.jar:6.2.1]
	at org.springframework.web.filter.OncePerRequestFilter.doFilter(OncePerRequestFilter.java:116) [spring-web-6.2.1.jar:6.2.1]
	at org.apache.catalina.core.ApplicationFilterChain.internalDoFilter(ApplicationFilterChain.java:164) [tomcat-embed-core-10.1.40.jar:10.1.40]
	at org.apache.catalina.core.ApplicationFilterChain.doFilter(ApplicationFilterChain.java:140) [tomcat-embed-core-10.1.40.jar:10.1.40]
	at org.springframework.web.filter.FormContentFilter.doFilterInternal(FormContentFilter.java:93) [spring-web-6.2.1.jar:6.2.1]
	at org.springframework.web.filter.OncePerRequestFilter.doFilter(OncePerRequestFilter.java:116) [spring-web-6.2.1.jar:6.2.1]
	at org.apache.catalina.core.ApplicationFilterChain.internalDoFilter(ApplicationFilterChain.java:164) [tomcat-embed-core-10.1.40.jar:10.1.40]
	at org.apache.catalina.core.ApplicationFilterChain.doFilter(ApplicationFilterChain.java:140) [tomcat-embed-core-10.1.40.jar:10.1.40]
	at org.springframework.web.filter.CharacterEncodingFilter.doFilterInternal(CharacterEncodingFilter.java:201) [spring-web-6.2.1.jar:6.2.1]
	at org.springframework.web.filter.OncePerRequestFilter.doFilter(OncePerRequestFilter.java:116) [spring-web-6.2.1.jar:6.2.1]
	at org.apache.catalina.core.ApplicationFilterChain.internalDoFilter(ApplicationFilterChain.java:164) [tomcat-embed-core-10.1.40.jar:10.1.40]
	at org.apache.catalina.core.ApplicationFilterChain.doFilter(ApplicationFilterChain.java:140) [tomcat-embed-core-10.1.40.jar:10.1.40]
	at org.apache.catalina.core.StandardWrapperValve.invoke(StandardWrapperValve.java:167) [tomcat-embed-core-10.1.40.jar:10.1.40]
	at org.apache.catalina.core.StandardContextValve.invoke(StandardContextValve.java:90) [tomcat-embed-core-10.1.40.jar:10.1.40]
	at org.apache.catalina.authenticator.AuthenticatorBase.invoke(AuthenticatorBase.java:483) [tomcat-embed-core-10.1.40.jar:10.1.40]
	at org.apache.catalina.core.StandardHostValve.invoke(StandardHostValve.java:116) [tomcat-embed-core-10.1.40.jar:10.1.40]
	at org.apache.catalina.valves.ErrorReportValve.invoke(ErrorReportValve.java:93) [tomcat-embed-core-10.1.40.jar:10.1.40]
	at org.apache.catalina.core.StandardEngineValve.invoke(StandardEngineValve.java:74) [tomcat-embed-core-10.1.40.jar:10.1.40]
	at org.apache.catalina.connector.CoyoteAdapter.service(CoyoteAdapter.java:344) [tomcat-embed-core-10.1.40.jar:10.1.40]
	at org.apache.coyote.http11.Http11Processor.service(Http11Processor.java:398) [tomcat-embed-core-10.1.40.jar:10.1.40]
	at org.apache.coyote.AbstractProcessorLight.process(AbstractProcessorLight.java:63) [tomcat-embed-core-10.1.40.jar:10.1.40]
	at org.apache.coyote.AbstractProtocol$ConnectionHandler.process(AbstractProtocol.java:903) [tomcat-embed-core-10.1.40.jar:10.1.40]
	at org.apache.tomcat.util.net.NioEndpoint$SocketProcessor.doRun(NioEndpoint.java:1740) [tomcat-embed-core-10.1.40.jar:10.1.40]
	at org.apache.tomcat.util.net.SocketProcessorBase.run(SocketProcessorBase.java:52) [tomcat-embed-core-10.1.40.jar:10.1.40]
	at org.apache.tomcat.util.threads.ThreadPoolExecutor.runWorker(ThreadPoolExecutor.java:1189) [tomcat-embed-core-10.1.40.jar:10.1.40]
	at org.apache.tomcat.util.threads.ThreadPoolExecutor$Worker.run(ThreadPoolExecutor.java:658) [tomcat-embed-core-10.1.40.jar:10.1.40]
	at org.apache.tomcat.util.threads.TaskThread$WrappingRunnable.run(TaskThread.java:63) [tomcat-embed-core-10.1.40.jar:10.1.40]
	at java.base/java.lang.Thread.run(Thread.java:833) [?:?]
Caused by: org.hibernate.exception.ConstraintViolationException: could not execute statement [Column 'product_id' cannot be null] [insert into customer_measurement (aarm_hole,barcode,bazoo,chamak_silai,chati,chati360,chest,created_at,customer_id,daman,daman360,deegar,double_silai,flop_pocket,front_pocket,galla,galla_type,gol_moori,hips,kamar,kamar360,kuff,kuhni,lastic_plus_dori,metal_button,normal_button,one_side_pocket,pajama,pajama_paincha,pajama_waist,pati_lambai,product_id,qameez_length,qameez_type,shalwar,shalwar_gher,shalwar_paincha,shalwar_sada_pocket,shalwar_zip_pocket,shoulder,single_silai,sleeve_length,tera,touch_button,two_pajama_pocket,two_side_pocket,updated_at,waist) values (?,?,?,?,?,?,?,?,?,?,?,?,?,?,?,?,?,?,?,?,?,?,?,?,?,?,?,?,?,?,?,?,?,?,?,?,?,?,?,?,?,?,?,?,?,?,?,?)]
	at org.hibernate.exception.internal.SQLExceptionTypeDelegate.convert(SQLExceptionTypeDelegate.java:62) ~[hibernate-core-6.6.4.Final.jar:6.6.4.Final]
	at org.hibernate.exception.internal.StandardSQLExceptionConverter.convert(StandardSQLExceptionConverter.java:58) ~[hibernate-core-6.6.4.Final.jar:6.6.4.Final]
	at org.hibernate.engine.jdbc.spi.SqlExceptionHelper.convert(SqlExceptionHelper.java:108) ~[hibernate-core-6.6.4.Final.jar:6.6.4.Final]
	at org.hibernate.engine.jdbc.internal.ResultSetReturnImpl.executeUpdate(ResultSetReturnImpl.java:197) ~[hibernate-core-6.6.4.Final.jar:6.6.4.Final]
	at org.hibernate.id.insert.GetGeneratedKeysDelegate.performMutation(GetGeneratedKeysDelegate.java:116) ~[hibernate-core-6.6.4.Final.jar:6.6.4.Final]
	at org.hibernate.engine.jdbc.mutation.internal.MutationExecutorSingleNonBatched.performNonBatchedOperations(MutationExecutorSingleNonBatched.java:47) ~[hibernate-core-6.6.4.Final.jar:6.6.4.Final]
	at org.hibernate.engine.jdbc.mutation.internal.AbstractMutationExecutor.execute(AbstractMutationExecutor.java:55) ~[hibernate-core-6.6.4.Final.jar:6.6.4.Final]
	at org.hibernate.persister.entity.mutation.InsertCoordinatorStandard.doStaticInserts(InsertCoordinatorStandard.java:194) ~[hibernate-core-6.6.4.Final.jar:6.6.4.Final]
	at org.hibernate.persister.entity.mutation.InsertCoordinatorStandard.coordinateInsert(InsertCoordinatorStandard.java:132) ~[hibernate-core-6.6.4.Final.jar:6.6.4.Final]
	at org.hibernate.persister.entity.mutation.InsertCoordinatorStandard.insert(InsertCoordinatorStandard.java:95) ~[hibernate-core-6.6.4.Final.jar:6.6.4.Final]
	at org.hibernate.action.internal.EntityIdentityInsertAction.execute(EntityIdentityInsertAction.java:85) ~[hibernate-core-6.6.4.Final.jar:6.6.4.Final]
	at org.hibernate.engine.spi.ActionQueue.execute(ActionQueue.java:682) ~[hibernate-core-6.6.4.Final.jar:6.6.4.Final]
	at org.hibernate.engine.spi.ActionQueue.addResolvedEntityInsertAction(ActionQueue.java:293) ~[hibernate-core-6.6.4.Final.jar:6.6.4.Final]
	at org.hibernate.engine.spi.ActionQueue.addInsertAction(ActionQueue.java:274) ~[hibernate-core-6.6.4.Final.jar:6.6.4.Final]
	at org.hibernate.engine.spi.ActionQueue.addAction(ActionQueue.java:324) ~[hibernate-core-6.6.4.Final.jar:6.6.4.Final]
	at org.hibernate.event.internal.AbstractSaveEventListener.addInsertAction(AbstractSaveEventListener.java:393) ~[hibernate-core-6.6.4.Final.jar:6.6.4.Final]
	at org.hibernate.event.internal.AbstractSaveEventListener.performSaveOrReplicate(AbstractSaveEventListener.java:307) ~[hibernate-core-6.6.4.Final.jar:6.6.4.Final]
	at org.hibernate.event.internal.AbstractSaveEventListener.performSave(AbstractSaveEventListener.java:223) ~[hibernate-core-6.6.4.Final.jar:6.6.4.Final]
	at org.hibernate.event.internal.AbstractSaveEventListener.saveWithGeneratedId(AbstractSaveEventListener.java:136) ~[hibernate-core-6.6.4.Final.jar:6.6.4.Final]
	at org.hibernate.event.internal.DefaultMergeEventListener.saveTransientEntity(DefaultMergeEventListener.java:384) ~[hibernate-core-6.6.4.Final.jar:6.6.4.Final]
	at org.hibernate.event.internal.DefaultMergeEventListener.entityIsTransient(DefaultMergeEventListener.java:305) ~[hibernate-core-6.6.4.Final.jar:6.6.4.Final]
	at org.hibernate.event.internal.DefaultMergeEventListener.merge(DefaultMergeEventListener.java:217) ~[hibernate-core-6.6.4.Final.jar:6.6.4.Final]
	at org.hibernate.event.internal.DefaultMergeEventListener.doMerge(DefaultMergeEventListener.java:152) ~[hibernate-core-6.6.4.Final.jar:6.6.4.Final]
	at org.hibernate.event.internal.DefaultMergeEventListener.onMerge(DefaultMergeEventListener.java:136) ~[hibernate-core-6.6.4.Final.jar:6.6.4.Final]
	at org.hibernate.event.service.internal.EventListenerGroupImpl.fireEventOnEachListener(EventListenerGroupImpl.java:138) ~[hibernate-core-6.6.4.Final.jar:6.6.4.Final]
	at org.hibernate.internal.SessionImpl.fireMerge(SessionImpl.java:875) ~[hibernate-core-6.6.4.Final.jar:6.6.4.Final]
	at org.hibernate.internal.SessionImpl.merge(SessionImpl.java:846) ~[hibernate-core-6.6.4.Final.jar:6.6.4.Final]
	at org.hibernate.engine.spi.CascadingActions$6.cascade(CascadingActions.java:258) ~[hibernate-core-6.6.4.Final.jar:6.6.4.Final]
	at org.hibernate.engine.spi.CascadingActions$6.cascade(CascadingActions.java:248) ~[hibernate-core-6.6.4.Final.jar:6.6.4.Final]
	at org.hibernate.engine.internal.Cascade.cascadeToOne(Cascade.java:570) ~[hibernate-core-6.6.4.Final.jar:6.6.4.Final]
	at org.hibernate.engine.internal.Cascade.cascadeAssociation(Cascade.java:492) ~[hibernate-core-6.6.4.Final.jar:6.6.4.Final]
	at org.hibernate.engine.internal.Cascade.cascadeProperty(Cascade.java:253) ~[hibernate-core-6.6.4.Final.jar:6.6.4.Final]
	at org.hibernate.engine.internal.Cascade.cascadeCollectionElements(Cascade.java:604) ~[hibernate-core-6.6.4.Final.jar:6.6.4.Final]
	at org.hibernate.engine.internal.Cascade.cascadeCollection(Cascade.java:534) ~[hibernate-core-6.6.4.Final.jar:6.6.4.Final]
	at org.hibernate.engine.internal.Cascade.cascadeAssociation(Cascade.java:495) ~[hibernate-core-6.6.4.Final.jar:6.6.4.Final]
	at org.hibernate.engine.internal.Cascade.cascadeProperty(Cascade.java:253) ~[hibernate-core-6.6.4.Final.jar:6.6.4.Final]
	at org.hibernate.engine.internal.Cascade.cascade(Cascade.java:192) ~[hibernate-core-6.6.4.Final.jar:6.6.4.Final]
	at org.hibernate.event.internal.DefaultMergeEventListener.cascadeOnMerge(DefaultMergeEventListener.java:667) ~[hibernate-core-6.6.4.Final.jar:6.6.4.Final]
	at org.hibernate.event.internal.DefaultMergeEventListener.entityIsPersistent(DefaultMergeEventListener.java:285) ~[hibernate-core-6.6.4.Final.jar:6.6.4.Final]
	at org.hibernate.event.internal.DefaultMergeEventListener.merge(DefaultMergeEventListener.java:220) ~[hibernate-core-6.6.4.Final.jar:6.6.4.Final]
	at org.hibernate.event.internal.DefaultMergeEventListener.doMerge(DefaultMergeEventListener.java:152) ~[hibernate-core-6.6.4.Final.jar:6.6.4.Final]
	at org.hibernate.event.internal.DefaultMergeEventListener.onMerge(DefaultMergeEventListener.java:136) ~[hibernate-core-6.6.4.Final.jar:6.6.4.Final]
	at org.hibernate.event.internal.DefaultMergeEventListener.onMerge(DefaultMergeEventListener.java:89) ~[hibernate-core-6.6.4.Final.jar:6.6.4.Final]
	at org.hibernate.event.service.internal.EventListenerGroupImpl.fireEventOnEachListener(EventListenerGroupImpl.java:127) ~[hibernate-core-6.6.4.Final.jar:6.6.4.Final]
	at org.hibernate.internal.SessionImpl.fireMerge(SessionImpl.java:854) ~[hibernate-core-6.6.4.Final.jar:6.6.4.Final]
	at org.hibernate.internal.SessionImpl.merge(SessionImpl.java:840) ~[hibernate-core-6.6.4.Final.jar:6.6.4.Final]
	at java.base/jdk.internal.reflect.NativeMethodAccessorImpl.invoke0(Native Method) ~[?:?]
	at java.base/jdk.internal.reflect.NativeMethodAccessorImpl.invoke(NativeMethodAccessorImpl.java:77) ~[?:?]
	at java.base/jdk.internal.reflect.DelegatingMethodAccessorImpl.invoke(DelegatingMethodAccessorImpl.java:43) ~[?:?]
	at java.base/java.lang.reflect.Method.invoke(Method.java:568) ~[?:?]
	at org.springframework.orm.jpa.ExtendedEntityManagerCreator$ExtendedEntityManagerInvocationHandler.invoke(ExtendedEntityManagerCreator.java:364) ~[spring-orm-6.2.1.jar:6.2.1]
	at jdk.proxy4/jdk.proxy4.$Proxy156.merge(Unknown Source) ~[?:?]
	at java.base/jdk.internal.reflect.NativeMethodAccessorImpl.invoke0(Native Method) ~[?:?]
	at java.base/jdk.internal.reflect.NativeMethodAccessorImpl.invoke(NativeMethodAccessorImpl.java:77) ~[?:?]
	at java.base/jdk.internal.reflect.DelegatingMethodAccessorImpl.invoke(DelegatingMethodAccessorImpl.java:43) ~[?:?]
	at java.base/java.lang.reflect.Method.invoke(Method.java:568) ~[?:?]
	at org.springframework.orm.jpa.SharedEntityManagerCreator$SharedEntityManagerInvocationHandler.invoke(SharedEntityManagerCreator.java:320) ~[spring-orm-6.2.1.jar:6.2.1]
	at jdk.proxy4/jdk.proxy4.$Proxy156.merge(Unknown Source) ~[?:?]
	at org.springframework.data.jpa.repository.support.SimpleJpaRepository.save(SimpleJpaRepository.java:630) ~[spring-data-jpa-3.4.1.jar:3.4.1]
	at java.base/jdk.internal.reflect.NativeMethodAccessorImpl.invoke0(Native Method) ~[?:?]
	at java.base/jdk.internal.reflect.NativeMethodAccessorImpl.invoke(NativeMethodAccessorImpl.java:77) ~[?:?]
	at java.base/jdk.internal.reflect.DelegatingMethodAccessorImpl.invoke(DelegatingMethodAccessorImpl.java:43) ~[?:?]
	at java.base/java.lang.reflect.Method.invoke(Method.java:568) ~[?:?]
	at org.springframework.aop.support.AopUtils.invokeJoinpointUsingReflection(AopUtils.java:359) ~[spring-aop-6.2.1.jar:6.2.1]
	at org.springframework.data.repository.core.support.RepositoryMethodInvoker$RepositoryFragmentMethodInvoker.lambda$new$0(RepositoryMethodInvoker.java:277) ~[spring-data-commons-3.4.1.jar:3.4.1]
	at org.springframework.data.repository.core.support.RepositoryMethodInvoker.doInvoke(RepositoryMethodInvoker.java:170) ~[spring-data-commons-3.4.1.jar:3.4.1]
	at org.springframework.data.repository.core.support.RepositoryMethodInvoker.invoke(RepositoryMethodInvoker.java:158) ~[spring-data-commons-3.4.1.jar:3.4.1]
	at org.springframework.data.repository.core.support.RepositoryComposition$RepositoryFragments.invoke(RepositoryComposition.java:515) ~[spring-data-commons-3.4.1.jar:3.4.1]
	at org.springframework.data.repository.core.support.RepositoryComposition.invoke(RepositoryComposition.java:284) ~[spring-data-commons-3.4.1.jar:3.4.1]
	at org.springframework.data.repository.core.support.RepositoryFactorySupport$ImplementationMethodExecutionInterceptor.invoke(RepositoryFactorySupport.java:752) ~[spring-data-commons-3.4.1.jar:3.4.1]
	at org.springframework.aop.framework.ReflectiveMethodInvocation.proceed(ReflectiveMethodInvocation.java:184) ~[spring-aop-6.2.1.jar:6.2.1]
	at org.springframework.data.repository.core.support.QueryExecutorMethodInterceptor.doInvoke(QueryExecutorMethodInterceptor.java:174) ~[spring-data-commons-3.4.1.jar:3.4.1]
	at org.springframework.data.repository.core.support.QueryExecutorMethodInterceptor.invoke(QueryExecutorMethodInterceptor.java:149) ~[spring-data-commons-3.4.1.jar:3.4.1]
	at org.springframework.aop.framework.ReflectiveMethodInvocation.proceed(ReflectiveMethodInvocation.java:184) ~[spring-aop-6.2.1.jar:6.2.1]
	at org.springframework.data.projection.DefaultMethodInvokingMethodInterceptor.invoke(DefaultMethodInvokingMethodInterceptor.java:69) ~[spring-data-commons-3.4.1.jar:3.4.1]
	at org.springframework.aop.framework.ReflectiveMethodInvocation.proceed(ReflectiveMethodInvocation.java:184) ~[spring-aop-6.2.1.jar:6.2.1]
	at org.springframework.transaction.interceptor.TransactionAspectSupport.invokeWithinTransaction(TransactionAspectSupport.java:380) ~[spring-tx-6.2.1.jar:6.2.1]
	at org.springframework.transaction.interceptor.TransactionInterceptor.invoke(TransactionInterceptor.java:119) ~[spring-tx-6.2.1.jar:6.2.1]
	at org.springframework.aop.framework.ReflectiveMethodInvocation.proceed(ReflectiveMethodInvocation.java:184) ~[spring-aop-6.2.1.jar:6.2.1]
	at org.springframework.dao.support.PersistenceExceptionTranslationInterceptor.invoke(PersistenceExceptionTranslationInterceptor.java:138) ~[spring-tx-6.2.1.jar:6.2.1]
	... 119 more
Caused by: java.sql.SQLIntegrityConstraintViolationException: Column 'product_id' cannot be null
	at com.mysql.cj.jdbc.exceptions.SQLError.createSQLException(SQLError.java:109) ~[mysql-connector-j-9.1.0.jar:9.1.0]
	at com.mysql.cj.jdbc.exceptions.SQLExceptionsMapping.translateException(SQLExceptionsMapping.java:114) ~[mysql-connector-j-9.1.0.jar:9.1.0]
	at com.mysql.cj.jdbc.ClientPreparedStatement.executeInternal(ClientPreparedStatement.java:988) ~[mysql-connector-j-9.1.0.jar:9.1.0]
	at com.mysql.cj.jdbc.ClientPreparedStatement.executeUpdateInternal(ClientPreparedStatement.java:1166) ~[mysql-connector-j-9.1.0.jar:9.1.0]
	at com.mysql.cj.jdbc.ClientPreparedStatement.executeUpdateInternal(ClientPreparedStatement.java:1101) ~[mysql-connector-j-9.1.0.jar:9.1.0]
	at com.mysql.cj.jdbc.ClientPreparedStatement.executeLargeUpdate(ClientPreparedStatement.java:1467) ~[mysql-connector-j-9.1.0.jar:9.1.0]
	at com.mysql.cj.jdbc.ClientPreparedStatement.executeUpdate(ClientPreparedStatement.java:1084) ~[mysql-connector-j-9.1.0.jar:9.1.0]
	at com.zaxxer.hikari.pool.ProxyPreparedStatement.executeUpdate(ProxyPreparedStatement.java:61) ~[HikariCP-5.1.0.jar:?]
	at com.zaxxer.hikari.pool.HikariProxyPreparedStatement.executeUpdate(HikariProxyPreparedStatement.java) ~[HikariCP-5.1.0.jar:?]
	at org.hibernate.engine.jdbc.internal.ResultSetReturnImpl.executeUpdate(ResultSetReturnImpl.java:194) ~[hibernate-core-6.6.4.Final.jar:6.6.4.Final]
	at org.hibernate.id.insert.GetGeneratedKeysDelegate.performMutation(GetGeneratedKeysDelegate.java:116) ~[hibernate-core-6.6.4.Final.jar:6.6.4.Final]
	at org.hibernate.engine.jdbc.mutation.internal.MutationExecutorSingleNonBatched.performNonBatchedOperations(MutationExecutorSingleNonBatched.java:47) ~[hibernate-core-6.6.4.Final.jar:6.6.4.Final]
	at org.hibernate.engine.jdbc.mutation.internal.AbstractMutationExecutor.execute(AbstractMutationExecutor.java:55) ~[hibernate-core-6.6.4.Final.jar:6.6.4.Final]
	at org.hibernate.persister.entity.mutation.InsertCoordinatorStandard.doStaticInserts(InsertCoordinatorStandard.java:194) ~[hibernate-core-6.6.4.Final.jar:6.6.4.Final]
	at org.hibernate.persister.entity.mutation.InsertCoordinatorStandard.coordinateInsert(InsertCoordinatorStandard.java:132) ~[hibernate-core-6.6.4.Final.jar:6.6.4.Final]
	at org.hibernate.persister.entity.mutation.InsertCoordinatorStandard.insert(InsertCoordinatorStandard.java:95) ~[hibernate-core-6.6.4.Final.jar:6.6.4.Final]
	at org.hibernate.action.internal.EntityIdentityInsertAction.execute(EntityIdentityInsertAction.java:85) ~[hibernate-core-6.6.4.Final.jar:6.6.4.Final]
	at org.hibernate.engine.spi.ActionQueue.execute(ActionQueue.java:682) ~[hibernate-core-6.6.4.Final.jar:6.6.4.Final]
	at org.hibernate.engine.spi.ActionQueue.addResolvedEntityInsertAction(ActionQueue.java:293) ~[hibernate-core-6.6.4.Final.jar:6.6.4.Final]
	at org.hibernate.engine.spi.ActionQueue.addInsertAction(ActionQueue.java:274) ~[hibernate-core-6.6.4.Final.jar:6.6.4.Final]
	at org.hibernate.engine.spi.ActionQueue.addAction(ActionQueue.java:324) ~[hibernate-core-6.6.4.Final.jar:6.6.4.Final]
	at org.hibernate.event.internal.AbstractSaveEventListener.addInsertAction(AbstractSaveEventListener.java:393) ~[hibernate-core-6.6.4.Final.jar:6.6.4.Final]
	at org.hibernate.event.internal.AbstractSaveEventListener.performSaveOrReplicate(AbstractSaveEventListener.java:307) ~[hibernate-core-6.6.4.Final.jar:6.6.4.Final]
	at org.hibernate.event.internal.AbstractSaveEventListener.performSave(AbstractSaveEventListener.java:223) ~[hibernate-core-6.6.4.Final.jar:6.6.4.Final]
	at org.hibernate.event.internal.AbstractSaveEventListener.saveWithGeneratedId(AbstractSaveEventListener.java:136) ~[hibernate-core-6.6.4.Final.jar:6.6.4.Final]
	at org.hibernate.event.internal.DefaultMergeEventListener.saveTransientEntity(DefaultMergeEventListener.java:384) ~[hibernate-core-6.6.4.Final.jar:6.6.4.Final]
	at org.hibernate.event.internal.DefaultMergeEventListener.entityIsTransient(DefaultMergeEventListener.java:305) ~[hibernate-core-6.6.4.Final.jar:6.6.4.Final]
	at org.hibernate.event.internal.DefaultMergeEventListener.merge(DefaultMergeEventListener.java:217) ~[hibernate-core-6.6.4.Final.jar:6.6.4.Final]
	at org.hibernate.event.internal.DefaultMergeEventListener.doMerge(DefaultMergeEventListener.java:152) ~[hibernate-core-6.6.4.Final.jar:6.6.4.Final]
	at org.hibernate.event.internal.DefaultMergeEventListener.onMerge(DefaultMergeEventListener.java:136) ~[hibernate-core-6.6.4.Final.jar:6.6.4.Final]
	at org.hibernate.event.service.internal.EventListenerGroupImpl.fireEventOnEachListener(EventListenerGroupImpl.java:138) ~[hibernate-core-6.6.4.Final.jar:6.6.4.Final]
	at org.hibernate.internal.SessionImpl.fireMerge(SessionImpl.java:875) ~[hibernate-core-6.6.4.Final.jar:6.6.4.Final]
	at org.hibernate.internal.SessionImpl.merge(SessionImpl.java:846) ~[hibernate-core-6.6.4.Final.jar:6.6.4.Final]
	at org.hibernate.engine.spi.CascadingActions$6.cascade(CascadingActions.java:258) ~[hibernate-core-6.6.4.Final.jar:6.6.4.Final]
	at org.hibernate.engine.spi.CascadingActions$6.cascade(CascadingActions.java:248) ~[hibernate-core-6.6.4.Final.jar:6.6.4.Final]
	at org.hibernate.engine.internal.Cascade.cascadeToOne(Cascade.java:570) ~[hibernate-core-6.6.4.Final.jar:6.6.4.Final]
	at org.hibernate.engine.internal.Cascade.cascadeAssociation(Cascade.java:492) ~[hibernate-core-6.6.4.Final.jar:6.6.4.Final]
	at org.hibernate.engine.internal.Cascade.cascadeProperty(Cascade.java:253) ~[hibernate-core-6.6.4.Final.jar:6.6.4.Final]
	at org.hibernate.engine.internal.Cascade.cascadeCollectionElements(Cascade.java:604) ~[hibernate-core-6.6.4.Final.jar:6.6.4.Final]
	at org.hibernate.engine.internal.Cascade.cascadeCollection(Cascade.java:534) ~[hibernate-core-6.6.4.Final.jar:6.6.4.Final]
	at org.hibernate.engine.internal.Cascade.cascadeAssociation(Cascade.java:495) ~[hibernate-core-6.6.4.Final.jar:6.6.4.Final]
	at org.hibernate.engine.internal.Cascade.cascadeProperty(Cascade.java:253) ~[hibernate-core-6.6.4.Final.jar:6.6.4.Final]
	at org.hibernate.engine.internal.Cascade.cascade(Cascade.java:192) ~[hibernate-core-6.6.4.Final.jar:6.6.4.Final]
	at org.hibernate.event.internal.DefaultMergeEventListener.cascadeOnMerge(DefaultMergeEventListener.java:667) ~[hibernate-core-6.6.4.Final.jar:6.6.4.Final]
	at org.hibernate.event.internal.DefaultMergeEventListener.entityIsPersistent(DefaultMergeEventListener.java:285) ~[hibernate-core-6.6.4.Final.jar:6.6.4.Final]
	at org.hibernate.event.internal.DefaultMergeEventListener.merge(DefaultMergeEventListener.java:220) ~[hibernate-core-6.6.4.Final.jar:6.6.4.Final]
	at org.hibernate.event.internal.DefaultMergeEventListener.doMerge(DefaultMergeEventListener.java:152) ~[hibernate-core-6.6.4.Final.jar:6.6.4.Final]
	at org.hibernate.event.internal.DefaultMergeEventListener.onMerge(DefaultMergeEventListener.java:136) ~[hibernate-core-6.6.4.Final.jar:6.6.4.Final]
	at org.hibernate.event.internal.DefaultMergeEventListener.onMerge(DefaultMergeEventListener.java:89) ~[hibernate-core-6.6.4.Final.jar:6.6.4.Final]
	at org.hibernate.event.service.internal.EventListenerGroupImpl.fireEventOnEachListener(EventListenerGroupImpl.java:127) ~[hibernate-core-6.6.4.Final.jar:6.6.4.Final]
	at org.hibernate.internal.SessionImpl.fireMerge(SessionImpl.java:854) ~[hibernate-core-6.6.4.Final.jar:6.6.4.Final]
	at org.hibernate.internal.SessionImpl.merge(SessionImpl.java:840) ~[hibernate-core-6.6.4.Final.jar:6.6.4.Final]
	at java.base/jdk.internal.reflect.NativeMethodAccessorImpl.invoke0(Native Method) ~[?:?]
	at java.base/jdk.internal.reflect.NativeMethodAccessorImpl.invoke(NativeMethodAccessorImpl.java:77) ~[?:?]
	at java.base/jdk.internal.reflect.DelegatingMethodAccessorImpl.invoke(DelegatingMethodAccessorImpl.java:43) ~[?:?]
	at java.base/java.lang.reflect.Method.invoke(Method.java:568) ~[?:?]
	at org.springframework.orm.jpa.ExtendedEntityManagerCreator$ExtendedEntityManagerInvocationHandler.invoke(ExtendedEntityManagerCreator.java:364) ~[spring-orm-6.2.1.jar:6.2.1]
	at jdk.proxy4/jdk.proxy4.$Proxy156.merge(Unknown Source) ~[?:?]
	at java.base/jdk.internal.reflect.NativeMethodAccessorImpl.invoke0(Native Method) ~[?:?]
	at java.base/jdk.internal.reflect.NativeMethodAccessorImpl.invoke(NativeMethodAccessorImpl.java:77) ~[?:?]
	at java.base/jdk.internal.reflect.DelegatingMethodAccessorImpl.invoke(DelegatingMethodAccessorImpl.java:43) ~[?:?]
	at java.base/java.lang.reflect.Method.invoke(Method.java:568) ~[?:?]
	at org.springframework.orm.jpa.SharedEntityManagerCreator$SharedEntityManagerInvocationHandler.invoke(SharedEntityManagerCreator.java:320) ~[spring-orm-6.2.1.jar:6.2.1]
	at jdk.proxy4/jdk.proxy4.$Proxy156.merge(Unknown Source) ~[?:?]
	at org.springframework.data.jpa.repository.support.SimpleJpaRepository.save(SimpleJpaRepository.java:630) ~[spring-data-jpa-3.4.1.jar:3.4.1]
	at java.base/jdk.internal.reflect.NativeMethodAccessorImpl.invoke0(Native Method) ~[?:?]
	at java.base/jdk.internal.reflect.NativeMethodAccessorImpl.invoke(NativeMethodAccessorImpl.java:77) ~[?:?]
	at java.base/jdk.internal.reflect.DelegatingMethodAccessorImpl.invoke(DelegatingMethodAccessorImpl.java:43) ~[?:?]
	at java.base/java.lang.reflect.Method.invoke(Method.java:568) ~[?:?]
	at org.springframework.aop.support.AopUtils.invokeJoinpointUsingReflection(AopUtils.java:359) ~[spring-aop-6.2.1.jar:6.2.1]
	at org.springframework.data.repository.core.support.RepositoryMethodInvoker$RepositoryFragmentMethodInvoker.lambda$new$0(RepositoryMethodInvoker.java:277) ~[spring-data-commons-3.4.1.jar:3.4.1]
	at org.springframework.data.repository.core.support.RepositoryMethodInvoker.doInvoke(RepositoryMethodInvoker.java:170) ~[spring-data-commons-3.4.1.jar:3.4.1]
	at org.springframework.data.repository.core.support.RepositoryMethodInvoker.invoke(RepositoryMethodInvoker.java:158) ~[spring-data-commons-3.4.1.jar:3.4.1]
	at org.springframework.data.repository.core.support.RepositoryComposition$RepositoryFragments.invoke(RepositoryComposition.java:515) ~[spring-data-commons-3.4.1.jar:3.4.1]
	at org.springframework.data.repository.core.support.RepositoryComposition.invoke(RepositoryComposition.java:284) ~[spring-data-commons-3.4.1.jar:3.4.1]
	at org.springframework.data.repository.core.support.RepositoryFactorySupport$ImplementationMethodExecutionInterceptor.invoke(RepositoryFactorySupport.java:752) ~[spring-data-commons-3.4.1.jar:3.4.1]
	at org.springframework.aop.framework.ReflectiveMethodInvocation.proceed(ReflectiveMethodInvocation.java:184) ~[spring-aop-6.2.1.jar:6.2.1]
	at org.springframework.data.repository.core.support.QueryExecutorMethodInterceptor.doInvoke(QueryExecutorMethodInterceptor.java:174) ~[spring-data-commons-3.4.1.jar:3.4.1]
	at org.springframework.data.repository.core.support.QueryExecutorMethodInterceptor.invoke(QueryExecutorMethodInterceptor.java:149) ~[spring-data-commons-3.4.1.jar:3.4.1]
	at org.springframework.aop.framework.ReflectiveMethodInvocation.proceed(ReflectiveMethodInvocation.java:184) ~[spring-aop-6.2.1.jar:6.2.1]
	at org.springframework.data.projection.DefaultMethodInvokingMethodInterceptor.invoke(DefaultMethodInvokingMethodInterceptor.java:69) ~[spring-data-commons-3.4.1.jar:3.4.1]
	at org.springframework.aop.framework.ReflectiveMethodInvocation.proceed(ReflectiveMethodInvocation.java:184) ~[spring-aop-6.2.1.jar:6.2.1]
	at org.springframework.transaction.interceptor.TransactionAspectSupport.invokeWithinTransaction(TransactionAspectSupport.java:380) ~[spring-tx-6.2.1.jar:6.2.1]
	at org.springframework.transaction.interceptor.TransactionInterceptor.invoke(TransactionInterceptor.java:119) ~[spring-tx-6.2.1.jar:6.2.1]
	at org.springframework.aop.framework.ReflectiveMethodInvocation.proceed(ReflectiveMethodInvocation.java:184) ~[spring-aop-6.2.1.jar:6.2.1]
	at org.springframework.dao.support.PersistenceExceptionTranslationInterceptor.invoke(PersistenceExceptionTranslationInterceptor.java:138) ~[spring-tx-6.2.1.jar:6.2.1]
	... 119 more
2025-05-10 00:15:28 [abdullateef] INFO  com.example.tailormaster.filter.LoggingInterceptor - User 'abdullateef' is requesting: GET /tailor-master/customers
2025-05-10 00:15:28 [abdullateef] INFO  com.example.tailormaster.filter.LoggingInterceptor - User 'abdullateef' is requesting: GET /tailor-master/dashboard/notifications/upcoming-deliveries
2025-05-10 00:15:28 [abdullateef] INFO  com.example.tailormaster.controller.dashboard.DashboardController - Requested upcoming deliveries.
2025-05-10 00:15:28 [abdullateef] INFO  com.example.tailormaster.service.dashboard.DashboardService - Upcoming deliveries fetched: 8
2025-05-10 00:15:28 [abdullateef] INFO  com.example.tailormaster.controller.dashboard.DashboardController - Upcoming deliveries fetched: 8
2025-05-10 00:15:29 [abdullateef] INFO  com.example.tailormaster.filter.LoggingInterceptor - User 'abdullateef' is requesting: GET /tailor-master/customers/datatable
2025-05-10 00:15:29 [abdullateef] INFO  com.example.tailormaster.controller.CustomerController - Fetching customers data with search value: , sort direction: asc, start date: null, end date: null
2025-05-10 00:16:26 [abdullateef] INFO  com.example.tailormaster.filter.LoggingInterceptor - User 'abdullateef' is requesting: GET /tailor-master/customers/details/wWOANcNor_cutDxlw3bOIjrk0SOfgJ3Q78DHyUU9Icc=
2025-05-10 00:16:26 [abdullateef] INFO  com.example.tailormaster.controller.CustomerController - Displaying details for customer ID (encrypted): wWOANcNor_cutDxlw3bOIjrk0SOfgJ3Q78DHyUU9Icc=
2025-05-10 00:16:26 [abdullateef] INFO  com.example.tailormaster.controller.CustomerController - Fetched customer details: Customer(fullName=NewCustomer3, phoneNumber=03224499844, enabled=false)
2025-05-10 00:16:26 [abdullateef] INFO  com.example.tailormaster.controller.CustomerController - Fetched measurement details: null
2025-05-10 00:16:26 [abdullateef] INFO  com.example.tailormaster.filter.LoggingInterceptor - User 'abdullateef' is requesting: GET /tailor-master/dashboard/notifications/upcoming-deliveries
2025-05-10 00:16:26 [abdullateef] INFO  com.example.tailormaster.controller.dashboard.DashboardController - Requested upcoming deliveries.
2025-05-10 00:16:26 [abdullateef] INFO  com.example.tailormaster.service.dashboard.DashboardService - Upcoming deliveries fetched: 8
2025-05-10 00:16:26 [abdullateef] INFO  com.example.tailormaster.controller.dashboard.DashboardController - Upcoming deliveries fetched: 8
2025-05-10 00:16:27 [abdullateef] INFO  com.example.tailormaster.filter.LoggingInterceptor - User 'abdullateef' is requesting: GET /tailor-master/customers/edit/z6UaD9grI6YpbYugRABYm8a3WVySPzf4vqYUuyYcSWA=
2025-05-10 00:16:27 [abdullateef] INFO  com.example.tailormaster.controller.CustomerController - Displaying edit form for customer ID (encrypted): z6UaD9grI6YpbYugRABYm8a3WVySPzf4vqYUuyYcSWA=
2025-05-10 00:16:28 [abdullateef] INFO  com.example.tailormaster.service.product.ProductService - Fetching all active products.
2025-05-10 00:16:28 [abdullateef] INFO  com.example.tailormaster.service.product.ProductService - Retrieved 2 active products.
2025-05-10 00:16:30 [abdullateef] INFO  com.example.tailormaster.controller.CustomerController - Populated CustomerRegistrationDTO for edit form: CustomerRegistrationDTO(customer=Customer(fullName=NewCustomer3, phoneNumber=03224499844, enabled=false), frontPocket=false, oneSidePocket=false, twoSidePocket=false, shalwarZipPocket=false, shalwarSadaPocket=false, twoPajamaPocket=false, singleSilai=false, doubleSilai=false, chamakSilai=false, flopPocket=false, normalButton=false, touchButton=false, metalButton=false, qameezLength=null, qameezType=null, bazoo=null, kuhni=null, aarmHole=null, kuff=null, golMoori=null, galla=null, gallaType=null, tera=null, patiLambai=null, chati=null, chati360=null, kamar=null, kamar360=null, daman=null, daman360=null, shalwar=null, shalwarGher=null, shalwarPaincha=null, pajama=null, pajamaWaist=null, pajamaPaincha=null, lasticPlusDori=null, deegar=null, measurement=null, products=[Product(type=QAMEEZ, name=قميض, description=, price=2000.00, enabled=true), Product(type=SHALWAR, name=شلوار, description=, price=500.00, enabled=true)], customerMeasurements={}, selectedProductIds=[])
2025-05-10 00:16:30 [abdullateef] INFO  com.example.tailormaster.filter.LoggingInterceptor - User 'abdullateef' is requesting: GET /tailor-master/dashboard/notifications/upcoming-deliveries
2025-05-10 00:16:30 [abdullateef] INFO  com.example.tailormaster.controller.dashboard.DashboardController - Requested upcoming deliveries.
2025-05-10 00:16:30 [abdullateef] INFO  com.example.tailormaster.service.dashboard.DashboardService - Upcoming deliveries fetched: 8
2025-05-10 00:16:30 [abdullateef] INFO  com.example.tailormaster.controller.dashboard.DashboardController - Upcoming deliveries fetched: 8
2025-05-10 00:16:46 [abdullateef] INFO  com.example.tailormaster.filter.LoggingInterceptor - User 'abdullateef' is requesting: POST /tailor-master/customers/update
2025-05-10 00:16:46 [abdullateef] INFO  com.example.tailormaster.controller.CustomerController - Attempting to update customer with encrypted ID: RH62pECgo_eMCzt_WCc_pNAFjUXR9jWSXgoUisdDHfQ=
2025-05-10 00:16:58 [abdullateef] INFO  com.example.tailormaster.service.product.ProductService - Fetching product by ID: 1
2025-05-10 00:16:59 [abdullateef] INFO  com.example.tailormaster.service.product.ProductService - Fetching product by ID: 2
2025-05-10 00:17:01 [abdullateef] INFO  com.example.tailormaster.service.customer.CustomerService - Updating customer with ID: 49
2025-05-10 00:18:27 [] WARN  com.zaxxer.hikari.pool.HikariPool - HikariPool-1 - Thread starvation or clock leap detected (housekeeper delta=1m6s846ms273µs800ns).
2025-05-10 00:18:28 [abdullateef] WARN  org.hibernate.engine.jdbc.spi.SqlExceptionHelper - SQL Error: 1048, SQLState: 23000
2025-05-10 00:18:29 [abdullateef] ERROR org.hibernate.engine.jdbc.spi.SqlExceptionHelper - Column 'product_id' cannot be null
2025-05-10 00:18:29 [abdullateef] ERROR com.example.tailormaster.controller.CustomerController - Error updating customer with encrypted ID RH62pECgo_eMCzt_WCc_pNAFjUXR9jWSXgoUisdDHfQ=: could not execute statement [Column 'product_id' cannot be null] [insert into customer_measurement (aarm_hole,barcode,bazoo,chamak_silai,chati,chati360,chest,created_at,customer_id,daman,daman360,deegar,double_silai,flop_pocket,front_pocket,galla,galla_type,gol_moori,hips,kamar,kamar360,kuff,kuhni,lastic_plus_dori,metal_button,normal_button,one_side_pocket,pajama,pajama_paincha,pajama_waist,pati_lambai,product_id,qameez_length,qameez_type,shalwar,shalwar_gher,shalwar_paincha,shalwar_sada_pocket,shalwar_zip_pocket,shoulder,single_silai,sleeve_length,tera,touch_button,two_pajama_pocket,two_side_pocket,updated_at,waist) values (?,?,?,?,?,?,?,?,?,?,?,?,?,?,?,?,?,?,?,?,?,?,?,?,?,?,?,?,?,?,?,?,?,?,?,?,?,?,?,?,?,?,?,?,?,?,?,?)]; SQL [insert into customer_measurement (aarm_hole,barcode,bazoo,chamak_silai,chati,chati360,chest,created_at,customer_id,daman,daman360,deegar,double_silai,flop_pocket,front_pocket,galla,galla_type,gol_moori,hips,kamar,kamar360,kuff,kuhni,lastic_plus_dori,metal_button,normal_button,one_side_pocket,pajama,pajama_paincha,pajama_waist,pati_lambai,product_id,qameez_length,qameez_type,shalwar,shalwar_gher,shalwar_paincha,shalwar_sada_pocket,shalwar_zip_pocket,shoulder,single_silai,sleeve_length,tera,touch_button,two_pajama_pocket,two_side_pocket,updated_at,waist) values (?,?,?,?,?,?,?,?,?,?,?,?,?,?,?,?,?,?,?,?,?,?,?,?,?,?,?,?,?,?,?,?,?,?,?,?,?,?,?,?,?,?,?,?,?,?,?,?)]; constraint [null]
org.springframework.dao.DataIntegrityViolationException: could not execute statement [Column 'product_id' cannot be null] [insert into customer_measurement (aarm_hole,barcode,bazoo,chamak_silai,chati,chati360,chest,created_at,customer_id,daman,daman360,deegar,double_silai,flop_pocket,front_pocket,galla,galla_type,gol_moori,hips,kamar,kamar360,kuff,kuhni,lastic_plus_dori,metal_button,normal_button,one_side_pocket,pajama,pajama_paincha,pajama_waist,pati_lambai,product_id,qameez_length,qameez_type,shalwar,shalwar_gher,shalwar_paincha,shalwar_sada_pocket,shalwar_zip_pocket,shoulder,single_silai,sleeve_length,tera,touch_button,two_pajama_pocket,two_side_pocket,updated_at,waist) values (?,?,?,?,?,?,?,?,?,?,?,?,?,?,?,?,?,?,?,?,?,?,?,?,?,?,?,?,?,?,?,?,?,?,?,?,?,?,?,?,?,?,?,?,?,?,?,?)]; SQL [insert into customer_measurement (aarm_hole,barcode,bazoo,chamak_silai,chati,chati360,chest,created_at,customer_id,daman,daman360,deegar,double_silai,flop_pocket,front_pocket,galla,galla_type,gol_moori,hips,kamar,kamar360,kuff,kuhni,lastic_plus_dori,metal_button,normal_button,one_side_pocket,pajama,pajama_paincha,pajama_waist,pati_lambai,product_id,qameez_length,qameez_type,shalwar,shalwar_gher,shalwar_paincha,shalwar_sada_pocket,shalwar_zip_pocket,shoulder,single_silai,sleeve_length,tera,touch_button,two_pajama_pocket,two_side_pocket,updated_at,waist) values (?,?,?,?,?,?,?,?,?,?,?,?,?,?,?,?,?,?,?,?,?,?,?,?,?,?,?,?,?,?,?,?,?,?,?,?,?,?,?,?,?,?,?,?,?,?,?,?)]; constraint [null]
	at org.springframework.orm.jpa.vendor.HibernateJpaDialect.convertHibernateAccessException(HibernateJpaDialect.java:290) ~[spring-orm-6.2.1.jar:6.2.1]
	at org.springframework.orm.jpa.vendor.HibernateJpaDialect.translateExceptionIfPossible(HibernateJpaDialect.java:241) ~[spring-orm-6.2.1.jar:6.2.1]
	at org.springframework.orm.jpa.AbstractEntityManagerFactoryBean.translateExceptionIfPossible(AbstractEntityManagerFactoryBean.java:560) ~[spring-orm-6.2.1.jar:6.2.1]
	at org.springframework.dao.support.ChainedPersistenceExceptionTranslator.translateExceptionIfPossible(ChainedPersistenceExceptionTranslator.java:61) ~[spring-tx-6.2.1.jar:6.2.1]
	at org.springframework.dao.support.DataAccessUtils.translateIfNecessary(DataAccessUtils.java:343) ~[spring-tx-6.2.1.jar:6.2.1]
	at org.springframework.dao.support.PersistenceExceptionTranslationInterceptor.invoke(PersistenceExceptionTranslationInterceptor.java:160) ~[spring-tx-6.2.1.jar:6.2.1]
	at org.springframework.aop.framework.ReflectiveMethodInvocation.proceed(ReflectiveMethodInvocation.java:184) ~[spring-aop-6.2.1.jar:6.2.1]
	at org.springframework.data.jpa.repository.support.CrudMethodMetadataPostProcessor$CrudMethodMetadataPopulatingMethodInterceptor.invoke(CrudMethodMetadataPostProcessor.java:165) ~[spring-data-jpa-3.4.1.jar:3.4.1]
	at org.springframework.aop.framework.ReflectiveMethodInvocation.proceed(ReflectiveMethodInvocation.java:184) ~[spring-aop-6.2.1.jar:6.2.1]
	at org.springframework.aop.framework.JdkDynamicAopProxy.invoke(JdkDynamicAopProxy.java:223) ~[spring-aop-6.2.1.jar:6.2.1]
	at jdk.proxy4/jdk.proxy4.$Proxy161.save(Unknown Source) ~[?:?]
	at com.example.tailormaster.service.customer.CustomerService.updateCustomer(CustomerService.java:83) ~[classes/:?]
	at java.base/jdk.internal.reflect.NativeMethodAccessorImpl.invoke0(Native Method) ~[?:?]
	at java.base/jdk.internal.reflect.NativeMethodAccessorImpl.invoke(NativeMethodAccessorImpl.java:77) ~[?:?]
	at java.base/jdk.internal.reflect.DelegatingMethodAccessorImpl.invoke(DelegatingMethodAccessorImpl.java:43) ~[?:?]
	at java.base/java.lang.reflect.Method.invoke(Method.java:568) ~[?:?]
	at org.springframework.aop.support.AopUtils.invokeJoinpointUsingReflection(AopUtils.java:359) ~[spring-aop-6.2.1.jar:6.2.1]
	at org.springframework.aop.framework.ReflectiveMethodInvocation.invokeJoinpoint(ReflectiveMethodInvocation.java:196) ~[spring-aop-6.2.1.jar:6.2.1]
	at org.springframework.aop.framework.ReflectiveMethodInvocation.proceed(ReflectiveMethodInvocation.java:163) ~[spring-aop-6.2.1.jar:6.2.1]
	at org.springframework.transaction.interceptor.TransactionAspectSupport.invokeWithinTransaction(TransactionAspectSupport.java:380) ~[spring-tx-6.2.1.jar:6.2.1]
	at org.springframework.transaction.interceptor.TransactionInterceptor.invoke(TransactionInterceptor.java:119) ~[spring-tx-6.2.1.jar:6.2.1]
	at org.springframework.aop.framework.ReflectiveMethodInvocation.proceed(ReflectiveMethodInvocation.java:184) ~[spring-aop-6.2.1.jar:6.2.1]
	at org.springframework.aop.framework.CglibAopProxy$DynamicAdvisedInterceptor.intercept(CglibAopProxy.java:727) ~[spring-aop-6.2.1.jar:6.2.1]
	at com.example.tailormaster.service.customer.CustomerService$$SpringCGLIB$$0.updateCustomer(<generated>) ~[classes/:?]
	at com.example.tailormaster.controller.CustomerController.updateCustomer(CustomerController.java:195) ~[classes/:?]
	at java.base/jdk.internal.reflect.NativeMethodAccessorImpl.invoke0(Native Method) ~[?:?]
	at java.base/jdk.internal.reflect.NativeMethodAccessorImpl.invoke(NativeMethodAccessorImpl.java:77) ~[?:?]
	at java.base/jdk.internal.reflect.DelegatingMethodAccessorImpl.invoke(DelegatingMethodAccessorImpl.java:43) ~[?:?]
	at java.base/java.lang.reflect.Method.invoke(Method.java:568) ~[?:?]
	at org.springframework.web.method.support.InvocableHandlerMethod.doInvoke(InvocableHandlerMethod.java:257) ~[spring-web-6.2.1.jar:6.2.1]
	at org.springframework.web.method.support.InvocableHandlerMethod.invokeForRequest(InvocableHandlerMethod.java:190) ~[spring-web-6.2.1.jar:6.2.1]
	at org.springframework.web.servlet.mvc.method.annotation.ServletInvocableHandlerMethod.invokeAndHandle(ServletInvocableHandlerMethod.java:118) ~[spring-webmvc-6.2.1.jar:6.2.1]
	at org.springframework.web.servlet.mvc.method.annotation.RequestMappingHandlerAdapter.invokeHandlerMethod(RequestMappingHandlerAdapter.java:986) ~[spring-webmvc-6.2.1.jar:6.2.1]
	at org.springframework.web.servlet.mvc.method.annotation.RequestMappingHandlerAdapter.handleInternal(RequestMappingHandlerAdapter.java:891) ~[spring-webmvc-6.2.1.jar:6.2.1]
	at org.springframework.web.servlet.mvc.method.AbstractHandlerMethodAdapter.handle(AbstractHandlerMethodAdapter.java:87) ~[spring-webmvc-6.2.1.jar:6.2.1]
	at org.springframework.web.servlet.DispatcherServlet.doDispatch(DispatcherServlet.java:1088) ~[spring-webmvc-6.2.1.jar:6.2.1]
	at org.springframework.web.servlet.DispatcherServlet.doService(DispatcherServlet.java:978) ~[spring-webmvc-6.2.1.jar:6.2.1]
	at org.springframework.web.servlet.FrameworkServlet.processRequest(FrameworkServlet.java:1014) ~[spring-webmvc-6.2.1.jar:6.2.1]
	at org.springframework.web.servlet.FrameworkServlet.doPost(FrameworkServlet.java:914) ~[spring-webmvc-6.2.1.jar:6.2.1]
	at jakarta.servlet.http.HttpServlet.service(HttpServlet.java:590) ~[tomcat-embed-core-10.1.40.jar:6.0]
	at org.springframework.web.servlet.FrameworkServlet.service(FrameworkServlet.java:885) ~[spring-webmvc-6.2.1.jar:6.2.1]
	at jakarta.servlet.http.HttpServlet.service(HttpServlet.java:658) ~[tomcat-embed-core-10.1.40.jar:6.0]
	at org.apache.catalina.core.ApplicationFilterChain.internalDoFilter(ApplicationFilterChain.java:195) ~[tomcat-embed-core-10.1.40.jar:10.1.40]
	at org.apache.catalina.core.ApplicationFilterChain.doFilter(ApplicationFilterChain.java:140) ~[tomcat-embed-core-10.1.40.jar:10.1.40]
	at org.apache.tomcat.websocket.server.WsFilter.doFilter(WsFilter.java:51) ~[tomcat-embed-websocket-10.1.40.jar:10.1.40]
	at org.apache.catalina.core.ApplicationFilterChain.internalDoFilter(ApplicationFilterChain.java:164) ~[tomcat-embed-core-10.1.40.jar:10.1.40]
	at org.apache.catalina.core.ApplicationFilterChain.doFilter(ApplicationFilterChain.java:140) ~[tomcat-embed-core-10.1.40.jar:10.1.40]
	at com.example.tailormaster.filter.LoggingMDCFilter.doFilter(LoggingMDCFilter.java:30) ~[classes/:?]
	at org.apache.catalina.core.ApplicationFilterChain.internalDoFilter(ApplicationFilterChain.java:164) ~[tomcat-embed-core-10.1.40.jar:10.1.40]
	at org.apache.catalina.core.ApplicationFilterChain.doFilter(ApplicationFilterChain.java:140) ~[tomcat-embed-core-10.1.40.jar:10.1.40]
	at org.springframework.web.filter.CompositeFilter$VirtualFilterChain.doFilter(CompositeFilter.java:108) ~[spring-web-6.2.1.jar:6.2.1]
	at org.springframework.security.web.FilterChainProxy.lambda$doFilterInternal$3(FilterChainProxy.java:231) ~[spring-security-web-6.4.2.jar:6.4.2]
	at org.springframework.security.web.FilterChainProxy$VirtualFilterChain.doFilter(FilterChainProxy.java:365) ~[spring-security-web-6.4.2.jar:6.4.2]
	at org.springframework.security.web.access.intercept.AuthorizationFilter.doFilter(AuthorizationFilter.java:101) ~[spring-security-web-6.4.2.jar:6.4.2]
	at org.springframework.security.web.FilterChainProxy$VirtualFilterChain.doFilter(FilterChainProxy.java:374) ~[spring-security-web-6.4.2.jar:6.4.2]
	at org.springframework.security.web.access.ExceptionTranslationFilter.doFilter(ExceptionTranslationFilter.java:126) ~[spring-security-web-6.4.2.jar:6.4.2]
	at org.springframework.security.web.access.ExceptionTranslationFilter.doFilter(ExceptionTranslationFilter.java:120) ~[spring-security-web-6.4.2.jar:6.4.2]
	at org.springframework.security.web.FilterChainProxy$VirtualFilterChain.doFilter(FilterChainProxy.java:374) ~[spring-security-web-6.4.2.jar:6.4.2]
	at org.springframework.security.web.authentication.AnonymousAuthenticationFilter.doFilter(AnonymousAuthenticationFilter.java:100) ~[spring-security-web-6.4.2.jar:6.4.2]
	at org.springframework.security.web.FilterChainProxy$VirtualFilterChain.doFilter(FilterChainProxy.java:374) ~[spring-security-web-6.4.2.jar:6.4.2]
	at org.springframework.security.web.servletapi.SecurityContextHolderAwareRequestFilter.doFilter(SecurityContextHolderAwareRequestFilter.java:179) ~[spring-security-web-6.4.2.jar:6.4.2]
	at org.springframework.security.web.FilterChainProxy$VirtualFilterChain.doFilter(FilterChainProxy.java:374) ~[spring-security-web-6.4.2.jar:6.4.2]
	at org.springframework.security.web.savedrequest.RequestCacheAwareFilter.doFilter(RequestCacheAwareFilter.java:63) ~[spring-security-web-6.4.2.jar:6.4.2]
	at org.springframework.security.web.FilterChainProxy$VirtualFilterChain.doFilter(FilterChainProxy.java:374) ~[spring-security-web-6.4.2.jar:6.4.2]
	at org.springframework.security.web.authentication.AbstractAuthenticationProcessingFilter.doFilter(AbstractAuthenticationProcessingFilter.java:227) ~[spring-security-web-6.4.2.jar:6.4.2]
	at org.springframework.security.web.authentication.AbstractAuthenticationProcessingFilter.doFilter(AbstractAuthenticationProcessingFilter.java:221) ~[spring-security-web-6.4.2.jar:6.4.2]
	at org.springframework.security.web.FilterChainProxy$VirtualFilterChain.doFilter(FilterChainProxy.java:374) ~[spring-security-web-6.4.2.jar:6.4.2]
	at org.springframework.security.web.authentication.logout.LogoutFilter.doFilter(LogoutFilter.java:107) ~[spring-security-web-6.4.2.jar:6.4.2]
	at org.springframework.security.web.authentication.logout.LogoutFilter.doFilter(LogoutFilter.java:93) ~[spring-security-web-6.4.2.jar:6.4.2]
	at org.springframework.security.web.FilterChainProxy$VirtualFilterChain.doFilter(FilterChainProxy.java:374) ~[spring-security-web-6.4.2.jar:6.4.2]
	at org.springframework.security.web.csrf.CsrfFilter.doFilterInternal(CsrfFilter.java:131) ~[spring-security-web-6.4.2.jar:6.4.2]
	at org.springframework.web.filter.OncePerRequestFilter.doFilter(OncePerRequestFilter.java:116) ~[spring-web-6.2.1.jar:6.2.1]
	at org.springframework.security.web.FilterChainProxy$VirtualFilterChain.doFilter(FilterChainProxy.java:374) ~[spring-security-web-6.4.2.jar:6.4.2]
	at org.springframework.security.web.header.HeaderWriterFilter.doHeadersAfter(HeaderWriterFilter.java:90) ~[spring-security-web-6.4.2.jar:6.4.2]
	at org.springframework.security.web.header.HeaderWriterFilter.doFilterInternal(HeaderWriterFilter.java:75) ~[spring-security-web-6.4.2.jar:6.4.2]
	at org.springframework.web.filter.OncePerRequestFilter.doFilter(OncePerRequestFilter.java:116) ~[spring-web-6.2.1.jar:6.2.1]
	at org.springframework.security.web.FilterChainProxy$VirtualFilterChain.doFilter(FilterChainProxy.java:374) ~[spring-security-web-6.4.2.jar:6.4.2]
	at org.springframework.security.web.context.SecurityContextHolderFilter.doFilter(SecurityContextHolderFilter.java:82) ~[spring-security-web-6.4.2.jar:6.4.2]
	at org.springframework.security.web.context.SecurityContextHolderFilter.doFilter(SecurityContextHolderFilter.java:69) ~[spring-security-web-6.4.2.jar:6.4.2]
	at org.springframework.security.web.FilterChainProxy$VirtualFilterChain.doFilter(FilterChainProxy.java:374) ~[spring-security-web-6.4.2.jar:6.4.2]
	at org.springframework.security.web.context.request.async.WebAsyncManagerIntegrationFilter.doFilterInternal(WebAsyncManagerIntegrationFilter.java:62) ~[spring-security-web-6.4.2.jar:6.4.2]
	at org.springframework.web.filter.OncePerRequestFilter.doFilter(OncePerRequestFilter.java:116) ~[spring-web-6.2.1.jar:6.2.1]
	at org.springframework.security.web.FilterChainProxy$VirtualFilterChain.doFilter(FilterChainProxy.java:374) ~[spring-security-web-6.4.2.jar:6.4.2]
	at org.springframework.security.web.session.DisableEncodeUrlFilter.doFilterInternal(DisableEncodeUrlFilter.java:42) ~[spring-security-web-6.4.2.jar:6.4.2]
	at org.springframework.web.filter.OncePerRequestFilter.doFilter(OncePerRequestFilter.java:116) ~[spring-web-6.2.1.jar:6.2.1]
	at org.springframework.security.web.FilterChainProxy$VirtualFilterChain.doFilter(FilterChainProxy.java:374) ~[spring-security-web-6.4.2.jar:6.4.2]
	at org.springframework.security.web.FilterChainProxy.doFilterInternal(FilterChainProxy.java:233) ~[spring-security-web-6.4.2.jar:6.4.2]
	at org.springframework.security.web.FilterChainProxy.doFilter(FilterChainProxy.java:191) ~[spring-security-web-6.4.2.jar:6.4.2]
	at org.springframework.web.filter.CompositeFilter$VirtualFilterChain.doFilter(CompositeFilter.java:113) ~[spring-web-6.2.1.jar:6.2.1]
	at org.springframework.web.servlet.handler.HandlerMappingIntrospector.lambda$createCacheFilter$3(HandlerMappingIntrospector.java:243) ~[spring-webmvc-6.2.1.jar:6.2.1]
	at org.springframework.web.filter.CompositeFilter$VirtualFilterChain.doFilter(CompositeFilter.java:113) [spring-web-6.2.1.jar:6.2.1]
	at org.springframework.web.filter.CompositeFilter.doFilter(CompositeFilter.java:74) [spring-web-6.2.1.jar:6.2.1]
	at org.springframework.security.config.annotation.web.configuration.WebMvcSecurityConfiguration$CompositeFilterChainProxy.doFilter(WebMvcSecurityConfiguration.java:238) [spring-security-config-6.4.2.jar:6.4.2]
	at org.springframework.web.filter.DelegatingFilterProxy.invokeDelegate(DelegatingFilterProxy.java:362) [spring-web-6.2.1.jar:6.2.1]
	at org.springframework.web.filter.DelegatingFilterProxy.doFilter(DelegatingFilterProxy.java:278) [spring-web-6.2.1.jar:6.2.1]
	at org.apache.catalina.core.ApplicationFilterChain.internalDoFilter(ApplicationFilterChain.java:164) [tomcat-embed-core-10.1.40.jar:10.1.40]
	at org.apache.catalina.core.ApplicationFilterChain.doFilter(ApplicationFilterChain.java:140) [tomcat-embed-core-10.1.40.jar:10.1.40]
	at org.springframework.web.filter.RequestContextFilter.doFilterInternal(RequestContextFilter.java:100) [spring-web-6.2.1.jar:6.2.1]
	at org.springframework.web.filter.OncePerRequestFilter.doFilter(OncePerRequestFilter.java:116) [spring-web-6.2.1.jar:6.2.1]
	at org.apache.catalina.core.ApplicationFilterChain.internalDoFilter(ApplicationFilterChain.java:164) [tomcat-embed-core-10.1.40.jar:10.1.40]
	at org.apache.catalina.core.ApplicationFilterChain.doFilter(ApplicationFilterChain.java:140) [tomcat-embed-core-10.1.40.jar:10.1.40]
	at org.springframework.web.filter.FormContentFilter.doFilterInternal(FormContentFilter.java:93) [spring-web-6.2.1.jar:6.2.1]
	at org.springframework.web.filter.OncePerRequestFilter.doFilter(OncePerRequestFilter.java:116) [spring-web-6.2.1.jar:6.2.1]
	at org.apache.catalina.core.ApplicationFilterChain.internalDoFilter(ApplicationFilterChain.java:164) [tomcat-embed-core-10.1.40.jar:10.1.40]
	at org.apache.catalina.core.ApplicationFilterChain.doFilter(ApplicationFilterChain.java:140) [tomcat-embed-core-10.1.40.jar:10.1.40]
	at org.springframework.web.filter.CharacterEncodingFilter.doFilterInternal(CharacterEncodingFilter.java:201) [spring-web-6.2.1.jar:6.2.1]
	at org.springframework.web.filter.OncePerRequestFilter.doFilter(OncePerRequestFilter.java:116) [spring-web-6.2.1.jar:6.2.1]
	at org.apache.catalina.core.ApplicationFilterChain.internalDoFilter(ApplicationFilterChain.java:164) [tomcat-embed-core-10.1.40.jar:10.1.40]
	at org.apache.catalina.core.ApplicationFilterChain.doFilter(ApplicationFilterChain.java:140) [tomcat-embed-core-10.1.40.jar:10.1.40]
	at org.apache.catalina.core.StandardWrapperValve.invoke(StandardWrapperValve.java:167) [tomcat-embed-core-10.1.40.jar:10.1.40]
	at org.apache.catalina.core.StandardContextValve.invoke(StandardContextValve.java:90) [tomcat-embed-core-10.1.40.jar:10.1.40]
	at org.apache.catalina.authenticator.AuthenticatorBase.invoke(AuthenticatorBase.java:483) [tomcat-embed-core-10.1.40.jar:10.1.40]
	at org.apache.catalina.core.StandardHostValve.invoke(StandardHostValve.java:116) [tomcat-embed-core-10.1.40.jar:10.1.40]
	at org.apache.catalina.valves.ErrorReportValve.invoke(ErrorReportValve.java:93) [tomcat-embed-core-10.1.40.jar:10.1.40]
	at org.apache.catalina.core.StandardEngineValve.invoke(StandardEngineValve.java:74) [tomcat-embed-core-10.1.40.jar:10.1.40]
	at org.apache.catalina.connector.CoyoteAdapter.service(CoyoteAdapter.java:344) [tomcat-embed-core-10.1.40.jar:10.1.40]
	at org.apache.coyote.http11.Http11Processor.service(Http11Processor.java:398) [tomcat-embed-core-10.1.40.jar:10.1.40]
	at org.apache.coyote.AbstractProcessorLight.process(AbstractProcessorLight.java:63) [tomcat-embed-core-10.1.40.jar:10.1.40]
	at org.apache.coyote.AbstractProtocol$ConnectionHandler.process(AbstractProtocol.java:903) [tomcat-embed-core-10.1.40.jar:10.1.40]
	at org.apache.tomcat.util.net.NioEndpoint$SocketProcessor.doRun(NioEndpoint.java:1740) [tomcat-embed-core-10.1.40.jar:10.1.40]
	at org.apache.tomcat.util.net.SocketProcessorBase.run(SocketProcessorBase.java:52) [tomcat-embed-core-10.1.40.jar:10.1.40]
	at org.apache.tomcat.util.threads.ThreadPoolExecutor.runWorker(ThreadPoolExecutor.java:1189) [tomcat-embed-core-10.1.40.jar:10.1.40]
	at org.apache.tomcat.util.threads.ThreadPoolExecutor$Worker.run(ThreadPoolExecutor.java:658) [tomcat-embed-core-10.1.40.jar:10.1.40]
	at org.apache.tomcat.util.threads.TaskThread$WrappingRunnable.run(TaskThread.java:63) [tomcat-embed-core-10.1.40.jar:10.1.40]
	at java.base/java.lang.Thread.run(Thread.java:833) [?:?]
Caused by: org.hibernate.exception.ConstraintViolationException: could not execute statement [Column 'product_id' cannot be null] [insert into customer_measurement (aarm_hole,barcode,bazoo,chamak_silai,chati,chati360,chest,created_at,customer_id,daman,daman360,deegar,double_silai,flop_pocket,front_pocket,galla,galla_type,gol_moori,hips,kamar,kamar360,kuff,kuhni,lastic_plus_dori,metal_button,normal_button,one_side_pocket,pajama,pajama_paincha,pajama_waist,pati_lambai,product_id,qameez_length,qameez_type,shalwar,shalwar_gher,shalwar_paincha,shalwar_sada_pocket,shalwar_zip_pocket,shoulder,single_silai,sleeve_length,tera,touch_button,two_pajama_pocket,two_side_pocket,updated_at,waist) values (?,?,?,?,?,?,?,?,?,?,?,?,?,?,?,?,?,?,?,?,?,?,?,?,?,?,?,?,?,?,?,?,?,?,?,?,?,?,?,?,?,?,?,?,?,?,?,?)]
	at org.hibernate.exception.internal.SQLExceptionTypeDelegate.convert(SQLExceptionTypeDelegate.java:62) ~[hibernate-core-6.6.4.Final.jar:6.6.4.Final]
	at org.hibernate.exception.internal.StandardSQLExceptionConverter.convert(StandardSQLExceptionConverter.java:58) ~[hibernate-core-6.6.4.Final.jar:6.6.4.Final]
	at org.hibernate.engine.jdbc.spi.SqlExceptionHelper.convert(SqlExceptionHelper.java:108) ~[hibernate-core-6.6.4.Final.jar:6.6.4.Final]
	at org.hibernate.engine.jdbc.internal.ResultSetReturnImpl.executeUpdate(ResultSetReturnImpl.java:197) ~[hibernate-core-6.6.4.Final.jar:6.6.4.Final]
	at org.hibernate.id.insert.GetGeneratedKeysDelegate.performMutation(GetGeneratedKeysDelegate.java:116) ~[hibernate-core-6.6.4.Final.jar:6.6.4.Final]
	at org.hibernate.engine.jdbc.mutation.internal.MutationExecutorSingleNonBatched.performNonBatchedOperations(MutationExecutorSingleNonBatched.java:47) ~[hibernate-core-6.6.4.Final.jar:6.6.4.Final]
	at org.hibernate.engine.jdbc.mutation.internal.AbstractMutationExecutor.execute(AbstractMutationExecutor.java:55) ~[hibernate-core-6.6.4.Final.jar:6.6.4.Final]
	at org.hibernate.persister.entity.mutation.InsertCoordinatorStandard.doStaticInserts(InsertCoordinatorStandard.java:194) ~[hibernate-core-6.6.4.Final.jar:6.6.4.Final]
	at org.hibernate.persister.entity.mutation.InsertCoordinatorStandard.coordinateInsert(InsertCoordinatorStandard.java:132) ~[hibernate-core-6.6.4.Final.jar:6.6.4.Final]
	at org.hibernate.persister.entity.mutation.InsertCoordinatorStandard.insert(InsertCoordinatorStandard.java:95) ~[hibernate-core-6.6.4.Final.jar:6.6.4.Final]
	at org.hibernate.action.internal.EntityIdentityInsertAction.execute(EntityIdentityInsertAction.java:85) ~[hibernate-core-6.6.4.Final.jar:6.6.4.Final]
	at org.hibernate.engine.spi.ActionQueue.execute(ActionQueue.java:682) ~[hibernate-core-6.6.4.Final.jar:6.6.4.Final]
	at org.hibernate.engine.spi.ActionQueue.addResolvedEntityInsertAction(ActionQueue.java:293) ~[hibernate-core-6.6.4.Final.jar:6.6.4.Final]
	at org.hibernate.engine.spi.ActionQueue.addInsertAction(ActionQueue.java:274) ~[hibernate-core-6.6.4.Final.jar:6.6.4.Final]
	at org.hibernate.engine.spi.ActionQueue.addAction(ActionQueue.java:324) ~[hibernate-core-6.6.4.Final.jar:6.6.4.Final]
	at org.hibernate.event.internal.AbstractSaveEventListener.addInsertAction(AbstractSaveEventListener.java:393) ~[hibernate-core-6.6.4.Final.jar:6.6.4.Final]
	at org.hibernate.event.internal.AbstractSaveEventListener.performSaveOrReplicate(AbstractSaveEventListener.java:307) ~[hibernate-core-6.6.4.Final.jar:6.6.4.Final]
	at org.hibernate.event.internal.AbstractSaveEventListener.performSave(AbstractSaveEventListener.java:223) ~[hibernate-core-6.6.4.Final.jar:6.6.4.Final]
	at org.hibernate.event.internal.AbstractSaveEventListener.saveWithGeneratedId(AbstractSaveEventListener.java:136) ~[hibernate-core-6.6.4.Final.jar:6.6.4.Final]
	at org.hibernate.event.internal.DefaultMergeEventListener.saveTransientEntity(DefaultMergeEventListener.java:384) ~[hibernate-core-6.6.4.Final.jar:6.6.4.Final]
	at org.hibernate.event.internal.DefaultMergeEventListener.entityIsTransient(DefaultMergeEventListener.java:305) ~[hibernate-core-6.6.4.Final.jar:6.6.4.Final]
	at org.hibernate.event.internal.DefaultMergeEventListener.merge(DefaultMergeEventListener.java:217) ~[hibernate-core-6.6.4.Final.jar:6.6.4.Final]
	at org.hibernate.event.internal.DefaultMergeEventListener.doMerge(DefaultMergeEventListener.java:152) ~[hibernate-core-6.6.4.Final.jar:6.6.4.Final]
	at org.hibernate.event.internal.DefaultMergeEventListener.onMerge(DefaultMergeEventListener.java:136) ~[hibernate-core-6.6.4.Final.jar:6.6.4.Final]
	at org.hibernate.event.service.internal.EventListenerGroupImpl.fireEventOnEachListener(EventListenerGroupImpl.java:138) ~[hibernate-core-6.6.4.Final.jar:6.6.4.Final]
	at org.hibernate.internal.SessionImpl.fireMerge(SessionImpl.java:875) ~[hibernate-core-6.6.4.Final.jar:6.6.4.Final]
	at org.hibernate.internal.SessionImpl.merge(SessionImpl.java:846) ~[hibernate-core-6.6.4.Final.jar:6.6.4.Final]
	at org.hibernate.engine.spi.CascadingActions$6.cascade(CascadingActions.java:258) ~[hibernate-core-6.6.4.Final.jar:6.6.4.Final]
	at org.hibernate.engine.spi.CascadingActions$6.cascade(CascadingActions.java:248) ~[hibernate-core-6.6.4.Final.jar:6.6.4.Final]
	at org.hibernate.engine.internal.Cascade.cascadeToOne(Cascade.java:570) ~[hibernate-core-6.6.4.Final.jar:6.6.4.Final]
	at org.hibernate.engine.internal.Cascade.cascadeAssociation(Cascade.java:492) ~[hibernate-core-6.6.4.Final.jar:6.6.4.Final]
	at org.hibernate.engine.internal.Cascade.cascadeProperty(Cascade.java:253) ~[hibernate-core-6.6.4.Final.jar:6.6.4.Final]
	at org.hibernate.engine.internal.Cascade.cascadeCollectionElements(Cascade.java:604) ~[hibernate-core-6.6.4.Final.jar:6.6.4.Final]
	at org.hibernate.engine.internal.Cascade.cascadeCollection(Cascade.java:534) ~[hibernate-core-6.6.4.Final.jar:6.6.4.Final]
	at org.hibernate.engine.internal.Cascade.cascadeAssociation(Cascade.java:495) ~[hibernate-core-6.6.4.Final.jar:6.6.4.Final]
	at org.hibernate.engine.internal.Cascade.cascadeProperty(Cascade.java:253) ~[hibernate-core-6.6.4.Final.jar:6.6.4.Final]
	at org.hibernate.engine.internal.Cascade.cascade(Cascade.java:192) ~[hibernate-core-6.6.4.Final.jar:6.6.4.Final]
	at org.hibernate.event.internal.DefaultMergeEventListener.cascadeOnMerge(DefaultMergeEventListener.java:667) ~[hibernate-core-6.6.4.Final.jar:6.6.4.Final]
	at org.hibernate.event.internal.DefaultMergeEventListener.entityIsPersistent(DefaultMergeEventListener.java:285) ~[hibernate-core-6.6.4.Final.jar:6.6.4.Final]
	at org.hibernate.event.internal.DefaultMergeEventListener.merge(DefaultMergeEventListener.java:220) ~[hibernate-core-6.6.4.Final.jar:6.6.4.Final]
	at org.hibernate.event.internal.DefaultMergeEventListener.doMerge(DefaultMergeEventListener.java:152) ~[hibernate-core-6.6.4.Final.jar:6.6.4.Final]
	at org.hibernate.event.internal.DefaultMergeEventListener.onMerge(DefaultMergeEventListener.java:136) ~[hibernate-core-6.6.4.Final.jar:6.6.4.Final]
	at org.hibernate.event.internal.DefaultMergeEventListener.onMerge(DefaultMergeEventListener.java:89) ~[hibernate-core-6.6.4.Final.jar:6.6.4.Final]
	at org.hibernate.event.service.internal.EventListenerGroupImpl.fireEventOnEachListener(EventListenerGroupImpl.java:127) ~[hibernate-core-6.6.4.Final.jar:6.6.4.Final]
	at org.hibernate.internal.SessionImpl.fireMerge(SessionImpl.java:854) ~[hibernate-core-6.6.4.Final.jar:6.6.4.Final]
	at org.hibernate.internal.SessionImpl.merge(SessionImpl.java:840) ~[hibernate-core-6.6.4.Final.jar:6.6.4.Final]
	at java.base/jdk.internal.reflect.NativeMethodAccessorImpl.invoke0(Native Method) ~[?:?]
	at java.base/jdk.internal.reflect.NativeMethodAccessorImpl.invoke(NativeMethodAccessorImpl.java:77) ~[?:?]
	at java.base/jdk.internal.reflect.DelegatingMethodAccessorImpl.invoke(DelegatingMethodAccessorImpl.java:43) ~[?:?]
	at java.base/java.lang.reflect.Method.invoke(Method.java:568) ~[?:?]
	at org.springframework.orm.jpa.ExtendedEntityManagerCreator$ExtendedEntityManagerInvocationHandler.invoke(ExtendedEntityManagerCreator.java:364) ~[spring-orm-6.2.1.jar:6.2.1]
	at jdk.proxy4/jdk.proxy4.$Proxy156.merge(Unknown Source) ~[?:?]
	at java.base/jdk.internal.reflect.NativeMethodAccessorImpl.invoke0(Native Method) ~[?:?]
	at java.base/jdk.internal.reflect.NativeMethodAccessorImpl.invoke(NativeMethodAccessorImpl.java:77) ~[?:?]
	at java.base/jdk.internal.reflect.DelegatingMethodAccessorImpl.invoke(DelegatingMethodAccessorImpl.java:43) ~[?:?]
	at java.base/java.lang.reflect.Method.invoke(Method.java:568) ~[?:?]
	at org.springframework.orm.jpa.SharedEntityManagerCreator$SharedEntityManagerInvocationHandler.invoke(SharedEntityManagerCreator.java:320) ~[spring-orm-6.2.1.jar:6.2.1]
	at jdk.proxy4/jdk.proxy4.$Proxy156.merge(Unknown Source) ~[?:?]
	at org.springframework.data.jpa.repository.support.SimpleJpaRepository.save(SimpleJpaRepository.java:630) ~[spring-data-jpa-3.4.1.jar:3.4.1]
	at java.base/jdk.internal.reflect.NativeMethodAccessorImpl.invoke0(Native Method) ~[?:?]
	at java.base/jdk.internal.reflect.NativeMethodAccessorImpl.invoke(NativeMethodAccessorImpl.java:77) ~[?:?]
	at java.base/jdk.internal.reflect.DelegatingMethodAccessorImpl.invoke(DelegatingMethodAccessorImpl.java:43) ~[?:?]
	at java.base/java.lang.reflect.Method.invoke(Method.java:568) ~[?:?]
	at org.springframework.aop.support.AopUtils.invokeJoinpointUsingReflection(AopUtils.java:359) ~[spring-aop-6.2.1.jar:6.2.1]
	at org.springframework.data.repository.core.support.RepositoryMethodInvoker$RepositoryFragmentMethodInvoker.lambda$new$0(RepositoryMethodInvoker.java:277) ~[spring-data-commons-3.4.1.jar:3.4.1]
	at org.springframework.data.repository.core.support.RepositoryMethodInvoker.doInvoke(RepositoryMethodInvoker.java:170) ~[spring-data-commons-3.4.1.jar:3.4.1]
	at org.springframework.data.repository.core.support.RepositoryMethodInvoker.invoke(RepositoryMethodInvoker.java:158) ~[spring-data-commons-3.4.1.jar:3.4.1]
	at org.springframework.data.repository.core.support.RepositoryComposition$RepositoryFragments.invoke(RepositoryComposition.java:515) ~[spring-data-commons-3.4.1.jar:3.4.1]
	at org.springframework.data.repository.core.support.RepositoryComposition.invoke(RepositoryComposition.java:284) ~[spring-data-commons-3.4.1.jar:3.4.1]
	at org.springframework.data.repository.core.support.RepositoryFactorySupport$ImplementationMethodExecutionInterceptor.invoke(RepositoryFactorySupport.java:752) ~[spring-data-commons-3.4.1.jar:3.4.1]
	at org.springframework.aop.framework.ReflectiveMethodInvocation.proceed(ReflectiveMethodInvocation.java:184) ~[spring-aop-6.2.1.jar:6.2.1]
	at org.springframework.data.repository.core.support.QueryExecutorMethodInterceptor.doInvoke(QueryExecutorMethodInterceptor.java:174) ~[spring-data-commons-3.4.1.jar:3.4.1]
	at org.springframework.data.repository.core.support.QueryExecutorMethodInterceptor.invoke(QueryExecutorMethodInterceptor.java:149) ~[spring-data-commons-3.4.1.jar:3.4.1]
	at org.springframework.aop.framework.ReflectiveMethodInvocation.proceed(ReflectiveMethodInvocation.java:184) ~[spring-aop-6.2.1.jar:6.2.1]
	at org.springframework.data.projection.DefaultMethodInvokingMethodInterceptor.invoke(DefaultMethodInvokingMethodInterceptor.java:69) ~[spring-data-commons-3.4.1.jar:3.4.1]
	at org.springframework.aop.framework.ReflectiveMethodInvocation.proceed(ReflectiveMethodInvocation.java:184) ~[spring-aop-6.2.1.jar:6.2.1]
	at org.springframework.transaction.interceptor.TransactionAspectSupport.invokeWithinTransaction(TransactionAspectSupport.java:380) ~[spring-tx-6.2.1.jar:6.2.1]
	at org.springframework.transaction.interceptor.TransactionInterceptor.invoke(TransactionInterceptor.java:119) ~[spring-tx-6.2.1.jar:6.2.1]
	at org.springframework.aop.framework.ReflectiveMethodInvocation.proceed(ReflectiveMethodInvocation.java:184) ~[spring-aop-6.2.1.jar:6.2.1]
	at org.springframework.dao.support.PersistenceExceptionTranslationInterceptor.invoke(PersistenceExceptionTranslationInterceptor.java:138) ~[spring-tx-6.2.1.jar:6.2.1]
	... 119 more
Caused by: java.sql.SQLIntegrityConstraintViolationException: Column 'product_id' cannot be null
	at com.mysql.cj.jdbc.exceptions.SQLError.createSQLException(SQLError.java:109) ~[mysql-connector-j-9.1.0.jar:9.1.0]
	at com.mysql.cj.jdbc.exceptions.SQLExceptionsMapping.translateException(SQLExceptionsMapping.java:114) ~[mysql-connector-j-9.1.0.jar:9.1.0]
	at com.mysql.cj.jdbc.ClientPreparedStatement.executeInternal(ClientPreparedStatement.java:988) ~[mysql-connector-j-9.1.0.jar:9.1.0]
	at com.mysql.cj.jdbc.ClientPreparedStatement.executeUpdateInternal(ClientPreparedStatement.java:1166) ~[mysql-connector-j-9.1.0.jar:9.1.0]
	at com.mysql.cj.jdbc.ClientPreparedStatement.executeUpdateInternal(ClientPreparedStatement.java:1101) ~[mysql-connector-j-9.1.0.jar:9.1.0]
	at com.mysql.cj.jdbc.ClientPreparedStatement.executeLargeUpdate(ClientPreparedStatement.java:1467) ~[mysql-connector-j-9.1.0.jar:9.1.0]
	at com.mysql.cj.jdbc.ClientPreparedStatement.executeUpdate(ClientPreparedStatement.java:1084) ~[mysql-connector-j-9.1.0.jar:9.1.0]
	at com.zaxxer.hikari.pool.ProxyPreparedStatement.executeUpdate(ProxyPreparedStatement.java:61) ~[HikariCP-5.1.0.jar:?]
	at com.zaxxer.hikari.pool.HikariProxyPreparedStatement.executeUpdate(HikariProxyPreparedStatement.java) ~[HikariCP-5.1.0.jar:?]
	at org.hibernate.engine.jdbc.internal.ResultSetReturnImpl.executeUpdate(ResultSetReturnImpl.java:194) ~[hibernate-core-6.6.4.Final.jar:6.6.4.Final]
	at org.hibernate.id.insert.GetGeneratedKeysDelegate.performMutation(GetGeneratedKeysDelegate.java:116) ~[hibernate-core-6.6.4.Final.jar:6.6.4.Final]
	at org.hibernate.engine.jdbc.mutation.internal.MutationExecutorSingleNonBatched.performNonBatchedOperations(MutationExecutorSingleNonBatched.java:47) ~[hibernate-core-6.6.4.Final.jar:6.6.4.Final]
	at org.hibernate.engine.jdbc.mutation.internal.AbstractMutationExecutor.execute(AbstractMutationExecutor.java:55) ~[hibernate-core-6.6.4.Final.jar:6.6.4.Final]
	at org.hibernate.persister.entity.mutation.InsertCoordinatorStandard.doStaticInserts(InsertCoordinatorStandard.java:194) ~[hibernate-core-6.6.4.Final.jar:6.6.4.Final]
	at org.hibernate.persister.entity.mutation.InsertCoordinatorStandard.coordinateInsert(InsertCoordinatorStandard.java:132) ~[hibernate-core-6.6.4.Final.jar:6.6.4.Final]
	at org.hibernate.persister.entity.mutation.InsertCoordinatorStandard.insert(InsertCoordinatorStandard.java:95) ~[hibernate-core-6.6.4.Final.jar:6.6.4.Final]
	at org.hibernate.action.internal.EntityIdentityInsertAction.execute(EntityIdentityInsertAction.java:85) ~[hibernate-core-6.6.4.Final.jar:6.6.4.Final]
	at org.hibernate.engine.spi.ActionQueue.execute(ActionQueue.java:682) ~[hibernate-core-6.6.4.Final.jar:6.6.4.Final]
	at org.hibernate.engine.spi.ActionQueue.addResolvedEntityInsertAction(ActionQueue.java:293) ~[hibernate-core-6.6.4.Final.jar:6.6.4.Final]
	at org.hibernate.engine.spi.ActionQueue.addInsertAction(ActionQueue.java:274) ~[hibernate-core-6.6.4.Final.jar:6.6.4.Final]
	at org.hibernate.engine.spi.ActionQueue.addAction(ActionQueue.java:324) ~[hibernate-core-6.6.4.Final.jar:6.6.4.Final]
	at org.hibernate.event.internal.AbstractSaveEventListener.addInsertAction(AbstractSaveEventListener.java:393) ~[hibernate-core-6.6.4.Final.jar:6.6.4.Final]
	at org.hibernate.event.internal.AbstractSaveEventListener.performSaveOrReplicate(AbstractSaveEventListener.java:307) ~[hibernate-core-6.6.4.Final.jar:6.6.4.Final]
	at org.hibernate.event.internal.AbstractSaveEventListener.performSave(AbstractSaveEventListener.java:223) ~[hibernate-core-6.6.4.Final.jar:6.6.4.Final]
	at org.hibernate.event.internal.AbstractSaveEventListener.saveWithGeneratedId(AbstractSaveEventListener.java:136) ~[hibernate-core-6.6.4.Final.jar:6.6.4.Final]
	at org.hibernate.event.internal.DefaultMergeEventListener.saveTransientEntity(DefaultMergeEventListener.java:384) ~[hibernate-core-6.6.4.Final.jar:6.6.4.Final]
	at org.hibernate.event.internal.DefaultMergeEventListener.entityIsTransient(DefaultMergeEventListener.java:305) ~[hibernate-core-6.6.4.Final.jar:6.6.4.Final]
	at org.hibernate.event.internal.DefaultMergeEventListener.merge(DefaultMergeEventListener.java:217) ~[hibernate-core-6.6.4.Final.jar:6.6.4.Final]
	at org.hibernate.event.internal.DefaultMergeEventListener.doMerge(DefaultMergeEventListener.java:152) ~[hibernate-core-6.6.4.Final.jar:6.6.4.Final]
	at org.hibernate.event.internal.DefaultMergeEventListener.onMerge(DefaultMergeEventListener.java:136) ~[hibernate-core-6.6.4.Final.jar:6.6.4.Final]
	at org.hibernate.event.service.internal.EventListenerGroupImpl.fireEventOnEachListener(EventListenerGroupImpl.java:138) ~[hibernate-core-6.6.4.Final.jar:6.6.4.Final]
	at org.hibernate.internal.SessionImpl.fireMerge(SessionImpl.java:875) ~[hibernate-core-6.6.4.Final.jar:6.6.4.Final]
	at org.hibernate.internal.SessionImpl.merge(SessionImpl.java:846) ~[hibernate-core-6.6.4.Final.jar:6.6.4.Final]
	at org.hibernate.engine.spi.CascadingActions$6.cascade(CascadingActions.java:258) ~[hibernate-core-6.6.4.Final.jar:6.6.4.Final]
	at org.hibernate.engine.spi.CascadingActions$6.cascade(CascadingActions.java:248) ~[hibernate-core-6.6.4.Final.jar:6.6.4.Final]
	at org.hibernate.engine.internal.Cascade.cascadeToOne(Cascade.java:570) ~[hibernate-core-6.6.4.Final.jar:6.6.4.Final]
	at org.hibernate.engine.internal.Cascade.cascadeAssociation(Cascade.java:492) ~[hibernate-core-6.6.4.Final.jar:6.6.4.Final]
	at org.hibernate.engine.internal.Cascade.cascadeProperty(Cascade.java:253) ~[hibernate-core-6.6.4.Final.jar:6.6.4.Final]
	at org.hibernate.engine.internal.Cascade.cascadeCollectionElements(Cascade.java:604) ~[hibernate-core-6.6.4.Final.jar:6.6.4.Final]
	at org.hibernate.engine.internal.Cascade.cascadeCollection(Cascade.java:534) ~[hibernate-core-6.6.4.Final.jar:6.6.4.Final]
	at org.hibernate.engine.internal.Cascade.cascadeAssociation(Cascade.java:495) ~[hibernate-core-6.6.4.Final.jar:6.6.4.Final]
	at org.hibernate.engine.internal.Cascade.cascadeProperty(Cascade.java:253) ~[hibernate-core-6.6.4.Final.jar:6.6.4.Final]
	at org.hibernate.engine.internal.Cascade.cascade(Cascade.java:192) ~[hibernate-core-6.6.4.Final.jar:6.6.4.Final]
	at org.hibernate.event.internal.DefaultMergeEventListener.cascadeOnMerge(DefaultMergeEventListener.java:667) ~[hibernate-core-6.6.4.Final.jar:6.6.4.Final]
	at org.hibernate.event.internal.DefaultMergeEventListener.entityIsPersistent(DefaultMergeEventListener.java:285) ~[hibernate-core-6.6.4.Final.jar:6.6.4.Final]
	at org.hibernate.event.internal.DefaultMergeEventListener.merge(DefaultMergeEventListener.java:220) ~[hibernate-core-6.6.4.Final.jar:6.6.4.Final]
	at org.hibernate.event.internal.DefaultMergeEventListener.doMerge(DefaultMergeEventListener.java:152) ~[hibernate-core-6.6.4.Final.jar:6.6.4.Final]
	at org.hibernate.event.internal.DefaultMergeEventListener.onMerge(DefaultMergeEventListener.java:136) ~[hibernate-core-6.6.4.Final.jar:6.6.4.Final]
	at org.hibernate.event.internal.DefaultMergeEventListener.onMerge(DefaultMergeEventListener.java:89) ~[hibernate-core-6.6.4.Final.jar:6.6.4.Final]
	at org.hibernate.event.service.internal.EventListenerGroupImpl.fireEventOnEachListener(EventListenerGroupImpl.java:127) ~[hibernate-core-6.6.4.Final.jar:6.6.4.Final]
	at org.hibernate.internal.SessionImpl.fireMerge(SessionImpl.java:854) ~[hibernate-core-6.6.4.Final.jar:6.6.4.Final]
	at org.hibernate.internal.SessionImpl.merge(SessionImpl.java:840) ~[hibernate-core-6.6.4.Final.jar:6.6.4.Final]
	at java.base/jdk.internal.reflect.NativeMethodAccessorImpl.invoke0(Native Method) ~[?:?]
	at java.base/jdk.internal.reflect.NativeMethodAccessorImpl.invoke(NativeMethodAccessorImpl.java:77) ~[?:?]
	at java.base/jdk.internal.reflect.DelegatingMethodAccessorImpl.invoke(DelegatingMethodAccessorImpl.java:43) ~[?:?]
	at java.base/java.lang.reflect.Method.invoke(Method.java:568) ~[?:?]
	at org.springframework.orm.jpa.ExtendedEntityManagerCreator$ExtendedEntityManagerInvocationHandler.invoke(ExtendedEntityManagerCreator.java:364) ~[spring-orm-6.2.1.jar:6.2.1]
	at jdk.proxy4/jdk.proxy4.$Proxy156.merge(Unknown Source) ~[?:?]
	at java.base/jdk.internal.reflect.NativeMethodAccessorImpl.invoke0(Native Method) ~[?:?]
	at java.base/jdk.internal.reflect.NativeMethodAccessorImpl.invoke(NativeMethodAccessorImpl.java:77) ~[?:?]
	at java.base/jdk.internal.reflect.DelegatingMethodAccessorImpl.invoke(DelegatingMethodAccessorImpl.java:43) ~[?:?]
	at java.base/java.lang.reflect.Method.invoke(Method.java:568) ~[?:?]
	at org.springframework.orm.jpa.SharedEntityManagerCreator$SharedEntityManagerInvocationHandler.invoke(SharedEntityManagerCreator.java:320) ~[spring-orm-6.2.1.jar:6.2.1]
	at jdk.proxy4/jdk.proxy4.$Proxy156.merge(Unknown Source) ~[?:?]
	at org.springframework.data.jpa.repository.support.SimpleJpaRepository.save(SimpleJpaRepository.java:630) ~[spring-data-jpa-3.4.1.jar:3.4.1]
	at java.base/jdk.internal.reflect.NativeMethodAccessorImpl.invoke0(Native Method) ~[?:?]
	at java.base/jdk.internal.reflect.NativeMethodAccessorImpl.invoke(NativeMethodAccessorImpl.java:77) ~[?:?]
	at java.base/jdk.internal.reflect.DelegatingMethodAccessorImpl.invoke(DelegatingMethodAccessorImpl.java:43) ~[?:?]
	at java.base/java.lang.reflect.Method.invoke(Method.java:568) ~[?:?]
	at org.springframework.aop.support.AopUtils.invokeJoinpointUsingReflection(AopUtils.java:359) ~[spring-aop-6.2.1.jar:6.2.1]
	at org.springframework.data.repository.core.support.RepositoryMethodInvoker$RepositoryFragmentMethodInvoker.lambda$new$0(RepositoryMethodInvoker.java:277) ~[spring-data-commons-3.4.1.jar:3.4.1]
	at org.springframework.data.repository.core.support.RepositoryMethodInvoker.doInvoke(RepositoryMethodInvoker.java:170) ~[spring-data-commons-3.4.1.jar:3.4.1]
	at org.springframework.data.repository.core.support.RepositoryMethodInvoker.invoke(RepositoryMethodInvoker.java:158) ~[spring-data-commons-3.4.1.jar:3.4.1]
	at org.springframework.data.repository.core.support.RepositoryComposition$RepositoryFragments.invoke(RepositoryComposition.java:515) ~[spring-data-commons-3.4.1.jar:3.4.1]
	at org.springframework.data.repository.core.support.RepositoryComposition.invoke(RepositoryComposition.java:284) ~[spring-data-commons-3.4.1.jar:3.4.1]
	at org.springframework.data.repository.core.support.RepositoryFactorySupport$ImplementationMethodExecutionInterceptor.invoke(RepositoryFactorySupport.java:752) ~[spring-data-commons-3.4.1.jar:3.4.1]
	at org.springframework.aop.framework.ReflectiveMethodInvocation.proceed(ReflectiveMethodInvocation.java:184) ~[spring-aop-6.2.1.jar:6.2.1]
	at org.springframework.data.repository.core.support.QueryExecutorMethodInterceptor.doInvoke(QueryExecutorMethodInterceptor.java:174) ~[spring-data-commons-3.4.1.jar:3.4.1]
	at org.springframework.data.repository.core.support.QueryExecutorMethodInterceptor.invoke(QueryExecutorMethodInterceptor.java:149) ~[spring-data-commons-3.4.1.jar:3.4.1]
	at org.springframework.aop.framework.ReflectiveMethodInvocation.proceed(ReflectiveMethodInvocation.java:184) ~[spring-aop-6.2.1.jar:6.2.1]
	at org.springframework.data.projection.DefaultMethodInvokingMethodInterceptor.invoke(DefaultMethodInvokingMethodInterceptor.java:69) ~[spring-data-commons-3.4.1.jar:3.4.1]
	at org.springframework.aop.framework.ReflectiveMethodInvocation.proceed(ReflectiveMethodInvocation.java:184) ~[spring-aop-6.2.1.jar:6.2.1]
	at org.springframework.transaction.interceptor.TransactionAspectSupport.invokeWithinTransaction(TransactionAspectSupport.java:380) ~[spring-tx-6.2.1.jar:6.2.1]
	at org.springframework.transaction.interceptor.TransactionInterceptor.invoke(TransactionInterceptor.java:119) ~[spring-tx-6.2.1.jar:6.2.1]
	at org.springframework.aop.framework.ReflectiveMethodInvocation.proceed(ReflectiveMethodInvocation.java:184) ~[spring-aop-6.2.1.jar:6.2.1]
	at org.springframework.dao.support.PersistenceExceptionTranslationInterceptor.invoke(PersistenceExceptionTranslationInterceptor.java:138) ~[spring-tx-6.2.1.jar:6.2.1]
	... 119 more
2025-05-10 00:18:29 [abdullateef] INFO  com.example.tailormaster.filter.LoggingInterceptor - User 'abdullateef' is requesting: GET /tailor-master/customers
2025-05-10 00:18:30 [abdullateef] INFO  com.example.tailormaster.filter.LoggingInterceptor - User 'abdullateef' is requesting: GET /tailor-master/dashboard/notifications/upcoming-deliveries
2025-05-10 00:18:30 [abdullateef] INFO  com.example.tailormaster.controller.dashboard.DashboardController - Requested upcoming deliveries.
2025-05-10 00:18:30 [abdullateef] INFO  com.example.tailormaster.service.dashboard.DashboardService - Upcoming deliveries fetched: 8
2025-05-10 00:18:30 [abdullateef] INFO  com.example.tailormaster.controller.dashboard.DashboardController - Upcoming deliveries fetched: 8
2025-05-10 00:18:30 [abdullateef] INFO  com.example.tailormaster.filter.LoggingInterceptor - User 'abdullateef' is requesting: GET /tailor-master/customers/datatable
2025-05-10 00:18:30 [abdullateef] INFO  com.example.tailormaster.controller.CustomerController - Fetching customers data with search value: , sort direction: asc, start date: null, end date: null
2025-05-10 00:22:47 [] INFO  org.springframework.boot.web.embedded.tomcat.GracefulShutdown - Commencing graceful shutdown. Waiting for active requests to complete
2025-05-10 00:22:49 [] INFO  org.springframework.boot.web.embedded.tomcat.GracefulShutdown - Graceful shutdown complete
2025-05-10 00:22:50 [] INFO  org.springframework.orm.jpa.LocalContainerEntityManagerFactoryBean - Closing JPA EntityManagerFactory for persistence unit 'default'
2025-05-10 00:22:50 [] INFO  com.zaxxer.hikari.HikariDataSource - HikariPool-1 - Shutdown initiated...
2025-05-10 00:22:50 [] INFO  com.zaxxer.hikari.HikariDataSource - HikariPool-1 - Shutdown completed.
2025-05-10 00:23:13 [] INFO  org.hibernate.validator.internal.util.Version - HV000001: Hibernate Validator 8.0.2.Final
2025-05-10 00:23:13 [] INFO  com.example.tailormaster.TailorMasterAppApplication - Starting TailorMasterAppApplication using Java 17.0.2 with PID 18816 (E:\Development-Workspaces\tailor-master-app\tailor-master-app\target\classes started by wajiz.pk in E:\Development-Workspaces\tailor-master-app\tailor-master-app)
2025-05-10 00:23:13 [] INFO  com.example.tailormaster.TailorMasterAppApplication - No active profile set, falling back to 1 default profile: "default"
2025-05-10 00:23:14 [] INFO  org.springframework.boot.devtools.env.DevToolsPropertyDefaultsPostProcessor - Devtools property defaults active! Set 'spring.devtools.add-properties' to 'false' to disable
2025-05-10 00:23:14 [] INFO  org.springframework.boot.devtools.env.DevToolsPropertyDefaultsPostProcessor - For additional web related logging consider setting the 'logging.level.web' property to 'DEBUG'
2025-05-10 00:23:16 [] INFO  org.springframework.data.repository.config.RepositoryConfigurationDelegate - Bootstrapping Spring Data JPA repositories in DEFAULT mode.
2025-05-10 00:23:16 [] INFO  org.springframework.data.repository.config.RepositoryConfigurationDelegate - Finished Spring Data repository scanning in 259 ms. Found 12 JPA repository interfaces.
2025-05-10 00:23:18 [] INFO  org.springframework.boot.web.embedded.tomcat.TomcatWebServer - Tomcat initialized with port 8080 (http)
2025-05-10 00:23:18 [] INFO  org.apache.coyote.http11.Http11NioProtocol - Initializing ProtocolHandler ["http-nio-8080"]
2025-05-10 00:23:18 [] INFO  org.apache.catalina.core.StandardService - Starting service [Tomcat]
2025-05-10 00:23:18 [] INFO  org.apache.catalina.core.StandardEngine - Starting Servlet engine: [Apache Tomcat/10.1.40]
2025-05-10 00:23:18 [] INFO  org.apache.catalina.core.ContainerBase.[Tomcat].[localhost].[/tailor-master] - Initializing Spring embedded WebApplicationContext
2025-05-10 00:23:18 [] INFO  org.springframework.boot.web.servlet.context.ServletWebServerApplicationContext - Root WebApplicationContext: initialization completed in 4296 ms
2025-05-10 00:23:18 [] INFO  org.hibernate.jpa.internal.util.LogHelper - HHH000204: Processing PersistenceUnitInfo [name: default]
2025-05-10 00:23:19 [] INFO  org.hibernate.Version - HHH000412: Hibernate ORM core version 6.6.4.Final
2025-05-10 00:23:19 [] INFO  org.hibernate.cache.internal.RegionFactoryInitiator - HHH000026: Second-level cache disabled
2025-05-10 00:23:20 [] INFO  org.springframework.orm.jpa.persistenceunit.SpringPersistenceUnitInfo - No LoadTimeWeaver setup: ignoring JPA class transformer
2025-05-10 00:23:20 [] INFO  com.zaxxer.hikari.HikariDataSource - HikariPool-1 - Starting...
2025-05-10 00:23:21 [] INFO  com.zaxxer.hikari.pool.HikariPool - HikariPool-1 - Added connection com.mysql.cj.jdbc.ConnectionImpl@43eea186
2025-05-10 00:23:21 [] INFO  com.zaxxer.hikari.HikariDataSource - HikariPool-1 - Start completed.
2025-05-10 00:23:21 [] INFO  org.hibernate.orm.connections.pooling - HHH10001005: Database info:
	Database JDBC URL [Connecting through datasource 'HikariDataSource (HikariPool-1)']
	Database driver: undefined/unknown
	Database version: 8.0.28
	Autocommit mode: undefined/unknown
	Isolation level: undefined/unknown
	Minimum pool size: undefined/unknown
	Maximum pool size: undefined/unknown
2025-05-10 00:23:25 [] INFO  org.hibernate.engine.transaction.jta.platform.internal.JtaPlatformInitiator - HHH000489: No JTA platform available (set 'hibernate.transaction.jta.platform' to enable JTA platform integration)
2025-05-10 00:23:25 [] INFO  org.springframework.orm.jpa.LocalContainerEntityManagerFactoryBean - Initialized JPA EntityManagerFactory for persistence unit 'default'
2025-05-10 00:23:26 [] INFO  org.springframework.data.jpa.repository.query.QueryEnhancerFactory - Hibernate is in classpath; If applicable, HQL parser will be used.
2025-05-10 00:23:31 [] WARN  org.springframework.boot.autoconfigure.orm.jpa.JpaBaseConfiguration$JpaWebConfiguration - spring.jpa.open-in-view is enabled by default. Therefore, database queries may be performed during view rendering. Explicitly configure spring.jpa.open-in-view to disable this warning
2025-05-10 00:23:31 [] INFO  org.springframework.security.config.annotation.authentication.configuration.InitializeAuthenticationProviderBeanManagerConfigurer$InitializeAuthenticationProviderManagerConfigurer - Global AuthenticationManager configured with AuthenticationProvider bean with name authenticationProvider
2025-05-10 00:23:31 [] WARN  org.springframework.security.config.annotation.authentication.configuration.InitializeUserDetailsBeanManagerConfigurer$InitializeUserDetailsManagerConfigurer - Global AuthenticationManager configured with an AuthenticationProvider bean. UserDetailsService beans will not be used by Spring Security for automatically configuring username/password login. Consider removing the AuthenticationProvider bean. Alternatively, consider using the UserDetailsService in a manually instantiated DaoAuthenticationProvider. If the current configuration is intentional, to turn off this warning, increase the logging level of 'org.springframework.security.config.annotation.authentication.configuration.InitializeUserDetailsBeanManagerConfigurer' to ERROR
2025-05-10 00:23:33 [] INFO  org.springframework.boot.devtools.autoconfigure.OptionalLiveReloadServer - LiveReload server is running on port 35729
2025-05-10 00:23:33 [] INFO  org.apache.coyote.http11.Http11NioProtocol - Starting ProtocolHandler ["http-nio-8080"]
2025-05-10 00:23:33 [] INFO  org.springframework.boot.web.embedded.tomcat.TomcatWebServer - Tomcat started on port 8080 (http) with context path '/tailor-master'
2025-05-10 00:23:33 [] INFO  com.example.tailormaster.TailorMasterAppApplication - Started TailorMasterAppApplication in 20.771 seconds (process running for 24.225)
2025-05-10 00:24:10 [] INFO  org.apache.catalina.core.ContainerBase.[Tomcat].[localhost].[/tailor-master] - Initializing Spring DispatcherServlet 'dispatcherServlet'
2025-05-10 00:24:10 [] INFO  org.springframework.web.servlet.DispatcherServlet - Initializing Servlet 'dispatcherServlet'
2025-05-10 00:24:10 [] INFO  org.springframework.web.servlet.DispatcherServlet - Completed initialization in 3 ms
2025-05-10 00:24:10 [abdullateef] INFO  com.example.tailormaster.filter.LoggingInterceptor - User 'abdullateef' is requesting: GET /tailor-master/customers
2025-05-10 00:24:13 [abdullateef] INFO  com.example.tailormaster.filter.LoggingInterceptor - User 'abdullateef' is requesting: GET /tailor-master/dashboard/notifications/upcoming-deliveries
2025-05-10 00:24:13 [abdullateef] INFO  com.example.tailormaster.controller.dashboard.DashboardController - Requested upcoming deliveries.
2025-05-10 00:24:13 [abdullateef] INFO  com.example.tailormaster.filter.LoggingInterceptor - User 'abdullateef' is requesting: GET /tailor-master/customers/datatable
2025-05-10 00:24:13 [abdullateef] INFO  com.example.tailormaster.controller.CustomerController - Fetching customers data with search value: , sort direction: asc, start date: null, end date: null
2025-05-10 00:24:13 [abdullateef] INFO  com.example.tailormaster.service.dashboard.DashboardService - Upcoming deliveries fetched: 8
2025-05-10 00:24:13 [abdullateef] INFO  com.example.tailormaster.controller.dashboard.DashboardController - Upcoming deliveries fetched: 8
2025-05-10 00:24:17 [abdullateef] INFO  com.example.tailormaster.filter.LoggingInterceptor - User 'abdullateef' is requesting: GET /tailor-master/customers/details/PrpR4phMHs2WOfBlF3N0EHi_DX1VIUnPxSHok4sg9l8=
2025-05-10 00:24:17 [abdullateef] INFO  com.example.tailormaster.controller.CustomerController - Displaying details for customer ID (encrypted): PrpR4phMHs2WOfBlF3N0EHi_DX1VIUnPxSHok4sg9l8=
2025-05-10 00:24:17 [abdullateef] INFO  com.example.tailormaster.controller.CustomerController - Fetched customer details: Customer(fullName=NewCustomer3, phoneNumber=03224499844, enabled=false)
2025-05-10 00:24:17 [abdullateef] INFO  com.example.tailormaster.controller.CustomerController - Fetched measurement details: null
2025-05-10 00:24:17 [abdullateef] INFO  com.example.tailormaster.filter.LoggingInterceptor - User 'abdullateef' is requesting: GET /tailor-master/dashboard/notifications/upcoming-deliveries
2025-05-10 00:24:17 [abdullateef] INFO  com.example.tailormaster.controller.dashboard.DashboardController - Requested upcoming deliveries.
2025-05-10 00:24:18 [abdullateef] INFO  com.example.tailormaster.service.dashboard.DashboardService - Upcoming deliveries fetched: 8
2025-05-10 00:24:18 [abdullateef] INFO  com.example.tailormaster.controller.dashboard.DashboardController - Upcoming deliveries fetched: 8
2025-05-10 00:24:19 [abdullateef] INFO  com.example.tailormaster.filter.LoggingInterceptor - User 'abdullateef' is requesting: GET /tailor-master/customers/edit/yjbSUYop7wNSCqYAcyk_Wet5YGEmdO3kTc6SFzGROjU=
2025-05-10 00:24:19 [abdullateef] INFO  com.example.tailormaster.controller.CustomerController - Displaying edit form for customer ID (encrypted): yjbSUYop7wNSCqYAcyk_Wet5YGEmdO3kTc6SFzGROjU=
2025-05-10 00:24:19 [abdullateef] INFO  com.example.tailormaster.service.product.ProductService - Fetching all active products.
2025-05-10 00:24:19 [abdullateef] INFO  com.example.tailormaster.service.product.ProductService - Retrieved 2 active products.
2025-05-10 00:24:24 [abdullateef] INFO  com.example.tailormaster.controller.CustomerController - Populated CustomerRegistrationDTO for edit form: CustomerRegistrationDTO(customer=Customer(fullName=NewCustomer3, phoneNumber=03224499844, enabled=false), frontPocket=false, oneSidePocket=false, twoSidePocket=false, shalwarZipPocket=false, shalwarSadaPocket=false, twoPajamaPocket=false, singleSilai=false, doubleSilai=false, chamakSilai=false, flopPocket=false, normalButton=false, touchButton=false, metalButton=false, qameezLength=null, qameezType=null, bazoo=null, kuhni=null, aarmHole=null, kuff=null, golMoori=null, galla=null, gallaType=null, tera=null, patiLambai=null, chati=null, chati360=null, kamar=null, kamar360=null, daman=null, daman360=null, shalwar=null, shalwarGher=null, shalwarPaincha=null, pajama=null, pajamaWaist=null, pajamaPaincha=null, lasticPlusDori=null, deegar=null, measurement=null, products=[Product(type=QAMEEZ, name=قميض, description=, price=2000.00, enabled=true), Product(type=SHALWAR, name=شلوار, description=, price=500.00, enabled=true)], customerMeasurements={}, selectedProductIds=[])
2025-05-10 00:24:24 [abdullateef] INFO  com.example.tailormaster.filter.LoggingInterceptor - User 'abdullateef' is requesting: GET /tailor-master/dashboard/notifications/upcoming-deliveries
2025-05-10 00:24:24 [abdullateef] INFO  com.example.tailormaster.controller.dashboard.DashboardController - Requested upcoming deliveries.
2025-05-10 00:24:24 [abdullateef] INFO  com.example.tailormaster.service.dashboard.DashboardService - Upcoming deliveries fetched: 8
2025-05-10 00:24:24 [abdullateef] INFO  com.example.tailormaster.controller.dashboard.DashboardController - Upcoming deliveries fetched: 8
2025-05-10 00:24:43 [abdullateef] INFO  com.example.tailormaster.filter.LoggingInterceptor - User 'abdullateef' is requesting: POST /tailor-master/customers/update
2025-05-10 00:24:43 [abdullateef] INFO  com.example.tailormaster.controller.CustomerController - Attempting to update customer with encrypted ID: c3lgfMNoKK5fjyP8x3qDBp7QaBDM32AVw_vD5K4eB4w=
2025-05-10 00:24:58 [abdullateef] INFO  com.example.tailormaster.service.product.ProductService - Fetching product by ID: 1
2025-05-10 00:24:59 [abdullateef] INFO  com.example.tailormaster.service.product.ProductService - Fetching product by ID: 2
2025-05-10 00:25:01 [abdullateef] INFO  com.example.tailormaster.service.customer.CustomerService - Updating customer with ID: 49
2025-05-10 00:25:44 [abdullateef] INFO  com.example.tailormaster.controller.CustomerController - Customer updated successfully with ID: 49
2025-05-10 00:25:44 [abdullateef] INFO  com.example.tailormaster.filter.LoggingInterceptor - User 'abdullateef' is requesting: GET /tailor-master/customers
2025-05-10 00:25:44 [abdullateef] INFO  com.example.tailormaster.filter.LoggingInterceptor - User 'abdullateef' is requesting: GET /tailor-master/dashboard/notifications/upcoming-deliveries
2025-05-10 00:25:44 [abdullateef] INFO  com.example.tailormaster.controller.dashboard.DashboardController - Requested upcoming deliveries.
2025-05-10 00:25:44 [abdullateef] INFO  com.example.tailormaster.service.dashboard.DashboardService - Upcoming deliveries fetched: 8
2025-05-10 00:25:44 [abdullateef] INFO  com.example.tailormaster.controller.dashboard.DashboardController - Upcoming deliveries fetched: 8
2025-05-10 00:25:44 [abdullateef] INFO  com.example.tailormaster.filter.LoggingInterceptor - User 'abdullateef' is requesting: GET /tailor-master/customers/datatable
2025-05-10 00:25:44 [abdullateef] INFO  com.example.tailormaster.controller.CustomerController - Fetching customers data with search value: , sort direction: asc, start date: null, end date: null
2025-05-10 00:25:50 [abdullateef] INFO  com.example.tailormaster.filter.LoggingInterceptor - User 'abdullateef' is requesting: GET /tailor-master/customers/details/vMQvrCQTs1-u8JhzrI6B3430Yz0g4OQAak74zm9HcEk=
2025-05-10 00:25:50 [abdullateef] INFO  com.example.tailormaster.controller.CustomerController - Displaying details for customer ID (encrypted): vMQvrCQTs1-u8JhzrI6B3430Yz0g4OQAak74zm9HcEk=
2025-05-10 00:25:50 [abdullateef] INFO  com.example.tailormaster.controller.CustomerController - Fetched customer details: Customer(fullName=NewCustomer3, phoneNumber=03224499844, enabled=false)
2025-05-10 00:25:50 [abdullateef] INFO  com.example.tailormaster.controller.CustomerController - Fetched measurement details: CustomerMeasurement(customer=Customer(fullName=NewCustomer3, phoneNumber=03224499844, enabled=false), product=Product(type=SHALWAR, name=شلوار, description=, price=500.00, enabled=true), frontPocket=false, oneSidePocket=true, twoSidePocket=true, shalwarZipPocket=false, shalwarSadaPocket=false, twoPajamaPocket=true, singleSilai=false, doubleSilai=false, chamakSilai=false, flopPocket=false, normalButton=false, touchButton=false, metalButton=false, qameezLength=33, qameezType=gol_daman, bazoo=, kuhni=, aarmHole=, kuff=, golMoori=, galla=, gallaType=sherwani_been, tera=, patiLambai=, chati=, chati360=, kamar=, kamar360=, daman=, daman360=, shalwar=, shalwarGher=, shalwarPaincha=, pajama=, pajamaWaist=, pajamaPaincha=, lasticPlusDori=full_lastic_plus_dori, deegar=, chest=null, sleeveLength=null, shoulder=null, hips=null, waist=null, barcode=null)
2025-05-10 00:25:50 [abdullateef] INFO  com.example.tailormaster.filter.LoggingInterceptor - User 'abdullateef' is requesting: GET /tailor-master/dashboard/notifications/upcoming-deliveries
2025-05-10 00:25:50 [abdullateef] INFO  com.example.tailormaster.controller.dashboard.DashboardController - Requested upcoming deliveries.
2025-05-10 00:25:50 [abdullateef] INFO  com.example.tailormaster.service.dashboard.DashboardService - Upcoming deliveries fetched: 8
2025-05-10 00:25:50 [abdullateef] INFO  com.example.tailormaster.controller.dashboard.DashboardController - Upcoming deliveries fetched: 8
2025-05-10 00:26:32 [abdullateef] INFO  com.example.tailormaster.filter.LoggingInterceptor - User 'abdullateef' is requesting: GET /tailor-master/customers/edit/4gZI81r5jnyYXWqWAaN-5nRrYpIH5803CzF5OvzdUKU=
2025-05-10 00:26:32 [abdullateef] INFO  com.example.tailormaster.controller.CustomerController - Displaying edit form for customer ID (encrypted): 4gZI81r5jnyYXWqWAaN-5nRrYpIH5803CzF5OvzdUKU=
2025-05-10 00:26:32 [abdullateef] INFO  com.example.tailormaster.service.product.ProductService - Fetching all active products.
2025-05-10 00:26:32 [abdullateef] INFO  com.example.tailormaster.service.product.ProductService - Retrieved 2 active products.
2025-05-10 00:26:32 [abdullateef] INFO  com.example.tailormaster.controller.CustomerController - Populated CustomerRegistrationDTO for edit form: CustomerRegistrationDTO(customer=Customer(fullName=NewCustomer3, phoneNumber=03224499844, enabled=false), frontPocket=false, oneSidePocket=true, twoSidePocket=true, shalwarZipPocket=false, shalwarSadaPocket=false, twoPajamaPocket=true, singleSilai=false, doubleSilai=false, chamakSilai=false, flopPocket=false, normalButton=false, touchButton=false, metalButton=false, qameezLength=33, qameezType=gol_daman, bazoo=, kuhni=, aarmHole=, kuff=, golMoori=, galla=, gallaType=sherwani_been, tera=, patiLambai=, chati=, chati360=, kamar=, kamar360=, daman=, daman360=, shalwar=, shalwarGher=, shalwarPaincha=, pajama=, pajamaWaist=, pajamaPaincha=, lasticPlusDori=full_lastic_plus_dori, deegar=, measurement=null, products=[Product(type=QAMEEZ, name=قميض, description=, price=2000.00, enabled=true), Product(type=SHALWAR, name=شلوار, description=, price=500.00, enabled=true)], customerMeasurements={1=CustomerMeasurement(customer=Customer(fullName=NewCustomer3, phoneNumber=03224499844, enabled=false), product=Product(type=QAMEEZ, name=قميض, description=, price=2000.00, enabled=true), frontPocket=false, oneSidePocket=true, twoSidePocket=true, shalwarZipPocket=false, shalwarSadaPocket=false, twoPajamaPocket=true, singleSilai=false, doubleSilai=false, chamakSilai=false, flopPocket=false, normalButton=false, touchButton=false, metalButton=false, qameezLength=33, qameezType=gol_daman, bazoo=, kuhni=, aarmHole=, kuff=, golMoori=, galla=, gallaType=sherwani_been, tera=, patiLambai=, chati=, chati360=, kamar=, kamar360=, daman=, daman360=, shalwar=, shalwarGher=, shalwarPaincha=, pajama=, pajamaWaist=, pajamaPaincha=, lasticPlusDori=full_lastic_plus_dori, deegar=, chest=null, sleeveLength=null, shoulder=null, hips=null, waist=null, barcode=null), 2=CustomerMeasurement(customer=Customer(fullName=NewCustomer3, phoneNumber=03224499844, enabled=false), product=Product(type=SHALWAR, name=شلوار, description=, price=500.00, enabled=true), frontPocket=false, oneSidePocket=true, twoSidePocket=true, shalwarZipPocket=false, shalwarSadaPocket=false, twoPajamaPocket=true, singleSilai=false, doubleSilai=false, chamakSilai=false, flopPocket=false, normalButton=false, touchButton=false, metalButton=false, qameezLength=33, qameezType=gol_daman, bazoo=, kuhni=, aarmHole=, kuff=, golMoori=, galla=, gallaType=sherwani_been, tera=, patiLambai=, chati=, chati360=, kamar=, kamar360=, daman=, daman360=, shalwar=, shalwarGher=, shalwarPaincha=, pajama=, pajamaWaist=, pajamaPaincha=, lasticPlusDori=full_lastic_plus_dori, deegar=, chest=null, sleeveLength=null, shoulder=null, hips=null, waist=null, barcode=null)}, selectedProductIds=[1, 2])
2025-05-10 00:26:32 [abdullateef] INFO  com.example.tailormaster.filter.LoggingInterceptor - User 'abdullateef' is requesting: GET /tailor-master/dashboard/notifications/upcoming-deliveries
2025-05-10 00:26:32 [abdullateef] INFO  com.example.tailormaster.controller.dashboard.DashboardController - Requested upcoming deliveries.
2025-05-10 00:26:32 [abdullateef] INFO  com.example.tailormaster.service.dashboard.DashboardService - Upcoming deliveries fetched: 8
2025-05-10 00:26:32 [abdullateef] INFO  com.example.tailormaster.controller.dashboard.DashboardController - Upcoming deliveries fetched: 8
2025-05-10 00:29:31 [] INFO  org.springframework.boot.web.embedded.tomcat.GracefulShutdown - Commencing graceful shutdown. Waiting for active requests to complete
2025-05-10 00:29:32 [] INFO  org.springframework.boot.web.embedded.tomcat.GracefulShutdown - Graceful shutdown complete
2025-05-10 00:29:33 [] INFO  org.springframework.orm.jpa.LocalContainerEntityManagerFactoryBean - Closing JPA EntityManagerFactory for persistence unit 'default'
2025-05-10 00:29:33 [] INFO  com.zaxxer.hikari.HikariDataSource - HikariPool-1 - Shutdown initiated...
2025-05-10 00:29:33 [] INFO  com.zaxxer.hikari.HikariDataSource - HikariPool-1 - Shutdown completed.
2025-05-10 00:29:51 [] INFO  org.hibernate.validator.internal.util.Version - HV000001: Hibernate Validator 8.0.2.Final
2025-05-10 00:29:51 [] INFO  com.example.tailormaster.TailorMasterAppApplication - Starting TailorMasterAppApplication using Java 17.0.2 with PID 2588 (E:\Development-Workspaces\tailor-master-app\tailor-master-app\target\classes started by wajiz.pk in E:\Development-Workspaces\tailor-master-app\tailor-master-app)
2025-05-10 00:29:51 [] INFO  com.example.tailormaster.TailorMasterAppApplication - No active profile set, falling back to 1 default profile: "default"
2025-05-10 00:29:51 [] INFO  org.springframework.boot.devtools.env.DevToolsPropertyDefaultsPostProcessor - Devtools property defaults active! Set 'spring.devtools.add-properties' to 'false' to disable
2025-05-10 00:29:51 [] INFO  org.springframework.boot.devtools.env.DevToolsPropertyDefaultsPostProcessor - For additional web related logging consider setting the 'logging.level.web' property to 'DEBUG'
2025-05-10 00:29:55 [] INFO  org.springframework.data.repository.config.RepositoryConfigurationDelegate - Bootstrapping Spring Data JPA repositories in DEFAULT mode.
2025-05-10 00:29:55 [] INFO  org.springframework.data.repository.config.RepositoryConfigurationDelegate - Finished Spring Data repository scanning in 278 ms. Found 12 JPA repository interfaces.
2025-05-10 00:29:57 [] INFO  org.springframework.boot.web.embedded.tomcat.TomcatWebServer - Tomcat initialized with port 8080 (http)
2025-05-10 00:29:57 [] INFO  org.apache.coyote.http11.Http11NioProtocol - Initializing ProtocolHandler ["http-nio-8080"]
2025-05-10 00:29:57 [] INFO  org.apache.catalina.core.StandardService - Starting service [Tomcat]
2025-05-10 00:29:57 [] INFO  org.apache.catalina.core.StandardEngine - Starting Servlet engine: [Apache Tomcat/10.1.40]
2025-05-10 00:29:57 [] INFO  org.apache.catalina.core.ContainerBase.[Tomcat].[localhost].[/tailor-master] - Initializing Spring embedded WebApplicationContext
2025-05-10 00:29:57 [] INFO  org.springframework.boot.web.servlet.context.ServletWebServerApplicationContext - Root WebApplicationContext: initialization completed in 5329 ms
2025-05-10 00:29:57 [] INFO  org.hibernate.jpa.internal.util.LogHelper - HHH000204: Processing PersistenceUnitInfo [name: default]
2025-05-10 00:29:57 [] INFO  org.hibernate.Version - HHH000412: Hibernate ORM core version 6.6.4.Final
2025-05-10 00:29:58 [] INFO  org.hibernate.cache.internal.RegionFactoryInitiator - HHH000026: Second-level cache disabled
2025-05-10 00:29:58 [] INFO  org.springframework.orm.jpa.persistenceunit.SpringPersistenceUnitInfo - No LoadTimeWeaver setup: ignoring JPA class transformer
2025-05-10 00:29:58 [] INFO  com.zaxxer.hikari.HikariDataSource - HikariPool-1 - Starting...
2025-05-10 00:29:59 [] INFO  com.zaxxer.hikari.pool.HikariPool - HikariPool-1 - Added connection com.mysql.cj.jdbc.ConnectionImpl@541720bd
2025-05-10 00:29:59 [] INFO  com.zaxxer.hikari.HikariDataSource - HikariPool-1 - Start completed.
2025-05-10 00:30:00 [] INFO  org.hibernate.orm.connections.pooling - HHH10001005: Database info:
	Database JDBC URL [Connecting through datasource 'HikariDataSource (HikariPool-1)']
	Database driver: undefined/unknown
	Database version: 8.0.28
	Autocommit mode: undefined/unknown
	Isolation level: undefined/unknown
	Minimum pool size: undefined/unknown
	Maximum pool size: undefined/unknown
2025-05-10 00:30:04 [] INFO  org.hibernate.engine.transaction.jta.platform.internal.JtaPlatformInitiator - HHH000489: No JTA platform available (set 'hibernate.transaction.jta.platform' to enable JTA platform integration)
2025-05-10 00:30:04 [] INFO  org.springframework.orm.jpa.LocalContainerEntityManagerFactoryBean - Initialized JPA EntityManagerFactory for persistence unit 'default'
2025-05-10 00:30:05 [] INFO  org.springframework.data.jpa.repository.query.QueryEnhancerFactory - Hibernate is in classpath; If applicable, HQL parser will be used.
2025-05-10 00:30:11 [] WARN  org.springframework.boot.autoconfigure.orm.jpa.JpaBaseConfiguration$JpaWebConfiguration - spring.jpa.open-in-view is enabled by default. Therefore, database queries may be performed during view rendering. Explicitly configure spring.jpa.open-in-view to disable this warning
2025-05-10 00:30:12 [] INFO  org.springframework.security.config.annotation.authentication.configuration.InitializeAuthenticationProviderBeanManagerConfigurer$InitializeAuthenticationProviderManagerConfigurer - Global AuthenticationManager configured with AuthenticationProvider bean with name authenticationProvider
2025-05-10 00:30:12 [] WARN  org.springframework.security.config.annotation.authentication.configuration.InitializeUserDetailsBeanManagerConfigurer$InitializeUserDetailsManagerConfigurer - Global AuthenticationManager configured with an AuthenticationProvider bean. UserDetailsService beans will not be used by Spring Security for automatically configuring username/password login. Consider removing the AuthenticationProvider bean. Alternatively, consider using the UserDetailsService in a manually instantiated DaoAuthenticationProvider. If the current configuration is intentional, to turn off this warning, increase the logging level of 'org.springframework.security.config.annotation.authentication.configuration.InitializeUserDetailsBeanManagerConfigurer' to ERROR
2025-05-10 00:30:13 [] INFO  org.springframework.boot.devtools.autoconfigure.OptionalLiveReloadServer - LiveReload server is running on port 35729
2025-05-10 00:30:13 [] INFO  org.apache.coyote.http11.Http11NioProtocol - Starting ProtocolHandler ["http-nio-8080"]
2025-05-10 00:30:13 [] INFO  org.springframework.boot.web.embedded.tomcat.TomcatWebServer - Tomcat started on port 8080 (http) with context path '/tailor-master'
2025-05-10 00:30:13 [] INFO  com.example.tailormaster.TailorMasterAppApplication - Started TailorMasterAppApplication in 23.35 seconds (process running for 26.031)
2025-05-10 00:31:13 [] INFO  org.apache.catalina.core.ContainerBase.[Tomcat].[localhost].[/tailor-master] - Initializing Spring DispatcherServlet 'dispatcherServlet'
2025-05-10 00:31:13 [] INFO  org.springframework.web.servlet.DispatcherServlet - Initializing Servlet 'dispatcherServlet'
2025-05-10 00:31:13 [] INFO  org.springframework.web.servlet.DispatcherServlet - Completed initialization in 0 ms
2025-05-10 00:31:13 [abdullateef] INFO  com.example.tailormaster.filter.LoggingInterceptor - User 'abdullateef' is requesting: GET /tailor-master/customers
2025-05-10 00:31:16 [abdullateef] INFO  com.example.tailormaster.filter.LoggingInterceptor - User 'abdullateef' is requesting: GET /tailor-master/dashboard/notifications/upcoming-deliveries
2025-05-10 00:31:16 [abdullateef] INFO  com.example.tailormaster.controller.dashboard.DashboardController - Requested upcoming deliveries.
2025-05-10 00:31:16 [abdullateef] INFO  com.example.tailormaster.filter.LoggingInterceptor - User 'abdullateef' is requesting: GET /tailor-master/customers/datatable
2025-05-10 00:31:16 [abdullateef] INFO  com.example.tailormaster.controller.CustomerController - Fetching customers data with search value: , sort direction: asc, start date: null, end date: null
2025-05-10 00:31:16 [abdullateef] INFO  com.example.tailormaster.service.dashboard.DashboardService - Upcoming deliveries fetched: 8
2025-05-10 00:31:16 [abdullateef] INFO  com.example.tailormaster.controller.dashboard.DashboardController - Upcoming deliveries fetched: 8
2025-05-10 00:31:18 [abdullateef] INFO  com.example.tailormaster.filter.LoggingInterceptor - User 'abdullateef' is requesting: GET /tailor-master/customers/details/4GEjbiMN-eZvkL45HdqGci9vi_sUHX_R6hccT2cc6dM=
2025-05-10 00:31:18 [abdullateef] INFO  com.example.tailormaster.controller.CustomerController - Displaying details for customer ID (encrypted): 4GEjbiMN-eZvkL45HdqGci9vi_sUHX_R6hccT2cc6dM=
2025-05-10 00:31:18 [abdullateef] INFO  com.example.tailormaster.controller.CustomerController - Fetched customer details: Customer(fullName=NewCustomer3, phoneNumber=03224499844, enabled=false)
2025-05-10 00:31:18 [abdullateef] INFO  com.example.tailormaster.controller.CustomerController - Fetched measurement details: CustomerMeasurement(customer=Customer(fullName=NewCustomer3, phoneNumber=03224499844, enabled=false), product=Product(type=SHALWAR, name=شلوار, description=, price=500.00, enabled=true), frontPocket=false, oneSidePocket=true, twoSidePocket=true, shalwarZipPocket=false, shalwarSadaPocket=false, twoPajamaPocket=true, singleSilai=false, doubleSilai=false, chamakSilai=false, flopPocket=false, normalButton=false, touchButton=false, metalButton=false, qameezLength=33, qameezType=gol_daman, bazoo=, kuhni=, aarmHole=, kuff=, golMoori=, galla=, gallaType=sherwani_been, tera=, patiLambai=, chati=, chati360=, kamar=, kamar360=, daman=, daman360=, shalwar=, shalwarGher=, shalwarPaincha=, pajama=, pajamaWaist=, pajamaPaincha=, lasticPlusDori=full_lastic_plus_dori, deegar=, chest=null, sleeveLength=null, shoulder=null, hips=null, waist=null, barcode=null)
2025-05-10 00:31:19 [abdullateef] INFO  com.example.tailormaster.filter.LoggingInterceptor - User 'abdullateef' is requesting: GET /tailor-master/dashboard/notifications/upcoming-deliveries
2025-05-10 00:31:19 [abdullateef] INFO  com.example.tailormaster.controller.dashboard.DashboardController - Requested upcoming deliveries.
2025-05-10 00:31:19 [abdullateef] INFO  com.example.tailormaster.service.dashboard.DashboardService - Upcoming deliveries fetched: 8
2025-05-10 00:31:19 [abdullateef] INFO  com.example.tailormaster.controller.dashboard.DashboardController - Upcoming deliveries fetched: 8
2025-05-10 00:31:21 [abdullateef] INFO  com.example.tailormaster.filter.LoggingInterceptor - User 'abdullateef' is requesting: GET /tailor-master/customers
2025-05-10 00:31:22 [abdullateef] INFO  com.example.tailormaster.filter.LoggingInterceptor - User 'abdullateef' is requesting: GET /tailor-master/dashboard/notifications/upcoming-deliveries
2025-05-10 00:31:22 [abdullateef] INFO  com.example.tailormaster.controller.dashboard.DashboardController - Requested upcoming deliveries.
2025-05-10 00:31:22 [abdullateef] INFO  com.example.tailormaster.filter.LoggingInterceptor - User 'abdullateef' is requesting: GET /tailor-master/customers/datatable
2025-05-10 00:31:22 [abdullateef] INFO  com.example.tailormaster.service.dashboard.DashboardService - Upcoming deliveries fetched: 8
2025-05-10 00:31:22 [abdullateef] INFO  com.example.tailormaster.controller.dashboard.DashboardController - Upcoming deliveries fetched: 8
2025-05-10 00:31:22 [abdullateef] INFO  com.example.tailormaster.controller.CustomerController - Fetching customers data with search value: , sort direction: asc, start date: null, end date: null
2025-05-10 00:31:25 [abdullateef] INFO  com.example.tailormaster.filter.LoggingInterceptor - User 'abdullateef' is requesting: GET /tailor-master/customers/details/QDoulIEUxQp8uO913G5eUUgstvf7hv5_ze1zPdjLYRk=
2025-05-10 00:31:25 [abdullateef] INFO  com.example.tailormaster.controller.CustomerController - Displaying details for customer ID (encrypted): QDoulIEUxQp8uO913G5eUUgstvf7hv5_ze1zPdjLYRk=
2025-05-10 00:31:25 [abdullateef] INFO  com.example.tailormaster.controller.CustomerController - Fetched customer details: Customer(fullName=iereeio, phoneNumber=03224499844, enabled=false)
2025-05-10 00:31:25 [abdullateef] INFO  com.example.tailormaster.controller.CustomerController - Fetched measurement details: null
2025-05-10 00:31:25 [abdullateef] INFO  com.example.tailormaster.filter.LoggingInterceptor - User 'abdullateef' is requesting: GET /tailor-master/dashboard/notifications/upcoming-deliveries
2025-05-10 00:31:25 [abdullateef] INFO  com.example.tailormaster.controller.dashboard.DashboardController - Requested upcoming deliveries.
2025-05-10 00:31:26 [abdullateef] INFO  com.example.tailormaster.service.dashboard.DashboardService - Upcoming deliveries fetched: 8
2025-05-10 00:31:26 [abdullateef] INFO  com.example.tailormaster.controller.dashboard.DashboardController - Upcoming deliveries fetched: 8
2025-05-10 00:31:27 [abdullateef] INFO  com.example.tailormaster.filter.LoggingInterceptor - User 'abdullateef' is requesting: GET /tailor-master/customers/edit/uTU1qqYEKSNacMCJJGGofwoFZvTUGLvT1MlVcnwcq4I=
2025-05-10 00:31:27 [abdullateef] INFO  com.example.tailormaster.controller.CustomerController - Displaying edit form for customer ID (encrypted): uTU1qqYEKSNacMCJJGGofwoFZvTUGLvT1MlVcnwcq4I=
2025-05-10 00:31:27 [abdullateef] INFO  com.example.tailormaster.service.product.ProductService - Fetching all active products.
2025-05-10 00:31:27 [abdullateef] INFO  com.example.tailormaster.service.product.ProductService - Retrieved 2 active products.
2025-05-10 00:31:27 [abdullateef] INFO  com.example.tailormaster.controller.CustomerController - Populated CustomerRegistrationDTO for edit form: CustomerRegistrationDTO(customer=Customer(fullName=iereeio, phoneNumber=03224499844, enabled=false), frontPocket=false, oneSidePocket=false, twoSidePocket=false, shalwarZipPocket=false, shalwarSadaPocket=false, twoPajamaPocket=false, singleSilai=false, doubleSilai=false, chamakSilai=false, flopPocket=false, normalButton=false, touchButton=false, metalButton=false, qameezLength=null, qameezType=null, bazoo=null, kuhni=null, aarmHole=null, kuff=null, golMoori=null, galla=null, gallaType=null, tera=null, patiLambai=null, chati=null, chati360=null, kamar=null, kamar360=null, daman=null, daman360=null, shalwar=null, shalwarGher=null, shalwarPaincha=null, pajama=null, pajamaWaist=null, pajamaPaincha=null, lasticPlusDori=null, deegar=null, measurement=null, products=[Product(type=QAMEEZ, name=قميض, description=, price=2000.00, enabled=true), Product(type=SHALWAR, name=شلوار, description=, price=500.00, enabled=true)], customerMeasurements={}, selectedProductIds=[])
2025-05-10 00:31:28 [abdullateef] INFO  com.example.tailormaster.filter.LoggingInterceptor - User 'abdullateef' is requesting: GET /tailor-master/dashboard/notifications/upcoming-deliveries
2025-05-10 00:31:28 [abdullateef] INFO  com.example.tailormaster.controller.dashboard.DashboardController - Requested upcoming deliveries.
2025-05-10 00:31:28 [abdullateef] INFO  com.example.tailormaster.service.dashboard.DashboardService - Upcoming deliveries fetched: 8
2025-05-10 00:31:28 [abdullateef] INFO  com.example.tailormaster.controller.dashboard.DashboardController - Upcoming deliveries fetched: 8
2025-05-10 00:31:41 [abdullateef] INFO  com.example.tailormaster.filter.LoggingInterceptor - User 'abdullateef' is requesting: POST /tailor-master/customers/update
2025-05-10 00:31:41 [abdullateef] INFO  com.example.tailormaster.controller.CustomerController - Attempting to update customer with encrypted ID: qpivMBYGXel1y1ry-wGZQlQR7RWAileRFxLFoQEuMTg=
2025-05-10 00:31:48 [abdullateef] INFO  com.example.tailormaster.service.product.ProductService - Fetching product by ID: 1
2025-05-10 00:31:50 [abdullateef] INFO  com.example.tailormaster.service.product.ProductService - Fetching product by ID: 2
2025-05-10 00:31:51 [abdullateef] INFO  com.example.tailormaster.service.customer.CustomerService - Updating customer with ID: 48
2025-05-10 00:32:16 [abdullateef] INFO  com.example.tailormaster.controller.CustomerController - Customer updated successfully with ID: 48
2025-05-10 00:32:16 [abdullateef] INFO  com.example.tailormaster.filter.LoggingInterceptor - User 'abdullateef' is requesting: GET /tailor-master/customers
2025-05-10 00:32:16 [abdullateef] INFO  com.example.tailormaster.filter.LoggingInterceptor - User 'abdullateef' is requesting: GET /tailor-master/dashboard/notifications/upcoming-deliveries
2025-05-10 00:32:16 [abdullateef] INFO  com.example.tailormaster.controller.dashboard.DashboardController - Requested upcoming deliveries.
2025-05-10 00:32:16 [abdullateef] INFO  com.example.tailormaster.service.dashboard.DashboardService - Upcoming deliveries fetched: 8
2025-05-10 00:32:16 [abdullateef] INFO  com.example.tailormaster.controller.dashboard.DashboardController - Upcoming deliveries fetched: 8
2025-05-10 00:32:16 [abdullateef] INFO  com.example.tailormaster.filter.LoggingInterceptor - User 'abdullateef' is requesting: GET /tailor-master/customers/datatable
2025-05-10 00:32:16 [abdullateef] INFO  com.example.tailormaster.controller.CustomerController - Fetching customers data with search value: , sort direction: asc, start date: null, end date: null
2025-05-10 00:32:19 [abdullateef] INFO  com.example.tailormaster.filter.LoggingInterceptor - User 'abdullateef' is requesting: GET /tailor-master/customers/details/tznDJgTsMmdPrnJyW27XzPkVBxZQOhAQ-VmdiFC5at8=
2025-05-10 00:32:19 [abdullateef] INFO  com.example.tailormaster.controller.CustomerController - Displaying details for customer ID (encrypted): tznDJgTsMmdPrnJyW27XzPkVBxZQOhAQ-VmdiFC5at8=
2025-05-10 00:32:19 [abdullateef] INFO  com.example.tailormaster.controller.CustomerController - Fetched customer details: Customer(fullName=iereeio, phoneNumber=03224499844, enabled=false)
2025-05-10 00:32:20 [abdullateef] INFO  com.example.tailormaster.controller.CustomerController - Fetched measurement details: CustomerMeasurement(customer=Customer(fullName=iereeio, phoneNumber=03224499844, enabled=false), product=Product(type=QAMEEZ, name=قميض, description=, price=2000.00, enabled=true), frontPocket=false, oneSidePocket=true, twoSidePocket=true, shalwarZipPocket=false, shalwarSadaPocket=false, twoPajamaPocket=false, singleSilai=false, doubleSilai=false, chamakSilai=false, flopPocket=false, normalButton=false, touchButton=false, metalButton=false, qameezLength=, qameezType=gol_daman, bazoo=, kuhni=, aarmHole=, kuff=, golMoori=, galla=, gallaType=shirt_collar, tera=, patiLambai=, chati=, chati360=, kamar=, kamar360=, daman=, daman360=, shalwar=, shalwarGher=, shalwarPaincha=, pajama=, pajamaWaist=, pajamaPaincha=, lasticPlusDori=full_lastic_plus_dori, deegar=, chest=null, sleeveLength=null, shoulder=null, hips=null, waist=null, barcode=null)
2025-05-10 00:32:20 [abdullateef] INFO  com.example.tailormaster.filter.LoggingInterceptor - User 'abdullateef' is requesting: GET /tailor-master/dashboard/notifications/upcoming-deliveries
2025-05-10 00:32:20 [abdullateef] INFO  com.example.tailormaster.controller.dashboard.DashboardController - Requested upcoming deliveries.
2025-05-10 00:32:20 [abdullateef] INFO  com.example.tailormaster.service.dashboard.DashboardService - Upcoming deliveries fetched: 8
2025-05-10 00:32:20 [abdullateef] INFO  com.example.tailormaster.controller.dashboard.DashboardController - Upcoming deliveries fetched: 8
2025-05-10 00:36:06 [] INFO  org.springframework.boot.web.embedded.tomcat.GracefulShutdown - Commencing graceful shutdown. Waiting for active requests to complete
2025-05-10 00:36:08 [] INFO  org.springframework.boot.web.embedded.tomcat.GracefulShutdown - Graceful shutdown complete
2025-05-10 00:36:08 [] INFO  org.springframework.orm.jpa.LocalContainerEntityManagerFactoryBean - Closing JPA EntityManagerFactory for persistence unit 'default'
2025-05-10 00:36:08 [] INFO  com.zaxxer.hikari.HikariDataSource - HikariPool-1 - Shutdown initiated...
2025-05-10 00:36:08 [] INFO  com.zaxxer.hikari.HikariDataSource - HikariPool-1 - Shutdown completed.
2025-05-10 00:36:27 [] INFO  org.hibernate.validator.internal.util.Version - HV000001: Hibernate Validator 8.0.2.Final
2025-05-10 00:36:27 [] INFO  com.example.tailormaster.TailorMasterAppApplication - Starting TailorMasterAppApplication using Java 17.0.2 with PID 13388 (E:\Development-Workspaces\tailor-master-app\tailor-master-app\target\classes started by wajiz.pk in E:\Development-Workspaces\tailor-master-app\tailor-master-app)
2025-05-10 00:36:27 [] INFO  com.example.tailormaster.TailorMasterAppApplication - No active profile set, falling back to 1 default profile: "default"
2025-05-10 00:36:27 [] INFO  org.springframework.boot.devtools.env.DevToolsPropertyDefaultsPostProcessor - Devtools property defaults active! Set 'spring.devtools.add-properties' to 'false' to disable
2025-05-10 00:36:27 [] INFO  org.springframework.boot.devtools.env.DevToolsPropertyDefaultsPostProcessor - For additional web related logging consider setting the 'logging.level.web' property to 'DEBUG'
2025-05-10 00:36:29 [] INFO  org.springframework.data.repository.config.RepositoryConfigurationDelegate - Bootstrapping Spring Data JPA repositories in DEFAULT mode.
2025-05-10 00:36:30 [] INFO  org.springframework.data.repository.config.RepositoryConfigurationDelegate - Finished Spring Data repository scanning in 236 ms. Found 12 JPA repository interfaces.
2025-05-10 00:36:31 [] INFO  org.springframework.boot.web.embedded.tomcat.TomcatWebServer - Tomcat initialized with port 8080 (http)
2025-05-10 00:36:31 [] INFO  org.apache.coyote.http11.Http11NioProtocol - Initializing ProtocolHandler ["http-nio-8080"]
2025-05-10 00:36:31 [] INFO  org.apache.catalina.core.StandardService - Starting service [Tomcat]
2025-05-10 00:36:31 [] INFO  org.apache.catalina.core.StandardEngine - Starting Servlet engine: [Apache Tomcat/10.1.40]
2025-05-10 00:36:31 [] INFO  org.apache.catalina.core.ContainerBase.[Tomcat].[localhost].[/tailor-master] - Initializing Spring embedded WebApplicationContext
2025-05-10 00:36:31 [] INFO  org.springframework.boot.web.servlet.context.ServletWebServerApplicationContext - Root WebApplicationContext: initialization completed in 3175 ms
2025-05-10 00:36:31 [] INFO  org.hibernate.jpa.internal.util.LogHelper - HHH000204: Processing PersistenceUnitInfo [name: default]
2025-05-10 00:36:31 [] INFO  org.hibernate.Version - HHH000412: Hibernate ORM core version 6.6.4.Final
2025-05-10 00:36:31 [] INFO  org.hibernate.cache.internal.RegionFactoryInitiator - HHH000026: Second-level cache disabled
2025-05-10 00:36:32 [] INFO  org.springframework.orm.jpa.persistenceunit.SpringPersistenceUnitInfo - No LoadTimeWeaver setup: ignoring JPA class transformer
2025-05-10 00:36:32 [] INFO  com.zaxxer.hikari.HikariDataSource - HikariPool-1 - Starting...
2025-05-10 00:36:32 [] INFO  com.zaxxer.hikari.pool.HikariPool - HikariPool-1 - Added connection com.mysql.cj.jdbc.ConnectionImpl@5590b224
2025-05-10 00:36:32 [] INFO  com.zaxxer.hikari.HikariDataSource - HikariPool-1 - Start completed.
2025-05-10 00:36:32 [] INFO  org.hibernate.orm.connections.pooling - HHH10001005: Database info:
	Database JDBC URL [Connecting through datasource 'HikariDataSource (HikariPool-1)']
	Database driver: undefined/unknown
	Database version: 8.0.28
	Autocommit mode: undefined/unknown
	Isolation level: undefined/unknown
	Minimum pool size: undefined/unknown
	Maximum pool size: undefined/unknown
2025-05-10 00:36:35 [] INFO  org.hibernate.engine.transaction.jta.platform.internal.JtaPlatformInitiator - HHH000489: No JTA platform available (set 'hibernate.transaction.jta.platform' to enable JTA platform integration)
2025-05-10 00:36:35 [] INFO  org.springframework.orm.jpa.LocalContainerEntityManagerFactoryBean - Initialized JPA EntityManagerFactory for persistence unit 'default'
2025-05-10 00:36:38 [] INFO  org.springframework.data.jpa.repository.query.QueryEnhancerFactory - Hibernate is in classpath; If applicable, HQL parser will be used.
2025-05-10 00:36:44 [] WARN  org.springframework.boot.autoconfigure.orm.jpa.JpaBaseConfiguration$JpaWebConfiguration - spring.jpa.open-in-view is enabled by default. Therefore, database queries may be performed during view rendering. Explicitly configure spring.jpa.open-in-view to disable this warning
2025-05-10 00:36:44 [] INFO  org.springframework.security.config.annotation.authentication.configuration.InitializeAuthenticationProviderBeanManagerConfigurer$InitializeAuthenticationProviderManagerConfigurer - Global AuthenticationManager configured with AuthenticationProvider bean with name authenticationProvider
2025-05-10 00:36:44 [] WARN  org.springframework.security.config.annotation.authentication.configuration.InitializeUserDetailsBeanManagerConfigurer$InitializeUserDetailsManagerConfigurer - Global AuthenticationManager configured with an AuthenticationProvider bean. UserDetailsService beans will not be used by Spring Security for automatically configuring username/password login. Consider removing the AuthenticationProvider bean. Alternatively, consider using the UserDetailsService in a manually instantiated DaoAuthenticationProvider. If the current configuration is intentional, to turn off this warning, increase the logging level of 'org.springframework.security.config.annotation.authentication.configuration.InitializeUserDetailsBeanManagerConfigurer' to ERROR
2025-05-10 00:36:46 [] INFO  org.springframework.boot.devtools.autoconfigure.OptionalLiveReloadServer - LiveReload server is running on port 35729
2025-05-10 00:36:46 [] INFO  org.apache.coyote.http11.Http11NioProtocol - Starting ProtocolHandler ["http-nio-8080"]
2025-05-10 00:36:46 [] INFO  org.springframework.boot.web.embedded.tomcat.TomcatWebServer - Tomcat started on port 8080 (http) with context path '/tailor-master'
2025-05-10 00:36:46 [] INFO  com.example.tailormaster.TailorMasterAppApplication - Started TailorMasterAppApplication in 20.892 seconds (process running for 24.235)
2025-05-10 00:40:28 [] INFO  org.apache.catalina.core.ContainerBase.[Tomcat].[localhost].[/tailor-master] - Initializing Spring DispatcherServlet 'dispatcherServlet'
2025-05-10 00:40:28 [] INFO  org.springframework.web.servlet.DispatcherServlet - Initializing Servlet 'dispatcherServlet'
2025-05-10 00:40:28 [] INFO  org.springframework.web.servlet.DispatcherServlet - Completed initialization in 1 ms
2025-05-10 00:40:28 [abdullateef] INFO  com.example.tailormaster.filter.LoggingInterceptor - User 'abdullateef' is requesting: GET /tailor-master/customers
2025-05-10 00:40:31 [abdullateef] INFO  com.example.tailormaster.filter.LoggingInterceptor - User 'abdullateef' is requesting: GET /tailor-master/dashboard/notifications/upcoming-deliveries
2025-05-10 00:40:31 [abdullateef] INFO  com.example.tailormaster.controller.dashboard.DashboardController - Requested upcoming deliveries.
2025-05-10 00:40:31 [abdullateef] INFO  com.example.tailormaster.filter.LoggingInterceptor - User 'abdullateef' is requesting: GET /tailor-master/customers/datatable
2025-05-10 00:40:31 [abdullateef] INFO  com.example.tailormaster.controller.CustomerController - Fetching customers data with search value: , sort direction: asc, start date: null, end date: null
2025-05-10 00:40:31 [abdullateef] INFO  com.example.tailormaster.service.dashboard.DashboardService - Upcoming deliveries fetched: 8
2025-05-10 00:40:31 [abdullateef] INFO  com.example.tailormaster.controller.dashboard.DashboardController - Upcoming deliveries fetched: 8
2025-05-10 00:40:34 [abdullateef] INFO  com.example.tailormaster.filter.LoggingInterceptor - User 'abdullateef' is requesting: GET /tailor-master/customers/details/_J9i5svmrf21Dt7kFiLXEz7Iq26O0GOjFA9aj-FhK9E=
2025-05-10 00:40:34 [abdullateef] INFO  com.example.tailormaster.controller.CustomerController - Displaying details for customer ID (encrypted): _J9i5svmrf21Dt7kFiLXEz7Iq26O0GOjFA9aj-FhK9E=
2025-05-10 00:40:34 [abdullateef] INFO  com.example.tailormaster.controller.CustomerController - Fetched customer details: Customer(fullName=abc, phoneNumber=03224499842, enabled=false)
2025-05-10 00:40:34 [abdullateef] INFO  com.example.tailormaster.controller.CustomerController - Fetched measurement details: null
2025-05-10 00:40:35 [abdullateef] INFO  com.example.tailormaster.filter.LoggingInterceptor - User 'abdullateef' is requesting: GET /tailor-master/dashboard/notifications/upcoming-deliveries
2025-05-10 00:40:35 [abdullateef] INFO  com.example.tailormaster.controller.dashboard.DashboardController - Requested upcoming deliveries.
2025-05-10 00:40:35 [abdullateef] INFO  com.example.tailormaster.service.dashboard.DashboardService - Upcoming deliveries fetched: 8
2025-05-10 00:40:35 [abdullateef] INFO  com.example.tailormaster.controller.dashboard.DashboardController - Upcoming deliveries fetched: 8
2025-05-10 00:40:36 [abdullateef] INFO  com.example.tailormaster.filter.LoggingInterceptor - User 'abdullateef' is requesting: GET /tailor-master/customers/edit/Ci6cpvYPIsvlt9sUiupcJruzNz6J5sBp4Pb8MPi40Mk=
2025-05-10 00:40:36 [abdullateef] INFO  com.example.tailormaster.controller.CustomerController - Displaying edit form for customer ID (encrypted): Ci6cpvYPIsvlt9sUiupcJruzNz6J5sBp4Pb8MPi40Mk=
2025-05-10 00:40:36 [abdullateef] INFO  com.example.tailormaster.service.product.ProductService - Fetching all active products.
2025-05-10 00:40:36 [abdullateef] INFO  com.example.tailormaster.service.product.ProductService - Retrieved 2 active products.
2025-05-10 00:40:36 [abdullateef] INFO  com.example.tailormaster.controller.CustomerController - Populated CustomerRegistrationDTO for edit form: CustomerRegistrationDTO(customer=Customer(fullName=abc, phoneNumber=03224499842, enabled=false), frontPocket=false, oneSidePocket=false, twoSidePocket=false, shalwarZipPocket=false, shalwarSadaPocket=false, twoPajamaPocket=false, singleSilai=false, doubleSilai=false, chamakSilai=false, flopPocket=false, normalButton=false, touchButton=false, metalButton=false, qameezLength=null, qameezType=null, bazoo=null, kuhni=null, aarmHole=null, kuff=null, golMoori=null, galla=null, gallaType=null, tera=null, patiLambai=null, chati=null, chati360=null, kamar=null, kamar360=null, daman=null, daman360=null, shalwar=null, shalwarGher=null, shalwarPaincha=null, pajama=null, pajamaWaist=null, pajamaPaincha=null, lasticPlusDori=null, deegar=null, measurement=null, products=[Product(type=QAMEEZ, name=قميض, description=, price=2000.00, enabled=true), Product(type=SHALWAR, name=شلوار, description=, price=500.00, enabled=true)], customerMeasurements={}, selectedProductIds=[])
2025-05-10 00:40:37 [abdullateef] INFO  com.example.tailormaster.filter.LoggingInterceptor - User 'abdullateef' is requesting: GET /tailor-master/dashboard/notifications/upcoming-deliveries
2025-05-10 00:40:37 [abdullateef] INFO  com.example.tailormaster.controller.dashboard.DashboardController - Requested upcoming deliveries.
2025-05-10 00:40:37 [abdullateef] INFO  com.example.tailormaster.service.dashboard.DashboardService - Upcoming deliveries fetched: 8
2025-05-10 00:40:37 [abdullateef] INFO  com.example.tailormaster.controller.dashboard.DashboardController - Upcoming deliveries fetched: 8
2025-05-10 00:41:42 [abdullateef] INFO  com.example.tailormaster.filter.LoggingInterceptor - User 'abdullateef' is requesting: POST /tailor-master/customers/update
2025-05-10 00:41:43 [abdullateef] INFO  com.example.tailormaster.controller.CustomerController - Attempting to update customer with encrypted ID: P_il3ljXB5LeyyhyA5JL47hM6U0OCDKCHg8U16VDMDI=
2025-05-10 00:41:48 [abdullateef] INFO  com.example.tailormaster.service.product.ProductService - Fetching product by ID: 1
2025-05-10 00:41:49 [abdullateef] INFO  com.example.tailormaster.service.product.ProductService - Fetching product by ID: 2
2025-05-10 00:41:52 [abdullateef] INFO  com.example.tailormaster.service.customer.CustomerService - Updating customer with ID: 45
2025-05-10 00:42:36 [abdullateef] INFO  com.example.tailormaster.controller.CustomerController - Customer updated successfully with ID: 45
2025-05-10 00:42:36 [abdullateef] INFO  com.example.tailormaster.filter.LoggingInterceptor - User 'abdullateef' is requesting: GET /tailor-master/customers
2025-05-10 00:42:36 [abdullateef] INFO  com.example.tailormaster.filter.LoggingInterceptor - User 'abdullateef' is requesting: GET /tailor-master/dashboard/notifications/upcoming-deliveries
2025-05-10 00:42:37 [abdullateef] INFO  com.example.tailormaster.filter.LoggingInterceptor - User 'abdullateef' is requesting: GET /tailor-master/customers/datatable
2025-05-10 00:42:38 [abdullateef] INFO  com.example.tailormaster.controller.dashboard.DashboardController - Requested upcoming deliveries.
2025-05-10 00:42:38 [abdullateef] INFO  com.example.tailormaster.controller.CustomerController - Fetching customers data with search value: , sort direction: asc, start date: null, end date: null
2025-05-10 00:42:38 [abdullateef] INFO  com.example.tailormaster.service.dashboard.DashboardService - Upcoming deliveries fetched: 8
2025-05-10 00:42:38 [abdullateef] INFO  com.example.tailormaster.controller.dashboard.DashboardController - Upcoming deliveries fetched: 8
2025-05-10 00:42:39 [abdullateef] INFO  com.example.tailormaster.filter.LoggingInterceptor - User 'abdullateef' is requesting: GET /tailor-master/customers/details/Ox4FKtD0YcdH_g3D4qzpgT8jtRf3ECX-KqZ9DtoTf-k=
2025-05-10 00:42:40 [abdullateef] INFO  com.example.tailormaster.controller.CustomerController - Displaying details for customer ID (encrypted): Ox4FKtD0YcdH_g3D4qzpgT8jtRf3ECX-KqZ9DtoTf-k=
2025-05-10 00:42:40 [abdullateef] INFO  com.example.tailormaster.controller.CustomerController - Fetched customer details: Customer(fullName=abc, phoneNumber=03224499842, enabled=false)
2025-05-10 00:42:40 [abdullateef] INFO  com.example.tailormaster.controller.CustomerController - Fetched measurement details: CustomerMeasurement(customer=Customer(fullName=abc, phoneNumber=03224499842, enabled=false), product=Product(type=QAMEEZ, name=قميض, description=, price=2000.00, enabled=true), frontPocket=false, oneSidePocket=true, twoSidePocket=true, shalwarZipPocket=true, shalwarSadaPocket=true, twoPajamaPocket=true, singleSilai=true, doubleSilai=true, chamakSilai=true, flopPocket=true, normalButton=true, touchButton=true, metalButton=true, qameezLength=33, qameezType=gol_daman, bazoo=22, kuhni=2 1/2, aarmHole=33, kuff=20, golMoori=13, galla=11, gallaType=shirt_collar, tera=23, patiLambai=32, chati=22, chati360=12, kamar=33, kamar360=22 1/2, daman=32, daman360=44, shalwar=40, shalwarGher=12, shalwarPaincha=22, pajama=32, pajamaWaist=43, pajamaPaincha=34, lasticPlusDori=full_lastic_plus_dori, deegar=sb ok hai., chest=null, sleeveLength=null, shoulder=null, hips=null, waist=null, barcode=null)
2025-05-10 00:42:40 [abdullateef] INFO  com.example.tailormaster.filter.LoggingInterceptor - User 'abdullateef' is requesting: GET /tailor-master/dashboard/notifications/upcoming-deliveries
2025-05-10 00:42:40 [abdullateef] INFO  com.example.tailormaster.controller.dashboard.DashboardController - Requested upcoming deliveries.
2025-05-10 00:42:40 [abdullateef] INFO  com.example.tailormaster.service.dashboard.DashboardService - Upcoming deliveries fetched: 8
2025-05-10 00:42:40 [abdullateef] INFO  com.example.tailormaster.controller.dashboard.DashboardController - Upcoming deliveries fetched: 8
2025-05-10 00:43:02 [abdullateef] INFO  com.example.tailormaster.filter.LoggingInterceptor - User 'abdullateef' is requesting: GET /tailor-master/customers/edit/tzQZCUUfpHQXnvlAxYHIclWToXKwWfXFsoWKlsge3Nk=
2025-05-10 00:43:02 [abdullateef] INFO  com.example.tailormaster.controller.CustomerController - Displaying edit form for customer ID (encrypted): tzQZCUUfpHQXnvlAxYHIclWToXKwWfXFsoWKlsge3Nk=
2025-05-10 00:43:02 [abdullateef] INFO  com.example.tailormaster.service.product.ProductService - Fetching all active products.
2025-05-10 00:43:02 [abdullateef] INFO  com.example.tailormaster.service.product.ProductService - Retrieved 2 active products.
2025-05-10 00:43:02 [abdullateef] INFO  com.example.tailormaster.controller.CustomerController - Populated CustomerRegistrationDTO for edit form: CustomerRegistrationDTO(customer=Customer(fullName=abc, phoneNumber=03224499842, enabled=false), frontPocket=false, oneSidePocket=true, twoSidePocket=true, shalwarZipPocket=true, shalwarSadaPocket=true, twoPajamaPocket=true, singleSilai=true, doubleSilai=true, chamakSilai=true, flopPocket=true, normalButton=true, touchButton=true, metalButton=true, qameezLength=33, qameezType=gol_daman, bazoo=22, kuhni=2 1/2, aarmHole=33, kuff=20, golMoori=13, galla=11, gallaType=shirt_collar, tera=23, patiLambai=32, chati=22, chati360=12, kamar=33, kamar360=22 1/2, daman=32, daman360=44, shalwar=40, shalwarGher=12, shalwarPaincha=22, pajama=32, pajamaWaist=43, pajamaPaincha=34, lasticPlusDori=full_lastic_plus_dori, deegar=sb ok hai., measurement=null, products=[Product(type=QAMEEZ, name=قميض, description=, price=2000.00, enabled=true), Product(type=SHALWAR, name=شلوار, description=, price=500.00, enabled=true)], customerMeasurements={1=CustomerMeasurement(customer=Customer(fullName=abc, phoneNumber=03224499842, enabled=false), product=Product(type=QAMEEZ, name=قميض, description=, price=2000.00, enabled=true), frontPocket=false, oneSidePocket=true, twoSidePocket=true, shalwarZipPocket=true, shalwarSadaPocket=true, twoPajamaPocket=true, singleSilai=true, doubleSilai=true, chamakSilai=true, flopPocket=true, normalButton=true, touchButton=true, metalButton=true, qameezLength=33, qameezType=gol_daman, bazoo=22, kuhni=2 1/2, aarmHole=33, kuff=20, golMoori=13, galla=11, gallaType=shirt_collar, tera=23, patiLambai=32, chati=22, chati360=12, kamar=33, kamar360=22 1/2, daman=32, daman360=44, shalwar=40, shalwarGher=12, shalwarPaincha=22, pajama=32, pajamaWaist=43, pajamaPaincha=34, lasticPlusDori=full_lastic_plus_dori, deegar=sb ok hai., chest=null, sleeveLength=null, shoulder=null, hips=null, waist=null, barcode=null), 2=CustomerMeasurement(customer=Customer(fullName=abc, phoneNumber=03224499842, enabled=false), product=Product(type=SHALWAR, name=شلوار, description=, price=500.00, enabled=true), frontPocket=false, oneSidePocket=true, twoSidePocket=true, shalwarZipPocket=true, shalwarSadaPocket=true, twoPajamaPocket=true, singleSilai=true, doubleSilai=true, chamakSilai=true, flopPocket=true, normalButton=true, touchButton=true, metalButton=true, qameezLength=33, qameezType=gol_daman, bazoo=22, kuhni=2 1/2, aarmHole=33, kuff=20, golMoori=13, galla=11, gallaType=shirt_collar, tera=23, patiLambai=32, chati=22, chati360=12, kamar=33, kamar360=22 1/2, daman=32, daman360=44, shalwar=40, shalwarGher=12, shalwarPaincha=22, pajama=32, pajamaWaist=43, pajamaPaincha=34, lasticPlusDori=full_lastic_plus_dori, deegar=sb ok hai., chest=null, sleeveLength=null, shoulder=null, hips=null, waist=null, barcode=null)}, selectedProductIds=[1, 2])
2025-05-10 00:43:02 [abdullateef] INFO  com.example.tailormaster.filter.LoggingInterceptor - User 'abdullateef' is requesting: GET /tailor-master/dashboard/notifications/upcoming-deliveries
2025-05-10 00:43:02 [abdullateef] INFO  com.example.tailormaster.controller.dashboard.DashboardController - Requested upcoming deliveries.
2025-05-10 00:43:02 [abdullateef] INFO  com.example.tailormaster.service.dashboard.DashboardService - Upcoming deliveries fetched: 8
2025-05-10 00:43:02 [abdullateef] INFO  com.example.tailormaster.controller.dashboard.DashboardController - Upcoming deliveries fetched: 8
2025-05-10 00:43:07 [abdullateef] INFO  com.example.tailormaster.filter.LoggingInterceptor - User 'abdullateef' is requesting: POST /tailor-master/customers/update
2025-05-10 00:43:07 [abdullateef] INFO  com.example.tailormaster.controller.CustomerController - Attempting to update customer with encrypted ID: oA-GDGs3d2j3c1AOFE6ruM7XEnUFmo6t_DDUKCejEVg=
2025-05-10 00:43:12 [abdullateef] INFO  com.example.tailormaster.service.product.ProductService - Fetching product by ID: 1
2025-05-10 00:43:12 [abdullateef] INFO  com.example.tailormaster.service.product.ProductService - Fetching product by ID: 2
2025-05-10 00:43:12 [abdullateef] INFO  com.example.tailormaster.service.customer.CustomerService - Updating customer with ID: 45
2025-05-10 00:43:13 [abdullateef] INFO  com.example.tailormaster.controller.CustomerController - Customer updated successfully with ID: 45
2025-05-10 00:43:13 [abdullateef] INFO  com.example.tailormaster.filter.LoggingInterceptor - User 'abdullateef' is requesting: GET /tailor-master/customers
2025-05-10 00:43:13 [abdullateef] INFO  com.example.tailormaster.filter.LoggingInterceptor - User 'abdullateef' is requesting: GET /tailor-master/dashboard/notifications/upcoming-deliveries
2025-05-10 00:43:13 [abdullateef] INFO  com.example.tailormaster.controller.dashboard.DashboardController - Requested upcoming deliveries.
2025-05-10 00:43:13 [abdullateef] INFO  com.example.tailormaster.service.dashboard.DashboardService - Upcoming deliveries fetched: 8
2025-05-10 00:43:13 [abdullateef] INFO  com.example.tailormaster.controller.dashboard.DashboardController - Upcoming deliveries fetched: 8
2025-05-10 00:43:13 [abdullateef] INFO  com.example.tailormaster.filter.LoggingInterceptor - User 'abdullateef' is requesting: GET /tailor-master/customers/datatable
2025-05-10 00:43:13 [abdullateef] INFO  com.example.tailormaster.controller.CustomerController - Fetching customers data with search value: , sort direction: asc, start date: null, end date: null
2025-05-10 00:43:44 [abdullateef] INFO  com.example.tailormaster.filter.LoggingInterceptor - User 'abdullateef' is requesting: GET /tailor-master/customers/details/-oojLvGNG26hzRQzhpYOfBeIVaWBbIWU-FAe-FGcyIg=
2025-05-10 00:43:44 [abdullateef] INFO  com.example.tailormaster.controller.CustomerController - Displaying details for customer ID (encrypted): -oojLvGNG26hzRQzhpYOfBeIVaWBbIWU-FAe-FGcyIg=
2025-05-10 00:43:44 [abdullateef] INFO  com.example.tailormaster.controller.CustomerController - Fetched customer details: Customer(fullName=abc, phoneNumber=03224499842, enabled=false)
2025-05-10 00:43:44 [abdullateef] INFO  com.example.tailormaster.controller.CustomerController - Fetched measurement details: CustomerMeasurement(customer=Customer(fullName=abc, phoneNumber=03224499842, enabled=false), product=Product(type=QAMEEZ, name=قميض, description=, price=2000.00, enabled=true), frontPocket=false, oneSidePocket=true, twoSidePocket=true, shalwarZipPocket=true, shalwarSadaPocket=true, twoPajamaPocket=true, singleSilai=true, doubleSilai=true, chamakSilai=true, flopPocket=true, normalButton=true, touchButton=true, metalButton=true, qameezLength=33, qameezType=gol_daman, bazoo=22, kuhni=2 1/2, aarmHole=33, kuff=20, golMoori=13, galla=11, gallaType=shirt_collar, tera=23, patiLambai=32, chati=22, chati360=12, kamar=33, kamar360=22 1/2, daman=32, daman360=44, shalwar=40, shalwarGher=12, shalwarPaincha=22, pajama=32, pajamaWaist=43, pajamaPaincha=34, lasticPlusDori=full_lastic_plus_dori, deegar=sb ok hai., chest=null, sleeveLength=null, shoulder=null, hips=null, waist=null, barcode=null)
2025-05-10 00:43:45 [abdullateef] INFO  com.example.tailormaster.filter.LoggingInterceptor - User 'abdullateef' is requesting: GET /tailor-master/dashboard/notifications/upcoming-deliveries
2025-05-10 00:43:45 [abdullateef] INFO  com.example.tailormaster.controller.dashboard.DashboardController - Requested upcoming deliveries.
2025-05-10 00:43:45 [abdullateef] INFO  com.example.tailormaster.service.dashboard.DashboardService - Upcoming deliveries fetched: 8
2025-05-10 00:43:45 [abdullateef] INFO  com.example.tailormaster.controller.dashboard.DashboardController - Upcoming deliveries fetched: 8
2025-05-10 00:43:50 [abdullateef] INFO  com.example.tailormaster.filter.LoggingInterceptor - User 'abdullateef' is requesting: GET /tailor-master/customers/edit/XPIF6wzz4TqXH-YrQQ3ECI-XzokCjacOlYys-eM9g3U=
2025-05-10 00:43:50 [abdullateef] INFO  com.example.tailormaster.controller.CustomerController - Displaying edit form for customer ID (encrypted): XPIF6wzz4TqXH-YrQQ3ECI-XzokCjacOlYys-eM9g3U=
2025-05-10 00:43:50 [abdullateef] INFO  com.example.tailormaster.service.product.ProductService - Fetching all active products.
2025-05-10 00:43:50 [abdullateef] INFO  com.example.tailormaster.service.product.ProductService - Retrieved 2 active products.
2025-05-10 00:43:50 [abdullateef] INFO  com.example.tailormaster.controller.CustomerController - Populated CustomerRegistrationDTO for edit form: CustomerRegistrationDTO(customer=Customer(fullName=abc, phoneNumber=03224499842, enabled=false), frontPocket=false, oneSidePocket=true, twoSidePocket=true, shalwarZipPocket=true, shalwarSadaPocket=true, twoPajamaPocket=true, singleSilai=true, doubleSilai=true, chamakSilai=true, flopPocket=true, normalButton=true, touchButton=true, metalButton=true, qameezLength=33, qameezType=gol_daman, bazoo=22, kuhni=2 1/2, aarmHole=33, kuff=20, golMoori=13, galla=11, gallaType=shirt_collar, tera=23, patiLambai=32, chati=22, chati360=12, kamar=33, kamar360=22 1/2, daman=32, daman360=44, shalwar=40, shalwarGher=12, shalwarPaincha=22, pajama=32, pajamaWaist=43, pajamaPaincha=34, lasticPlusDori=full_lastic_plus_dori, deegar=sb ok hai., measurement=null, products=[Product(type=QAMEEZ, name=قميض, description=, price=2000.00, enabled=true), Product(type=SHALWAR, name=شلوار, description=, price=500.00, enabled=true)], customerMeasurements={1=CustomerMeasurement(customer=Customer(fullName=abc, phoneNumber=03224499842, enabled=false), product=Product(type=QAMEEZ, name=قميض, description=, price=2000.00, enabled=true), frontPocket=false, oneSidePocket=true, twoSidePocket=true, shalwarZipPocket=true, shalwarSadaPocket=true, twoPajamaPocket=true, singleSilai=true, doubleSilai=true, chamakSilai=true, flopPocket=true, normalButton=true, touchButton=true, metalButton=true, qameezLength=33, qameezType=gol_daman, bazoo=22, kuhni=2 1/2, aarmHole=33, kuff=20, golMoori=13, galla=11, gallaType=shirt_collar, tera=23, patiLambai=32, chati=22, chati360=12, kamar=33, kamar360=22 1/2, daman=32, daman360=44, shalwar=40, shalwarGher=12, shalwarPaincha=22, pajama=32, pajamaWaist=43, pajamaPaincha=34, lasticPlusDori=full_lastic_plus_dori, deegar=sb ok hai., chest=null, sleeveLength=null, shoulder=null, hips=null, waist=null, barcode=null), 2=CustomerMeasurement(customer=Customer(fullName=abc, phoneNumber=03224499842, enabled=false), product=Product(type=SHALWAR, name=شلوار, description=, price=500.00, enabled=true), frontPocket=false, oneSidePocket=true, twoSidePocket=true, shalwarZipPocket=true, shalwarSadaPocket=true, twoPajamaPocket=true, singleSilai=true, doubleSilai=true, chamakSilai=true, flopPocket=true, normalButton=true, touchButton=true, metalButton=true, qameezLength=33, qameezType=gol_daman, bazoo=22, kuhni=2 1/2, aarmHole=33, kuff=20, golMoori=13, galla=11, gallaType=shirt_collar, tera=23, patiLambai=32, chati=22, chati360=12, kamar=33, kamar360=22 1/2, daman=32, daman360=44, shalwar=40, shalwarGher=12, shalwarPaincha=22, pajama=32, pajamaWaist=43, pajamaPaincha=34, lasticPlusDori=full_lastic_plus_dori, deegar=sb ok hai., chest=null, sleeveLength=null, shoulder=null, hips=null, waist=null, barcode=null)}, selectedProductIds=[1, 2])
2025-05-10 00:43:50 [abdullateef] INFO  com.example.tailormaster.filter.LoggingInterceptor - User 'abdullateef' is requesting: GET /tailor-master/dashboard/notifications/upcoming-deliveries
2025-05-10 00:43:50 [abdullateef] INFO  com.example.tailormaster.controller.dashboard.DashboardController - Requested upcoming deliveries.
2025-05-10 00:43:50 [abdullateef] INFO  com.example.tailormaster.service.dashboard.DashboardService - Upcoming deliveries fetched: 8
2025-05-10 00:43:50 [abdullateef] INFO  com.example.tailormaster.controller.dashboard.DashboardController - Upcoming deliveries fetched: 8
2025-05-10 00:43:55 [abdullateef] INFO  com.example.tailormaster.filter.LoggingInterceptor - User 'abdullateef' is requesting: POST /tailor-master/customers/update
2025-05-10 00:43:55 [abdullateef] INFO  com.example.tailormaster.controller.CustomerController - Attempting to update customer with encrypted ID: UZBEthzQmrEPyriUDtD5jzbMupfIGgXmk-2ni4avBPs=
2025-05-10 00:43:58 [abdullateef] INFO  com.example.tailormaster.service.product.ProductService - Fetching product by ID: 1
2025-05-10 00:43:58 [abdullateef] INFO  com.example.tailormaster.service.product.ProductService - Fetching product by ID: 2
2025-05-10 00:43:58 [abdullateef] INFO  com.example.tailormaster.service.customer.CustomerService - Updating customer with ID: 45
2025-05-10 00:43:58 [abdullateef] INFO  com.example.tailormaster.controller.CustomerController - Customer updated successfully with ID: 45
2025-05-10 00:43:58 [abdullateef] INFO  com.example.tailormaster.filter.LoggingInterceptor - User 'abdullateef' is requesting: GET /tailor-master/customers
2025-05-10 00:43:58 [abdullateef] INFO  com.example.tailormaster.filter.LoggingInterceptor - User 'abdullateef' is requesting: GET /tailor-master/dashboard/notifications/upcoming-deliveries
2025-05-10 00:43:58 [abdullateef] INFO  com.example.tailormaster.controller.dashboard.DashboardController - Requested upcoming deliveries.
2025-05-10 00:43:58 [abdullateef] INFO  com.example.tailormaster.service.dashboard.DashboardService - Upcoming deliveries fetched: 8
2025-05-10 00:43:58 [abdullateef] INFO  com.example.tailormaster.controller.dashboard.DashboardController - Upcoming deliveries fetched: 8
2025-05-10 00:43:58 [abdullateef] INFO  com.example.tailormaster.filter.LoggingInterceptor - User 'abdullateef' is requesting: GET /tailor-master/customers/datatable
2025-05-10 00:43:58 [abdullateef] INFO  com.example.tailormaster.controller.CustomerController - Fetching customers data with search value: , sort direction: asc, start date: null, end date: null
2025-05-10 00:44:02 [abdullateef] INFO  com.example.tailormaster.filter.LoggingInterceptor - User 'abdullateef' is requesting: GET /tailor-master/customers/details/S0ek9V5ZKnJ8vXQRX8_2ijiD1BTwYknUam9xrDp5DRM=
2025-05-10 00:44:02 [abdullateef] INFO  com.example.tailormaster.controller.CustomerController - Displaying details for customer ID (encrypted): S0ek9V5ZKnJ8vXQRX8_2ijiD1BTwYknUam9xrDp5DRM=
2025-05-10 00:44:02 [abdullateef] INFO  com.example.tailormaster.controller.CustomerController - Fetched customer details: Customer(fullName=abc, phoneNumber=03224499842, enabled=false)
2025-05-10 00:44:02 [abdullateef] INFO  com.example.tailormaster.controller.CustomerController - Fetched measurement details: CustomerMeasurement(customer=Customer(fullName=abc, phoneNumber=03224499842, enabled=false), product=Product(type=QAMEEZ, name=قميض, description=, price=2000.00, enabled=true), frontPocket=false, oneSidePocket=true, twoSidePocket=true, shalwarZipPocket=true, shalwarSadaPocket=true, twoPajamaPocket=true, singleSilai=true, doubleSilai=true, chamakSilai=true, flopPocket=true, normalButton=true, touchButton=true, metalButton=true, qameezLength=33, qameezType=gol_daman, bazoo=22, kuhni=2 1/2, aarmHole=33, kuff=20, golMoori=13, galla=11, gallaType=shirt_collar, tera=23, patiLambai=32, chati=22, chati360=12, kamar=33, kamar360=22 1/2, daman=32, daman360=44, shalwar=40, shalwarGher=12, shalwarPaincha=22, pajama=32, pajamaWaist=43, pajamaPaincha=34, lasticPlusDori=full_lastic_plus_dori, deegar=sb ok hai., chest=null, sleeveLength=null, shoulder=null, hips=null, waist=null, barcode=null)
2025-05-10 00:44:02 [abdullateef] INFO  com.example.tailormaster.filter.LoggingInterceptor - User 'abdullateef' is requesting: GET /tailor-master/dashboard/notifications/upcoming-deliveries
2025-05-10 00:44:02 [abdullateef] INFO  com.example.tailormaster.controller.dashboard.DashboardController - Requested upcoming deliveries.
2025-05-10 00:44:02 [abdullateef] INFO  com.example.tailormaster.service.dashboard.DashboardService - Upcoming deliveries fetched: 8
2025-05-10 00:44:02 [abdullateef] INFO  com.example.tailormaster.controller.dashboard.DashboardController - Upcoming deliveries fetched: 8
2025-05-10 00:44:52 [] INFO  org.springframework.boot.devtools.autoconfigure.LocalDevToolsAutoConfiguration$RestartingClassPathChangeChangedEventListener - Restarting due to 2 class path changes (0 additions, 2 deletions, 0 modifications)
2025-05-10 00:44:52 [] INFO  org.springframework.boot.web.embedded.tomcat.GracefulShutdown - Commencing graceful shutdown. Waiting for active requests to complete
2025-05-10 00:44:52 [] INFO  org.apache.coyote.http11.Http11NioProtocol - Pausing ProtocolHandler ["http-nio-8080"]
2025-05-10 00:44:54 [] INFO  org.springframework.boot.web.embedded.tomcat.GracefulShutdown - Graceful shutdown complete
2025-05-10 00:44:54 [] INFO  org.apache.coyote.http11.Http11NioProtocol - Stopping ProtocolHandler ["http-nio-8080"]
2025-05-10 00:44:54 [] INFO  org.springframework.orm.jpa.LocalContainerEntityManagerFactoryBean - Closing JPA EntityManagerFactory for persistence unit 'default'
2025-05-10 00:44:54 [] INFO  com.zaxxer.hikari.HikariDataSource - HikariPool-1 - Shutdown initiated...
2025-05-10 00:44:54 [] INFO  com.zaxxer.hikari.HikariDataSource - HikariPool-1 - Shutdown completed.
2025-05-10 00:44:55 [] INFO  com.example.tailormaster.TailorMasterAppApplication - Starting TailorMasterAppApplication using Java 17.0.2 with PID 13388 (E:\Development-Workspaces\tailor-master-app\tailor-master-app\target\classes started by wajiz.pk in E:\Development-Workspaces\tailor-master-app\tailor-master-app)
2025-05-10 00:44:55 [] INFO  com.example.tailormaster.TailorMasterAppApplication - No active profile set, falling back to 1 default profile: "default"
2025-05-10 00:44:55 [] INFO  org.springframework.data.repository.config.RepositoryConfigurationDelegate - Bootstrapping Spring Data JPA repositories in DEFAULT mode.
2025-05-10 00:44:56 [] INFO  org.springframework.data.repository.config.RepositoryConfigurationDelegate - Finished Spring Data repository scanning in 115 ms. Found 12 JPA repository interfaces.
2025-05-10 00:44:56 [] INFO  org.springframework.boot.web.embedded.tomcat.TomcatWebServer - Tomcat initialized with port 8080 (http)
2025-05-10 00:44:56 [] INFO  org.apache.coyote.http11.Http11NioProtocol - Initializing ProtocolHandler ["http-nio-8080"]
2025-05-10 00:44:56 [] INFO  org.apache.catalina.core.StandardService - Starting service [Tomcat]
2025-05-10 00:44:56 [] INFO  org.apache.catalina.core.StandardEngine - Starting Servlet engine: [Apache Tomcat/10.1.40]
2025-05-10 00:44:56 [] INFO  org.apache.catalina.core.ContainerBase.[Tomcat].[localhost].[/tailor-master] - Initializing Spring embedded WebApplicationContext
2025-05-10 00:44:56 [] INFO  org.springframework.boot.web.servlet.context.ServletWebServerApplicationContext - Root WebApplicationContext: initialization completed in 1332 ms
2025-05-10 00:44:56 [] INFO  org.hibernate.jpa.internal.util.LogHelper - HHH000204: Processing PersistenceUnitInfo [name: default]
2025-05-10 00:44:56 [] INFO  org.hibernate.cache.internal.RegionFactoryInitiator - HHH000026: Second-level cache disabled
2025-05-10 00:44:56 [] INFO  org.springframework.orm.jpa.persistenceunit.SpringPersistenceUnitInfo - No LoadTimeWeaver setup: ignoring JPA class transformer
2025-05-10 00:44:56 [] INFO  com.zaxxer.hikari.HikariDataSource - HikariPool-2 - Starting...
2025-05-10 00:44:56 [] INFO  com.zaxxer.hikari.pool.HikariPool - HikariPool-2 - Added connection com.mysql.cj.jdbc.ConnectionImpl@7d39a231
2025-05-10 00:44:56 [] INFO  com.zaxxer.hikari.HikariDataSource - HikariPool-2 - Start completed.
2025-05-10 00:44:56 [] INFO  org.hibernate.orm.connections.pooling - HHH10001005: Database info:
	Database JDBC URL [Connecting through datasource 'HikariDataSource (HikariPool-2)']
	Database driver: undefined/unknown
	Database version: 8.0.28
	Autocommit mode: undefined/unknown
	Isolation level: undefined/unknown
	Minimum pool size: undefined/unknown
	Maximum pool size: undefined/unknown
2025-05-10 00:44:57 [] INFO  org.hibernate.engine.transaction.jta.platform.internal.JtaPlatformInitiator - HHH000489: No JTA platform available (set 'hibernate.transaction.jta.platform' to enable JTA platform integration)
2025-05-10 00:44:57 [] INFO  org.springframework.orm.jpa.LocalContainerEntityManagerFactoryBean - Initialized JPA EntityManagerFactory for persistence unit 'default'
2025-05-10 00:44:57 [] WARN  org.springframework.boot.web.servlet.context.AnnotationConfigServletWebServerApplicationContext - Exception encountered during context initialization - cancelling refresh attempt: org.springframework.beans.factory.BeanCreationException: Error creating bean with name 'customerController': Resolution of declared constructors on bean Class [com.example.tailormaster.controller.CustomerController] from ClassLoader [org.springframework.boot.devtools.restart.classloader.RestartClassLoader@669a6e90] failed
2025-05-10 00:44:57 [] INFO  org.springframework.orm.jpa.LocalContainerEntityManagerFactoryBean - Closing JPA EntityManagerFactory for persistence unit 'default'
2025-05-10 00:44:57 [] INFO  com.zaxxer.hikari.HikariDataSource - HikariPool-2 - Shutdown initiated...
2025-05-10 00:44:57 [] INFO  com.zaxxer.hikari.HikariDataSource - HikariPool-2 - Shutdown completed.
2025-05-10 00:44:57 [] INFO  org.apache.catalina.core.StandardService - Stopping service [Tomcat]
2025-05-10 00:44:57 [] INFO  org.springframework.boot.autoconfigure.logging.ConditionEvaluationReportLogger - 

Error starting ApplicationContext. To display the condition evaluation report re-run your application with 'debug' enabled.
2025-05-10 00:44:57 [] ERROR org.springframework.boot.SpringApplication - Application run failed
org.springframework.beans.factory.BeanCreationException: Error creating bean with name 'customerController': Resolution of declared constructors on bean Class [com.example.tailormaster.controller.CustomerController] from ClassLoader [org.springframework.boot.devtools.restart.classloader.RestartClassLoader@669a6e90] failed
	at org.springframework.beans.factory.annotation.AutowiredAnnotationBeanPostProcessor.determineCandidateConstructors(AutowiredAnnotationBeanPostProcessor.java:384) ~[spring-beans-6.2.1.jar:6.2.1]
	at org.springframework.beans.factory.support.AbstractAutowireCapableBeanFactory.determineConstructorsFromBeanPostProcessors(AbstractAutowireCapableBeanFactory.java:1316) ~[spring-beans-6.2.1.jar:6.2.1]
	at org.springframework.beans.factory.support.AbstractAutowireCapableBeanFactory.createBeanInstance(AbstractAutowireCapableBeanFactory.java:1211) ~[spring-beans-6.2.1.jar:6.2.1]
	at org.springframework.beans.factory.support.AbstractAutowireCapableBeanFactory.doCreateBean(AbstractAutowireCapableBeanFactory.java:563) ~[spring-beans-6.2.1.jar:6.2.1]
	at org.springframework.beans.factory.support.AbstractAutowireCapableBeanFactory.createBean(AbstractAutowireCapableBeanFactory.java:523) ~[spring-beans-6.2.1.jar:6.2.1]
	at org.springframework.beans.factory.support.AbstractBeanFactory.lambda$doGetBean$0(AbstractBeanFactory.java:336) ~[spring-beans-6.2.1.jar:6.2.1]
	at org.springframework.beans.factory.support.DefaultSingletonBeanRegistry.getSingleton(DefaultSingletonBeanRegistry.java:289) ~[spring-beans-6.2.1.jar:6.2.1]
	at org.springframework.beans.factory.support.AbstractBeanFactory.doGetBean(AbstractBeanFactory.java:334) ~[spring-beans-6.2.1.jar:6.2.1]
	at org.springframework.beans.factory.support.AbstractBeanFactory.getBean(AbstractBeanFactory.java:199) ~[spring-beans-6.2.1.jar:6.2.1]
	at org.springframework.beans.factory.support.DefaultListableBeanFactory.instantiateSingleton(DefaultListableBeanFactory.java:1122) ~[spring-beans-6.2.1.jar:6.2.1]
	at org.springframework.beans.factory.support.DefaultListableBeanFactory.preInstantiateSingleton(DefaultListableBeanFactory.java:1093) ~[spring-beans-6.2.1.jar:6.2.1]
	at org.springframework.beans.factory.support.DefaultListableBeanFactory.preInstantiateSingletons(DefaultListableBeanFactory.java:1030) ~[spring-beans-6.2.1.jar:6.2.1]
	at org.springframework.context.support.AbstractApplicationContext.finishBeanFactoryInitialization(AbstractApplicationContext.java:987) ~[spring-context-6.2.1.jar:6.2.1]
	at org.springframework.context.support.AbstractApplicationContext.refresh(AbstractApplicationContext.java:627) ~[spring-context-6.2.1.jar:6.2.1]
	at org.springframework.boot.web.servlet.context.ServletWebServerApplicationContext.refresh(ServletWebServerApplicationContext.java:146) ~[spring-boot-3.4.1.jar:3.4.1]
	at org.springframework.boot.SpringApplication.refresh(SpringApplication.java:752) [spring-boot-3.4.1.jar:3.4.1]
	at org.springframework.boot.SpringApplication.refreshContext(SpringApplication.java:439) [spring-boot-3.4.1.jar:3.4.1]
	at org.springframework.boot.SpringApplication.run(SpringApplication.java:318) [spring-boot-3.4.1.jar:3.4.1]
	at org.springframework.boot.SpringApplication.run(SpringApplication.java:1361) [spring-boot-3.4.1.jar:3.4.1]
	at org.springframework.boot.SpringApplication.run(SpringApplication.java:1350) [spring-boot-3.4.1.jar:3.4.1]
	at com.example.tailormaster.TailorMasterAppApplication.main(TailorMasterAppApplication.java:12) [classes/:?]
	at java.base/jdk.internal.reflect.NativeMethodAccessorImpl.invoke0(Native Method) ~[?:?]
	at java.base/jdk.internal.reflect.NativeMethodAccessorImpl.invoke(NativeMethodAccessorImpl.java:77) ~[?:?]
	at java.base/jdk.internal.reflect.DelegatingMethodAccessorImpl.invoke(DelegatingMethodAccessorImpl.java:43) ~[?:?]
	at java.base/java.lang.reflect.Method.invoke(Method.java:568) ~[?:?]
	at org.springframework.boot.devtools.restart.RestartLauncher.run(RestartLauncher.java:50) [spring-boot-devtools-3.4.1.jar:3.4.1]
Caused by: java.lang.NoClassDefFoundError: com/example/tailormaster/service/customer/CustomerService
	at java.base/java.lang.Class.getDeclaredConstructors0(Native Method) ~[?:?]
	at java.base/java.lang.Class.privateGetDeclaredConstructors(Class.java:3373) ~[?:?]
	at java.base/java.lang.Class.getDeclaredConstructors(Class.java:2555) ~[?:?]
	at org.springframework.beans.factory.annotation.AutowiredAnnotationBeanPostProcessor.determineCandidateConstructors(AutowiredAnnotationBeanPostProcessor.java:379) ~[spring-beans-6.2.1.jar:6.2.1]
	... 25 more
Caused by: java.lang.ClassNotFoundException: com.example.tailormaster.service.customer.CustomerService
	at java.base/jdk.internal.loader.BuiltinClassLoader.loadClass(BuiltinClassLoader.java:641) ~[?:?]
	at java.base/jdk.internal.loader.ClassLoaders$AppClassLoader.loadClass(ClassLoaders.java:188) ~[?:?]
	at java.base/java.lang.ClassLoader.loadClass(ClassLoader.java:520) ~[?:?]
	at java.base/java.lang.Class.forName0(Native Method) ~[?:?]
	at java.base/java.lang.Class.forName(Class.java:467) ~[?:?]
	at org.springframework.boot.devtools.restart.classloader.RestartClassLoader.loadClass(RestartClassLoader.java:121) ~[spring-boot-devtools-3.4.1.jar:3.4.1]
	at java.base/java.lang.ClassLoader.loadClass(ClassLoader.java:520) ~[?:?]
	at java.base/java.lang.Class.getDeclaredConstructors0(Native Method) ~[?:?]
	at java.base/java.lang.Class.privateGetDeclaredConstructors(Class.java:3373) ~[?:?]
	at java.base/java.lang.Class.getDeclaredConstructors(Class.java:2555) ~[?:?]
	at org.springframework.beans.factory.annotation.AutowiredAnnotationBeanPostProcessor.determineCandidateConstructors(AutowiredAnnotationBeanPostProcessor.java:379) ~[spring-beans-6.2.1.jar:6.2.1]
	... 25 more
2025-05-10 00:45:00 [] INFO  com.example.tailormaster.TailorMasterAppApplication - Starting TailorMasterAppApplication using Java 17.0.2 with PID 13388 (E:\Development-Workspaces\tailor-master-app\tailor-master-app\target\classes started by wajiz.pk in E:\Development-Workspaces\tailor-master-app\tailor-master-app)
2025-05-10 00:45:00 [] INFO  com.example.tailormaster.TailorMasterAppApplication - No active profile set, falling back to 1 default profile: "default"
2025-05-10 00:45:01 [] INFO  org.springframework.data.repository.config.RepositoryConfigurationDelegate - Bootstrapping Spring Data JPA repositories in DEFAULT mode.
2025-05-10 00:45:02 [] INFO  org.springframework.data.repository.config.RepositoryConfigurationDelegate - Finished Spring Data repository scanning in 356 ms. Found 12 JPA repository interfaces.
2025-05-10 00:45:02 [] INFO  org.springframework.boot.web.embedded.tomcat.TomcatWebServer - Tomcat initialized with port 8080 (http)
2025-05-10 00:45:02 [] INFO  org.apache.coyote.http11.Http11NioProtocol - Initializing ProtocolHandler ["http-nio-8080"]
2025-05-10 00:45:02 [] INFO  org.apache.catalina.core.StandardService - Starting service [Tomcat]
2025-05-10 00:45:02 [] INFO  org.apache.catalina.core.StandardEngine - Starting Servlet engine: [Apache Tomcat/10.1.40]
2025-05-10 00:45:02 [] INFO  org.apache.catalina.core.ContainerBase.[Tomcat-1].[localhost].[/tailor-master] - Initializing Spring embedded WebApplicationContext
2025-05-10 00:45:02 [] INFO  org.springframework.boot.web.servlet.context.ServletWebServerApplicationContext - Root WebApplicationContext: initialization completed in 1816 ms
2025-05-10 00:45:02 [] INFO  org.hibernate.jpa.internal.util.LogHelper - HHH000204: Processing PersistenceUnitInfo [name: default]
2025-05-10 00:45:02 [] INFO  org.hibernate.cache.internal.RegionFactoryInitiator - HHH000026: Second-level cache disabled
2025-05-10 00:45:02 [] INFO  org.springframework.orm.jpa.persistenceunit.SpringPersistenceUnitInfo - No LoadTimeWeaver setup: ignoring JPA class transformer
2025-05-10 00:45:02 [] INFO  com.zaxxer.hikari.HikariDataSource - HikariPool-3 - Starting...
2025-05-10 00:45:02 [] INFO  com.zaxxer.hikari.pool.HikariPool - HikariPool-3 - Added connection com.mysql.cj.jdbc.ConnectionImpl@402ea0bc
2025-05-10 00:45:02 [] INFO  com.zaxxer.hikari.HikariDataSource - HikariPool-3 - Start completed.
2025-05-10 00:45:02 [] INFO  org.hibernate.orm.connections.pooling - HHH10001005: Database info:
	Database JDBC URL [Connecting through datasource 'HikariDataSource (HikariPool-3)']
	Database driver: undefined/unknown
	Database version: 8.0.28
	Autocommit mode: undefined/unknown
	Isolation level: undefined/unknown
	Minimum pool size: undefined/unknown
	Maximum pool size: undefined/unknown
2025-05-10 00:45:04 [] INFO  org.hibernate.engine.transaction.jta.platform.internal.JtaPlatformInitiator - HHH000489: No JTA platform available (set 'hibernate.transaction.jta.platform' to enable JTA platform integration)
2025-05-10 00:45:04 [] INFO  org.springframework.orm.jpa.LocalContainerEntityManagerFactoryBean - Initialized JPA EntityManagerFactory for persistence unit 'default'
2025-05-10 00:45:05 [] WARN  org.springframework.boot.autoconfigure.orm.jpa.JpaBaseConfiguration$JpaWebConfiguration - spring.jpa.open-in-view is enabled by default. Therefore, database queries may be performed during view rendering. Explicitly configure spring.jpa.open-in-view to disable this warning
2025-05-10 00:45:05 [] INFO  org.springframework.security.config.annotation.authentication.configuration.InitializeAuthenticationProviderBeanManagerConfigurer$InitializeAuthenticationProviderManagerConfigurer - Global AuthenticationManager configured with AuthenticationProvider bean with name authenticationProvider
2025-05-10 00:45:05 [] WARN  org.springframework.security.config.annotation.authentication.configuration.InitializeUserDetailsBeanManagerConfigurer$InitializeUserDetailsManagerConfigurer - Global AuthenticationManager configured with an AuthenticationProvider bean. UserDetailsService beans will not be used by Spring Security for automatically configuring username/password login. Consider removing the AuthenticationProvider bean. Alternatively, consider using the UserDetailsService in a manually instantiated DaoAuthenticationProvider. If the current configuration is intentional, to turn off this warning, increase the logging level of 'org.springframework.security.config.annotation.authentication.configuration.InitializeUserDetailsBeanManagerConfigurer' to ERROR
2025-05-10 00:45:06 [] INFO  org.springframework.boot.devtools.autoconfigure.OptionalLiveReloadServer - LiveReload server is running on port 35729
2025-05-10 00:45:06 [] INFO  org.apache.coyote.http11.Http11NioProtocol - Starting ProtocolHandler ["http-nio-8080"]
2025-05-10 00:45:06 [] INFO  org.springframework.boot.web.embedded.tomcat.TomcatWebServer - Tomcat started on port 8080 (http) with context path '/tailor-master'
2025-05-10 00:45:06 [] INFO  com.example.tailormaster.TailorMasterAppApplication - Started TailorMasterAppApplication in 5.874 seconds (process running for 524.459)
2025-05-10 00:45:06 [] INFO  org.springframework.boot.devtools.autoconfigure.ConditionEvaluationDeltaLoggingListener - Condition evaluation unchanged
2025-05-10 00:48:58 [] INFO  org.apache.catalina.core.ContainerBase.[Tomcat-1].[localhost].[/tailor-master] - Initializing Spring DispatcherServlet 'dispatcherServlet'
2025-05-10 00:48:58 [] INFO  org.springframework.web.servlet.DispatcherServlet - Initializing Servlet 'dispatcherServlet'
2025-05-10 00:48:58 [] INFO  org.springframework.web.servlet.DispatcherServlet - Completed initialization in 4 ms
2025-05-10 00:48:58 [abdullateef] INFO  com.example.tailormaster.filter.LoggingInterceptor - User 'abdullateef' is requesting: GET /tailor-master/customers/edit/lpAsYPa2l9_oGneQEO3opub94p3NosInOwkCiqQaDgE=
2025-05-10 00:48:58 [abdullateef] INFO  com.example.tailormaster.controller.CustomerController - Displaying edit form for customer ID (encrypted): lpAsYPa2l9_oGneQEO3opub94p3NosInOwkCiqQaDgE=
2025-05-10 00:48:58 [abdullateef] INFO  com.example.tailormaster.service.product.ProductService - Fetching all active products.
2025-05-10 00:48:58 [abdullateef] INFO  com.example.tailormaster.service.product.ProductService - Retrieved 2 active products.
2025-05-10 00:48:58 [abdullateef] INFO  com.example.tailormaster.controller.CustomerController - Populated CustomerRegistrationDTO for edit form: CustomerRegistrationDTO(customer=Customer(fullName=abc, phoneNumber=03224499842, enabled=false), frontPocket=false, oneSidePocket=true, twoSidePocket=true, shalwarZipPocket=true, shalwarSadaPocket=true, twoPajamaPocket=true, singleSilai=true, doubleSilai=true, chamakSilai=true, flopPocket=true, normalButton=true, touchButton=true, metalButton=true, qameezLength=33, qameezType=gol_daman, bazoo=22, kuhni=2 1/2, aarmHole=33, kuff=20, golMoori=13, galla=11, gallaType=shirt_collar, tera=23, patiLambai=32, chati=22, chati360=12, kamar=33, kamar360=22 1/2, daman=32, daman360=44, shalwar=40, shalwarGher=12, shalwarPaincha=22, pajama=32, pajamaWaist=43, pajamaPaincha=34, lasticPlusDori=full_lastic_plus_dori, deegar=sb ok hai., measurement=null, products=[Product(type=QAMEEZ, name=قميض, description=, price=2000.00, enabled=true), Product(type=SHALWAR, name=شلوار, description=, price=500.00, enabled=true)], customerMeasurements={1=CustomerMeasurement(customer=Customer(fullName=abc, phoneNumber=03224499842, enabled=false), product=Product(type=QAMEEZ, name=قميض, description=, price=2000.00, enabled=true), frontPocket=false, oneSidePocket=true, twoSidePocket=true, shalwarZipPocket=true, shalwarSadaPocket=true, twoPajamaPocket=true, singleSilai=true, doubleSilai=true, chamakSilai=true, flopPocket=true, normalButton=true, touchButton=true, metalButton=true, qameezLength=33, qameezType=gol_daman, bazoo=22, kuhni=2 1/2, aarmHole=33, kuff=20, golMoori=13, galla=11, gallaType=shirt_collar, tera=23, patiLambai=32, chati=22, chati360=12, kamar=33, kamar360=22 1/2, daman=32, daman360=44, shalwar=40, shalwarGher=12, shalwarPaincha=22, pajama=32, pajamaWaist=43, pajamaPaincha=34, lasticPlusDori=full_lastic_plus_dori, deegar=sb ok hai., chest=null, sleeveLength=null, shoulder=null, hips=null, waist=null, barcode=null), 2=CustomerMeasurement(customer=Customer(fullName=abc, phoneNumber=03224499842, enabled=false), product=Product(type=SHALWAR, name=شلوار, description=, price=500.00, enabled=true), frontPocket=false, oneSidePocket=true, twoSidePocket=true, shalwarZipPocket=true, shalwarSadaPocket=true, twoPajamaPocket=true, singleSilai=true, doubleSilai=true, chamakSilai=true, flopPocket=true, normalButton=true, touchButton=true, metalButton=true, qameezLength=33, qameezType=gol_daman, bazoo=22, kuhni=2 1/2, aarmHole=33, kuff=20, golMoori=13, galla=11, gallaType=shirt_collar, tera=23, patiLambai=32, chati=22, chati360=12, kamar=33, kamar360=22 1/2, daman=32, daman360=44, shalwar=40, shalwarGher=12, shalwarPaincha=22, pajama=32, pajamaWaist=43, pajamaPaincha=34, lasticPlusDori=full_lastic_plus_dori, deegar=sb ok hai., chest=null, sleeveLength=null, shoulder=null, hips=null, waist=null, barcode=null)}, selectedProductIds=[1, 2])
2025-05-10 00:48:58 [abdullateef] INFO  com.example.tailormaster.filter.LoggingInterceptor - User 'abdullateef' is requesting: GET /tailor-master/dashboard/notifications/upcoming-deliveries
2025-05-10 00:48:58 [abdullateef] INFO  com.example.tailormaster.controller.dashboard.DashboardController - Requested upcoming deliveries.
2025-05-10 00:48:58 [abdullateef] INFO  com.example.tailormaster.service.dashboard.DashboardService - Upcoming deliveries fetched: 8
2025-05-10 00:48:58 [abdullateef] INFO  com.example.tailormaster.controller.dashboard.DashboardController - Upcoming deliveries fetched: 8
2025-05-10 00:49:05 [abdullateef] INFO  com.example.tailormaster.filter.LoggingInterceptor - User 'abdullateef' is requesting: POST /tailor-master/customers/update
2025-05-10 00:49:05 [abdullateef] INFO  com.example.tailormaster.controller.CustomerController - Attempting to update customer with encrypted ID: B3kPAKeAgbtqsGlNs9gOOVmrV3D-FKnteityt5kPIrA=
2025-05-10 00:49:08 [abdullateef] INFO  com.example.tailormaster.service.product.ProductService - Fetching product by ID: 1
2025-05-10 00:49:08 [abdullateef] INFO  com.example.tailormaster.service.product.ProductService - Fetching product by ID: 2
2025-05-10 00:49:08 [abdullateef] INFO  com.example.tailormaster.service.customer.CustomerService - Updating customer with ID: 45
2025-05-10 00:49:08 [abdullateef] INFO  com.example.tailormaster.controller.CustomerController - Customer updated successfully with ID: 45
2025-05-10 00:49:08 [abdullateef] INFO  com.example.tailormaster.filter.LoggingInterceptor - User 'abdullateef' is requesting: GET /tailor-master/customers
2025-05-10 00:49:08 [abdullateef] INFO  com.example.tailormaster.filter.LoggingInterceptor - User 'abdullateef' is requesting: GET /tailor-master/dashboard/notifications/upcoming-deliveries
2025-05-10 00:49:08 [abdullateef] INFO  com.example.tailormaster.controller.dashboard.DashboardController - Requested upcoming deliveries.
2025-05-10 00:49:08 [abdullateef] INFO  com.example.tailormaster.service.dashboard.DashboardService - Upcoming deliveries fetched: 8
2025-05-10 00:49:08 [abdullateef] INFO  com.example.tailormaster.controller.dashboard.DashboardController - Upcoming deliveries fetched: 8
2025-05-10 00:49:08 [abdullateef] INFO  com.example.tailormaster.filter.LoggingInterceptor - User 'abdullateef' is requesting: GET /tailor-master/customers/datatable
2025-05-10 00:49:08 [abdullateef] INFO  com.example.tailormaster.controller.CustomerController - Fetching customers data with search value: , sort direction: asc, start date: null, end date: null
2025-05-10 00:50:14 [abdullateef] INFO  com.example.tailormaster.filter.LoggingInterceptor - User 'abdullateef' is requesting: GET /tailor-master/customers/details/gy9-Y2ds2pDxEL9owz_3_DPhvfyUWnlcRBHIpAs2mT8=
2025-05-10 00:50:14 [abdullateef] INFO  com.example.tailormaster.controller.CustomerController - Displaying details for customer ID (encrypted): gy9-Y2ds2pDxEL9owz_3_DPhvfyUWnlcRBHIpAs2mT8=
2025-05-10 00:50:14 [abdullateef] INFO  com.example.tailormaster.controller.CustomerController - Fetched customer details: Customer(fullName=abc, phoneNumber=03224499842, enabled=false)
2025-05-10 00:50:14 [abdullateef] INFO  com.example.tailormaster.controller.CustomerController - Fetched measurement details: CustomerMeasurement(customer=Customer(fullName=abc, phoneNumber=03224499842, enabled=false), product=Product(type=QAMEEZ, name=قميض, description=, price=2000.00, enabled=true), frontPocket=true, oneSidePocket=true, twoSidePocket=true, shalwarZipPocket=true, shalwarSadaPocket=true, twoPajamaPocket=true, singleSilai=true, doubleSilai=true, chamakSilai=true, flopPocket=true, normalButton=true, touchButton=true, metalButton=true, qameezLength=33, qameezType=gol_daman, bazoo=22, kuhni=2 1/2, aarmHole=33, kuff=20, golMoori=13, galla=11, gallaType=shirt_collar, tera=23, patiLambai=32, chati=22, chati360=12, kamar=33, kamar360=22 1/2, daman=32, daman360=44, shalwar=40, shalwarGher=12, shalwarPaincha=22, pajama=32, pajamaWaist=43, pajamaPaincha=34, lasticPlusDori=full_lastic_plus_dori, deegar=sb ok hai., chest=null, sleeveLength=null, shoulder=null, hips=null, waist=null, barcode=null)
2025-05-10 00:50:14 [abdullateef] INFO  com.example.tailormaster.filter.LoggingInterceptor - User 'abdullateef' is requesting: GET /tailor-master/dashboard/notifications/upcoming-deliveries
2025-05-10 00:50:15 [abdullateef] INFO  com.example.tailormaster.controller.dashboard.DashboardController - Requested upcoming deliveries.
2025-05-10 00:50:15 [abdullateef] INFO  com.example.tailormaster.service.dashboard.DashboardService - Upcoming deliveries fetched: 8
2025-05-10 00:50:15 [abdullateef] INFO  com.example.tailormaster.controller.dashboard.DashboardController - Upcoming deliveries fetched: 8
2025-05-10 00:50:21 [abdullateef] INFO  com.example.tailormaster.filter.LoggingInterceptor - User 'abdullateef' is requesting: GET /tailor-master/customers/edit/L0dH0ga8q_2y3WoB02Lhq-rCXdQf30WovgzSKKHn0Qg=
2025-05-10 00:50:21 [abdullateef] INFO  com.example.tailormaster.controller.CustomerController - Displaying edit form for customer ID (encrypted): L0dH0ga8q_2y3WoB02Lhq-rCXdQf30WovgzSKKHn0Qg=
2025-05-10 00:50:21 [abdullateef] INFO  com.example.tailormaster.service.product.ProductService - Fetching all active products.
2025-05-10 00:50:21 [abdullateef] INFO  com.example.tailormaster.service.product.ProductService - Retrieved 2 active products.
2025-05-10 00:50:21 [abdullateef] INFO  com.example.tailormaster.controller.CustomerController - Populated CustomerRegistrationDTO for edit form: CustomerRegistrationDTO(customer=Customer(fullName=abc, phoneNumber=03224499842, enabled=false), frontPocket=true, oneSidePocket=true, twoSidePocket=true, shalwarZipPocket=true, shalwarSadaPocket=true, twoPajamaPocket=true, singleSilai=true, doubleSilai=true, chamakSilai=true, flopPocket=true, normalButton=true, touchButton=true, metalButton=true, qameezLength=33, qameezType=gol_daman, bazoo=22, kuhni=2 1/2, aarmHole=33, kuff=20, golMoori=13, galla=11, gallaType=shirt_collar, tera=23, patiLambai=32, chati=22, chati360=12, kamar=33, kamar360=22 1/2, daman=32, daman360=44, shalwar=40, shalwarGher=12, shalwarPaincha=22, pajama=32, pajamaWaist=43, pajamaPaincha=34, lasticPlusDori=full_lastic_plus_dori, deegar=sb ok hai., measurement=null, products=[Product(type=QAMEEZ, name=قميض, description=, price=2000.00, enabled=true), Product(type=SHALWAR, name=شلوار, description=, price=500.00, enabled=true)], customerMeasurements={1=CustomerMeasurement(customer=Customer(fullName=abc, phoneNumber=03224499842, enabled=false), product=Product(type=QAMEEZ, name=قميض, description=, price=2000.00, enabled=true), frontPocket=true, oneSidePocket=true, twoSidePocket=true, shalwarZipPocket=true, shalwarSadaPocket=true, twoPajamaPocket=true, singleSilai=true, doubleSilai=true, chamakSilai=true, flopPocket=true, normalButton=true, touchButton=true, metalButton=true, qameezLength=33, qameezType=gol_daman, bazoo=22, kuhni=2 1/2, aarmHole=33, kuff=20, golMoori=13, galla=11, gallaType=shirt_collar, tera=23, patiLambai=32, chati=22, chati360=12, kamar=33, kamar360=22 1/2, daman=32, daman360=44, shalwar=40, shalwarGher=12, shalwarPaincha=22, pajama=32, pajamaWaist=43, pajamaPaincha=34, lasticPlusDori=full_lastic_plus_dori, deegar=sb ok hai., chest=null, sleeveLength=null, shoulder=null, hips=null, waist=null, barcode=null), 2=CustomerMeasurement(customer=Customer(fullName=abc, phoneNumber=03224499842, enabled=false), product=Product(type=SHALWAR, name=شلوار, description=, price=500.00, enabled=true), frontPocket=true, oneSidePocket=true, twoSidePocket=true, shalwarZipPocket=true, shalwarSadaPocket=true, twoPajamaPocket=true, singleSilai=true, doubleSilai=true, chamakSilai=true, flopPocket=true, normalButton=true, touchButton=true, metalButton=true, qameezLength=33, qameezType=gol_daman, bazoo=22, kuhni=2 1/2, aarmHole=33, kuff=20, golMoori=13, galla=11, gallaType=shirt_collar, tera=23, patiLambai=32, chati=22, chati360=12, kamar=33, kamar360=22 1/2, daman=32, daman360=44, shalwar=40, shalwarGher=12, shalwarPaincha=22, pajama=32, pajamaWaist=43, pajamaPaincha=34, lasticPlusDori=full_lastic_plus_dori, deegar=sb ok hai., chest=null, sleeveLength=null, shoulder=null, hips=null, waist=null, barcode=null)}, selectedProductIds=[1, 2])
2025-05-10 00:50:21 [abdullateef] INFO  com.example.tailormaster.filter.LoggingInterceptor - User 'abdullateef' is requesting: GET /tailor-master/dashboard/notifications/upcoming-deliveries
2025-05-10 00:50:21 [abdullateef] INFO  com.example.tailormaster.controller.dashboard.DashboardController - Requested upcoming deliveries.
2025-05-10 00:50:22 [abdullateef] INFO  com.example.tailormaster.service.dashboard.DashboardService - Upcoming deliveries fetched: 8
2025-05-10 00:50:22 [abdullateef] INFO  com.example.tailormaster.controller.dashboard.DashboardController - Upcoming deliveries fetched: 8
2025-05-10 00:50:28 [abdullateef] INFO  com.example.tailormaster.filter.LoggingInterceptor - User 'abdullateef' is requesting: POST /tailor-master/customers/update
2025-05-10 00:50:28 [abdullateef] INFO  com.example.tailormaster.controller.CustomerController - Attempting to update customer with encrypted ID: W0JL_z8CqVPJMinPYioIbud7eEyIJuf_Y_fGMiO3zCs=
2025-05-10 00:50:32 [abdullateef] INFO  com.example.tailormaster.service.product.ProductService - Fetching product by ID: 1
2025-05-10 00:50:32 [abdullateef] INFO  com.example.tailormaster.service.product.ProductService - Fetching product by ID: 2
2025-05-10 00:50:32 [abdullateef] INFO  com.example.tailormaster.service.customer.CustomerService - Updating customer with ID: 45
2025-05-10 00:50:32 [abdullateef] INFO  com.example.tailormaster.controller.CustomerController - Customer updated successfully with ID: 45
2025-05-10 00:50:32 [abdullateef] INFO  com.example.tailormaster.filter.LoggingInterceptor - User 'abdullateef' is requesting: GET /tailor-master/customers
2025-05-10 00:50:32 [abdullateef] INFO  com.example.tailormaster.filter.LoggingInterceptor - User 'abdullateef' is requesting: GET /tailor-master/dashboard/notifications/upcoming-deliveries
2025-05-10 00:50:32 [abdullateef] INFO  com.example.tailormaster.controller.dashboard.DashboardController - Requested upcoming deliveries.
2025-05-10 00:50:32 [abdullateef] INFO  com.example.tailormaster.service.dashboard.DashboardService - Upcoming deliveries fetched: 8
2025-05-10 00:50:32 [abdullateef] INFO  com.example.tailormaster.controller.dashboard.DashboardController - Upcoming deliveries fetched: 8
2025-05-10 00:50:32 [abdullateef] INFO  com.example.tailormaster.filter.LoggingInterceptor - User 'abdullateef' is requesting: GET /tailor-master/customers/datatable
2025-05-10 00:50:32 [abdullateef] INFO  com.example.tailormaster.controller.CustomerController - Fetching customers data with search value: , sort direction: asc, start date: null, end date: null
2025-05-10 00:50:35 [abdullateef] INFO  com.example.tailormaster.filter.LoggingInterceptor - User 'abdullateef' is requesting: GET /tailor-master/customers/details/Rj0Xfb_fnng8M04ofD7YJ6O1qGB4AQSslgI_D9fnIaM=
2025-05-10 00:50:35 [abdullateef] INFO  com.example.tailormaster.controller.CustomerController - Displaying details for customer ID (encrypted): Rj0Xfb_fnng8M04ofD7YJ6O1qGB4AQSslgI_D9fnIaM=
2025-05-10 00:50:35 [abdullateef] INFO  com.example.tailormaster.controller.CustomerController - Fetched customer details: Customer(fullName=abc, phoneNumber=03224499842, enabled=false)
2025-05-10 00:50:35 [abdullateef] INFO  com.example.tailormaster.controller.CustomerController - Fetched measurement details: CustomerMeasurement(customer=Customer(fullName=abc, phoneNumber=03224499842, enabled=false), product=Product(type=SHALWAR, name=شلوار, description=, price=500.00, enabled=true), frontPocket=true, oneSidePocket=true, twoSidePocket=true, shalwarZipPocket=true, shalwarSadaPocket=true, twoPajamaPocket=true, singleSilai=true, doubleSilai=true, chamakSilai=true, flopPocket=true, normalButton=true, touchButton=true, metalButton=true, qameezLength=33, qameezType=gol_daman, bazoo=22, kuhni=2 1/2, aarmHole=33, kuff=20, golMoori=13, galla=11, gallaType=sherwani_been, tera=23, patiLambai=32, chati=22, chati360=12, kamar=33, kamar360=22 1/2, daman=32, daman360=44, shalwar=40, shalwarGher=12, shalwarPaincha=22, pajama=32, pajamaWaist=43, pajamaPaincha=34, lasticPlusDori=full_lastic_plus_dori, deegar=sb ok hai., chest=null, sleeveLength=null, shoulder=null, hips=null, waist=null, barcode=null)
2025-05-10 00:50:35 [abdullateef] INFO  com.example.tailormaster.filter.LoggingInterceptor - User 'abdullateef' is requesting: GET /tailor-master/dashboard/notifications/upcoming-deliveries
2025-05-10 00:50:35 [abdullateef] INFO  com.example.tailormaster.controller.dashboard.DashboardController - Requested upcoming deliveries.
2025-05-10 00:50:35 [abdullateef] INFO  com.example.tailormaster.service.dashboard.DashboardService - Upcoming deliveries fetched: 8
2025-05-10 00:50:35 [abdullateef] INFO  com.example.tailormaster.controller.dashboard.DashboardController - Upcoming deliveries fetched: 8
2025-05-10 00:51:03 [abdullateef] INFO  com.example.tailormaster.filter.LoggingInterceptor - User 'abdullateef' is requesting: GET /tailor-master/customers
2025-05-10 00:51:03 [abdullateef] INFO  com.example.tailormaster.filter.LoggingInterceptor - User 'abdullateef' is requesting: GET /tailor-master/dashboard/notifications/upcoming-deliveries
2025-05-10 00:51:03 [abdullateef] INFO  com.example.tailormaster.controller.dashboard.DashboardController - Requested upcoming deliveries.
2025-05-10 00:51:03 [abdullateef] INFO  com.example.tailormaster.service.dashboard.DashboardService - Upcoming deliveries fetched: 8
2025-05-10 00:51:03 [abdullateef] INFO  com.example.tailormaster.controller.dashboard.DashboardController - Upcoming deliveries fetched: 8
2025-05-10 00:51:03 [abdullateef] INFO  com.example.tailormaster.filter.LoggingInterceptor - User 'abdullateef' is requesting: GET /tailor-master/customers/datatable
2025-05-10 00:51:03 [abdullateef] INFO  com.example.tailormaster.controller.CustomerController - Fetching customers data with search value: , sort direction: asc, start date: null, end date: null
2025-05-10 00:51:04 [abdullateef] INFO  com.example.tailormaster.filter.LoggingInterceptor - User 'abdullateef' is requesting: GET /tailor-master/customers/create
2025-05-10 00:51:04 [abdullateef] INFO  com.example.tailormaster.service.product.ProductService - Fetching all active products.
2025-05-10 00:51:04 [abdullateef] INFO  com.example.tailormaster.service.product.ProductService - Retrieved 2 active products.
2025-05-10 00:51:05 [abdullateef] INFO  com.example.tailormaster.filter.LoggingInterceptor - User 'abdullateef' is requesting: GET /tailor-master/dashboard/notifications/upcoming-deliveries
2025-05-10 00:51:05 [abdullateef] INFO  com.example.tailormaster.controller.dashboard.DashboardController - Requested upcoming deliveries.
2025-05-10 00:51:05 [abdullateef] INFO  com.example.tailormaster.service.dashboard.DashboardService - Upcoming deliveries fetched: 8
2025-05-10 00:51:05 [abdullateef] INFO  com.example.tailormaster.controller.dashboard.DashboardController - Upcoming deliveries fetched: 8
2025-05-10 00:51:45 [abdullateef] INFO  com.example.tailormaster.filter.LoggingInterceptor - User 'abdullateef' is requesting: POST /tailor-master/customers/create
2025-05-10 00:51:45 [abdullateef] INFO  com.example.tailormaster.controller.CustomerController - Creating customer with registration data: CustomerRegistrationDTO(customer=Customer(fullName=MeasurementTest, phoneNumber=03224499009, enabled=false), frontPocket=true, oneSidePocket=false, twoSidePocket=false, shalwarZipPocket=false, shalwarSadaPocket=false, twoPajamaPocket=false, singleSilai=false, doubleSilai=false, chamakSilai=false, flopPocket=false, normalButton=false, touchButton=false, metalButton=false, qameezLength=, qameezType=, bazoo=, kuhni=, aarmHole=, kuff=, golMoori=, galla=, gallaType=, tera=, patiLambai=, chati=, chati360=, kamar=, kamar360=, daman=, daman360=, shalwar=, shalwarGher=, shalwarPaincha=, pajama=, pajamaWaist=, pajamaPaincha=, lasticPlusDori=, deegar=, measurement=null, products=[], customerMeasurements={}, selectedProductIds=[])
2025-05-10 00:51:45 [abdullateef] INFO  com.example.tailormaster.service.customer.CustomerService - Creating customer: MeasurementTest
2025-05-10 00:51:45 [abdullateef] INFO  com.example.tailormaster.service.product.ProductService - Fetching product by ID: 1
2025-05-10 00:51:45 [abdullateef] INFO  com.example.tailormaster.service.product.ProductService - Fetching product by ID: 2
2025-05-10 00:51:45 [abdullateef] INFO  com.example.tailormaster.controller.CustomerController - Customer created successfully with ID: 50
2025-05-10 00:51:45 [abdullateef] INFO  com.example.tailormaster.filter.LoggingInterceptor - User 'abdullateef' is requesting: GET /tailor-master/customers
2025-05-10 00:51:45 [abdullateef] INFO  com.example.tailormaster.filter.LoggingInterceptor - User 'abdullateef' is requesting: GET /tailor-master/dashboard/notifications/upcoming-deliveries
2025-05-10 00:51:45 [abdullateef] INFO  com.example.tailormaster.controller.dashboard.DashboardController - Requested upcoming deliveries.
2025-05-10 00:51:45 [abdullateef] INFO  com.example.tailormaster.service.dashboard.DashboardService - Upcoming deliveries fetched: 8
2025-05-10 00:51:45 [abdullateef] INFO  com.example.tailormaster.controller.dashboard.DashboardController - Upcoming deliveries fetched: 8
2025-05-10 00:51:45 [abdullateef] INFO  com.example.tailormaster.filter.LoggingInterceptor - User 'abdullateef' is requesting: GET /tailor-master/customers/datatable
2025-05-10 00:51:45 [abdullateef] INFO  com.example.tailormaster.controller.CustomerController - Fetching customers data with search value: , sort direction: asc, start date: null, end date: null
2025-05-10 00:51:47 [abdullateef] INFO  com.example.tailormaster.filter.LoggingInterceptor - User 'abdullateef' is requesting: GET /tailor-master/customers/details/PDxlSqRALlt0c-FnJPE9e5wrP9v94nSHSdbKX4UFSIc=
2025-05-10 00:51:47 [abdullateef] INFO  com.example.tailormaster.controller.CustomerController - Displaying details for customer ID (encrypted): PDxlSqRALlt0c-FnJPE9e5wrP9v94nSHSdbKX4UFSIc=
2025-05-10 00:51:47 [abdullateef] INFO  com.example.tailormaster.controller.CustomerController - Fetched customer details: Customer(fullName=MeasurementTest, phoneNumber=03224499009, enabled=false)
2025-05-10 00:51:47 [abdullateef] INFO  com.example.tailormaster.controller.CustomerController - Fetched measurement details: CustomerMeasurement(customer=Customer(fullName=MeasurementTest, phoneNumber=03224499009, enabled=false), product=Product(type=SHALWAR, name=شلوار, description=, price=500.00, enabled=true), frontPocket=true, oneSidePocket=false, twoSidePocket=false, shalwarZipPocket=false, shalwarSadaPocket=false, twoPajamaPocket=false, singleSilai=false, doubleSilai=false, chamakSilai=false, flopPocket=false, normalButton=false, touchButton=false, metalButton=false, qameezLength=, qameezType=, bazoo=, kuhni=, aarmHole=, kuff=, golMoori=, galla=, gallaType=, tera=, patiLambai=, chati=, chati360=, kamar=, kamar360=, daman=, daman360=, shalwar=, shalwarGher=, shalwarPaincha=, pajama=, pajamaWaist=, pajamaPaincha=, lasticPlusDori=, deegar=, chest=null, sleeveLength=null, shoulder=null, hips=null, waist=null, barcode=MeasurementTest03224499009-f88efa7f-3df8-4f00-be7b-3c6034348cd9)
2025-05-10 00:51:47 [abdullateef] INFO  com.example.tailormaster.filter.LoggingInterceptor - User 'abdullateef' is requesting: GET /tailor-master/dashboard/notifications/upcoming-deliveries
2025-05-10 00:51:47 [abdullateef] INFO  com.example.tailormaster.controller.dashboard.DashboardController - Requested upcoming deliveries.
2025-05-10 00:51:47 [abdullateef] INFO  com.example.tailormaster.service.dashboard.DashboardService - Upcoming deliveries fetched: 8
2025-05-10 00:51:47 [abdullateef] INFO  com.example.tailormaster.controller.dashboard.DashboardController - Upcoming deliveries fetched: 8
2025-05-10 00:53:03 [abdullateef] INFO  com.example.tailormaster.filter.LoggingInterceptor - User 'abdullateef' is requesting: GET /tailor-master/customers/edit/_IH1DwNGPRfd6x41LaIW87CQVzUgUCiwWqhDFG0ly1I=
2025-05-10 00:53:03 [abdullateef] INFO  com.example.tailormaster.controller.CustomerController - Displaying edit form for customer ID (encrypted): _IH1DwNGPRfd6x41LaIW87CQVzUgUCiwWqhDFG0ly1I=
2025-05-10 00:53:03 [abdullateef] INFO  com.example.tailormaster.service.product.ProductService - Fetching all active products.
2025-05-10 00:53:03 [abdullateef] INFO  com.example.tailormaster.service.product.ProductService - Retrieved 2 active products.
2025-05-10 00:53:03 [abdullateef] INFO  com.example.tailormaster.controller.CustomerController - Populated CustomerRegistrationDTO for edit form: CustomerRegistrationDTO(customer=Customer(fullName=MeasurementTest, phoneNumber=03224499009, enabled=false), frontPocket=true, oneSidePocket=false, twoSidePocket=false, shalwarZipPocket=false, shalwarSadaPocket=false, twoPajamaPocket=false, singleSilai=false, doubleSilai=false, chamakSilai=false, flopPocket=false, normalButton=false, touchButton=false, metalButton=false, qameezLength=, qameezType=, bazoo=, kuhni=, aarmHole=, kuff=, golMoori=, galla=, gallaType=, tera=, patiLambai=, chati=, chati360=, kamar=, kamar360=, daman=, daman360=, shalwar=, shalwarGher=, shalwarPaincha=, pajama=, pajamaWaist=, pajamaPaincha=, lasticPlusDori=, deegar=, measurement=null, products=[Product(type=QAMEEZ, name=قميض, description=, price=2000.00, enabled=true), Product(type=SHALWAR, name=شلوار, description=, price=500.00, enabled=true)], customerMeasurements={1=CustomerMeasurement(customer=Customer(fullName=MeasurementTest, phoneNumber=03224499009, enabled=false), product=Product(type=QAMEEZ, name=قميض, description=, price=2000.00, enabled=true), frontPocket=true, oneSidePocket=false, twoSidePocket=false, shalwarZipPocket=false, shalwarSadaPocket=false, twoPajamaPocket=false, singleSilai=false, doubleSilai=false, chamakSilai=false, flopPocket=false, normalButton=false, touchButton=false, metalButton=false, qameezLength=, qameezType=, bazoo=, kuhni=, aarmHole=, kuff=, golMoori=, galla=, gallaType=, tera=, patiLambai=, chati=, chati360=, kamar=, kamar360=, daman=, daman360=, shalwar=, shalwarGher=, shalwarPaincha=, pajama=, pajamaWaist=, pajamaPaincha=, lasticPlusDori=, deegar=, chest=null, sleeveLength=null, shoulder=null, hips=null, waist=null, barcode=MeasurementTest03224499009-a6258a0f-5957-478a-8374-b43ad7f93703), 2=CustomerMeasurement(customer=Customer(fullName=MeasurementTest, phoneNumber=03224499009, enabled=false), product=Product(type=SHALWAR, name=شلوار, description=, price=500.00, enabled=true), frontPocket=true, oneSidePocket=false, twoSidePocket=false, shalwarZipPocket=false, shalwarSadaPocket=false, twoPajamaPocket=false, singleSilai=false, doubleSilai=false, chamakSilai=false, flopPocket=false, normalButton=false, touchButton=false, metalButton=false, qameezLength=, qameezType=, bazoo=, kuhni=, aarmHole=, kuff=, golMoori=, galla=, gallaType=, tera=, patiLambai=, chati=, chati360=, kamar=, kamar360=, daman=, daman360=, shalwar=, shalwarGher=, shalwarPaincha=, pajama=, pajamaWaist=, pajamaPaincha=, lasticPlusDori=, deegar=, chest=null, sleeveLength=null, shoulder=null, hips=null, waist=null, barcode=MeasurementTest03224499009-f88efa7f-3df8-4f00-be7b-3c6034348cd9)}, selectedProductIds=[1, 2])
2025-05-10 00:53:04 [abdullateef] INFO  com.example.tailormaster.filter.LoggingInterceptor - User 'abdullateef' is requesting: GET /tailor-master/dashboard/notifications/upcoming-deliveries
2025-05-10 00:53:05 [abdullateef] INFO  com.example.tailormaster.controller.dashboard.DashboardController - Requested upcoming deliveries.
2025-05-10 00:53:05 [abdullateef] INFO  com.example.tailormaster.service.dashboard.DashboardService - Upcoming deliveries fetched: 8
2025-05-10 00:53:05 [abdullateef] INFO  com.example.tailormaster.controller.dashboard.DashboardController - Upcoming deliveries fetched: 8
2025-05-10 00:53:11 [abdullateef] INFO  com.example.tailormaster.filter.LoggingInterceptor - User 'abdullateef' is requesting: POST /tailor-master/customers/update
2025-05-10 00:53:11 [abdullateef] INFO  com.example.tailormaster.controller.CustomerController - Attempting to update customer with encrypted ID: -Jw16Oc6gr6YaVUVTEH74V9-kSt2Zkb0XdCBNe2rhuc=
2025-05-10 00:53:11 [abdullateef] INFO  com.example.tailormaster.service.product.ProductService - Fetching product by ID: 1
2025-05-10 00:53:11 [abdullateef] INFO  com.example.tailormaster.service.product.ProductService - Fetching product by ID: 2
2025-05-10 00:53:11 [abdullateef] INFO  com.example.tailormaster.service.customer.CustomerService - Updating customer with ID: 50
2025-05-10 00:53:11 [abdullateef] INFO  com.example.tailormaster.controller.CustomerController - Customer updated successfully with ID: 50
2025-05-10 00:53:11 [abdullateef] INFO  com.example.tailormaster.filter.LoggingInterceptor - User 'abdullateef' is requesting: GET /tailor-master/customers
2025-05-10 00:53:11 [abdullateef] INFO  com.example.tailormaster.filter.LoggingInterceptor - User 'abdullateef' is requesting: GET /tailor-master/dashboard/notifications/upcoming-deliveries
2025-05-10 00:53:11 [abdullateef] INFO  com.example.tailormaster.controller.dashboard.DashboardController - Requested upcoming deliveries.
2025-05-10 00:53:11 [abdullateef] INFO  com.example.tailormaster.service.dashboard.DashboardService - Upcoming deliveries fetched: 8
2025-05-10 00:53:11 [abdullateef] INFO  com.example.tailormaster.controller.dashboard.DashboardController - Upcoming deliveries fetched: 8
2025-05-10 00:53:11 [abdullateef] INFO  com.example.tailormaster.filter.LoggingInterceptor - User 'abdullateef' is requesting: GET /tailor-master/customers/datatable
2025-05-10 00:53:11 [abdullateef] INFO  com.example.tailormaster.controller.CustomerController - Fetching customers data with search value: , sort direction: asc, start date: null, end date: null
2025-05-10 00:53:14 [abdullateef] INFO  com.example.tailormaster.filter.LoggingInterceptor - User 'abdullateef' is requesting: GET /tailor-master/customers/details/L5-AV6zQK0u_pEaBq2vDVzieXMjDd4g475EeGT0mN7M=
2025-05-10 00:53:14 [abdullateef] INFO  com.example.tailormaster.controller.CustomerController - Displaying details for customer ID (encrypted): L5-AV6zQK0u_pEaBq2vDVzieXMjDd4g475EeGT0mN7M=
2025-05-10 00:53:14 [abdullateef] INFO  com.example.tailormaster.controller.CustomerController - Fetched customer details: Customer(fullName=MeasurementTestt, phoneNumber=03224499009, enabled=false)
2025-05-10 00:53:14 [abdullateef] INFO  com.example.tailormaster.controller.CustomerController - Fetched measurement details: CustomerMeasurement(customer=Customer(fullName=MeasurementTestt, phoneNumber=03224499009, enabled=false), product=Product(type=SHALWAR, name=شلوار, description=, price=500.00, enabled=true), frontPocket=true, oneSidePocket=false, twoSidePocket=false, shalwarZipPocket=false, shalwarSadaPocket=false, twoPajamaPocket=false, singleSilai=false, doubleSilai=false, chamakSilai=false, flopPocket=false, normalButton=false, touchButton=false, metalButton=false, qameezLength=, qameezType=, bazoo=, kuhni=, aarmHole=, kuff=, golMoori=, galla=, gallaType=, tera=, patiLambai=, chati=, chati360=, kamar=, kamar360=, daman=, daman360=, shalwar=, shalwarGher=, shalwarPaincha=, pajama=, pajamaWaist=, pajamaPaincha=, lasticPlusDori=, deegar=, chest=null, sleeveLength=null, shoulder=null, hips=null, waist=null, barcode=null)
2025-05-10 00:53:14 [abdullateef] INFO  com.example.tailormaster.filter.LoggingInterceptor - User 'abdullateef' is requesting: GET /tailor-master/dashboard/notifications/upcoming-deliveries
2025-05-10 00:53:14 [abdullateef] INFO  com.example.tailormaster.controller.dashboard.DashboardController - Requested upcoming deliveries.
2025-05-10 00:53:14 [abdullateef] INFO  com.example.tailormaster.service.dashboard.DashboardService - Upcoming deliveries fetched: 8
2025-05-10 00:53:14 [abdullateef] INFO  com.example.tailormaster.controller.dashboard.DashboardController - Upcoming deliveries fetched: 8
2025-05-10 00:53:34 [abdullateef] INFO  com.example.tailormaster.filter.LoggingInterceptor - User 'abdullateef' is requesting: GET /tailor-master/customers
2025-05-10 00:53:34 [abdullateef] INFO  com.example.tailormaster.filter.LoggingInterceptor - User 'abdullateef' is requesting: GET /tailor-master/dashboard/notifications/upcoming-deliveries
2025-05-10 00:53:34 [abdullateef] INFO  com.example.tailormaster.controller.dashboard.DashboardController - Requested upcoming deliveries.
2025-05-10 00:53:34 [abdullateef] INFO  com.example.tailormaster.service.dashboard.DashboardService - Upcoming deliveries fetched: 8
2025-05-10 00:53:34 [abdullateef] INFO  com.example.tailormaster.controller.dashboard.DashboardController - Upcoming deliveries fetched: 8
2025-05-10 00:53:34 [abdullateef] INFO  com.example.tailormaster.filter.LoggingInterceptor - User 'abdullateef' is requesting: GET /tailor-master/customers/datatable
2025-05-10 00:53:34 [abdullateef] INFO  com.example.tailormaster.controller.CustomerController - Fetching customers data with search value: , sort direction: asc, start date: null, end date: null
2025-05-10 00:53:37 [abdullateef] INFO  com.example.tailormaster.filter.LoggingInterceptor - User 'abdullateef' is requesting: GET /tailor-master/customers/edit/FtnqricMZSG0auPGWBDnhh0b46WWctOZ1mRf2v-wows=
2025-05-10 00:53:37 [abdullateef] INFO  com.example.tailormaster.controller.CustomerController - Displaying edit form for customer ID (encrypted): FtnqricMZSG0auPGWBDnhh0b46WWctOZ1mRf2v-wows=
2025-05-10 00:53:37 [abdullateef] INFO  com.example.tailormaster.service.product.ProductService - Fetching all active products.
2025-05-10 00:53:37 [abdullateef] INFO  com.example.tailormaster.service.product.ProductService - Retrieved 2 active products.
2025-05-10 00:53:37 [abdullateef] INFO  com.example.tailormaster.controller.CustomerController - Populated CustomerRegistrationDTO for edit form: CustomerRegistrationDTO(customer=Customer(fullName=MeasurementTestt, phoneNumber=03224499009, enabled=false), frontPocket=true, oneSidePocket=false, twoSidePocket=false, shalwarZipPocket=false, shalwarSadaPocket=false, twoPajamaPocket=false, singleSilai=false, doubleSilai=false, chamakSilai=false, flopPocket=false, normalButton=false, touchButton=false, metalButton=false, qameezLength=, qameezType=, bazoo=, kuhni=, aarmHole=, kuff=, golMoori=, galla=, gallaType=, tera=, patiLambai=, chati=, chati360=, kamar=, kamar360=, daman=, daman360=, shalwar=, shalwarGher=, shalwarPaincha=, pajama=, pajamaWaist=, pajamaPaincha=, lasticPlusDori=, deegar=, measurement=null, products=[Product(type=QAMEEZ, name=قميض, description=, price=2000.00, enabled=true), Product(type=SHALWAR, name=شلوار, description=, price=500.00, enabled=true)], customerMeasurements={1=CustomerMeasurement(customer=Customer(fullName=MeasurementTestt, phoneNumber=03224499009, enabled=false), product=Product(type=QAMEEZ, name=قميض, description=, price=2000.00, enabled=true), frontPocket=true, oneSidePocket=false, twoSidePocket=false, shalwarZipPocket=false, shalwarSadaPocket=false, twoPajamaPocket=false, singleSilai=false, doubleSilai=false, chamakSilai=false, flopPocket=false, normalButton=false, touchButton=false, metalButton=false, qameezLength=, qameezType=, bazoo=, kuhni=, aarmHole=, kuff=, golMoori=, galla=, gallaType=, tera=, patiLambai=, chati=, chati360=, kamar=, kamar360=, daman=, daman360=, shalwar=, shalwarGher=, shalwarPaincha=, pajama=, pajamaWaist=, pajamaPaincha=, lasticPlusDori=, deegar=, chest=null, sleeveLength=null, shoulder=null, hips=null, waist=null, barcode=null), 2=CustomerMeasurement(customer=Customer(fullName=MeasurementTestt, phoneNumber=03224499009, enabled=false), product=Product(type=SHALWAR, name=شلوار, description=, price=500.00, enabled=true), frontPocket=true, oneSidePocket=false, twoSidePocket=false, shalwarZipPocket=false, shalwarSadaPocket=false, twoPajamaPocket=false, singleSilai=false, doubleSilai=false, chamakSilai=false, flopPocket=false, normalButton=false, touchButton=false, metalButton=false, qameezLength=, qameezType=, bazoo=, kuhni=, aarmHole=, kuff=, golMoori=, galla=, gallaType=, tera=, patiLambai=, chati=, chati360=, kamar=, kamar360=, daman=, daman360=, shalwar=, shalwarGher=, shalwarPaincha=, pajama=, pajamaWaist=, pajamaPaincha=, lasticPlusDori=, deegar=, chest=null, sleeveLength=null, shoulder=null, hips=null, waist=null, barcode=null)}, selectedProductIds=[1, 2])
2025-05-10 00:53:38 [abdullateef] INFO  com.example.tailormaster.filter.LoggingInterceptor - User 'abdullateef' is requesting: GET /tailor-master/dashboard/notifications/upcoming-deliveries
2025-05-10 00:53:38 [abdullateef] INFO  com.example.tailormaster.controller.dashboard.DashboardController - Requested upcoming deliveries.
2025-05-10 00:53:38 [abdullateef] INFO  com.example.tailormaster.service.dashboard.DashboardService - Upcoming deliveries fetched: 8
2025-05-10 00:53:38 [abdullateef] INFO  com.example.tailormaster.controller.dashboard.DashboardController - Upcoming deliveries fetched: 8
2025-05-10 00:53:51 [abdullateef] INFO  com.example.tailormaster.filter.LoggingInterceptor - User 'abdullateef' is requesting: POST /tailor-master/customers/update
2025-05-10 00:53:51 [abdullateef] INFO  com.example.tailormaster.controller.CustomerController - Attempting to update customer with encrypted ID: klUMITRkRb08s3LTl1GsiHTsoW5JP5hkM0tMYQLI1cQ=
2025-05-10 00:53:51 [abdullateef] INFO  com.example.tailormaster.service.product.ProductService - Fetching product by ID: 1
2025-05-10 00:53:51 [abdullateef] INFO  com.example.tailormaster.service.product.ProductService - Fetching product by ID: 2
2025-05-10 00:53:51 [abdullateef] INFO  com.example.tailormaster.service.customer.CustomerService - Updating customer with ID: 50
2025-05-10 00:53:51 [abdullateef] INFO  com.example.tailormaster.controller.CustomerController - Customer updated successfully with ID: 50
2025-05-10 00:53:51 [abdullateef] INFO  com.example.tailormaster.filter.LoggingInterceptor - User 'abdullateef' is requesting: GET /tailor-master/customers
2025-05-10 00:53:51 [abdullateef] INFO  com.example.tailormaster.filter.LoggingInterceptor - User 'abdullateef' is requesting: GET /tailor-master/dashboard/notifications/upcoming-deliveries
2025-05-10 00:53:51 [abdullateef] INFO  com.example.tailormaster.filter.LoggingInterceptor - User 'abdullateef' is requesting: GET /tailor-master/customers/datatable
2025-05-10 00:53:51 [abdullateef] INFO  com.example.tailormaster.controller.dashboard.DashboardController - Requested upcoming deliveries.
2025-05-10 00:53:51 [abdullateef] INFO  com.example.tailormaster.service.dashboard.DashboardService - Upcoming deliveries fetched: 8
2025-05-10 00:53:51 [abdullateef] INFO  com.example.tailormaster.controller.dashboard.DashboardController - Upcoming deliveries fetched: 8
2025-05-10 00:53:51 [abdullateef] INFO  com.example.tailormaster.controller.CustomerController - Fetching customers data with search value: , sort direction: asc, start date: null, end date: null
2025-05-10 00:53:54 [abdullateef] INFO  com.example.tailormaster.filter.LoggingInterceptor - User 'abdullateef' is requesting: GET /tailor-master/customers/details/FJA3Tx1GiCqfoWjPRJJhTmmhlclc_MXBOGqNUWtHsRE=
2025-05-10 00:53:54 [abdullateef] INFO  com.example.tailormaster.controller.CustomerController - Displaying details for customer ID (encrypted): FJA3Tx1GiCqfoWjPRJJhTmmhlclc_MXBOGqNUWtHsRE=
2025-05-10 00:53:54 [abdullateef] INFO  com.example.tailormaster.controller.CustomerController - Fetched customer details: Customer(fullName=MeasurementTest, phoneNumber=03224499009, enabled=false)
2025-05-10 00:53:54 [abdullateef] INFO  com.example.tailormaster.controller.CustomerController - Fetched measurement details: CustomerMeasurement(customer=Customer(fullName=MeasurementTest, phoneNumber=03224499009, enabled=false), product=Product(type=QAMEEZ, name=قميض, description=, price=2000.00, enabled=true), frontPocket=true, oneSidePocket=true, twoSidePocket=false, shalwarZipPocket=false, shalwarSadaPocket=false, twoPajamaPocket=false, singleSilai=false, doubleSilai=false, chamakSilai=false, flopPocket=false, normalButton=false, touchButton=false, metalButton=false, qameezLength=, qameezType=, bazoo=, kuhni=, aarmHole=, kuff=, golMoori=, galla=, gallaType=, tera=, patiLambai=, chati=, chati360=, kamar=, kamar360=, daman=, daman360=, shalwar=, shalwarGher=, shalwarPaincha=, pajama=, pajamaWaist=, pajamaPaincha=, lasticPlusDori=, deegar=, chest=null, sleeveLength=null, shoulder=null, hips=null, waist=null, barcode=null)
2025-05-10 00:53:54 [abdullateef] INFO  com.example.tailormaster.filter.LoggingInterceptor - User 'abdullateef' is requesting: GET /tailor-master/dashboard/notifications/upcoming-deliveries
2025-05-10 00:53:54 [abdullateef] INFO  com.example.tailormaster.controller.dashboard.DashboardController - Requested upcoming deliveries.
2025-05-10 00:53:54 [abdullateef] INFO  com.example.tailormaster.service.dashboard.DashboardService - Upcoming deliveries fetched: 8
2025-05-10 00:53:54 [abdullateef] INFO  com.example.tailormaster.controller.dashboard.DashboardController - Upcoming deliveries fetched: 8
2025-05-10 00:58:17 [] INFO  org.springframework.boot.web.embedded.tomcat.GracefulShutdown - Commencing graceful shutdown. Waiting for active requests to complete
2025-05-10 00:58:19 [] INFO  org.springframework.boot.web.embedded.tomcat.GracefulShutdown - Graceful shutdown complete
2025-05-10 00:58:19 [] INFO  org.springframework.orm.jpa.LocalContainerEntityManagerFactoryBean - Closing JPA EntityManagerFactory for persistence unit 'default'
2025-05-10 00:58:19 [] INFO  com.zaxxer.hikari.HikariDataSource - HikariPool-3 - Shutdown initiated...
2025-05-10 00:58:19 [] INFO  com.zaxxer.hikari.HikariDataSource - HikariPool-3 - Shutdown completed.
2025-05-10 00:58:39 [] INFO  org.hibernate.validator.internal.util.Version - HV000001: Hibernate Validator 8.0.2.Final
2025-05-10 00:58:39 [] INFO  com.example.tailormaster.TailorMasterAppApplication - Starting TailorMasterAppApplication using Java 17.0.2 with PID 576 (E:\Development-Workspaces\tailor-master-app\tailor-master-app\target\classes started by wajiz.pk in E:\Development-Workspaces\tailor-master-app\tailor-master-app)
2025-05-10 00:58:39 [] INFO  com.example.tailormaster.TailorMasterAppApplication - No active profile set, falling back to 1 default profile: "default"
2025-05-10 00:58:39 [] INFO  org.springframework.boot.devtools.env.DevToolsPropertyDefaultsPostProcessor - Devtools property defaults active! Set 'spring.devtools.add-properties' to 'false' to disable
2025-05-10 00:58:39 [] INFO  org.springframework.boot.devtools.env.DevToolsPropertyDefaultsPostProcessor - For additional web related logging consider setting the 'logging.level.web' property to 'DEBUG'
2025-05-10 00:58:42 [] INFO  org.springframework.data.repository.config.RepositoryConfigurationDelegate - Bootstrapping Spring Data JPA repositories in DEFAULT mode.
2025-05-10 00:58:42 [] INFO  org.springframework.data.repository.config.RepositoryConfigurationDelegate - Finished Spring Data repository scanning in 382 ms. Found 12 JPA repository interfaces.
2025-05-10 00:58:44 [] INFO  org.springframework.boot.web.embedded.tomcat.TomcatWebServer - Tomcat initialized with port 8080 (http)
2025-05-10 00:58:44 [] INFO  org.apache.coyote.http11.Http11NioProtocol - Initializing ProtocolHandler ["http-nio-8080"]
2025-05-10 00:58:44 [] INFO  org.apache.catalina.core.StandardService - Starting service [Tomcat]
2025-05-10 00:58:44 [] INFO  org.apache.catalina.core.StandardEngine - Starting Servlet engine: [Apache Tomcat/10.1.40]
2025-05-10 00:58:44 [] INFO  org.apache.catalina.core.ContainerBase.[Tomcat].[localhost].[/tailor-master] - Initializing Spring embedded WebApplicationContext
2025-05-10 00:58:44 [] INFO  org.springframework.boot.web.servlet.context.ServletWebServerApplicationContext - Root WebApplicationContext: initialization completed in 4789 ms
2025-05-10 00:58:45 [] INFO  org.hibernate.jpa.internal.util.LogHelper - HHH000204: Processing PersistenceUnitInfo [name: default]
2025-05-10 00:58:45 [] INFO  org.hibernate.Version - HHH000412: Hibernate ORM core version 6.6.4.Final
2025-05-10 00:58:45 [] INFO  org.hibernate.cache.internal.RegionFactoryInitiator - HHH000026: Second-level cache disabled
2025-05-10 00:58:46 [] INFO  org.springframework.orm.jpa.persistenceunit.SpringPersistenceUnitInfo - No LoadTimeWeaver setup: ignoring JPA class transformer
2025-05-10 00:58:46 [] INFO  com.zaxxer.hikari.HikariDataSource - HikariPool-1 - Starting...
2025-05-10 00:58:47 [] INFO  com.zaxxer.hikari.pool.HikariPool - HikariPool-1 - Added connection com.mysql.cj.jdbc.ConnectionImpl@17ecacb6
2025-05-10 00:58:47 [] INFO  com.zaxxer.hikari.HikariDataSource - HikariPool-1 - Start completed.
2025-05-10 00:58:47 [] INFO  org.hibernate.orm.connections.pooling - HHH10001005: Database info:
	Database JDBC URL [Connecting through datasource 'HikariDataSource (HikariPool-1)']
	Database driver: undefined/unknown
	Database version: 8.0.28
	Autocommit mode: undefined/unknown
	Isolation level: undefined/unknown
	Minimum pool size: undefined/unknown
	Maximum pool size: undefined/unknown
2025-05-10 00:58:50 [] INFO  org.hibernate.engine.transaction.jta.platform.internal.JtaPlatformInitiator - HHH000489: No JTA platform available (set 'hibernate.transaction.jta.platform' to enable JTA platform integration)
2025-05-10 00:58:51 [] INFO  org.springframework.orm.jpa.LocalContainerEntityManagerFactoryBean - Initialized JPA EntityManagerFactory for persistence unit 'default'
2025-05-10 00:58:51 [] INFO  org.springframework.data.jpa.repository.query.QueryEnhancerFactory - Hibernate is in classpath; If applicable, HQL parser will be used.
2025-05-10 00:58:57 [] WARN  org.springframework.boot.autoconfigure.orm.jpa.JpaBaseConfiguration$JpaWebConfiguration - spring.jpa.open-in-view is enabled by default. Therefore, database queries may be performed during view rendering. Explicitly configure spring.jpa.open-in-view to disable this warning
2025-05-10 00:58:57 [] INFO  org.springframework.security.config.annotation.authentication.configuration.InitializeAuthenticationProviderBeanManagerConfigurer$InitializeAuthenticationProviderManagerConfigurer - Global AuthenticationManager configured with AuthenticationProvider bean with name authenticationProvider
2025-05-10 00:58:57 [] WARN  org.springframework.security.config.annotation.authentication.configuration.InitializeUserDetailsBeanManagerConfigurer$InitializeUserDetailsManagerConfigurer - Global AuthenticationManager configured with an AuthenticationProvider bean. UserDetailsService beans will not be used by Spring Security for automatically configuring username/password login. Consider removing the AuthenticationProvider bean. Alternatively, consider using the UserDetailsService in a manually instantiated DaoAuthenticationProvider. If the current configuration is intentional, to turn off this warning, increase the logging level of 'org.springframework.security.config.annotation.authentication.configuration.InitializeUserDetailsBeanManagerConfigurer' to ERROR
2025-05-10 00:58:59 [] INFO  org.springframework.boot.devtools.autoconfigure.OptionalLiveReloadServer - LiveReload server is running on port 35729
2025-05-10 00:58:59 [] INFO  org.apache.coyote.http11.Http11NioProtocol - Starting ProtocolHandler ["http-nio-8080"]
2025-05-10 00:58:59 [] INFO  org.springframework.boot.web.embedded.tomcat.TomcatWebServer - Tomcat started on port 8080 (http) with context path '/tailor-master'
2025-05-10 00:58:59 [] INFO  com.example.tailormaster.TailorMasterAppApplication - Started TailorMasterAppApplication in 21.34 seconds (process running for 25.165)
2025-05-10 00:59:09 [] INFO  org.apache.catalina.core.ContainerBase.[Tomcat].[localhost].[/tailor-master] - Initializing Spring DispatcherServlet 'dispatcherServlet'
2025-05-10 00:59:09 [] INFO  org.springframework.web.servlet.DispatcherServlet - Initializing Servlet 'dispatcherServlet'
2025-05-10 00:59:09 [] INFO  org.springframework.web.servlet.DispatcherServlet - Completed initialization in 1 ms
2025-05-10 00:59:09 [abdullateef] INFO  com.example.tailormaster.filter.LoggingInterceptor - User 'abdullateef' is requesting: GET /tailor-master/customers/details/FJA3Tx1GiCqfoWjPRJJhTmmhlclc_MXBOGqNUWtHsRE=
2025-05-10 00:59:10 [abdullateef] INFO  com.example.tailormaster.controller.CustomerController - Displaying details for customer ID (encrypted): FJA3Tx1GiCqfoWjPRJJhTmmhlclc_MXBOGqNUWtHsRE=
2025-05-10 00:59:10 [abdullateef] INFO  com.example.tailormaster.controller.CustomerController - Fetched customer details: Customer(fullName=MeasurementTest, phoneNumber=03224499009, enabled=false)
2025-05-10 00:59:10 [abdullateef] INFO  com.example.tailormaster.controller.CustomerController - Fetched measurement details: CustomerMeasurement(customer=Customer(fullName=MeasurementTest, phoneNumber=03224499009, enabled=false), product=Product(type=QAMEEZ, name=قميض, description=, price=2000.00, enabled=true), frontPocket=true, oneSidePocket=true, twoSidePocket=false, shalwarZipPocket=false, shalwarSadaPocket=false, twoPajamaPocket=false, singleSilai=false, doubleSilai=false, chamakSilai=false, flopPocket=false, normalButton=false, touchButton=false, metalButton=false, qameezLength=, qameezType=, bazoo=, kuhni=, aarmHole=, kuff=, golMoori=, galla=, gallaType=, tera=, patiLambai=, chati=, chati360=, kamar=, kamar360=, daman=, daman360=, shalwar=, shalwarGher=, shalwarPaincha=, pajama=, pajamaWaist=, pajamaPaincha=, lasticPlusDori=, deegar=, chest=null, sleeveLength=null, shoulder=null, hips=null, waist=null, barcode=null)
2025-05-10 00:59:12 [abdullateef] INFO  com.example.tailormaster.filter.LoggingInterceptor - User 'abdullateef' is requesting: GET /tailor-master/dashboard/notifications/upcoming-deliveries
2025-05-10 00:59:12 [abdullateef] INFO  com.example.tailormaster.controller.dashboard.DashboardController - Requested upcoming deliveries.
2025-05-10 00:59:12 [abdullateef] INFO  com.example.tailormaster.service.dashboard.DashboardService - Upcoming deliveries fetched: 8
2025-05-10 00:59:12 [abdullateef] INFO  com.example.tailormaster.controller.dashboard.DashboardController - Upcoming deliveries fetched: 8
2025-05-10 00:59:25 [] INFO  org.springframework.boot.web.embedded.tomcat.GracefulShutdown - Commencing graceful shutdown. Waiting for active requests to complete
2025-05-10 00:59:27 [] INFO  org.springframework.boot.web.embedded.tomcat.GracefulShutdown - Graceful shutdown complete
2025-05-10 00:59:27 [] INFO  org.springframework.orm.jpa.LocalContainerEntityManagerFactoryBean - Closing JPA EntityManagerFactory for persistence unit 'default'
2025-05-10 00:59:27 [] INFO  com.zaxxer.hikari.HikariDataSource - HikariPool-1 - Shutdown initiated...
2025-05-10 00:59:27 [] INFO  com.zaxxer.hikari.HikariDataSource - HikariPool-1 - Shutdown completed.
2025-05-10 19:12:15 [] INFO  org.hibernate.validator.internal.util.Version - HV000001: Hibernate Validator 8.0.2.Final
2025-05-10 19:12:15 [] INFO  com.example.tailormaster.TailorMasterAppApplication - Starting TailorMasterAppApplication using Java 17.0.2 with PID 3620 (E:\Development-Workspaces\tailor-master-app\tailor-master-app\target\classes started by wajiz.pk in E:\Development-Workspaces\tailor-master-app\tailor-master-app)
2025-05-10 19:12:15 [] INFO  com.example.tailormaster.TailorMasterAppApplication - No active profile set, falling back to 1 default profile: "default"
2025-05-10 19:12:15 [] INFO  org.springframework.boot.devtools.env.DevToolsPropertyDefaultsPostProcessor - Devtools property defaults active! Set 'spring.devtools.add-properties' to 'false' to disable
2025-05-10 19:12:15 [] INFO  org.springframework.boot.devtools.env.DevToolsPropertyDefaultsPostProcessor - For additional web related logging consider setting the 'logging.level.web' property to 'DEBUG'
2025-05-10 19:12:17 [] INFO  org.springframework.data.repository.config.RepositoryConfigurationDelegate - Bootstrapping Spring Data JPA repositories in DEFAULT mode.
2025-05-10 19:12:18 [] INFO  org.springframework.data.repository.config.RepositoryConfigurationDelegate - Finished Spring Data repository scanning in 236 ms. Found 12 JPA repository interfaces.
2025-05-10 19:12:19 [] INFO  org.springframework.boot.web.embedded.tomcat.TomcatWebServer - Tomcat initialized with port 8080 (http)
2025-05-10 19:12:19 [] INFO  org.apache.coyote.http11.Http11NioProtocol - Initializing ProtocolHandler ["http-nio-8080"]
2025-05-10 19:12:19 [] INFO  org.apache.catalina.core.StandardService - Starting service [Tomcat]
2025-05-10 19:12:19 [] INFO  org.apache.catalina.core.StandardEngine - Starting Servlet engine: [Apache Tomcat/10.1.40]
2025-05-10 19:12:19 [] INFO  org.apache.catalina.core.ContainerBase.[Tomcat].[localhost].[/tailor-master] - Initializing Spring embedded WebApplicationContext
2025-05-10 19:12:19 [] INFO  org.springframework.boot.web.servlet.context.ServletWebServerApplicationContext - Root WebApplicationContext: initialization completed in 3930 ms
2025-05-10 19:12:20 [] INFO  org.hibernate.jpa.internal.util.LogHelper - HHH000204: Processing PersistenceUnitInfo [name: default]
2025-05-10 19:12:20 [] INFO  org.hibernate.Version - HHH000412: Hibernate ORM core version 6.6.4.Final
2025-05-10 19:12:20 [] INFO  org.hibernate.cache.internal.RegionFactoryInitiator - HHH000026: Second-level cache disabled
2025-05-10 19:12:20 [] INFO  org.springframework.orm.jpa.persistenceunit.SpringPersistenceUnitInfo - No LoadTimeWeaver setup: ignoring JPA class transformer
2025-05-10 19:12:20 [] INFO  com.zaxxer.hikari.HikariDataSource - HikariPool-1 - Starting...
2025-05-10 19:12:21 [] INFO  com.zaxxer.hikari.pool.HikariPool - HikariPool-1 - Added connection com.mysql.cj.jdbc.ConnectionImpl@355f7f62
2025-05-10 19:12:21 [] INFO  com.zaxxer.hikari.HikariDataSource - HikariPool-1 - Start completed.
2025-05-10 19:12:22 [] INFO  org.hibernate.orm.connections.pooling - HHH10001005: Database info:
	Database JDBC URL [Connecting through datasource 'HikariDataSource (HikariPool-1)']
	Database driver: undefined/unknown
	Database version: 8.0.28
	Autocommit mode: undefined/unknown
	Isolation level: undefined/unknown
	Minimum pool size: undefined/unknown
	Maximum pool size: undefined/unknown
2025-05-10 19:12:24 [] INFO  org.hibernate.engine.transaction.jta.platform.internal.JtaPlatformInitiator - HHH000489: No JTA platform available (set 'hibernate.transaction.jta.platform' to enable JTA platform integration)
2025-05-10 19:12:24 [] INFO  org.springframework.orm.jpa.LocalContainerEntityManagerFactoryBean - Initialized JPA EntityManagerFactory for persistence unit 'default'
2025-05-10 19:12:25 [] INFO  org.springframework.data.jpa.repository.query.QueryEnhancerFactory - Hibernate is in classpath; If applicable, HQL parser will be used.
2025-05-10 19:12:29 [] WARN  org.springframework.boot.autoconfigure.orm.jpa.JpaBaseConfiguration$JpaWebConfiguration - spring.jpa.open-in-view is enabled by default. Therefore, database queries may be performed during view rendering. Explicitly configure spring.jpa.open-in-view to disable this warning
2025-05-10 19:12:29 [] INFO  org.springframework.security.config.annotation.authentication.configuration.InitializeAuthenticationProviderBeanManagerConfigurer$InitializeAuthenticationProviderManagerConfigurer - Global AuthenticationManager configured with AuthenticationProvider bean with name authenticationProvider
2025-05-10 19:12:29 [] WARN  org.springframework.security.config.annotation.authentication.configuration.InitializeUserDetailsBeanManagerConfigurer$InitializeUserDetailsManagerConfigurer - Global AuthenticationManager configured with an AuthenticationProvider bean. UserDetailsService beans will not be used by Spring Security for automatically configuring username/password login. Consider removing the AuthenticationProvider bean. Alternatively, consider using the UserDetailsService in a manually instantiated DaoAuthenticationProvider. If the current configuration is intentional, to turn off this warning, increase the logging level of 'org.springframework.security.config.annotation.authentication.configuration.InitializeUserDetailsBeanManagerConfigurer' to ERROR
2025-05-10 19:12:31 [] INFO  org.springframework.boot.devtools.autoconfigure.OptionalLiveReloadServer - LiveReload server is running on port 35729
2025-05-10 19:12:31 [] INFO  org.apache.coyote.http11.Http11NioProtocol - Starting ProtocolHandler ["http-nio-8080"]
2025-05-10 19:12:31 [] INFO  org.springframework.boot.web.embedded.tomcat.TomcatWebServer - Tomcat started on port 8080 (http) with context path '/tailor-master'
2025-05-10 19:12:31 [] INFO  com.example.tailormaster.TailorMasterAppApplication - Started TailorMasterAppApplication in 17.345 seconds (process running for 24.662)
2025-05-10 19:32:47 [] INFO  org.apache.catalina.core.ContainerBase.[Tomcat].[localhost].[/tailor-master] - Initializing Spring DispatcherServlet 'dispatcherServlet'
2025-05-10 19:32:47 [] INFO  org.springframework.web.servlet.DispatcherServlet - Initializing Servlet 'dispatcherServlet'
2025-05-10 19:32:47 [] INFO  org.springframework.web.servlet.DispatcherServlet - Completed initialization in 24 ms
2025-05-10 19:32:48 [] WARN  org.apache.catalina.util.SessionIdGeneratorBase - Creation of SecureRandom instance for session ID generation using [SHA1PRNG] took [424] milliseconds.
2025-05-10 19:32:48 [ANONYMOUS] INFO  com.example.tailormaster.filter.LoggingInterceptor - User 'ANONYMOUS' is requesting: GET /tailor-master/login
2025-05-10 19:32:48 [ANONYMOUS] INFO  com.example.tailormaster.controller.AuthController - Accessed login page
2025-05-10 19:33:47 [abdullateef] INFO  com.example.tailormaster.filter.LoggingInterceptor - User 'abdullateef' is requesting: GET /tailor-master/dashboard
2025-05-10 19:33:47 [abdullateef] INFO  com.example.tailormaster.controller.AuthController - User 'abdullateef' accessed the dashboard
2025-05-10 19:33:50 [abdullateef] INFO  com.example.tailormaster.filter.LoggingInterceptor - User 'abdullateef' is requesting: GET /tailor-master/dashboard/notifications/upcoming-deliveries
2025-05-10 19:33:50 [abdullateef] INFO  com.example.tailormaster.filter.LoggingInterceptor - User 'abdullateef' is requesting: GET /tailor-master/dashboard/total-orders
2025-05-10 19:33:50 [abdullateef] INFO  com.example.tailormaster.filter.LoggingInterceptor - User 'abdullateef' is requesting: GET /tailor-master/dashboard/revenue-this-month
2025-05-10 19:33:50 [abdullateef] INFO  com.example.tailormaster.filter.LoggingInterceptor - User 'abdullateef' is requesting: GET /tailor-master/dashboard/monthly-revenue-trends
2025-05-10 19:33:50 [abdullateef] INFO  com.example.tailormaster.filter.LoggingInterceptor - User 'abdullateef' is requesting: GET /tailor-master/dashboard/total-customers
2025-05-10 19:33:50 [abdullateef] INFO  com.example.tailormaster.filter.LoggingInterceptor - User 'abdullateef' is requesting: GET /tailor-master/dashboard/pending-payments
2025-05-10 19:33:50 [abdullateef] INFO  com.example.tailormaster.controller.dashboard.DashboardController - Requested upcoming deliveries.
2025-05-10 19:33:50 [abdullateef] INFO  com.example.tailormaster.controller.dashboard.DashboardController - Requested total customers.
2025-05-10 19:33:50 [abdullateef] INFO  com.example.tailormaster.controller.dashboard.DashboardController - Requested pending payments.
2025-05-10 19:33:50 [abdullateef] INFO  com.example.tailormaster.controller.dashboard.DashboardController - Requested revenue-this-month.
2025-05-10 19:33:50 [abdullateef] INFO  com.example.tailormaster.controller.dashboard.DashboardController - Requested monthly-revenue-trends.
2025-05-10 19:33:50 [abdullateef] INFO  com.example.tailormaster.controller.dashboard.DashboardController - Requested total orders.
2025-05-10 19:33:50 [abdullateef] INFO  com.example.tailormaster.service.dashboard.DashboardService - Total pending payments: 7
2025-05-10 19:33:50 [abdullateef] INFO  com.example.tailormaster.controller.dashboard.DashboardController - Pending payments: 7
2025-05-10 19:33:50 [abdullateef] INFO  com.example.tailormaster.service.dashboard.DashboardService - Revenue this month: 12000.00
2025-05-10 19:33:50 [abdullateef] INFO  com.example.tailormaster.controller.dashboard.DashboardController - Revenue this month: 12000.00
2025-05-10 19:33:50 [abdullateef] INFO  com.example.tailormaster.filter.LoggingInterceptor - User 'abdullateef' is requesting: GET /tailor-master/dashboard/order-status-counts
2025-05-10 19:33:50 [abdullateef] INFO  com.example.tailormaster.controller.dashboard.DashboardController - Requested order-status-counts.
2025-05-10 19:33:50 [abdullateef] INFO  com.example.tailormaster.service.dashboard.DashboardService - Monthly revenue trends fetched successfully
2025-05-10 19:33:50 [abdullateef] INFO  com.example.tailormaster.service.dashboard.DashboardService - Order status counts: {Cancelled=1, Pending=7, InProgress=1, Completed=41, Ready for Pickup=7}
2025-05-10 19:33:50 [abdullateef] INFO  com.example.tailormaster.controller.dashboard.DashboardController - Order status counts: {Cancelled=1, Pending=7, InProgress=1, Completed=41, Ready for Pickup=7}
2025-05-10 19:33:50 [abdullateef] INFO  com.example.tailormaster.service.dashboard.DashboardService - Upcoming deliveries fetched: 8
2025-05-10 19:33:50 [abdullateef] INFO  com.example.tailormaster.controller.dashboard.DashboardController - Upcoming deliveries fetched: 8
2025-05-10 19:33:50 [abdullateef] INFO  com.example.tailormaster.filter.LoggingInterceptor - User 'abdullateef' is requesting: GET /tailor-master/dashboard/recent-orders
2025-05-10 19:33:50 [abdullateef] INFO  com.example.tailormaster.controller.dashboard.DashboardController - Requested recent-orders.
2025-05-10 19:33:50 [abdullateef] INFO  com.example.tailormaster.filter.LoggingInterceptor - User 'abdullateef' is requesting: GET /tailor-master/dashboard/customers/top
2025-05-10 19:33:50 [abdullateef] INFO  com.example.tailormaster.service.dashboard.DashboardService - Recent orders fetched: 5 orders
2025-05-10 19:33:50 [abdullateef] INFO  com.example.tailormaster.controller.dashboard.DashboardController - Recent orders fetched: 5
2025-05-10 19:33:50 [abdullateef] INFO  com.example.tailormaster.controller.dashboard.DashboardController - Requested top customers.
2025-05-10 19:33:50 [abdullateef] INFO  com.example.tailormaster.service.dashboard.DashboardService - Top customers fetched: 5
2025-05-10 19:33:50 [abdullateef] INFO  com.example.tailormaster.controller.dashboard.DashboardController - Top customers fetched: 5
2025-05-10 19:33:50 [abdullateef] INFO  com.example.tailormaster.service.dashboard.DashboardService - Total orders: 50
2025-05-10 19:33:50 [abdullateef] INFO  com.example.tailormaster.service.dashboard.DashboardService - Total customers: 50
2025-05-10 19:33:50 [abdullateef] INFO  com.example.tailormaster.controller.dashboard.DashboardController - Total orders: 50
2025-05-10 19:33:50 [abdullateef] INFO  com.example.tailormaster.controller.dashboard.DashboardController - Total customers: 50
2025-05-10 19:33:59 [abdullateef] INFO  com.example.tailormaster.filter.LoggingInterceptor - User 'abdullateef' is requesting: GET /tailor-master/customers
2025-05-10 19:33:59 [abdullateef] INFO  com.example.tailormaster.filter.LoggingInterceptor - User 'abdullateef' is requesting: GET /tailor-master/dashboard/notifications/upcoming-deliveries
2025-05-10 19:33:59 [abdullateef] INFO  com.example.tailormaster.controller.dashboard.DashboardController - Requested upcoming deliveries.
2025-05-10 19:33:59 [abdullateef] INFO  com.example.tailormaster.service.dashboard.DashboardService - Upcoming deliveries fetched: 8
2025-05-10 19:33:59 [abdullateef] INFO  com.example.tailormaster.controller.dashboard.DashboardController - Upcoming deliveries fetched: 8
2025-05-10 19:33:59 [abdullateef] INFO  com.example.tailormaster.filter.LoggingInterceptor - User 'abdullateef' is requesting: GET /tailor-master/customers/datatable
2025-05-10 19:34:00 [abdullateef] INFO  com.example.tailormaster.controller.CustomerController - Fetching customers data with search value: , sort direction: asc, start date: null, end date: null
2025-05-10 19:34:02 [abdullateef] INFO  com.example.tailormaster.filter.LoggingInterceptor - User 'abdullateef' is requesting: GET /tailor-master/customers/details/K1QtpUqcORBl5oAz7HhwvbD3VmVT2S8MMPQDz-bgNgc=
2025-05-10 19:34:02 [abdullateef] INFO  com.example.tailormaster.controller.CustomerController - Displaying details for customer ID (encrypted): K1QtpUqcORBl5oAz7HhwvbD3VmVT2S8MMPQDz-bgNgc=
2025-05-10 19:34:02 [abdullateef] INFO  com.example.tailormaster.controller.CustomerController - Fetched customer details: Customer(fullName=MeasurementTest, phoneNumber=03224499009, enabled=false)
2025-05-10 19:34:02 [abdullateef] INFO  com.example.tailormaster.controller.CustomerController - Fetched measurement details: CustomerMeasurement(customer=Customer(fullName=MeasurementTest, phoneNumber=03224499009, enabled=false), product=Product(type=QAMEEZ, name=قميض, description=, price=2000.00, enabled=true), frontPocket=true, oneSidePocket=true, twoSidePocket=false, shalwarZipPocket=false, shalwarSadaPocket=false, twoPajamaPocket=false, singleSilai=false, doubleSilai=false, chamakSilai=false, flopPocket=false, normalButton=false, touchButton=false, metalButton=false, qameezLength=, qameezType=, bazoo=, kuhni=, aarmHole=, kuff=, golMoori=, galla=, gallaType=, tera=, patiLambai=, chati=, chati360=, kamar=, kamar360=, daman=, daman360=, shalwar=, shalwarGher=, shalwarPaincha=, pajama=, pajamaWaist=, pajamaPaincha=, lasticPlusDori=, deegar=, chest=null, sleeveLength=null, shoulder=null, hips=null, waist=null, barcode=null)
2025-05-10 19:34:03 [abdullateef] INFO  com.example.tailormaster.filter.LoggingInterceptor - User 'abdullateef' is requesting: GET /tailor-master/dashboard/notifications/upcoming-deliveries
2025-05-10 19:34:03 [abdullateef] INFO  com.example.tailormaster.controller.dashboard.DashboardController - Requested upcoming deliveries.
2025-05-10 19:34:03 [abdullateef] INFO  com.example.tailormaster.service.dashboard.DashboardService - Upcoming deliveries fetched: 8
2025-05-10 19:34:03 [abdullateef] INFO  com.example.tailormaster.controller.dashboard.DashboardController - Upcoming deliveries fetched: 8
2025-05-10 19:34:19 [abdullateef] INFO  com.example.tailormaster.filter.LoggingInterceptor - User 'abdullateef' is requesting: GET /tailor-master/customers/edit/sM3BG-dgR6WbPpy2Fhlj4HkjQ79USzoLMJdRQCnvrks=
2025-05-10 19:34:19 [abdullateef] INFO  com.example.tailormaster.controller.CustomerController - Displaying edit form for customer ID (encrypted): sM3BG-dgR6WbPpy2Fhlj4HkjQ79USzoLMJdRQCnvrks=
2025-05-10 19:34:19 [abdullateef] INFO  com.example.tailormaster.service.product.ProductService - Fetching all active products.
2025-05-10 19:34:19 [abdullateef] INFO  com.example.tailormaster.service.product.ProductService - Retrieved 2 active products.
2025-05-10 19:34:19 [abdullateef] INFO  com.example.tailormaster.controller.CustomerController - Populated CustomerRegistrationDTO for edit form: CustomerRegistrationDTO(customer=Customer(fullName=MeasurementTest, phoneNumber=03224499009, enabled=false), frontPocket=true, oneSidePocket=true, twoSidePocket=false, shalwarZipPocket=false, shalwarSadaPocket=false, twoPajamaPocket=false, singleSilai=false, doubleSilai=false, chamakSilai=false, flopPocket=false, normalButton=false, touchButton=false, metalButton=false, qameezLength=, qameezType=, bazoo=, kuhni=, aarmHole=, kuff=, golMoori=, galla=, gallaType=, tera=, patiLambai=, chati=, chati360=, kamar=, kamar360=, daman=, daman360=, shalwar=, shalwarGher=, shalwarPaincha=, pajama=, pajamaWaist=, pajamaPaincha=, lasticPlusDori=, deegar=, measurement=null, products=[Product(type=QAMEEZ, name=قميض, description=, price=2000.00, enabled=true), Product(type=SHALWAR, name=شلوار, description=, price=500.00, enabled=true)], customerMeasurements={1=CustomerMeasurement(customer=Customer(fullName=MeasurementTest, phoneNumber=03224499009, enabled=false), product=Product(type=QAMEEZ, name=قميض, description=, price=2000.00, enabled=true), frontPocket=true, oneSidePocket=true, twoSidePocket=false, shalwarZipPocket=false, shalwarSadaPocket=false, twoPajamaPocket=false, singleSilai=false, doubleSilai=false, chamakSilai=false, flopPocket=false, normalButton=false, touchButton=false, metalButton=false, qameezLength=, qameezType=, bazoo=, kuhni=, aarmHole=, kuff=, golMoori=, galla=, gallaType=, tera=, patiLambai=, chati=, chati360=, kamar=, kamar360=, daman=, daman360=, shalwar=, shalwarGher=, shalwarPaincha=, pajama=, pajamaWaist=, pajamaPaincha=, lasticPlusDori=, deegar=, chest=null, sleeveLength=null, shoulder=null, hips=null, waist=null, barcode=null), 2=CustomerMeasurement(customer=Customer(fullName=MeasurementTest, phoneNumber=03224499009, enabled=false), product=Product(type=SHALWAR, name=شلوار, description=, price=500.00, enabled=true), frontPocket=true, oneSidePocket=true, twoSidePocket=false, shalwarZipPocket=false, shalwarSadaPocket=false, twoPajamaPocket=false, singleSilai=false, doubleSilai=false, chamakSilai=false, flopPocket=false, normalButton=false, touchButton=false, metalButton=false, qameezLength=, qameezType=, bazoo=, kuhni=, aarmHole=, kuff=, golMoori=, galla=, gallaType=, tera=, patiLambai=, chati=, chati360=, kamar=, kamar360=, daman=, daman360=, shalwar=, shalwarGher=, shalwarPaincha=, pajama=, pajamaWaist=, pajamaPaincha=, lasticPlusDori=, deegar=, chest=null, sleeveLength=null, shoulder=null, hips=null, waist=null, barcode=null)}, selectedProductIds=[1, 2])
2025-05-10 19:34:19 [abdullateef] INFO  com.example.tailormaster.filter.LoggingInterceptor - User 'abdullateef' is requesting: GET /tailor-master/dashboard/notifications/upcoming-deliveries
2025-05-10 19:34:19 [abdullateef] INFO  com.example.tailormaster.controller.dashboard.DashboardController - Requested upcoming deliveries.
2025-05-10 19:34:19 [abdullateef] INFO  com.example.tailormaster.service.dashboard.DashboardService - Upcoming deliveries fetched: 8
2025-05-10 19:34:19 [abdullateef] INFO  com.example.tailormaster.controller.dashboard.DashboardController - Upcoming deliveries fetched: 8
2025-05-10 23:10:21 [] WARN  com.zaxxer.hikari.pool.HikariPool - HikariPool-1 - Thread starvation or clock leap detected (housekeeper delta=3h33m58s769ms735µs300ns).
