2026-09-30 00:00:01 [testuser] INFO  com.example.tailormaster.filter.LoggingInterceptor - User 'testuser' is requesting: GET /tailor-master/dashboard/notifications/upcoming-deliveries
2026-09-30 00:00:01 [testuser] INFO  com.example.tailormaster.controller.dashboard.DashboardController - Requested upcoming deliveries.
2026-09-30 00:00:02 [testuser] INFO  com.example.tailormaster.service.dashboard.DashboardService - Upcoming deliveries fetched: 22
2026-09-30 00:00:02 [testuser] INFO  com.example.tailormaster.controller.dashboard.DashboardController - Upcoming deliveries fetched: 22
2026-09-30 00:00:05 [testuser] INFO  com.example.tailormaster.filter.LoggingInterceptor - User 'testuser' is requesting: GET /tailor-master/products/PJLYso6GtyaVuxMCFJrTKjvDh0CQlTLu4t8rRus3hiY=/measurements
2026-09-30 00:00:10 [testuser] INFO  com.example.tailormaster.service.product.ProductService - Fetching product by ID: 9
2026-09-30 00:00:11 [testuser] INFO  com.example.tailormaster.filter.LoggingInterceptor - User 'testuser' is requesting: GET /tailor-master/dashboard/notifications/upcoming-deliveries
2026-09-30 00:00:11 [testuser] INFO  com.example.tailormaster.controller.dashboard.DashboardController - Requested upcoming deliveries.
2026-09-30 00:00:11 [testuser] INFO  com.example.tailormaster.service.dashboard.DashboardService - Upcoming deliveries fetched: 22
2026-09-30 00:00:11 [testuser] INFO  com.example.tailormaster.controller.dashboard.DashboardController - Upcoming deliveries fetched: 22
2026-09-30 00:00:12 [testuser] INFO  com.example.tailormaster.filter.LoggingInterceptor - User 'testuser' is requesting: GET /tailor-master/products/8JNtw5W4q0G84pKgOk1-msfbjY22XZdQmYUDEvmuSkU=/measurements
2026-09-30 00:00:13 [testuser] INFO  com.example.tailormaster.service.product.ProductService - Fetching product by ID: 9
2026-09-30 00:00:13 [testuser] INFO  com.example.tailormaster.filter.LoggingInterceptor - User 'testuser' is requesting: GET /tailor-master/dashboard/notifications/upcoming-deliveries
2026-09-30 00:00:13 [testuser] INFO  com.example.tailormaster.controller.dashboard.DashboardController - Requested upcoming deliveries.
2026-09-30 00:00:14 [testuser] INFO  com.example.tailormaster.service.dashboard.DashboardService - Upcoming deliveries fetched: 22
2026-09-30 00:00:14 [testuser] INFO  com.example.tailormaster.controller.dashboard.DashboardController - Upcoming deliveries fetched: 22
2026-09-30 00:00:19 [testuser] INFO  com.example.tailormaster.filter.LoggingInterceptor - User 'testuser' is requesting: GET /tailor-master/products
2026-09-30 00:00:19 [testuser] INFO  com.example.tailormaster.controller.ProductController - User accessed the product list page.
2026-09-30 00:00:19 [testuser] INFO  com.example.tailormaster.service.product.ProductService - Fetching all products.
2026-09-30 00:00:19 [testuser] INFO  com.example.tailormaster.controller.ProductController - Retrieved products: [Product(name=شلوار قمیض, singleSilai=1200.00, doubleSilai=1600.00, enabled=true, user=User(username=testuser, fullName=محمد فرحان, phone1=03212233445, phone2=, shopName=Farhan Tailors, proprietorName=Farhan Tailors, shopAddress=Scheme 33, Karachi, shortCode=FT, enabled=true, trialStartedAt=2026-09-03, trialEndsAt=2050-10-03)), Product(name=Waistcoat, singleSilai=800.00, doubleSilai=1000.00, enabled=true, user=User(username=testuser, fullName=محمد فرحان, phone1=03212233445, phone2=, shopName=Farhan Tailors, proprietorName=Farhan Tailors, shopAddress=Scheme 33, Karachi, shortCode=FT, enabled=true, trialStartedAt=2026-09-03, trialEndsAt=2050-10-03)), Product(name=test product, singleSilai=200.00, doubleSilai=400.00, enabled=true, user=User(username=testuser, fullName=محمد فرحان, phone1=03212233445, phone2=, shopName=Farhan Tailors, proprietorName=Farhan Tailors, shopAddress=Scheme 33, Karachi, shortCode=FT, enabled=true, trialStartedAt=2026-09-03, trialEndsAt=2050-10-03))] 
2026-09-30 00:00:21 [testuser] INFO  com.example.tailormaster.filter.LoggingInterceptor - User 'testuser' is requesting: GET /tailor-master/dashboard/notifications/upcoming-deliveries
2026-09-30 00:00:21 [testuser] INFO  com.example.tailormaster.controller.dashboard.DashboardController - Requested upcoming deliveries.
2026-09-30 00:00:22 [testuser] INFO  com.example.tailormaster.service.dashboard.DashboardService - Upcoming deliveries fetched: 22
2026-09-30 00:00:22 [testuser] INFO  com.example.tailormaster.controller.dashboard.DashboardController - Upcoming deliveries fetched: 22
2026-09-30 00:00:27 [testuser] INFO  com.example.tailormaster.filter.LoggingInterceptor - User 'testuser' is requesting: GET /tailor-master/products/MGtBugxjiTy85MFbjWwbY5evtPcsPJN06_tpSeF57-0=/measurements
2026-09-30 00:00:27 [testuser] INFO  com.example.tailormaster.service.product.ProductService - Fetching product by ID: 9
2026-09-30 00:00:28 [testuser] INFO  com.example.tailormaster.filter.LoggingInterceptor - User 'testuser' is requesting: GET /tailor-master/dashboard/notifications/upcoming-deliveries
2026-09-30 00:00:28 [testuser] INFO  com.example.tailormaster.controller.dashboard.DashboardController - Requested upcoming deliveries.
2026-09-30 00:00:28 [testuser] INFO  com.example.tailormaster.service.dashboard.DashboardService - Upcoming deliveries fetched: 22
2026-09-30 00:00:28 [testuser] INFO  com.example.tailormaster.controller.dashboard.DashboardController - Upcoming deliveries fetched: 22
2026-09-30 00:01:08 [testuser] INFO  com.example.tailormaster.filter.LoggingInterceptor - User 'testuser' is requesting: GET /tailor-master/products
2026-09-30 00:01:08 [testuser] INFO  com.example.tailormaster.controller.ProductController - User accessed the product list page.
2026-09-30 00:01:08 [testuser] INFO  com.example.tailormaster.service.product.ProductService - Fetching all products.
2026-09-30 00:01:08 [testuser] INFO  com.example.tailormaster.controller.ProductController - Retrieved products: [Product(name=شلوار قمیض, singleSilai=1200.00, doubleSilai=1600.00, enabled=true, user=User(username=testuser, fullName=محمد فرحان, phone1=03212233445, phone2=, shopName=Farhan Tailors, proprietorName=Farhan Tailors, shopAddress=Scheme 33, Karachi, shortCode=FT, enabled=true, trialStartedAt=2026-09-03, trialEndsAt=2050-10-03)), Product(name=Waistcoat, singleSilai=800.00, doubleSilai=1000.00, enabled=true, user=User(username=testuser, fullName=محمد فرحان, phone1=03212233445, phone2=, shopName=Farhan Tailors, proprietorName=Farhan Tailors, shopAddress=Scheme 33, Karachi, shortCode=FT, enabled=true, trialStartedAt=2026-09-03, trialEndsAt=2050-10-03)), Product(name=test product, singleSilai=200.00, doubleSilai=400.00, enabled=true, user=User(username=testuser, fullName=محمد فرحان, phone1=03212233445, phone2=, shopName=Farhan Tailors, proprietorName=Farhan Tailors, shopAddress=Scheme 33, Karachi, shortCode=FT, enabled=true, trialStartedAt=2026-09-03, trialEndsAt=2050-10-03))] 
2026-09-30 00:01:09 [testuser] INFO  com.example.tailormaster.filter.LoggingInterceptor - User 'testuser' is requesting: GET /tailor-master/dashboard/notifications/upcoming-deliveries
2026-09-30 00:01:09 [testuser] INFO  com.example.tailormaster.controller.dashboard.DashboardController - Requested upcoming deliveries.
2026-09-30 00:01:09 [testuser] INFO  com.example.tailormaster.service.dashboard.DashboardService - Upcoming deliveries fetched: 22
2026-09-30 00:01:09 [testuser] INFO  com.example.tailormaster.controller.dashboard.DashboardController - Upcoming deliveries fetched: 22
2026-09-30 00:01:11 [testuser] INFO  com.example.tailormaster.filter.LoggingInterceptor - User 'testuser' is requesting: GET /tailor-master/products/DocWNDg8wKnAu_5wdIPUJjbkKfrCCJ_3xj-sIvP0hwc=/measurements
2026-09-30 00:01:11 [testuser] INFO  com.example.tailormaster.service.product.ProductService - Fetching product by ID: 7
2026-09-30 00:01:11 [testuser] INFO  com.example.tailormaster.filter.LoggingInterceptor - User 'testuser' is requesting: GET /tailor-master/dashboard/notifications/upcoming-deliveries
2026-09-30 00:01:11 [testuser] INFO  com.example.tailormaster.controller.dashboard.DashboardController - Requested upcoming deliveries.
2026-09-30 00:01:12 [testuser] INFO  com.example.tailormaster.service.dashboard.DashboardService - Upcoming deliveries fetched: 22
2026-09-30 00:01:12 [testuser] INFO  com.example.tailormaster.controller.dashboard.DashboardController - Upcoming deliveries fetched: 22
2026-09-30 00:01:53 [testuser] INFO  com.example.tailormaster.filter.LoggingInterceptor - User 'testuser' is requesting: GET /tailor-master/customers
2026-09-30 00:01:54 [testuser] INFO  com.example.tailormaster.filter.LoggingInterceptor - User 'testuser' is requesting: GET /tailor-master/dashboard/notifications/upcoming-deliveries
2026-09-30 00:01:54 [testuser] INFO  com.example.tailormaster.controller.dashboard.DashboardController - Requested upcoming deliveries.
2026-09-30 00:01:55 [testuser] INFO  com.example.tailormaster.filter.LoggingInterceptor - User 'testuser' is requesting: GET /tailor-master/customers/datatable
2026-09-30 00:01:55 [testuser] INFO  com.example.tailormaster.service.dashboard.DashboardService - Upcoming deliveries fetched: 22
2026-09-30 00:01:55 [testuser] INFO  com.example.tailormaster.controller.dashboard.DashboardController - Upcoming deliveries fetched: 22
2026-09-30 00:01:55 [testuser] INFO  com.example.tailormaster.controller.CustomerController - Fetching customers data with search value: , sort direction: asc, start date: null, end date: null
2026-09-30 00:01:58 [testuser] INFO  com.example.tailormaster.filter.LoggingInterceptor - User 'testuser' is requesting: GET /tailor-master/customers/details/elbRXTm1D5XCD0ilEpK5N-8SQkUHyLW1I59l-TyrUPw=
2026-09-30 00:01:58 [testuser] INFO  com.example.tailormaster.controller.CustomerController - Displaying details for customer ID (encrypted): elbRXTm1D5XCD0ilEpK5N-8SQkUHyLW1I59l-TyrUPw=
2026-09-30 00:01:58 [testuser] INFO  com.example.tailormaster.service.product.ProductService - Fetching all active products.
2026-09-30 00:01:58 [testuser] INFO  com.example.tailormaster.service.product.ProductService - Retrieved 3 active products.
2026-09-30 00:01:58 [testuser] INFO  com.example.tailormaster.controller.CustomerController - Fetched customer details: com.example.tailormaster.entity.Customer@635f3532
2026-09-30 00:01:58 [testuser] INFO  com.example.tailormaster.filter.LoggingInterceptor - User 'testuser' is requesting: GET /tailor-master/dashboard/notifications/upcoming-deliveries
2026-09-30 00:01:58 [testuser] INFO  com.example.tailormaster.controller.dashboard.DashboardController - Requested upcoming deliveries.
2026-09-30 00:01:59 [testuser] INFO  com.example.tailormaster.service.dashboard.DashboardService - Upcoming deliveries fetched: 22
2026-09-30 00:01:59 [testuser] INFO  com.example.tailormaster.controller.dashboard.DashboardController - Upcoming deliveries fetched: 22
2026-09-30 00:02:06 [testuser] INFO  com.example.tailormaster.filter.LoggingInterceptor - User 'testuser' is requesting: GET /tailor-master/customers/8/fields
2026-09-30 00:02:06 [testuser] INFO  com.example.tailormaster.service.product.ProductService - Fetching product by ID: 8
2026-09-30 00:02:10 [testuser] INFO  com.example.tailormaster.filter.LoggingInterceptor - User 'testuser' is requesting: GET /tailor-master/customers/9/fields
2026-09-30 00:02:10 [testuser] INFO  com.example.tailormaster.service.product.ProductService - Fetching product by ID: 9
2026-09-30 00:03:57 [] INFO  org.springframework.boot.devtools.autoconfigure.LocalDevToolsAutoConfiguration$RestartingClassPathChangeChangedEventListener - Restarting due to 1 class path change (0 additions, 1 deletion, 0 modifications)
2026-09-30 00:03:57 [] INFO  org.springframework.boot.web.embedded.tomcat.GracefulShutdown - Commencing graceful shutdown. Waiting for active requests to complete
2026-09-30 00:03:57 [] INFO  org.apache.coyote.http11.Http11NioProtocol - Pausing ProtocolHandler ["http-nio-8080"]
2026-09-30 00:03:58 [] INFO  org.springframework.boot.web.embedded.tomcat.GracefulShutdown - Graceful shutdown complete
2026-09-30 00:03:58 [] INFO  org.apache.coyote.http11.Http11NioProtocol - Stopping ProtocolHandler ["http-nio-8080"]
2026-09-30 00:03:58 [] INFO  org.springframework.orm.jpa.LocalContainerEntityManagerFactoryBean - Closing JPA EntityManagerFactory for persistence unit 'default'
2026-09-30 00:03:58 [] INFO  com.zaxxer.hikari.HikariDataSource - HikariPool-1 - Shutdown initiated...
2026-09-30 00:03:58 [] INFO  com.zaxxer.hikari.HikariDataSource - HikariPool-1 - Shutdown completed.
2026-09-30 00:04:01 [] INFO  com.example.tailormaster.TailorMasterAppApplication - Starting TailorMasterAppApplication using Java 17.0.2 with PID 21608 (E:\Development-Workspaces\tailor-app-new-enhancements\tailor-master-app\tailor-master-app\target\classes started by wajiz.pk in E:\Development-Workspaces\tailor-app-new-enhancements\tailor-master-app)
2026-09-30 00:04:01 [] INFO  com.example.tailormaster.TailorMasterAppApplication - No active profile set, falling back to 1 default profile: "default"
2026-09-30 00:04:03 [] INFO  org.springframework.data.repository.config.RepositoryConfigurationDelegate - Bootstrapping Spring Data JPA repositories in DEFAULT mode.
2026-09-30 00:04:04 [] INFO  org.springframework.data.repository.config.RepositoryConfigurationDelegate - Finished Spring Data repository scanning in 208 ms. Found 20 JPA repository interfaces.
2026-09-30 00:04:04 [] INFO  org.springframework.boot.web.embedded.tomcat.TomcatWebServer - Tomcat initialized with port 8080 (http)
2026-09-30 00:04:04 [] INFO  org.apache.coyote.http11.Http11NioProtocol - Initializing ProtocolHandler ["http-nio-8080"]
2026-09-30 00:04:04 [] INFO  org.apache.catalina.core.StandardService - Starting service [Tomcat]
2026-09-30 00:04:04 [] INFO  org.apache.catalina.core.StandardEngine - Starting Servlet engine: [Apache Tomcat/10.1.40]
2026-09-30 00:04:04 [] INFO  org.apache.catalina.core.ContainerBase.[Tomcat].[localhost].[/tailor-master] - Initializing Spring embedded WebApplicationContext
2026-09-30 00:04:04 [] INFO  org.springframework.boot.web.servlet.context.ServletWebServerApplicationContext - Root WebApplicationContext: initialization completed in 3074 ms
2026-09-30 00:04:05 [] INFO  org.hibernate.jpa.internal.util.LogHelper - HHH000204: Processing PersistenceUnitInfo [name: default]
2026-09-30 00:04:05 [] INFO  org.hibernate.cache.internal.RegionFactoryInitiator - HHH000026: Second-level cache disabled
2026-09-30 00:04:05 [] INFO  org.springframework.orm.jpa.persistenceunit.SpringPersistenceUnitInfo - No LoadTimeWeaver setup: ignoring JPA class transformer
2026-09-30 00:04:05 [] INFO  com.zaxxer.hikari.HikariDataSource - HikariPool-2 - Starting...
2026-09-30 00:04:05 [] INFO  com.zaxxer.hikari.pool.HikariPool - HikariPool-2 - Added connection com.mysql.cj.jdbc.ConnectionImpl@285cb0a4
2026-09-30 00:04:05 [] INFO  com.zaxxer.hikari.HikariDataSource - HikariPool-2 - Start completed.
2026-09-30 00:04:05 [] INFO  org.hibernate.orm.connections.pooling - HHH10001005: Database info:
	Database JDBC URL [Connecting through datasource 'HikariDataSource (HikariPool-2)']
	Database driver: undefined/unknown
	Database version: 8.0.28
	Autocommit mode: undefined/unknown
	Isolation level: undefined/unknown
	Minimum pool size: undefined/unknown
	Maximum pool size: undefined/unknown
2026-09-30 00:04:06 [] INFO  org.hibernate.engine.transaction.jta.platform.internal.JtaPlatformInitiator - HHH000489: No JTA platform available (set 'hibernate.transaction.jta.platform' to enable JTA platform integration)
2026-09-30 00:04:07 [] INFO  org.springframework.orm.jpa.LocalContainerEntityManagerFactoryBean - Initialized JPA EntityManagerFactory for persistence unit 'default'
2026-09-30 00:04:08 [] WARN  org.springframework.boot.autoconfigure.orm.jpa.JpaBaseConfiguration$JpaWebConfiguration - spring.jpa.open-in-view is enabled by default. Therefore, database queries may be performed during view rendering. Explicitly configure spring.jpa.open-in-view to disable this warning
2026-09-30 00:04:08 [] INFO  org.springframework.security.config.annotation.authentication.configuration.InitializeAuthenticationProviderBeanManagerConfigurer$InitializeAuthenticationProviderManagerConfigurer - Global AuthenticationManager configured with AuthenticationProvider bean with name authenticationProvider
2026-09-30 00:04:08 [] WARN  org.springframework.security.config.annotation.authentication.configuration.InitializeUserDetailsBeanManagerConfigurer$InitializeUserDetailsManagerConfigurer - Global AuthenticationManager configured with an AuthenticationProvider bean. UserDetailsService beans will not be used by Spring Security for automatically configuring username/password login. Consider removing the AuthenticationProvider bean. Alternatively, consider using the UserDetailsService in a manually instantiated DaoAuthenticationProvider. If the current configuration is intentional, to turn off this warning, increase the logging level of 'org.springframework.security.config.annotation.authentication.configuration.InitializeUserDetailsBeanManagerConfigurer' to ERROR
2026-09-30 00:04:08 [] INFO  org.springframework.boot.devtools.autoconfigure.OptionalLiveReloadServer - LiveReload server is running on port 35729
2026-09-30 00:04:08 [] INFO  org.apache.coyote.http11.Http11NioProtocol - Starting ProtocolHandler ["http-nio-8080"]
2026-09-30 00:04:08 [] INFO  org.springframework.boot.web.embedded.tomcat.TomcatWebServer - Tomcat started on port 8080 (http) with context path '/tailor-master'
2026-09-30 00:04:08 [] INFO  com.example.tailormaster.TailorMasterAppApplication - Started TailorMasterAppApplication in 7.428 seconds (process running for 2066.123)
2026-09-30 00:04:08 [] INFO  org.springframework.boot.devtools.autoconfigure.ConditionEvaluationDeltaLoggingListener - Condition evaluation unchanged
2026-09-30 00:04:10 [] INFO  org.springframework.boot.devtools.autoconfigure.LocalDevToolsAutoConfiguration$RestartingClassPathChangeChangedEventListener - Restarting due to 1 class path change (1 addition, 0 deletions, 0 modifications)
2026-09-30 00:04:10 [] INFO  org.springframework.boot.web.embedded.tomcat.GracefulShutdown - Commencing graceful shutdown. Waiting for active requests to complete
2026-09-30 00:04:10 [] INFO  org.apache.coyote.http11.Http11NioProtocol - Pausing ProtocolHandler ["http-nio-8080"]
2026-09-30 00:04:11 [] INFO  org.springframework.boot.web.embedded.tomcat.GracefulShutdown - Graceful shutdown complete
2026-09-30 00:04:11 [] INFO  org.apache.coyote.http11.Http11NioProtocol - Stopping ProtocolHandler ["http-nio-8080"]
2026-09-30 00:04:11 [] INFO  org.springframework.orm.jpa.LocalContainerEntityManagerFactoryBean - Closing JPA EntityManagerFactory for persistence unit 'default'
2026-09-30 00:04:11 [] INFO  com.zaxxer.hikari.HikariDataSource - HikariPool-2 - Shutdown initiated...
2026-09-30 00:04:11 [] INFO  com.zaxxer.hikari.HikariDataSource - HikariPool-2 - Shutdown completed.
2026-09-30 00:04:11 [] INFO  com.example.tailormaster.TailorMasterAppApplication - Starting TailorMasterAppApplication using Java 17.0.2 with PID 21608 (E:\Development-Workspaces\tailor-app-new-enhancements\tailor-master-app\tailor-master-app\target\classes started by wajiz.pk in E:\Development-Workspaces\tailor-app-new-enhancements\tailor-master-app)
2026-09-30 00:04:11 [] INFO  com.example.tailormaster.TailorMasterAppApplication - No active profile set, falling back to 1 default profile: "default"
2026-09-30 00:04:11 [] INFO  org.springframework.data.repository.config.RepositoryConfigurationDelegate - Bootstrapping Spring Data JPA repositories in DEFAULT mode.
2026-09-30 00:04:11 [] INFO  org.springframework.data.repository.config.RepositoryConfigurationDelegate - Finished Spring Data repository scanning in 89 ms. Found 20 JPA repository interfaces.
2026-09-30 00:04:12 [] INFO  org.springframework.boot.web.embedded.tomcat.TomcatWebServer - Tomcat initialized with port 8080 (http)
2026-09-30 00:04:12 [] INFO  org.apache.coyote.http11.Http11NioProtocol - Initializing ProtocolHandler ["http-nio-8080"]
2026-09-30 00:04:12 [] INFO  org.apache.catalina.core.StandardService - Starting service [Tomcat]
2026-09-30 00:04:12 [] INFO  org.apache.catalina.core.StandardEngine - Starting Servlet engine: [Apache Tomcat/10.1.40]
2026-09-30 00:04:12 [] INFO  org.apache.catalina.core.ContainerBase.[Tomcat].[localhost].[/tailor-master] - Initializing Spring embedded WebApplicationContext
2026-09-30 00:04:12 [] INFO  org.springframework.boot.web.servlet.context.ServletWebServerApplicationContext - Root WebApplicationContext: initialization completed in 704 ms
2026-09-30 00:04:12 [] INFO  org.hibernate.jpa.internal.util.LogHelper - HHH000204: Processing PersistenceUnitInfo [name: default]
2026-09-30 00:04:12 [] INFO  org.hibernate.cache.internal.RegionFactoryInitiator - HHH000026: Second-level cache disabled
2026-09-30 00:04:12 [] INFO  org.springframework.orm.jpa.persistenceunit.SpringPersistenceUnitInfo - No LoadTimeWeaver setup: ignoring JPA class transformer
2026-09-30 00:04:12 [] INFO  com.zaxxer.hikari.HikariDataSource - HikariPool-3 - Starting...
2026-09-30 00:04:12 [] INFO  com.zaxxer.hikari.pool.HikariPool - HikariPool-3 - Added connection com.mysql.cj.jdbc.ConnectionImpl@1667ff4a
2026-09-30 00:04:12 [] INFO  com.zaxxer.hikari.HikariDataSource - HikariPool-3 - Start completed.
2026-09-30 00:04:12 [] INFO  org.hibernate.orm.connections.pooling - HHH10001005: Database info:
	Database JDBC URL [Connecting through datasource 'HikariDataSource (HikariPool-3)']
	Database driver: undefined/unknown
	Database version: 8.0.28
	Autocommit mode: undefined/unknown
	Isolation level: undefined/unknown
	Minimum pool size: undefined/unknown
	Maximum pool size: undefined/unknown
2026-09-30 00:04:13 [] INFO  org.hibernate.engine.transaction.jta.platform.internal.JtaPlatformInitiator - HHH000489: No JTA platform available (set 'hibernate.transaction.jta.platform' to enable JTA platform integration)
2026-09-30 00:04:13 [] INFO  org.springframework.orm.jpa.LocalContainerEntityManagerFactoryBean - Initialized JPA EntityManagerFactory for persistence unit 'default'
2026-09-30 00:04:14 [] WARN  org.springframework.boot.autoconfigure.orm.jpa.JpaBaseConfiguration$JpaWebConfiguration - spring.jpa.open-in-view is enabled by default. Therefore, database queries may be performed during view rendering. Explicitly configure spring.jpa.open-in-view to disable this warning
2026-09-30 00:04:14 [] INFO  org.springframework.security.config.annotation.authentication.configuration.InitializeAuthenticationProviderBeanManagerConfigurer$InitializeAuthenticationProviderManagerConfigurer - Global AuthenticationManager configured with AuthenticationProvider bean with name authenticationProvider
2026-09-30 00:04:14 [] WARN  org.springframework.security.config.annotation.authentication.configuration.InitializeUserDetailsBeanManagerConfigurer$InitializeUserDetailsManagerConfigurer - Global AuthenticationManager configured with an AuthenticationProvider bean. UserDetailsService beans will not be used by Spring Security for automatically configuring username/password login. Consider removing the AuthenticationProvider bean. Alternatively, consider using the UserDetailsService in a manually instantiated DaoAuthenticationProvider. If the current configuration is intentional, to turn off this warning, increase the logging level of 'org.springframework.security.config.annotation.authentication.configuration.InitializeUserDetailsBeanManagerConfigurer' to ERROR
2026-09-30 00:04:14 [] INFO  org.springframework.boot.devtools.autoconfigure.OptionalLiveReloadServer - LiveReload server is running on port 35729
2026-09-30 00:04:14 [] INFO  org.apache.coyote.http11.Http11NioProtocol - Starting ProtocolHandler ["http-nio-8080"]
2026-09-30 00:04:14 [] INFO  org.springframework.boot.web.embedded.tomcat.TomcatWebServer - Tomcat started on port 8080 (http) with context path '/tailor-master'
2026-09-30 00:04:14 [] INFO  com.example.tailormaster.TailorMasterAppApplication - Started TailorMasterAppApplication in 3.564 seconds (process running for 2072.195)
2026-09-30 00:04:14 [] INFO  org.springframework.boot.devtools.autoconfigure.ConditionEvaluationDeltaLoggingListener - Condition evaluation unchanged
2026-09-30 00:05:03 [] INFO  org.springframework.boot.devtools.autoconfigure.LocalDevToolsAutoConfiguration$RestartingClassPathChangeChangedEventListener - Restarting due to 1 class path change (0 additions, 1 deletion, 0 modifications)
2026-09-30 00:05:03 [] INFO  org.springframework.boot.web.embedded.tomcat.GracefulShutdown - Commencing graceful shutdown. Waiting for active requests to complete
2026-09-30 00:05:03 [] INFO  org.apache.coyote.http11.Http11NioProtocol - Pausing ProtocolHandler ["http-nio-8080"]
2026-09-30 00:05:04 [] INFO  org.springframework.boot.web.embedded.tomcat.GracefulShutdown - Graceful shutdown complete
2026-09-30 00:05:04 [] INFO  org.apache.coyote.http11.Http11NioProtocol - Stopping ProtocolHandler ["http-nio-8080"]
2026-09-30 00:05:04 [] INFO  org.springframework.orm.jpa.LocalContainerEntityManagerFactoryBean - Closing JPA EntityManagerFactory for persistence unit 'default'
2026-09-30 00:05:04 [] INFO  com.zaxxer.hikari.HikariDataSource - HikariPool-3 - Shutdown initiated...
2026-09-30 00:05:04 [] INFO  com.zaxxer.hikari.HikariDataSource - HikariPool-3 - Shutdown completed.
2026-09-30 00:05:05 [] INFO  com.example.tailormaster.TailorMasterAppApplication - Starting TailorMasterAppApplication using Java 17.0.2 with PID 21608 (E:\Development-Workspaces\tailor-app-new-enhancements\tailor-master-app\tailor-master-app\target\classes started by wajiz.pk in E:\Development-Workspaces\tailor-app-new-enhancements\tailor-master-app)
2026-09-30 00:05:05 [] INFO  com.example.tailormaster.TailorMasterAppApplication - No active profile set, falling back to 1 default profile: "default"
2026-09-30 00:05:06 [] INFO  org.springframework.data.repository.config.RepositoryConfigurationDelegate - Bootstrapping Spring Data JPA repositories in DEFAULT mode.
2026-09-30 00:05:06 [] INFO  org.springframework.data.repository.config.RepositoryConfigurationDelegate - Finished Spring Data repository scanning in 137 ms. Found 20 JPA repository interfaces.
2026-09-30 00:05:07 [] INFO  org.springframework.boot.web.embedded.tomcat.TomcatWebServer - Tomcat initialized with port 8080 (http)
2026-09-30 00:05:07 [] INFO  org.apache.coyote.http11.Http11NioProtocol - Initializing ProtocolHandler ["http-nio-8080"]
2026-09-30 00:05:07 [] INFO  org.apache.catalina.core.StandardService - Starting service [Tomcat]
2026-09-30 00:05:07 [] INFO  org.apache.catalina.core.StandardEngine - Starting Servlet engine: [Apache Tomcat/10.1.40]
2026-09-30 00:05:07 [] INFO  org.apache.catalina.core.ContainerBase.[Tomcat].[localhost].[/tailor-master] - Initializing Spring embedded WebApplicationContext
2026-09-30 00:05:07 [] INFO  org.springframework.boot.web.servlet.context.ServletWebServerApplicationContext - Root WebApplicationContext: initialization completed in 1390 ms
2026-09-30 00:05:07 [] INFO  org.hibernate.jpa.internal.util.LogHelper - HHH000204: Processing PersistenceUnitInfo [name: default]
2026-09-30 00:05:07 [] INFO  org.hibernate.cache.internal.RegionFactoryInitiator - HHH000026: Second-level cache disabled
2026-09-30 00:05:07 [] INFO  org.springframework.orm.jpa.persistenceunit.SpringPersistenceUnitInfo - No LoadTimeWeaver setup: ignoring JPA class transformer
2026-09-30 00:05:07 [] INFO  com.zaxxer.hikari.HikariDataSource - HikariPool-4 - Starting...
2026-09-30 00:05:07 [] INFO  com.zaxxer.hikari.pool.HikariPool - HikariPool-4 - Added connection com.mysql.cj.jdbc.ConnectionImpl@63db701e
2026-09-30 00:05:07 [] INFO  com.zaxxer.hikari.HikariDataSource - HikariPool-4 - Start completed.
2026-09-30 00:05:07 [] INFO  org.hibernate.orm.connections.pooling - HHH10001005: Database info:
	Database JDBC URL [Connecting through datasource 'HikariDataSource (HikariPool-4)']
	Database driver: undefined/unknown
	Database version: 8.0.28
	Autocommit mode: undefined/unknown
	Isolation level: undefined/unknown
	Minimum pool size: undefined/unknown
	Maximum pool size: undefined/unknown
2026-09-30 00:05:08 [] INFO  org.hibernate.engine.transaction.jta.platform.internal.JtaPlatformInitiator - HHH000489: No JTA platform available (set 'hibernate.transaction.jta.platform' to enable JTA platform integration)
2026-09-30 00:05:08 [] INFO  org.springframework.orm.jpa.LocalContainerEntityManagerFactoryBean - Initialized JPA EntityManagerFactory for persistence unit 'default'
2026-09-30 00:05:09 [] WARN  org.springframework.boot.autoconfigure.orm.jpa.JpaBaseConfiguration$JpaWebConfiguration - spring.jpa.open-in-view is enabled by default. Therefore, database queries may be performed during view rendering. Explicitly configure spring.jpa.open-in-view to disable this warning
2026-09-30 00:05:09 [] INFO  org.springframework.security.config.annotation.authentication.configuration.InitializeAuthenticationProviderBeanManagerConfigurer$InitializeAuthenticationProviderManagerConfigurer - Global AuthenticationManager configured with AuthenticationProvider bean with name authenticationProvider
2026-09-30 00:05:09 [] WARN  org.springframework.security.config.annotation.authentication.configuration.InitializeUserDetailsBeanManagerConfigurer$InitializeUserDetailsManagerConfigurer - Global AuthenticationManager configured with an AuthenticationProvider bean. UserDetailsService beans will not be used by Spring Security for automatically configuring username/password login. Consider removing the AuthenticationProvider bean. Alternatively, consider using the UserDetailsService in a manually instantiated DaoAuthenticationProvider. If the current configuration is intentional, to turn off this warning, increase the logging level of 'org.springframework.security.config.annotation.authentication.configuration.InitializeUserDetailsBeanManagerConfigurer' to ERROR
2026-09-30 00:05:10 [] INFO  org.springframework.boot.devtools.autoconfigure.OptionalLiveReloadServer - LiveReload server is running on port 35729
2026-09-30 00:05:10 [] INFO  org.apache.coyote.http11.Http11NioProtocol - Starting ProtocolHandler ["http-nio-8080"]
2026-09-30 00:05:10 [] INFO  org.springframework.boot.web.embedded.tomcat.TomcatWebServer - Tomcat started on port 8080 (http) with context path '/tailor-master'
2026-09-30 00:05:10 [] INFO  com.example.tailormaster.TailorMasterAppApplication - Started TailorMasterAppApplication in 4.711 seconds (process running for 2127.536)
2026-09-30 00:05:10 [] INFO  org.springframework.boot.devtools.autoconfigure.ConditionEvaluationDeltaLoggingListener - Condition evaluation unchanged
2026-09-30 00:05:12 [] INFO  org.springframework.boot.devtools.autoconfigure.LocalDevToolsAutoConfiguration$RestartingClassPathChangeChangedEventListener - Restarting due to 1 class path change (1 addition, 0 deletions, 0 modifications)
2026-09-30 00:05:12 [] INFO  org.springframework.boot.web.embedded.tomcat.GracefulShutdown - Commencing graceful shutdown. Waiting for active requests to complete
2026-09-30 00:05:12 [] INFO  org.apache.coyote.http11.Http11NioProtocol - Pausing ProtocolHandler ["http-nio-8080"]
2026-09-30 00:05:13 [] INFO  org.springframework.boot.web.embedded.tomcat.GracefulShutdown - Graceful shutdown complete
2026-09-30 00:05:13 [] INFO  org.apache.coyote.http11.Http11NioProtocol - Stopping ProtocolHandler ["http-nio-8080"]
2026-09-30 00:05:13 [] INFO  org.springframework.orm.jpa.LocalContainerEntityManagerFactoryBean - Closing JPA EntityManagerFactory for persistence unit 'default'
2026-09-30 00:05:13 [] INFO  com.zaxxer.hikari.HikariDataSource - HikariPool-4 - Shutdown initiated...
2026-09-30 00:05:13 [] INFO  com.zaxxer.hikari.HikariDataSource - HikariPool-4 - Shutdown completed.
2026-09-30 00:05:14 [] INFO  com.example.tailormaster.TailorMasterAppApplication - Starting TailorMasterAppApplication using Java 17.0.2 with PID 21608 (E:\Development-Workspaces\tailor-app-new-enhancements\tailor-master-app\tailor-master-app\target\classes started by wajiz.pk in E:\Development-Workspaces\tailor-app-new-enhancements\tailor-master-app)
2026-09-30 00:05:14 [] INFO  com.example.tailormaster.TailorMasterAppApplication - No active profile set, falling back to 1 default profile: "default"
2026-09-30 00:05:14 [] INFO  org.springframework.data.repository.config.RepositoryConfigurationDelegate - Bootstrapping Spring Data JPA repositories in DEFAULT mode.
2026-09-30 00:05:15 [] INFO  org.springframework.data.repository.config.RepositoryConfigurationDelegate - Finished Spring Data repository scanning in 144 ms. Found 20 JPA repository interfaces.
2026-09-30 00:05:15 [] INFO  org.springframework.boot.web.embedded.tomcat.TomcatWebServer - Tomcat initialized with port 8080 (http)
2026-09-30 00:05:15 [] INFO  org.apache.coyote.http11.Http11NioProtocol - Initializing ProtocolHandler ["http-nio-8080"]
2026-09-30 00:05:15 [] INFO  org.apache.catalina.core.StandardService - Starting service [Tomcat]
2026-09-30 00:05:15 [] INFO  org.apache.catalina.core.StandardEngine - Starting Servlet engine: [Apache Tomcat/10.1.40]
2026-09-30 00:05:15 [] INFO  org.apache.catalina.core.ContainerBase.[Tomcat].[localhost].[/tailor-master] - Initializing Spring embedded WebApplicationContext
2026-09-30 00:05:15 [] INFO  org.springframework.boot.web.servlet.context.ServletWebServerApplicationContext - Root WebApplicationContext: initialization completed in 1331 ms
2026-09-30 00:05:15 [] INFO  org.hibernate.jpa.internal.util.LogHelper - HHH000204: Processing PersistenceUnitInfo [name: default]
2026-09-30 00:05:15 [] INFO  org.hibernate.cache.internal.RegionFactoryInitiator - HHH000026: Second-level cache disabled
2026-09-30 00:05:15 [] INFO  org.springframework.orm.jpa.persistenceunit.SpringPersistenceUnitInfo - No LoadTimeWeaver setup: ignoring JPA class transformer
2026-09-30 00:05:15 [] INFO  com.zaxxer.hikari.HikariDataSource - HikariPool-5 - Starting...
2026-09-30 00:05:15 [] INFO  com.zaxxer.hikari.pool.HikariPool - HikariPool-5 - Added connection com.mysql.cj.jdbc.ConnectionImpl@394c84b6
2026-09-30 00:05:15 [] INFO  com.zaxxer.hikari.HikariDataSource - HikariPool-5 - Start completed.
2026-09-30 00:05:15 [] INFO  org.hibernate.orm.connections.pooling - HHH10001005: Database info:
	Database JDBC URL [Connecting through datasource 'HikariDataSource (HikariPool-5)']
	Database driver: undefined/unknown
	Database version: 8.0.28
	Autocommit mode: undefined/unknown
	Isolation level: undefined/unknown
	Minimum pool size: undefined/unknown
	Maximum pool size: undefined/unknown
2026-09-30 00:05:16 [] INFO  org.hibernate.engine.transaction.jta.platform.internal.JtaPlatformInitiator - HHH000489: No JTA platform available (set 'hibernate.transaction.jta.platform' to enable JTA platform integration)
2026-09-30 00:05:17 [] INFO  org.springframework.orm.jpa.LocalContainerEntityManagerFactoryBean - Initialized JPA EntityManagerFactory for persistence unit 'default'
2026-09-30 00:05:18 [] WARN  org.springframework.boot.autoconfigure.orm.jpa.JpaBaseConfiguration$JpaWebConfiguration - spring.jpa.open-in-view is enabled by default. Therefore, database queries may be performed during view rendering. Explicitly configure spring.jpa.open-in-view to disable this warning
2026-09-30 00:05:18 [] INFO  org.springframework.security.config.annotation.authentication.configuration.InitializeAuthenticationProviderBeanManagerConfigurer$InitializeAuthenticationProviderManagerConfigurer - Global AuthenticationManager configured with AuthenticationProvider bean with name authenticationProvider
2026-09-30 00:05:18 [] WARN  org.springframework.security.config.annotation.authentication.configuration.InitializeUserDetailsBeanManagerConfigurer$InitializeUserDetailsManagerConfigurer - Global AuthenticationManager configured with an AuthenticationProvider bean. UserDetailsService beans will not be used by Spring Security for automatically configuring username/password login. Consider removing the AuthenticationProvider bean. Alternatively, consider using the UserDetailsService in a manually instantiated DaoAuthenticationProvider. If the current configuration is intentional, to turn off this warning, increase the logging level of 'org.springframework.security.config.annotation.authentication.configuration.InitializeUserDetailsBeanManagerConfigurer' to ERROR
2026-09-30 00:05:19 [] INFO  org.springframework.boot.devtools.autoconfigure.OptionalLiveReloadServer - LiveReload server is running on port 35729
2026-09-30 00:05:19 [] INFO  org.apache.coyote.http11.Http11NioProtocol - Starting ProtocolHandler ["http-nio-8080"]
2026-09-30 00:05:19 [] INFO  org.springframework.boot.web.embedded.tomcat.TomcatWebServer - Tomcat started on port 8080 (http) with context path '/tailor-master'
2026-09-30 00:05:19 [] INFO  com.example.tailormaster.TailorMasterAppApplication - Started TailorMasterAppApplication in 4.999 seconds (process running for 2136.264)
2026-09-30 00:05:19 [] INFO  org.springframework.boot.devtools.autoconfigure.ConditionEvaluationDeltaLoggingListener - Condition evaluation unchanged
2026-09-30 00:06:03 [] INFO  org.springframework.boot.devtools.autoconfigure.LocalDevToolsAutoConfiguration$RestartingClassPathChangeChangedEventListener - Restarting due to 2 class path changes (0 additions, 1 deletion, 1 modification)
2026-09-30 00:06:03 [] INFO  org.springframework.boot.web.embedded.tomcat.GracefulShutdown - Commencing graceful shutdown. Waiting for active requests to complete
2026-09-30 00:06:03 [] INFO  org.apache.coyote.http11.Http11NioProtocol - Pausing ProtocolHandler ["http-nio-8080"]
2026-09-30 00:06:04 [] INFO  org.springframework.boot.web.embedded.tomcat.GracefulShutdown - Graceful shutdown complete
2026-09-30 00:06:04 [] INFO  org.apache.coyote.http11.Http11NioProtocol - Stopping ProtocolHandler ["http-nio-8080"]
2026-09-30 00:06:04 [] INFO  org.springframework.orm.jpa.LocalContainerEntityManagerFactoryBean - Closing JPA EntityManagerFactory for persistence unit 'default'
2026-09-30 00:06:04 [] INFO  com.zaxxer.hikari.HikariDataSource - HikariPool-5 - Shutdown initiated...
2026-09-30 00:06:04 [] INFO  com.zaxxer.hikari.HikariDataSource - HikariPool-5 - Shutdown completed.
2026-09-30 00:06:04 [] INFO  com.example.tailormaster.TailorMasterAppApplication - Starting TailorMasterAppApplication using Java 17.0.2 with PID 21608 (E:\Development-Workspaces\tailor-app-new-enhancements\tailor-master-app\tailor-master-app\target\classes started by wajiz.pk in E:\Development-Workspaces\tailor-app-new-enhancements\tailor-master-app)
2026-09-30 00:06:04 [] INFO  com.example.tailormaster.TailorMasterAppApplication - No active profile set, falling back to 1 default profile: "default"
2026-09-30 00:06:05 [] INFO  org.springframework.data.repository.config.RepositoryConfigurationDelegate - Bootstrapping Spring Data JPA repositories in DEFAULT mode.
2026-09-30 00:06:05 [] INFO  org.springframework.data.repository.config.RepositoryConfigurationDelegate - Finished Spring Data repository scanning in 136 ms. Found 20 JPA repository interfaces.
2026-09-30 00:06:05 [] INFO  org.springframework.boot.web.embedded.tomcat.TomcatWebServer - Tomcat initialized with port 8080 (http)
2026-09-30 00:06:05 [] INFO  org.apache.coyote.http11.Http11NioProtocol - Initializing ProtocolHandler ["http-nio-8080"]
2026-09-30 00:06:05 [] INFO  org.apache.catalina.core.StandardService - Starting service [Tomcat]
2026-09-30 00:06:05 [] INFO  org.apache.catalina.core.StandardEngine - Starting Servlet engine: [Apache Tomcat/10.1.40]
2026-09-30 00:06:05 [] INFO  org.apache.catalina.core.ContainerBase.[Tomcat].[localhost].[/tailor-master] - Initializing Spring embedded WebApplicationContext
2026-09-30 00:06:05 [] INFO  org.springframework.boot.web.servlet.context.ServletWebServerApplicationContext - Root WebApplicationContext: initialization completed in 1128 ms
2026-09-30 00:06:06 [] INFO  org.hibernate.jpa.internal.util.LogHelper - HHH000204: Processing PersistenceUnitInfo [name: default]
2026-09-30 00:06:06 [] INFO  org.hibernate.cache.internal.RegionFactoryInitiator - HHH000026: Second-level cache disabled
2026-09-30 00:06:06 [] INFO  org.springframework.orm.jpa.persistenceunit.SpringPersistenceUnitInfo - No LoadTimeWeaver setup: ignoring JPA class transformer
2026-09-30 00:06:06 [] INFO  com.zaxxer.hikari.HikariDataSource - HikariPool-6 - Starting...
2026-09-30 00:06:06 [] INFO  com.zaxxer.hikari.pool.HikariPool - HikariPool-6 - Added connection com.mysql.cj.jdbc.ConnectionImpl@1cbbdd0f
2026-09-30 00:06:06 [] INFO  com.zaxxer.hikari.HikariDataSource - HikariPool-6 - Start completed.
2026-09-30 00:06:06 [] INFO  org.hibernate.orm.connections.pooling - HHH10001005: Database info:
	Database JDBC URL [Connecting through datasource 'HikariDataSource (HikariPool-6)']
	Database driver: undefined/unknown
	Database version: 8.0.28
	Autocommit mode: undefined/unknown
	Isolation level: undefined/unknown
	Minimum pool size: undefined/unknown
	Maximum pool size: undefined/unknown
2026-09-30 00:06:06 [] INFO  org.hibernate.engine.transaction.jta.platform.internal.JtaPlatformInitiator - HHH000489: No JTA platform available (set 'hibernate.transaction.jta.platform' to enable JTA platform integration)
2026-09-30 00:06:07 [] INFO  org.springframework.orm.jpa.LocalContainerEntityManagerFactoryBean - Initialized JPA EntityManagerFactory for persistence unit 'default'
2026-09-30 00:06:08 [] WARN  org.springframework.boot.autoconfigure.orm.jpa.JpaBaseConfiguration$JpaWebConfiguration - spring.jpa.open-in-view is enabled by default. Therefore, database queries may be performed during view rendering. Explicitly configure spring.jpa.open-in-view to disable this warning
2026-09-30 00:06:08 [] INFO  org.springframework.security.config.annotation.authentication.configuration.InitializeAuthenticationProviderBeanManagerConfigurer$InitializeAuthenticationProviderManagerConfigurer - Global AuthenticationManager configured with AuthenticationProvider bean with name authenticationProvider
2026-09-30 00:06:08 [] WARN  org.springframework.security.config.annotation.authentication.configuration.InitializeUserDetailsBeanManagerConfigurer$InitializeUserDetailsManagerConfigurer - Global AuthenticationManager configured with an AuthenticationProvider bean. UserDetailsService beans will not be used by Spring Security for automatically configuring username/password login. Consider removing the AuthenticationProvider bean. Alternatively, consider using the UserDetailsService in a manually instantiated DaoAuthenticationProvider. If the current configuration is intentional, to turn off this warning, increase the logging level of 'org.springframework.security.config.annotation.authentication.configuration.InitializeUserDetailsBeanManagerConfigurer' to ERROR
2026-09-30 00:06:08 [] INFO  org.springframework.boot.devtools.autoconfigure.OptionalLiveReloadServer - LiveReload server is running on port 35729
2026-09-30 00:06:08 [] INFO  org.apache.coyote.http11.Http11NioProtocol - Starting ProtocolHandler ["http-nio-8080"]
2026-09-30 00:06:08 [] INFO  org.springframework.boot.web.embedded.tomcat.TomcatWebServer - Tomcat started on port 8080 (http) with context path '/tailor-master'
2026-09-30 00:06:08 [] INFO  com.example.tailormaster.TailorMasterAppApplication - Started TailorMasterAppApplication in 4.002 seconds (process running for 2185.893)
2026-09-30 00:06:08 [] INFO  org.springframework.boot.devtools.autoconfigure.ConditionEvaluationDeltaLoggingListener - Condition evaluation unchanged
2026-09-30 00:06:10 [] INFO  org.springframework.boot.devtools.autoconfigure.LocalDevToolsAutoConfiguration$RestartingClassPathChangeChangedEventListener - Restarting due to 1 class path change (1 addition, 0 deletions, 0 modifications)
2026-09-30 00:06:10 [] INFO  org.springframework.boot.web.embedded.tomcat.GracefulShutdown - Commencing graceful shutdown. Waiting for active requests to complete
2026-09-30 00:06:10 [] INFO  org.apache.coyote.http11.Http11NioProtocol - Pausing ProtocolHandler ["http-nio-8080"]
2026-09-30 00:06:11 [] INFO  org.springframework.boot.web.embedded.tomcat.GracefulShutdown - Graceful shutdown complete
2026-09-30 00:06:11 [] INFO  org.apache.coyote.http11.Http11NioProtocol - Stopping ProtocolHandler ["http-nio-8080"]
2026-09-30 00:06:11 [] INFO  org.springframework.orm.jpa.LocalContainerEntityManagerFactoryBean - Closing JPA EntityManagerFactory for persistence unit 'default'
2026-09-30 00:06:11 [] INFO  com.zaxxer.hikari.HikariDataSource - HikariPool-6 - Shutdown initiated...
2026-09-30 00:06:11 [] INFO  com.zaxxer.hikari.HikariDataSource - HikariPool-6 - Shutdown completed.
2026-09-30 00:06:11 [] INFO  com.example.tailormaster.TailorMasterAppApplication - Starting TailorMasterAppApplication using Java 17.0.2 with PID 21608 (E:\Development-Workspaces\tailor-app-new-enhancements\tailor-master-app\tailor-master-app\target\classes started by wajiz.pk in E:\Development-Workspaces\tailor-app-new-enhancements\tailor-master-app)
2026-09-30 00:06:11 [] INFO  com.example.tailormaster.TailorMasterAppApplication - No active profile set, falling back to 1 default profile: "default"
2026-09-30 00:06:11 [] INFO  org.springframework.data.repository.config.RepositoryConfigurationDelegate - Bootstrapping Spring Data JPA repositories in DEFAULT mode.
2026-09-30 00:06:12 [] INFO  org.springframework.data.repository.config.RepositoryConfigurationDelegate - Finished Spring Data repository scanning in 138 ms. Found 20 JPA repository interfaces.
2026-09-30 00:06:12 [] INFO  org.springframework.boot.web.embedded.tomcat.TomcatWebServer - Tomcat initialized with port 8080 (http)
2026-09-30 00:06:12 [] INFO  org.apache.coyote.http11.Http11NioProtocol - Initializing ProtocolHandler ["http-nio-8080"]
2026-09-30 00:06:12 [] INFO  org.apache.catalina.core.StandardService - Starting service [Tomcat]
2026-09-30 00:06:12 [] INFO  org.apache.catalina.core.StandardEngine - Starting Servlet engine: [Apache Tomcat/10.1.40]
2026-09-30 00:06:13 [] INFO  org.springframework.boot.web.servlet.context.ServletWebServerApplicationContext - Root WebApplicationContext: initialization completed in 1717 ms
2026-09-30 00:06:13 [] INFO  org.hibernate.jpa.internal.util.LogHelper - HHH000204: Processing PersistenceUnitInfo [name: default]
2026-09-30 00:06:13 [] INFO  org.hibernate.cache.internal.RegionFactoryInitiator - HHH000026: Second-level cache disabled
2026-09-30 00:06:13 [] INFO  org.springframework.orm.jpa.persistenceunit.SpringPersistenceUnitInfo - No LoadTimeWeaver setup: ignoring JPA class transformer
2026-09-30 00:06:13 [] INFO  com.zaxxer.hikari.HikariDataSource - HikariPool-7 - Starting...
2026-09-30 00:06:13 [] INFO  com.zaxxer.hikari.pool.HikariPool - HikariPool-7 - Added connection com.mysql.cj.jdbc.ConnectionImpl@784bd1b6
2026-09-30 00:06:13 [] INFO  com.zaxxer.hikari.HikariDataSource - HikariPool-7 - Start completed.
2026-09-30 00:06:13 [] INFO  org.hibernate.orm.connections.pooling - HHH10001005: Database info:
	Database JDBC URL [Connecting through datasource 'HikariDataSource (HikariPool-7)']
	Database driver: undefined/unknown
	Database version: 8.0.28
	Autocommit mode: undefined/unknown
	Isolation level: undefined/unknown
	Minimum pool size: undefined/unknown
	Maximum pool size: undefined/unknown
2026-09-30 00:06:14 [] INFO  org.hibernate.engine.transaction.jta.platform.internal.JtaPlatformInitiator - HHH000489: No JTA platform available (set 'hibernate.transaction.jta.platform' to enable JTA platform integration)
2026-09-30 00:06:14 [] INFO  org.springframework.orm.jpa.LocalContainerEntityManagerFactoryBean - Initialized JPA EntityManagerFactory for persistence unit 'default'
2026-09-30 00:06:15 [] WARN  org.springframework.boot.autoconfigure.orm.jpa.JpaBaseConfiguration$JpaWebConfiguration - spring.jpa.open-in-view is enabled by default. Therefore, database queries may be performed during view rendering. Explicitly configure spring.jpa.open-in-view to disable this warning
2026-09-30 00:06:15 [] INFO  org.springframework.security.config.annotation.authentication.configuration.InitializeAuthenticationProviderBeanManagerConfigurer$InitializeAuthenticationProviderManagerConfigurer - Global AuthenticationManager configured with AuthenticationProvider bean with name authenticationProvider
2026-09-30 00:06:15 [] WARN  org.springframework.security.config.annotation.authentication.configuration.InitializeUserDetailsBeanManagerConfigurer$InitializeUserDetailsManagerConfigurer - Global AuthenticationManager configured with an AuthenticationProvider bean. UserDetailsService beans will not be used by Spring Security for automatically configuring username/password login. Consider removing the AuthenticationProvider bean. Alternatively, consider using the UserDetailsService in a manually instantiated DaoAuthenticationProvider. If the current configuration is intentional, to turn off this warning, increase the logging level of 'org.springframework.security.config.annotation.authentication.configuration.InitializeUserDetailsBeanManagerConfigurer' to ERROR
2026-09-30 00:06:15 [] INFO  org.springframework.boot.devtools.autoconfigure.OptionalLiveReloadServer - LiveReload server is running on port 35729
2026-09-30 00:06:15 [] INFO  org.springframework.boot.web.embedded.tomcat.TomcatWebServer - Tomcat started on port 8080 (http) with context path '/tailor-master'
2026-09-30 00:06:15 [] INFO  com.example.tailormaster.TailorMasterAppApplication - Started TailorMasterAppApplication in 4.34 seconds (process running for 2192.81)
2026-09-30 00:06:15 [] INFO  org.springframework.boot.web.embedded.tomcat.GracefulShutdown - Commencing graceful shutdown. Waiting for active requests to complete
2026-09-30 00:06:15 [] INFO  org.springframework.boot.devtools.autoconfigure.ConditionEvaluationDeltaLoggingListener - Condition evaluation unchanged
2026-09-30 00:06:16 [] INFO  org.springframework.boot.web.embedded.tomcat.GracefulShutdown - Graceful shutdown complete
2026-09-30 00:06:16 [] INFO  org.springframework.orm.jpa.LocalContainerEntityManagerFactoryBean - Closing JPA EntityManagerFactory for persistence unit 'default'
2026-09-30 00:06:16 [] INFO  com.zaxxer.hikari.HikariDataSource - HikariPool-7 - Shutdown initiated...
2026-09-30 00:06:16 [] INFO  com.zaxxer.hikari.HikariDataSource - HikariPool-7 - Shutdown completed.
2026-09-30 00:06:23 [] INFO  org.hibernate.validator.internal.util.Version - HV000001: Hibernate Validator 8.0.2.Final
2026-09-30 00:06:23 [] INFO  com.example.tailormaster.TailorMasterAppApplication - Starting TailorMasterAppApplication using Java 17.0.2 with PID 15356 (E:\Development-Workspaces\tailor-app-new-enhancements\tailor-master-app\tailor-master-app\target\classes started by wajiz.pk in E:\Development-Workspaces\tailor-app-new-enhancements\tailor-master-app)
2026-09-30 00:06:23 [] INFO  com.example.tailormaster.TailorMasterAppApplication - No active profile set, falling back to 1 default profile: "default"
2026-09-30 00:06:23 [] INFO  org.springframework.boot.devtools.env.DevToolsPropertyDefaultsPostProcessor - Devtools property defaults active! Set 'spring.devtools.add-properties' to 'false' to disable
2026-09-30 00:06:23 [] INFO  org.springframework.boot.devtools.env.DevToolsPropertyDefaultsPostProcessor - For additional web related logging consider setting the 'logging.level.web' property to 'DEBUG'
2026-09-30 00:06:25 [] INFO  org.springframework.data.repository.config.RepositoryConfigurationDelegate - Bootstrapping Spring Data JPA repositories in DEFAULT mode.
2026-09-30 00:06:25 [] INFO  org.springframework.data.repository.config.RepositoryConfigurationDelegate - Finished Spring Data repository scanning in 209 ms. Found 20 JPA repository interfaces.
2026-09-30 00:06:26 [] INFO  org.springframework.boot.web.embedded.tomcat.TomcatWebServer - Tomcat initialized with port 8080 (http)
2026-09-30 00:06:27 [] INFO  org.apache.coyote.http11.Http11NioProtocol - Initializing ProtocolHandler ["http-nio-8080"]
2026-09-30 00:06:27 [] INFO  org.apache.catalina.core.StandardService - Starting service [Tomcat]
2026-09-30 00:06:27 [] INFO  org.apache.catalina.core.StandardEngine - Starting Servlet engine: [Apache Tomcat/10.1.40]
2026-09-30 00:06:27 [] INFO  org.apache.catalina.core.ContainerBase.[Tomcat].[localhost].[/tailor-master] - Initializing Spring embedded WebApplicationContext
2026-09-30 00:06:27 [] INFO  org.springframework.boot.web.servlet.context.ServletWebServerApplicationContext - Root WebApplicationContext: initialization completed in 3323 ms
2026-09-30 00:06:27 [] INFO  org.hibernate.jpa.internal.util.LogHelper - HHH000204: Processing PersistenceUnitInfo [name: default]
2026-09-30 00:06:27 [] INFO  org.hibernate.Version - HHH000412: Hibernate ORM core version 6.6.4.Final
2026-09-30 00:06:27 [] INFO  org.hibernate.cache.internal.RegionFactoryInitiator - HHH000026: Second-level cache disabled
2026-09-30 00:06:28 [] INFO  org.springframework.orm.jpa.persistenceunit.SpringPersistenceUnitInfo - No LoadTimeWeaver setup: ignoring JPA class transformer
2026-09-30 00:06:28 [] INFO  com.zaxxer.hikari.HikariDataSource - HikariPool-1 - Starting...
2026-09-30 00:06:29 [] INFO  com.zaxxer.hikari.pool.HikariPool - HikariPool-1 - Added connection com.mysql.cj.jdbc.ConnectionImpl@4b02a2c
2026-09-30 00:06:29 [] INFO  com.zaxxer.hikari.HikariDataSource - HikariPool-1 - Start completed.
2026-09-30 00:06:29 [] INFO  org.hibernate.orm.connections.pooling - HHH10001005: Database info:
	Database JDBC URL [Connecting through datasource 'HikariDataSource (HikariPool-1)']
	Database driver: undefined/unknown
	Database version: 8.0.28
	Autocommit mode: undefined/unknown
	Isolation level: undefined/unknown
	Minimum pool size: undefined/unknown
	Maximum pool size: undefined/unknown
2026-09-30 00:06:32 [] INFO  org.hibernate.engine.transaction.jta.platform.internal.JtaPlatformInitiator - HHH000489: No JTA platform available (set 'hibernate.transaction.jta.platform' to enable JTA platform integration)
2026-09-30 00:06:32 [] INFO  org.springframework.orm.jpa.LocalContainerEntityManagerFactoryBean - Initialized JPA EntityManagerFactory for persistence unit 'default'
2026-09-30 00:06:33 [] INFO  org.springframework.data.jpa.repository.query.QueryEnhancerFactory - Hibernate is in classpath; If applicable, HQL parser will be used.
2026-09-30 00:06:45 [] WARN  org.springframework.boot.autoconfigure.orm.jpa.JpaBaseConfiguration$JpaWebConfiguration - spring.jpa.open-in-view is enabled by default. Therefore, database queries may be performed during view rendering. Explicitly configure spring.jpa.open-in-view to disable this warning
2026-09-30 00:06:45 [] INFO  org.springframework.security.config.annotation.authentication.configuration.InitializeAuthenticationProviderBeanManagerConfigurer$InitializeAuthenticationProviderManagerConfigurer - Global AuthenticationManager configured with AuthenticationProvider bean with name authenticationProvider
2026-09-30 00:06:45 [] WARN  org.springframework.security.config.annotation.authentication.configuration.InitializeUserDetailsBeanManagerConfigurer$InitializeUserDetailsManagerConfigurer - Global AuthenticationManager configured with an AuthenticationProvider bean. UserDetailsService beans will not be used by Spring Security for automatically configuring username/password login. Consider removing the AuthenticationProvider bean. Alternatively, consider using the UserDetailsService in a manually instantiated DaoAuthenticationProvider. If the current configuration is intentional, to turn off this warning, increase the logging level of 'org.springframework.security.config.annotation.authentication.configuration.InitializeUserDetailsBeanManagerConfigurer' to ERROR
2026-09-30 00:06:47 [] INFO  org.springframework.boot.devtools.autoconfigure.OptionalLiveReloadServer - LiveReload server is running on port 35729
2026-09-30 00:06:47 [] INFO  org.apache.coyote.http11.Http11NioProtocol - Starting ProtocolHandler ["http-nio-8080"]
2026-09-30 00:06:47 [] INFO  org.springframework.boot.web.embedded.tomcat.TomcatWebServer - Tomcat started on port 8080 (http) with context path '/tailor-master'
2026-09-30 00:06:47 [] INFO  com.example.tailormaster.TailorMasterAppApplication - Started TailorMasterAppApplication in 24.838 seconds (process running for 27.858)
2026-09-30 00:16:04 [] INFO  org.springframework.boot.devtools.autoconfigure.LocalDevToolsAutoConfiguration$RestartingClassPathChangeChangedEventListener - Restarting due to 4 class path changes (0 additions, 4 deletions, 0 modifications)
2026-09-30 00:16:04 [] INFO  org.springframework.boot.web.embedded.tomcat.GracefulShutdown - Commencing graceful shutdown. Waiting for active requests to complete
2026-09-30 00:16:04 [] INFO  org.apache.coyote.http11.Http11NioProtocol - Pausing ProtocolHandler ["http-nio-8080"]
2026-09-30 00:16:05 [] INFO  org.springframework.boot.web.embedded.tomcat.GracefulShutdown - Graceful shutdown complete
2026-09-30 00:16:05 [] INFO  org.apache.coyote.http11.Http11NioProtocol - Stopping ProtocolHandler ["http-nio-8080"]
2026-09-30 00:16:05 [] INFO  org.springframework.orm.jpa.LocalContainerEntityManagerFactoryBean - Closing JPA EntityManagerFactory for persistence unit 'default'
2026-09-30 00:16:05 [] INFO  com.zaxxer.hikari.HikariDataSource - HikariPool-1 - Shutdown initiated...
2026-09-30 00:16:05 [] INFO  com.zaxxer.hikari.HikariDataSource - HikariPool-1 - Shutdown completed.
2026-09-30 00:16:07 [] INFO  com.example.tailormaster.TailorMasterAppApplication - Starting TailorMasterAppApplication using Java 17.0.2 with PID 15356 (E:\Development-Workspaces\tailor-app-new-enhancements\tailor-master-app\tailor-master-app\target\classes started by wajiz.pk in E:\Development-Workspaces\tailor-app-new-enhancements\tailor-master-app)
2026-09-30 00:16:07 [] INFO  com.example.tailormaster.TailorMasterAppApplication - No active profile set, falling back to 1 default profile: "default"
2026-09-30 00:16:08 [] INFO  org.springframework.data.repository.config.RepositoryConfigurationDelegate - Bootstrapping Spring Data JPA repositories in DEFAULT mode.
2026-09-30 00:16:08 [] INFO  org.springframework.data.repository.config.RepositoryConfigurationDelegate - Finished Spring Data repository scanning in 176 ms. Found 19 JPA repository interfaces.
2026-09-30 00:16:09 [] INFO  org.springframework.boot.web.embedded.tomcat.TomcatWebServer - Tomcat initialized with port 8080 (http)
2026-09-30 00:16:09 [] INFO  org.apache.coyote.http11.Http11NioProtocol - Initializing ProtocolHandler ["http-nio-8080"]
2026-09-30 00:16:09 [] INFO  org.apache.catalina.core.StandardService - Starting service [Tomcat]
2026-09-30 00:16:09 [] INFO  org.apache.catalina.core.StandardEngine - Starting Servlet engine: [Apache Tomcat/10.1.40]
2026-09-30 00:16:09 [] INFO  org.apache.catalina.core.ContainerBase.[Tomcat].[localhost].[/tailor-master] - Initializing Spring embedded WebApplicationContext
2026-09-30 00:16:09 [] INFO  org.springframework.boot.web.servlet.context.ServletWebServerApplicationContext - Root WebApplicationContext: initialization completed in 2031 ms
2026-09-30 00:16:09 [] INFO  org.hibernate.jpa.internal.util.LogHelper - HHH000204: Processing PersistenceUnitInfo [name: default]
2026-09-30 00:16:09 [] INFO  org.hibernate.cache.internal.RegionFactoryInitiator - HHH000026: Second-level cache disabled
2026-09-30 00:16:09 [] INFO  org.springframework.orm.jpa.persistenceunit.SpringPersistenceUnitInfo - No LoadTimeWeaver setup: ignoring JPA class transformer
2026-09-30 00:16:09 [] INFO  com.zaxxer.hikari.HikariDataSource - HikariPool-2 - Starting...
2026-09-30 00:16:09 [] INFO  com.zaxxer.hikari.pool.HikariPool - HikariPool-2 - Added connection com.mysql.cj.jdbc.ConnectionImpl@4c8d891
2026-09-30 00:16:09 [] INFO  com.zaxxer.hikari.HikariDataSource - HikariPool-2 - Start completed.
2026-09-30 00:16:09 [] INFO  org.hibernate.orm.connections.pooling - HHH10001005: Database info:
	Database JDBC URL [Connecting through datasource 'HikariDataSource (HikariPool-2)']
	Database driver: undefined/unknown
	Database version: 8.0.28
	Autocommit mode: undefined/unknown
	Isolation level: undefined/unknown
	Minimum pool size: undefined/unknown
	Maximum pool size: undefined/unknown
2026-09-30 00:16:10 [] INFO  org.hibernate.engine.transaction.jta.platform.internal.JtaPlatformInitiator - HHH000489: No JTA platform available (set 'hibernate.transaction.jta.platform' to enable JTA platform integration)
2026-09-30 00:16:11 [] INFO  org.springframework.orm.jpa.LocalContainerEntityManagerFactoryBean - Initialized JPA EntityManagerFactory for persistence unit 'default'
2026-09-30 00:16:11 [] WARN  org.springframework.boot.web.servlet.context.AnnotationConfigServletWebServerApplicationContext - Exception encountered during context initialization - cancelling refresh attempt: org.springframework.beans.factory.UnsatisfiedDependencyException: Error creating bean with name 'dashboardController' defined in file [E:\Development-Workspaces\tailor-app-new-enhancements\tailor-master-app\tailor-master-app\target\classes\com\example\tailormaster\controller\dashboard\DashboardController.class]: Unsatisfied dependency expressed through constructor parameter 0: Error creating bean with name 'dashboardService' defined in file [E:\Development-Workspaces\tailor-app-new-enhancements\tailor-master-app\tailor-master-app\target\classes\com\example\tailormaster\service\dashboard\DashboardService.class]: Unsatisfied dependency expressed through constructor parameter 0: No qualifying bean of type 'com.example.tailormaster.service.customer.CustomerService' available: expected at least 1 bean which qualifies as autowire candidate. Dependency annotations: {}
2026-09-30 00:16:11 [] INFO  org.springframework.orm.jpa.LocalContainerEntityManagerFactoryBean - Closing JPA EntityManagerFactory for persistence unit 'default'
2026-09-30 00:16:11 [] INFO  com.zaxxer.hikari.HikariDataSource - HikariPool-2 - Shutdown initiated...
2026-09-30 00:16:11 [] INFO  com.zaxxer.hikari.HikariDataSource - HikariPool-2 - Shutdown completed.
2026-09-30 00:16:11 [] INFO  org.apache.catalina.core.StandardService - Stopping service [Tomcat]
2026-09-30 00:16:11 [] INFO  org.springframework.boot.autoconfigure.logging.ConditionEvaluationReportLogger - 

Error starting ApplicationContext. To display the condition evaluation report re-run your application with 'debug' enabled.
2026-09-30 00:16:11 [] ERROR org.springframework.boot.diagnostics.LoggingFailureAnalysisReporter - 

***************************
APPLICATION FAILED TO START
***************************

Description:

Parameter 0 of constructor in com.example.tailormaster.service.dashboard.DashboardService required a bean of type 'com.example.tailormaster.service.customer.CustomerService' that could not be found.


Action:

Consider defining a bean of type 'com.example.tailormaster.service.customer.CustomerService' in your configuration.

2026-09-30 00:16:13 [] INFO  com.example.tailormaster.TailorMasterAppApplication - Starting TailorMasterAppApplication using Java 17.0.2 with PID 15356 (E:\Development-Workspaces\tailor-app-new-enhancements\tailor-master-app\tailor-master-app\target\classes started by wajiz.pk in E:\Development-Workspaces\tailor-app-new-enhancements\tailor-master-app)
2026-09-30 00:16:13 [] INFO  com.example.tailormaster.TailorMasterAppApplication - No active profile set, falling back to 1 default profile: "default"
2026-09-30 00:16:13 [] INFO  org.springframework.data.repository.config.RepositoryConfigurationDelegate - Bootstrapping Spring Data JPA repositories in DEFAULT mode.
2026-09-30 00:16:13 [] INFO  org.springframework.data.repository.config.RepositoryConfigurationDelegate - Finished Spring Data repository scanning in 132 ms. Found 20 JPA repository interfaces.
2026-09-30 00:16:14 [] INFO  org.springframework.boot.web.embedded.tomcat.TomcatWebServer - Tomcat initialized with port 8080 (http)
2026-09-30 00:16:14 [] INFO  org.apache.coyote.http11.Http11NioProtocol - Initializing ProtocolHandler ["http-nio-8080"]
2026-09-30 00:16:14 [] INFO  org.apache.catalina.core.StandardService - Starting service [Tomcat]
2026-09-30 00:16:14 [] INFO  org.apache.catalina.core.StandardEngine - Starting Servlet engine: [Apache Tomcat/10.1.40]
2026-09-30 00:16:14 [] INFO  org.apache.catalina.core.ContainerBase.[Tomcat-1].[localhost].[/tailor-master] - Initializing Spring embedded WebApplicationContext
2026-09-30 00:16:14 [] INFO  org.springframework.boot.web.servlet.context.ServletWebServerApplicationContext - Root WebApplicationContext: initialization completed in 1058 ms
2026-09-30 00:16:14 [] INFO  org.hibernate.jpa.internal.util.LogHelper - HHH000204: Processing PersistenceUnitInfo [name: default]
2026-09-30 00:16:14 [] INFO  org.hibernate.cache.internal.RegionFactoryInitiator - HHH000026: Second-level cache disabled
2026-09-30 00:16:14 [] INFO  org.springframework.orm.jpa.persistenceunit.SpringPersistenceUnitInfo - No LoadTimeWeaver setup: ignoring JPA class transformer
2026-09-30 00:16:14 [] INFO  com.zaxxer.hikari.HikariDataSource - HikariPool-3 - Starting...
2026-09-30 00:16:14 [] INFO  com.zaxxer.hikari.pool.HikariPool - HikariPool-3 - Added connection com.mysql.cj.jdbc.ConnectionImpl@7ed7ccf0
2026-09-30 00:16:14 [] INFO  com.zaxxer.hikari.HikariDataSource - HikariPool-3 - Start completed.
2026-09-30 00:16:14 [] INFO  org.hibernate.orm.connections.pooling - HHH10001005: Database info:
	Database JDBC URL [Connecting through datasource 'HikariDataSource (HikariPool-3)']
	Database driver: undefined/unknown
	Database version: 8.0.28
	Autocommit mode: undefined/unknown
	Isolation level: undefined/unknown
	Minimum pool size: undefined/unknown
	Maximum pool size: undefined/unknown
2026-09-30 00:16:15 [] INFO  org.hibernate.engine.transaction.jta.platform.internal.JtaPlatformInitiator - HHH000489: No JTA platform available (set 'hibernate.transaction.jta.platform' to enable JTA platform integration)
2026-09-30 00:16:15 [] INFO  org.springframework.orm.jpa.LocalContainerEntityManagerFactoryBean - Initialized JPA EntityManagerFactory for persistence unit 'default'
2026-09-30 00:16:16 [] WARN  org.springframework.boot.autoconfigure.orm.jpa.JpaBaseConfiguration$JpaWebConfiguration - spring.jpa.open-in-view is enabled by default. Therefore, database queries may be performed during view rendering. Explicitly configure spring.jpa.open-in-view to disable this warning
2026-09-30 00:16:16 [] INFO  org.springframework.security.config.annotation.authentication.configuration.InitializeAuthenticationProviderBeanManagerConfigurer$InitializeAuthenticationProviderManagerConfigurer - Global AuthenticationManager configured with AuthenticationProvider bean with name authenticationProvider
2026-09-30 00:16:16 [] WARN  org.springframework.security.config.annotation.authentication.configuration.InitializeUserDetailsBeanManagerConfigurer$InitializeUserDetailsManagerConfigurer - Global AuthenticationManager configured with an AuthenticationProvider bean. UserDetailsService beans will not be used by Spring Security for automatically configuring username/password login. Consider removing the AuthenticationProvider bean. Alternatively, consider using the UserDetailsService in a manually instantiated DaoAuthenticationProvider. If the current configuration is intentional, to turn off this warning, increase the logging level of 'org.springframework.security.config.annotation.authentication.configuration.InitializeUserDetailsBeanManagerConfigurer' to ERROR
2026-09-30 00:16:17 [] INFO  org.springframework.boot.devtools.autoconfigure.OptionalLiveReloadServer - LiveReload server is running on port 35729
2026-09-30 00:16:17 [] INFO  org.apache.coyote.http11.Http11NioProtocol - Starting ProtocolHandler ["http-nio-8080"]
2026-09-30 00:16:17 [] INFO  org.springframework.boot.web.embedded.tomcat.TomcatWebServer - Tomcat started on port 8080 (http) with context path '/tailor-master'
2026-09-30 00:16:17 [] INFO  com.example.tailormaster.TailorMasterAppApplication - Started TailorMasterAppApplication in 4.151 seconds (process running for 597.886)
2026-09-30 00:16:17 [] INFO  org.springframework.boot.devtools.autoconfigure.ConditionEvaluationDeltaLoggingListener - Condition evaluation unchanged
2026-09-30 00:16:36 [] INFO  org.springframework.boot.devtools.autoconfigure.LocalDevToolsAutoConfiguration$RestartingClassPathChangeChangedEventListener - Restarting due to 5 class path changes (0 additions, 5 deletions, 0 modifications)
2026-09-30 00:16:36 [] INFO  org.springframework.boot.web.embedded.tomcat.GracefulShutdown - Commencing graceful shutdown. Waiting for active requests to complete
2026-09-30 00:16:36 [] INFO  org.apache.coyote.http11.Http11NioProtocol - Pausing ProtocolHandler ["http-nio-8080"]
2026-09-30 00:16:37 [] INFO  org.springframework.boot.web.embedded.tomcat.GracefulShutdown - Graceful shutdown complete
2026-09-30 00:16:37 [] INFO  org.apache.coyote.http11.Http11NioProtocol - Stopping ProtocolHandler ["http-nio-8080"]
2026-09-30 00:16:37 [] INFO  org.springframework.orm.jpa.LocalContainerEntityManagerFactoryBean - Closing JPA EntityManagerFactory for persistence unit 'default'
2026-09-30 00:16:37 [] INFO  com.zaxxer.hikari.HikariDataSource - HikariPool-3 - Shutdown initiated...
2026-09-30 00:16:37 [] INFO  com.zaxxer.hikari.HikariDataSource - HikariPool-3 - Shutdown completed.
2026-09-30 00:16:37 [] INFO  com.example.tailormaster.TailorMasterAppApplication - Starting TailorMasterAppApplication using Java 17.0.2 with PID 15356 (E:\Development-Workspaces\tailor-app-new-enhancements\tailor-master-app\tailor-master-app\target\classes started by wajiz.pk in E:\Development-Workspaces\tailor-app-new-enhancements\tailor-master-app)
2026-09-30 00:16:37 [] INFO  com.example.tailormaster.TailorMasterAppApplication - No active profile set, falling back to 1 default profile: "default"
2026-09-30 00:16:37 [] INFO  org.springframework.data.repository.config.RepositoryConfigurationDelegate - Bootstrapping Spring Data JPA repositories in DEFAULT mode.
2026-09-30 00:16:38 [] INFO  org.springframework.data.repository.config.RepositoryConfigurationDelegate - Finished Spring Data repository scanning in 123 ms. Found 19 JPA repository interfaces.
2026-09-30 00:16:38 [] INFO  org.springframework.boot.web.embedded.tomcat.TomcatWebServer - Tomcat initialized with port 8080 (http)
2026-09-30 00:16:38 [] INFO  org.apache.coyote.http11.Http11NioProtocol - Initializing ProtocolHandler ["http-nio-8080"]
2026-09-30 00:16:38 [] INFO  org.apache.catalina.core.StandardService - Starting service [Tomcat]
2026-09-30 00:16:38 [] INFO  org.apache.catalina.core.StandardEngine - Starting Servlet engine: [Apache Tomcat/10.1.40]
2026-09-30 00:16:38 [] INFO  org.apache.catalina.core.ContainerBase.[Tomcat-1].[localhost].[/tailor-master] - Initializing Spring embedded WebApplicationContext
2026-09-30 00:16:38 [] INFO  org.springframework.boot.web.servlet.context.ServletWebServerApplicationContext - Root WebApplicationContext: initialization completed in 1039 ms
2026-09-30 00:16:38 [] INFO  org.hibernate.jpa.internal.util.LogHelper - HHH000204: Processing PersistenceUnitInfo [name: default]
2026-09-30 00:16:38 [] INFO  org.hibernate.cache.internal.RegionFactoryInitiator - HHH000026: Second-level cache disabled
2026-09-30 00:16:38 [] INFO  org.springframework.orm.jpa.persistenceunit.SpringPersistenceUnitInfo - No LoadTimeWeaver setup: ignoring JPA class transformer
2026-09-30 00:16:38 [] INFO  com.zaxxer.hikari.HikariDataSource - HikariPool-4 - Starting...
2026-09-30 00:16:38 [] INFO  com.zaxxer.hikari.pool.HikariPool - HikariPool-4 - Added connection com.mysql.cj.jdbc.ConnectionImpl@4de48c91
2026-09-30 00:16:38 [] INFO  com.zaxxer.hikari.HikariDataSource - HikariPool-4 - Start completed.
2026-09-30 00:16:38 [] INFO  org.hibernate.orm.connections.pooling - HHH10001005: Database info:
	Database JDBC URL [Connecting through datasource 'HikariDataSource (HikariPool-4)']
	Database driver: undefined/unknown
	Database version: 8.0.28
	Autocommit mode: undefined/unknown
	Isolation level: undefined/unknown
	Minimum pool size: undefined/unknown
	Maximum pool size: undefined/unknown
2026-09-30 00:16:39 [] INFO  org.hibernate.engine.transaction.jta.platform.internal.JtaPlatformInitiator - HHH000489: No JTA platform available (set 'hibernate.transaction.jta.platform' to enable JTA platform integration)
2026-09-30 00:16:39 [] INFO  org.springframework.orm.jpa.LocalContainerEntityManagerFactoryBean - Initialized JPA EntityManagerFactory for persistence unit 'default'
2026-09-30 00:16:39 [] WARN  org.springframework.boot.web.servlet.context.AnnotationConfigServletWebServerApplicationContext - Exception encountered during context initialization - cancelling refresh attempt: org.springframework.beans.factory.UnsatisfiedDependencyException: Error creating bean with name 'dashboardController' defined in file [E:\Development-Workspaces\tailor-app-new-enhancements\tailor-master-app\tailor-master-app\target\classes\com\example\tailormaster\controller\dashboard\DashboardController.class]: Unsatisfied dependency expressed through constructor parameter 0: Error creating bean with name 'dashboardService': Resolution of declared constructors on bean Class [com.example.tailormaster.service.dashboard.DashboardService] from ClassLoader [org.springframework.boot.devtools.restart.classloader.RestartClassLoader@2749769] failed
2026-09-30 00:16:39 [] INFO  org.springframework.orm.jpa.LocalContainerEntityManagerFactoryBean - Closing JPA EntityManagerFactory for persistence unit 'default'
2026-09-30 00:16:39 [] INFO  com.zaxxer.hikari.HikariDataSource - HikariPool-4 - Shutdown initiated...
2026-09-30 00:16:39 [] INFO  com.zaxxer.hikari.HikariDataSource - HikariPool-4 - Shutdown completed.
2026-09-30 00:16:39 [] INFO  org.apache.catalina.core.StandardService - Stopping service [Tomcat]
2026-09-30 00:16:39 [] INFO  org.springframework.boot.autoconfigure.logging.ConditionEvaluationReportLogger - 

Error starting ApplicationContext. To display the condition evaluation report re-run your application with 'debug' enabled.
2026-09-30 00:16:39 [] ERROR org.springframework.boot.SpringApplication - Application run failed
org.springframework.beans.factory.UnsatisfiedDependencyException: Error creating bean with name 'dashboardController' defined in file [E:\Development-Workspaces\tailor-app-new-enhancements\tailor-master-app\tailor-master-app\target\classes\com\example\tailormaster\controller\dashboard\DashboardController.class]: Unsatisfied dependency expressed through constructor parameter 0: Error creating bean with name 'dashboardService': Resolution of declared constructors on bean Class [com.example.tailormaster.service.dashboard.DashboardService] from ClassLoader [org.springframework.boot.devtools.restart.classloader.RestartClassLoader@2749769] failed
	at org.springframework.beans.factory.support.ConstructorResolver.createArgumentArray(ConstructorResolver.java:804) ~[spring-beans-6.2.1.jar:6.2.1]
	at org.springframework.beans.factory.support.ConstructorResolver.autowireConstructor(ConstructorResolver.java:240) ~[spring-beans-6.2.1.jar:6.2.1]
	at org.springframework.beans.factory.support.AbstractAutowireCapableBeanFactory.autowireConstructor(AbstractAutowireCapableBeanFactory.java:1377) ~[spring-beans-6.2.1.jar:6.2.1]
	at org.springframework.beans.factory.support.AbstractAutowireCapableBeanFactory.createBeanInstance(AbstractAutowireCapableBeanFactory.java:1214) ~[spring-beans-6.2.1.jar:6.2.1]
	at org.springframework.beans.factory.support.AbstractAutowireCapableBeanFactory.doCreateBean(AbstractAutowireCapableBeanFactory.java:563) ~[spring-beans-6.2.1.jar:6.2.1]
	at org.springframework.beans.factory.support.AbstractAutowireCapableBeanFactory.createBean(AbstractAutowireCapableBeanFactory.java:523) ~[spring-beans-6.2.1.jar:6.2.1]
	at org.springframework.beans.factory.support.AbstractBeanFactory.lambda$doGetBean$0(AbstractBeanFactory.java:336) ~[spring-beans-6.2.1.jar:6.2.1]
	at org.springframework.beans.factory.support.DefaultSingletonBeanRegistry.getSingleton(DefaultSingletonBeanRegistry.java:289) ~[spring-beans-6.2.1.jar:6.2.1]
	at org.springframework.beans.factory.support.AbstractBeanFactory.doGetBean(AbstractBeanFactory.java:334) ~[spring-beans-6.2.1.jar:6.2.1]
	at org.springframework.beans.factory.support.AbstractBeanFactory.getBean(AbstractBeanFactory.java:199) ~[spring-beans-6.2.1.jar:6.2.1]
	at org.springframework.beans.factory.support.DefaultListableBeanFactory.instantiateSingleton(DefaultListableBeanFactory.java:1122) ~[spring-beans-6.2.1.jar:6.2.1]
	at org.springframework.beans.factory.support.DefaultListableBeanFactory.preInstantiateSingleton(DefaultListableBeanFactory.java:1093) ~[spring-beans-6.2.1.jar:6.2.1]
	at org.springframework.beans.factory.support.DefaultListableBeanFactory.preInstantiateSingletons(DefaultListableBeanFactory.java:1030) ~[spring-beans-6.2.1.jar:6.2.1]
	at org.springframework.context.support.AbstractApplicationContext.finishBeanFactoryInitialization(AbstractApplicationContext.java:987) ~[spring-context-6.2.1.jar:6.2.1]
	at org.springframework.context.support.AbstractApplicationContext.refresh(AbstractApplicationContext.java:627) ~[spring-context-6.2.1.jar:6.2.1]
	at org.springframework.boot.web.servlet.context.ServletWebServerApplicationContext.refresh(ServletWebServerApplicationContext.java:146) ~[spring-boot-3.4.1.jar:3.4.1]
	at org.springframework.boot.SpringApplication.refresh(SpringApplication.java:752) [spring-boot-3.4.1.jar:3.4.1]
	at org.springframework.boot.SpringApplication.refreshContext(SpringApplication.java:439) [spring-boot-3.4.1.jar:3.4.1]
	at org.springframework.boot.SpringApplication.run(SpringApplication.java:318) [spring-boot-3.4.1.jar:3.4.1]
	at org.springframework.boot.SpringApplication.run(SpringApplication.java:1361) [spring-boot-3.4.1.jar:3.4.1]
	at org.springframework.boot.SpringApplication.run(SpringApplication.java:1350) [spring-boot-3.4.1.jar:3.4.1]
	at com.example.tailormaster.TailorMasterAppApplication.main(TailorMasterAppApplication.java:9) [classes/:?]
	at java.base/jdk.internal.reflect.NativeMethodAccessorImpl.invoke0(Native Method) ~[?:?]
	at java.base/jdk.internal.reflect.NativeMethodAccessorImpl.invoke(NativeMethodAccessorImpl.java:77) ~[?:?]
	at java.base/jdk.internal.reflect.DelegatingMethodAccessorImpl.invoke(DelegatingMethodAccessorImpl.java:43) ~[?:?]
	at java.base/java.lang.reflect.Method.invoke(Method.java:568) ~[?:?]
	at org.springframework.boot.devtools.restart.RestartLauncher.run(RestartLauncher.java:50) [spring-boot-devtools-3.4.1.jar:3.4.1]
Caused by: org.springframework.beans.factory.BeanCreationException: Error creating bean with name 'dashboardService': Resolution of declared constructors on bean Class [com.example.tailormaster.service.dashboard.DashboardService] from ClassLoader [org.springframework.boot.devtools.restart.classloader.RestartClassLoader@2749769] failed
	at org.springframework.beans.factory.annotation.AutowiredAnnotationBeanPostProcessor.determineCandidateConstructors(AutowiredAnnotationBeanPostProcessor.java:384) ~[spring-beans-6.2.1.jar:6.2.1]
	at org.springframework.beans.factory.support.AbstractAutowireCapableBeanFactory.determineConstructorsFromBeanPostProcessors(AbstractAutowireCapableBeanFactory.java:1316) ~[spring-beans-6.2.1.jar:6.2.1]
	at org.springframework.beans.factory.support.AbstractAutowireCapableBeanFactory.createBeanInstance(AbstractAutowireCapableBeanFactory.java:1211) ~[spring-beans-6.2.1.jar:6.2.1]
	at org.springframework.beans.factory.support.AbstractAutowireCapableBeanFactory.doCreateBean(AbstractAutowireCapableBeanFactory.java:563) ~[spring-beans-6.2.1.jar:6.2.1]
	at org.springframework.beans.factory.support.AbstractAutowireCapableBeanFactory.createBean(AbstractAutowireCapableBeanFactory.java:523) ~[spring-beans-6.2.1.jar:6.2.1]
	at org.springframework.beans.factory.support.AbstractBeanFactory.lambda$doGetBean$0(AbstractBeanFactory.java:336) ~[spring-beans-6.2.1.jar:6.2.1]
	at org.springframework.beans.factory.support.DefaultSingletonBeanRegistry.getSingleton(DefaultSingletonBeanRegistry.java:289) ~[spring-beans-6.2.1.jar:6.2.1]
	at org.springframework.beans.factory.support.AbstractBeanFactory.doGetBean(AbstractBeanFactory.java:334) ~[spring-beans-6.2.1.jar:6.2.1]
	at org.springframework.beans.factory.support.AbstractBeanFactory.getBean(AbstractBeanFactory.java:199) ~[spring-beans-6.2.1.jar:6.2.1]
	at org.springframework.beans.factory.support.DefaultListableBeanFactory.doResolveDependency(DefaultListableBeanFactory.java:1573) ~[spring-beans-6.2.1.jar:6.2.1]
	at org.springframework.beans.factory.support.DefaultListableBeanFactory.resolveDependency(DefaultListableBeanFactory.java:1519) ~[spring-beans-6.2.1.jar:6.2.1]
	at org.springframework.beans.factory.support.ConstructorResolver.resolveAutowiredArgument(ConstructorResolver.java:913) ~[spring-beans-6.2.1.jar:6.2.1]
	at org.springframework.beans.factory.support.ConstructorResolver.createArgumentArray(ConstructorResolver.java:791) ~[spring-beans-6.2.1.jar:6.2.1]
	... 26 more
Caused by: java.lang.NoClassDefFoundError: com/example/tailormaster/service/customer/CustomerService
	at java.base/java.lang.Class.getDeclaredConstructors0(Native Method) ~[?:?]
	at java.base/java.lang.Class.privateGetDeclaredConstructors(Class.java:3373) ~[?:?]
	at java.base/java.lang.Class.getDeclaredConstructors(Class.java:2555) ~[?:?]
	at org.springframework.beans.factory.annotation.AutowiredAnnotationBeanPostProcessor.determineCandidateConstructors(AutowiredAnnotationBeanPostProcessor.java:379) ~[spring-beans-6.2.1.jar:6.2.1]
	at org.springframework.beans.factory.support.AbstractAutowireCapableBeanFactory.determineConstructorsFromBeanPostProcessors(AbstractAutowireCapableBeanFactory.java:1316) ~[spring-beans-6.2.1.jar:6.2.1]
	at org.springframework.beans.factory.support.AbstractAutowireCapableBeanFactory.createBeanInstance(AbstractAutowireCapableBeanFactory.java:1211) ~[spring-beans-6.2.1.jar:6.2.1]
	at org.springframework.beans.factory.support.AbstractAutowireCapableBeanFactory.doCreateBean(AbstractAutowireCapableBeanFactory.java:563) ~[spring-beans-6.2.1.jar:6.2.1]
	at org.springframework.beans.factory.support.AbstractAutowireCapableBeanFactory.createBean(AbstractAutowireCapableBeanFactory.java:523) ~[spring-beans-6.2.1.jar:6.2.1]
	at org.springframework.beans.factory.support.AbstractBeanFactory.lambda$doGetBean$0(AbstractBeanFactory.java:336) ~[spring-beans-6.2.1.jar:6.2.1]
	at org.springframework.beans.factory.support.DefaultSingletonBeanRegistry.getSingleton(DefaultSingletonBeanRegistry.java:289) ~[spring-beans-6.2.1.jar:6.2.1]
	at org.springframework.beans.factory.support.AbstractBeanFactory.doGetBean(AbstractBeanFactory.java:334) ~[spring-beans-6.2.1.jar:6.2.1]
	at org.springframework.beans.factory.support.AbstractBeanFactory.getBean(AbstractBeanFactory.java:199) ~[spring-beans-6.2.1.jar:6.2.1]
	at org.springframework.beans.factory.support.DefaultListableBeanFactory.doResolveDependency(DefaultListableBeanFactory.java:1573) ~[spring-beans-6.2.1.jar:6.2.1]
	at org.springframework.beans.factory.support.DefaultListableBeanFactory.resolveDependency(DefaultListableBeanFactory.java:1519) ~[spring-beans-6.2.1.jar:6.2.1]
	at org.springframework.beans.factory.support.ConstructorResolver.resolveAutowiredArgument(ConstructorResolver.java:913) ~[spring-beans-6.2.1.jar:6.2.1]
	at org.springframework.beans.factory.support.ConstructorResolver.createArgumentArray(ConstructorResolver.java:791) ~[spring-beans-6.2.1.jar:6.2.1]
	... 26 more
Caused by: java.lang.ClassNotFoundException: com.example.tailormaster.service.customer.CustomerService
	at java.base/jdk.internal.loader.BuiltinClassLoader.loadClass(BuiltinClassLoader.java:641) ~[?:?]
	at java.base/jdk.internal.loader.ClassLoaders$AppClassLoader.loadClass(ClassLoaders.java:188) ~[?:?]
	at java.base/java.lang.ClassLoader.loadClass(ClassLoader.java:520) ~[?:?]
	at java.base/java.lang.Class.forName0(Native Method) ~[?:?]
	at java.base/java.lang.Class.forName(Class.java:467) ~[?:?]
	at org.springframework.boot.devtools.restart.classloader.RestartClassLoader.loadClass(RestartClassLoader.java:121) ~[spring-boot-devtools-3.4.1.jar:3.4.1]
	at java.base/java.lang.ClassLoader.loadClass(ClassLoader.java:520) ~[?:?]
	at java.base/java.lang.Class.getDeclaredConstructors0(Native Method) ~[?:?]
	at java.base/java.lang.Class.privateGetDeclaredConstructors(Class.java:3373) ~[?:?]
	at java.base/java.lang.Class.getDeclaredConstructors(Class.java:2555) ~[?:?]
	at org.springframework.beans.factory.annotation.AutowiredAnnotationBeanPostProcessor.determineCandidateConstructors(AutowiredAnnotationBeanPostProcessor.java:379) ~[spring-beans-6.2.1.jar:6.2.1]
	at org.springframework.beans.factory.support.AbstractAutowireCapableBeanFactory.determineConstructorsFromBeanPostProcessors(AbstractAutowireCapableBeanFactory.java:1316) ~[spring-beans-6.2.1.jar:6.2.1]
	at org.springframework.beans.factory.support.AbstractAutowireCapableBeanFactory.createBeanInstance(AbstractAutowireCapableBeanFactory.java:1211) ~[spring-beans-6.2.1.jar:6.2.1]
	at org.springframework.beans.factory.support.AbstractAutowireCapableBeanFactory.doCreateBean(AbstractAutowireCapableBeanFactory.java:563) ~[spring-beans-6.2.1.jar:6.2.1]
	at org.springframework.beans.factory.support.AbstractAutowireCapableBeanFactory.createBean(AbstractAutowireCapableBeanFactory.java:523) ~[spring-beans-6.2.1.jar:6.2.1]
	at org.springframework.beans.factory.support.AbstractBeanFactory.lambda$doGetBean$0(AbstractBeanFactory.java:336) ~[spring-beans-6.2.1.jar:6.2.1]
	at org.springframework.beans.factory.support.DefaultSingletonBeanRegistry.getSingleton(DefaultSingletonBeanRegistry.java:289) ~[spring-beans-6.2.1.jar:6.2.1]
	at org.springframework.beans.factory.support.AbstractBeanFactory.doGetBean(AbstractBeanFactory.java:334) ~[spring-beans-6.2.1.jar:6.2.1]
	at org.springframework.beans.factory.support.AbstractBeanFactory.getBean(AbstractBeanFactory.java:199) ~[spring-beans-6.2.1.jar:6.2.1]
	at org.springframework.beans.factory.support.DefaultListableBeanFactory.doResolveDependency(DefaultListableBeanFactory.java:1573) ~[spring-beans-6.2.1.jar:6.2.1]
	at org.springframework.beans.factory.support.DefaultListableBeanFactory.resolveDependency(DefaultListableBeanFactory.java:1519) ~[spring-beans-6.2.1.jar:6.2.1]
	at org.springframework.beans.factory.support.ConstructorResolver.resolveAutowiredArgument(ConstructorResolver.java:913) ~[spring-beans-6.2.1.jar:6.2.1]
	at org.springframework.beans.factory.support.ConstructorResolver.createArgumentArray(ConstructorResolver.java:791) ~[spring-beans-6.2.1.jar:6.2.1]
	... 26 more
2026-09-30 00:16:43 [] INFO  com.example.tailormaster.TailorMasterAppApplication - Starting TailorMasterAppApplication using Java 17.0.2 with PID 15356 (E:\Development-Workspaces\tailor-app-new-enhancements\tailor-master-app\tailor-master-app\target\classes started by wajiz.pk in E:\Development-Workspaces\tailor-app-new-enhancements\tailor-master-app)
2026-09-30 00:16:43 [] INFO  com.example.tailormaster.TailorMasterAppApplication - No active profile set, falling back to 1 default profile: "default"
2026-09-30 00:16:43 [] INFO  org.springframework.data.repository.config.RepositoryConfigurationDelegate - Bootstrapping Spring Data JPA repositories in DEFAULT mode.
2026-09-30 00:16:43 [] INFO  org.springframework.data.repository.config.RepositoryConfigurationDelegate - Finished Spring Data repository scanning in 113 ms. Found 20 JPA repository interfaces.
2026-09-30 00:16:44 [] INFO  org.springframework.boot.web.embedded.tomcat.TomcatWebServer - Tomcat initialized with port 8080 (http)
2026-09-30 00:16:44 [] INFO  org.apache.coyote.http11.Http11NioProtocol - Initializing ProtocolHandler ["http-nio-8080"]
2026-09-30 00:16:44 [] INFO  org.apache.catalina.core.StandardService - Starting service [Tomcat]
2026-09-30 00:16:44 [] INFO  org.apache.catalina.core.StandardEngine - Starting Servlet engine: [Apache Tomcat/10.1.40]
2026-09-30 00:16:44 [] INFO  org.apache.catalina.core.ContainerBase.[Tomcat-2].[localhost].[/tailor-master] - Initializing Spring embedded WebApplicationContext
2026-09-30 00:16:44 [] INFO  org.springframework.boot.web.servlet.context.ServletWebServerApplicationContext - Root WebApplicationContext: initialization completed in 988 ms
2026-09-30 00:16:44 [] INFO  org.hibernate.jpa.internal.util.LogHelper - HHH000204: Processing PersistenceUnitInfo [name: default]
2026-09-30 00:16:44 [] INFO  org.hibernate.cache.internal.RegionFactoryInitiator - HHH000026: Second-level cache disabled
2026-09-30 00:16:44 [] INFO  org.springframework.orm.jpa.persistenceunit.SpringPersistenceUnitInfo - No LoadTimeWeaver setup: ignoring JPA class transformer
2026-09-30 00:16:44 [] INFO  com.zaxxer.hikari.HikariDataSource - HikariPool-5 - Starting...
2026-09-30 00:16:44 [] INFO  com.zaxxer.hikari.pool.HikariPool - HikariPool-5 - Added connection com.mysql.cj.jdbc.ConnectionImpl@53f96371
2026-09-30 00:16:44 [] INFO  com.zaxxer.hikari.HikariDataSource - HikariPool-5 - Start completed.
2026-09-30 00:16:44 [] INFO  org.hibernate.orm.connections.pooling - HHH10001005: Database info:
	Database JDBC URL [Connecting through datasource 'HikariDataSource (HikariPool-5)']
	Database driver: undefined/unknown
	Database version: 8.0.28
	Autocommit mode: undefined/unknown
	Isolation level: undefined/unknown
	Minimum pool size: undefined/unknown
	Maximum pool size: undefined/unknown
2026-09-30 00:16:44 [] INFO  org.hibernate.engine.transaction.jta.platform.internal.JtaPlatformInitiator - HHH000489: No JTA platform available (set 'hibernate.transaction.jta.platform' to enable JTA platform integration)
2026-09-30 00:16:45 [] INFO  org.springframework.orm.jpa.LocalContainerEntityManagerFactoryBean - Initialized JPA EntityManagerFactory for persistence unit 'default'
2026-09-30 00:16:45 [] WARN  org.springframework.boot.autoconfigure.orm.jpa.JpaBaseConfiguration$JpaWebConfiguration - spring.jpa.open-in-view is enabled by default. Therefore, database queries may be performed during view rendering. Explicitly configure spring.jpa.open-in-view to disable this warning
2026-09-30 00:16:45 [] INFO  org.springframework.security.config.annotation.authentication.configuration.InitializeAuthenticationProviderBeanManagerConfigurer$InitializeAuthenticationProviderManagerConfigurer - Global AuthenticationManager configured with AuthenticationProvider bean with name authenticationProvider
2026-09-30 00:16:45 [] WARN  org.springframework.security.config.annotation.authentication.configuration.InitializeUserDetailsBeanManagerConfigurer$InitializeUserDetailsManagerConfigurer - Global AuthenticationManager configured with an AuthenticationProvider bean. UserDetailsService beans will not be used by Spring Security for automatically configuring username/password login. Consider removing the AuthenticationProvider bean. Alternatively, consider using the UserDetailsService in a manually instantiated DaoAuthenticationProvider. If the current configuration is intentional, to turn off this warning, increase the logging level of 'org.springframework.security.config.annotation.authentication.configuration.InitializeUserDetailsBeanManagerConfigurer' to ERROR
2026-09-30 00:16:46 [] INFO  org.springframework.boot.devtools.autoconfigure.OptionalLiveReloadServer - LiveReload server is running on port 35729
2026-09-30 00:16:46 [] INFO  org.apache.coyote.http11.Http11NioProtocol - Starting ProtocolHandler ["http-nio-8080"]
2026-09-30 00:16:46 [] INFO  org.springframework.boot.web.embedded.tomcat.TomcatWebServer - Tomcat started on port 8080 (http) with context path '/tailor-master'
2026-09-30 00:16:46 [] INFO  com.example.tailormaster.TailorMasterAppApplication - Started TailorMasterAppApplication in 3.045 seconds (process running for 626.699)
2026-09-30 00:16:46 [] INFO  org.springframework.boot.devtools.autoconfigure.ConditionEvaluationDeltaLoggingListener - Condition evaluation unchanged
2026-09-30 00:16:57 [] INFO  org.apache.catalina.core.ContainerBase.[Tomcat-2].[localhost].[/tailor-master] - Initializing Spring DispatcherServlet 'dispatcherServlet'
2026-09-30 00:16:57 [] INFO  org.springframework.web.servlet.DispatcherServlet - Initializing Servlet 'dispatcherServlet'
2026-09-30 00:16:57 [] INFO  org.springframework.web.servlet.DispatcherServlet - Completed initialization in 8 ms
2026-09-30 00:16:58 [testuser] INFO  com.example.tailormaster.filter.LoggingInterceptor - User 'testuser' is requesting: GET /tailor-master/customers/details/elbRXTm1D5XCD0ilEpK5N-8SQkUHyLW1I59l-TyrUPw=
2026-09-30 00:16:58 [testuser] INFO  com.example.tailormaster.controller.CustomerController - Displaying details for customer ID (encrypted): elbRXTm1D5XCD0ilEpK5N-8SQkUHyLW1I59l-TyrUPw=
2026-09-30 00:16:58 [testuser] INFO  com.example.tailormaster.service.product.ProductService - Fetching all active products.
2026-09-30 00:16:58 [testuser] INFO  com.example.tailormaster.service.product.ProductService - Retrieved 3 active products.
2026-09-30 00:16:58 [testuser] INFO  com.example.tailormaster.controller.CustomerController - Fetched customer details: com.example.tailormaster.entity.Customer@3dd2419e
2026-09-30 00:17:00 [testuser] INFO  com.example.tailormaster.filter.LoggingInterceptor - User 'testuser' is requesting: GET /tailor-master/dashboard/notifications/upcoming-deliveries
2026-09-30 00:17:00 [testuser] INFO  com.example.tailormaster.controller.dashboard.DashboardController - Requested upcoming deliveries.
2026-09-30 00:17:01 [testuser] INFO  com.example.tailormaster.service.dashboard.DashboardService - Upcoming deliveries fetched: 22
2026-09-30 00:17:01 [testuser] INFO  com.example.tailormaster.controller.dashboard.DashboardController - Upcoming deliveries fetched: 22
2026-09-30 00:17:04 [testuser] INFO  com.example.tailormaster.filter.LoggingInterceptor - User 'testuser' is requesting: GET /tailor-master/customers/7/fields
2026-09-30 00:17:04 [testuser] INFO  com.example.tailormaster.service.product.ProductService - Fetching product by ID: 7
2026-09-30 00:17:07 [testuser] INFO  com.example.tailormaster.filter.LoggingInterceptor - User 'testuser' is requesting: GET /tailor-master/customers/8/fields
2026-09-30 00:17:07 [testuser] INFO  com.example.tailormaster.service.product.ProductService - Fetching product by ID: 8
2026-09-30 00:17:11 [testuser] INFO  com.example.tailormaster.filter.LoggingInterceptor - User 'testuser' is requesting: GET /tailor-master/customers/9/fields
2026-09-30 00:17:11 [testuser] INFO  com.example.tailormaster.service.product.ProductService - Fetching product by ID: 9
2026-09-30 00:17:30 [testuser] INFO  com.example.tailormaster.filter.LoggingInterceptor - User 'testuser' is requesting: GET /tailor-master/products/DocWNDg8wKnAu_5wdIPUJjbkKfrCCJ_3xj-sIvP0hwc=/measurements
2026-09-30 00:17:30 [testuser] INFO  com.example.tailormaster.service.product.ProductService - Fetching product by ID: 7
2026-09-30 00:17:31 [testuser] INFO  com.example.tailormaster.filter.LoggingInterceptor - User 'testuser' is requesting: GET /tailor-master/dashboard/notifications/upcoming-deliveries
2026-09-30 00:17:31 [testuser] INFO  com.example.tailormaster.controller.dashboard.DashboardController - Requested upcoming deliveries.
2026-09-30 00:17:31 [testuser] INFO  com.example.tailormaster.service.dashboard.DashboardService - Upcoming deliveries fetched: 22
2026-09-30 00:17:31 [testuser] INFO  com.example.tailormaster.controller.dashboard.DashboardController - Upcoming deliveries fetched: 22
2026-09-30 00:17:32 [testuser] INFO  com.example.tailormaster.filter.LoggingInterceptor - User 'testuser' is requesting: GET /tailor-master/products/DocWNDg8wKnAu_5wdIPUJjbkKfrCCJ_3xj-sIvP0hwc=/measurements
2026-09-30 00:17:32 [testuser] INFO  com.example.tailormaster.service.product.ProductService - Fetching product by ID: 7
2026-09-30 00:17:32 [testuser] INFO  com.example.tailormaster.filter.LoggingInterceptor - User 'testuser' is requesting: GET /tailor-master/dashboard/notifications/upcoming-deliveries
2026-09-30 00:17:32 [testuser] INFO  com.example.tailormaster.controller.dashboard.DashboardController - Requested upcoming deliveries.
2026-09-30 00:17:33 [testuser] INFO  com.example.tailormaster.service.dashboard.DashboardService - Upcoming deliveries fetched: 22
2026-09-30 00:17:33 [testuser] INFO  com.example.tailormaster.controller.dashboard.DashboardController - Upcoming deliveries fetched: 22
2026-09-30 00:17:34 [testuser] INFO  com.example.tailormaster.filter.LoggingInterceptor - User 'testuser' is requesting: GET /tailor-master/products
2026-09-30 00:17:34 [testuser] INFO  com.example.tailormaster.controller.ProductController - User accessed the product list page.
2026-09-30 00:17:34 [testuser] INFO  com.example.tailormaster.service.product.ProductService - Fetching all products.
2026-09-30 00:17:35 [testuser] INFO  com.example.tailormaster.controller.ProductController - Retrieved products: [Product(name=شلوار قمیض, singleSilai=1200.00, doubleSilai=1600.00, enabled=true, user=User(username=testuser, fullName=محمد فرحان, phone1=03212233445, phone2=, shopName=Farhan Tailors, proprietorName=Farhan Tailors, shopAddress=Scheme 33, Karachi, shortCode=FT, enabled=true, trialStartedAt=2026-09-03, trialEndsAt=2050-10-03)), Product(name=Waistcoat, singleSilai=800.00, doubleSilai=1000.00, enabled=true, user=User(username=testuser, fullName=محمد فرحان, phone1=03212233445, phone2=, shopName=Farhan Tailors, proprietorName=Farhan Tailors, shopAddress=Scheme 33, Karachi, shortCode=FT, enabled=true, trialStartedAt=2026-09-03, trialEndsAt=2050-10-03)), Product(name=test product, singleSilai=200.00, doubleSilai=400.00, enabled=true, user=User(username=testuser, fullName=محمد فرحان, phone1=03212233445, phone2=, shopName=Farhan Tailors, proprietorName=Farhan Tailors, shopAddress=Scheme 33, Karachi, shortCode=FT, enabled=true, trialStartedAt=2026-09-03, trialEndsAt=2050-10-03))] 
2026-09-30 00:17:35 [testuser] INFO  com.example.tailormaster.filter.LoggingInterceptor - User 'testuser' is requesting: GET /tailor-master/dashboard/notifications/upcoming-deliveries
2026-09-30 00:17:35 [testuser] INFO  com.example.tailormaster.controller.dashboard.DashboardController - Requested upcoming deliveries.
2026-09-30 00:17:35 [testuser] INFO  com.example.tailormaster.service.dashboard.DashboardService - Upcoming deliveries fetched: 22
2026-09-30 00:17:35 [testuser] INFO  com.example.tailormaster.controller.dashboard.DashboardController - Upcoming deliveries fetched: 22
2026-09-30 00:17:37 [testuser] INFO  com.example.tailormaster.filter.LoggingInterceptor - User 'testuser' is requesting: GET /tailor-master/products/HdzBHBp1Emoq1FTjg7JlEhijjlhjrKzA72L7A1sdBw4=/measurements
2026-09-30 00:17:38 [testuser] INFO  com.example.tailormaster.service.product.ProductService - Fetching product by ID: 9
2026-09-30 00:17:38 [testuser] INFO  com.example.tailormaster.filter.LoggingInterceptor - User 'testuser' is requesting: GET /tailor-master/dashboard/notifications/upcoming-deliveries
2026-09-30 00:17:38 [testuser] INFO  com.example.tailormaster.controller.dashboard.DashboardController - Requested upcoming deliveries.
2026-09-30 00:17:38 [testuser] INFO  com.example.tailormaster.service.dashboard.DashboardService - Upcoming deliveries fetched: 22
2026-09-30 00:17:38 [testuser] INFO  com.example.tailormaster.controller.dashboard.DashboardController - Upcoming deliveries fetched: 22
2026-09-30 00:18:16 [] INFO  org.springframework.boot.devtools.autoconfigure.LocalDevToolsAutoConfiguration$RestartingClassPathChangeChangedEventListener - Restarting due to 5 class path changes (0 additions, 5 deletions, 0 modifications)
2026-09-30 00:18:16 [] INFO  org.springframework.boot.web.embedded.tomcat.GracefulShutdown - Commencing graceful shutdown. Waiting for active requests to complete
2026-09-30 00:18:16 [] INFO  org.apache.coyote.http11.Http11NioProtocol - Pausing ProtocolHandler ["http-nio-8080"]
2026-09-30 00:18:17 [] INFO  org.springframework.boot.web.embedded.tomcat.GracefulShutdown - Graceful shutdown complete
2026-09-30 00:18:17 [] INFO  org.apache.coyote.http11.Http11NioProtocol - Stopping ProtocolHandler ["http-nio-8080"]
2026-09-30 00:18:17 [] INFO  org.springframework.orm.jpa.LocalContainerEntityManagerFactoryBean - Closing JPA EntityManagerFactory for persistence unit 'default'
2026-09-30 00:18:17 [] INFO  com.zaxxer.hikari.HikariDataSource - HikariPool-5 - Shutdown initiated...
2026-09-30 00:18:17 [] INFO  com.zaxxer.hikari.HikariDataSource - HikariPool-5 - Shutdown completed.
2026-09-30 00:18:18 [] INFO  com.example.tailormaster.TailorMasterAppApplication - Starting TailorMasterAppApplication using Java 17.0.2 with PID 15356 (E:\Development-Workspaces\tailor-app-new-enhancements\tailor-master-app\tailor-master-app\target\classes started by wajiz.pk in E:\Development-Workspaces\tailor-app-new-enhancements\tailor-master-app)
2026-09-30 00:18:18 [] INFO  com.example.tailormaster.TailorMasterAppApplication - No active profile set, falling back to 1 default profile: "default"
2026-09-30 00:18:18 [] INFO  org.springframework.data.repository.config.RepositoryConfigurationDelegate - Bootstrapping Spring Data JPA repositories in DEFAULT mode.
2026-09-30 00:18:18 [] INFO  org.springframework.data.repository.config.RepositoryConfigurationDelegate - Finished Spring Data repository scanning in 102 ms. Found 19 JPA repository interfaces.
2026-09-30 00:18:18 [] INFO  org.springframework.boot.web.embedded.tomcat.TomcatWebServer - Tomcat initialized with port 8080 (http)
2026-09-30 00:18:18 [] INFO  org.apache.coyote.http11.Http11NioProtocol - Initializing ProtocolHandler ["http-nio-8080"]
2026-09-30 00:18:18 [] INFO  org.apache.catalina.core.StandardService - Starting service [Tomcat]
2026-09-30 00:18:18 [] INFO  org.apache.catalina.core.StandardEngine - Starting Servlet engine: [Apache Tomcat/10.1.40]
2026-09-30 00:18:18 [] INFO  org.apache.catalina.core.ContainerBase.[Tomcat-2].[localhost].[/tailor-master] - Initializing Spring embedded WebApplicationContext
2026-09-30 00:18:18 [] INFO  org.springframework.boot.web.servlet.context.ServletWebServerApplicationContext - Root WebApplicationContext: initialization completed in 908 ms
2026-09-30 00:18:19 [] INFO  org.hibernate.jpa.internal.util.LogHelper - HHH000204: Processing PersistenceUnitInfo [name: default]
2026-09-30 00:18:19 [] INFO  org.hibernate.cache.internal.RegionFactoryInitiator - HHH000026: Second-level cache disabled
2026-09-30 00:18:19 [] INFO  org.springframework.orm.jpa.persistenceunit.SpringPersistenceUnitInfo - No LoadTimeWeaver setup: ignoring JPA class transformer
2026-09-30 00:18:19 [] INFO  com.zaxxer.hikari.HikariDataSource - HikariPool-6 - Starting...
2026-09-30 00:18:19 [] INFO  com.zaxxer.hikari.pool.HikariPool - HikariPool-6 - Added connection com.mysql.cj.jdbc.ConnectionImpl@7f0fdc59
2026-09-30 00:18:19 [] INFO  com.zaxxer.hikari.HikariDataSource - HikariPool-6 - Start completed.
2026-09-30 00:18:19 [] INFO  org.hibernate.orm.connections.pooling - HHH10001005: Database info:
	Database JDBC URL [Connecting through datasource 'HikariDataSource (HikariPool-6)']
	Database driver: undefined/unknown
	Database version: 8.0.28
	Autocommit mode: undefined/unknown
	Isolation level: undefined/unknown
	Minimum pool size: undefined/unknown
	Maximum pool size: undefined/unknown
2026-09-30 00:18:19 [] INFO  org.hibernate.engine.transaction.jta.platform.internal.JtaPlatformInitiator - HHH000489: No JTA platform available (set 'hibernate.transaction.jta.platform' to enable JTA platform integration)
2026-09-30 00:18:20 [] INFO  org.springframework.orm.jpa.LocalContainerEntityManagerFactoryBean - Initialized JPA EntityManagerFactory for persistence unit 'default'
2026-09-30 00:18:20 [] WARN  org.springframework.boot.web.servlet.context.AnnotationConfigServletWebServerApplicationContext - Exception encountered during context initialization - cancelling refresh attempt: org.springframework.beans.factory.UnsatisfiedDependencyException: Error creating bean with name 'dashboardController' defined in file [E:\Development-Workspaces\tailor-app-new-enhancements\tailor-master-app\tailor-master-app\target\classes\com\example\tailormaster\controller\dashboard\DashboardController.class]: Unsatisfied dependency expressed through constructor parameter 0: Error creating bean with name 'dashboardService': Resolution of declared constructors on bean Class [com.example.tailormaster.service.dashboard.DashboardService] from ClassLoader [org.springframework.boot.devtools.restart.classloader.RestartClassLoader@5810e418] failed
2026-09-30 00:18:20 [] INFO  org.springframework.orm.jpa.LocalContainerEntityManagerFactoryBean - Closing JPA EntityManagerFactory for persistence unit 'default'
2026-09-30 00:18:20 [] INFO  com.zaxxer.hikari.HikariDataSource - HikariPool-6 - Shutdown initiated...
2026-09-30 00:18:20 [] INFO  com.zaxxer.hikari.HikariDataSource - HikariPool-6 - Shutdown completed.
2026-09-30 00:18:20 [] INFO  org.apache.catalina.core.StandardService - Stopping service [Tomcat]
2026-09-30 00:18:20 [] INFO  org.springframework.boot.autoconfigure.logging.ConditionEvaluationReportLogger - 

Error starting ApplicationContext. To display the condition evaluation report re-run your application with 'debug' enabled.
2026-09-30 00:18:20 [] ERROR org.springframework.boot.SpringApplication - Application run failed
org.springframework.beans.factory.UnsatisfiedDependencyException: Error creating bean with name 'dashboardController' defined in file [E:\Development-Workspaces\tailor-app-new-enhancements\tailor-master-app\tailor-master-app\target\classes\com\example\tailormaster\controller\dashboard\DashboardController.class]: Unsatisfied dependency expressed through constructor parameter 0: Error creating bean with name 'dashboardService': Resolution of declared constructors on bean Class [com.example.tailormaster.service.dashboard.DashboardService] from ClassLoader [org.springframework.boot.devtools.restart.classloader.RestartClassLoader@5810e418] failed
	at org.springframework.beans.factory.support.ConstructorResolver.createArgumentArray(ConstructorResolver.java:804) ~[spring-beans-6.2.1.jar:6.2.1]
	at org.springframework.beans.factory.support.ConstructorResolver.autowireConstructor(ConstructorResolver.java:240) ~[spring-beans-6.2.1.jar:6.2.1]
	at org.springframework.beans.factory.support.AbstractAutowireCapableBeanFactory.autowireConstructor(AbstractAutowireCapableBeanFactory.java:1377) ~[spring-beans-6.2.1.jar:6.2.1]
	at org.springframework.beans.factory.support.AbstractAutowireCapableBeanFactory.createBeanInstance(AbstractAutowireCapableBeanFactory.java:1214) ~[spring-beans-6.2.1.jar:6.2.1]
	at org.springframework.beans.factory.support.AbstractAutowireCapableBeanFactory.doCreateBean(AbstractAutowireCapableBeanFactory.java:563) ~[spring-beans-6.2.1.jar:6.2.1]
	at org.springframework.beans.factory.support.AbstractAutowireCapableBeanFactory.createBean(AbstractAutowireCapableBeanFactory.java:523) ~[spring-beans-6.2.1.jar:6.2.1]
	at org.springframework.beans.factory.support.AbstractBeanFactory.lambda$doGetBean$0(AbstractBeanFactory.java:336) ~[spring-beans-6.2.1.jar:6.2.1]
	at org.springframework.beans.factory.support.DefaultSingletonBeanRegistry.getSingleton(DefaultSingletonBeanRegistry.java:289) ~[spring-beans-6.2.1.jar:6.2.1]
	at org.springframework.beans.factory.support.AbstractBeanFactory.doGetBean(AbstractBeanFactory.java:334) ~[spring-beans-6.2.1.jar:6.2.1]
	at org.springframework.beans.factory.support.AbstractBeanFactory.getBean(AbstractBeanFactory.java:199) ~[spring-beans-6.2.1.jar:6.2.1]
	at org.springframework.beans.factory.support.DefaultListableBeanFactory.instantiateSingleton(DefaultListableBeanFactory.java:1122) ~[spring-beans-6.2.1.jar:6.2.1]
	at org.springframework.beans.factory.support.DefaultListableBeanFactory.preInstantiateSingleton(DefaultListableBeanFactory.java:1093) ~[spring-beans-6.2.1.jar:6.2.1]
	at org.springframework.beans.factory.support.DefaultListableBeanFactory.preInstantiateSingletons(DefaultListableBeanFactory.java:1030) ~[spring-beans-6.2.1.jar:6.2.1]
	at org.springframework.context.support.AbstractApplicationContext.finishBeanFactoryInitialization(AbstractApplicationContext.java:987) ~[spring-context-6.2.1.jar:6.2.1]
	at org.springframework.context.support.AbstractApplicationContext.refresh(AbstractApplicationContext.java:627) ~[spring-context-6.2.1.jar:6.2.1]
	at org.springframework.boot.web.servlet.context.ServletWebServerApplicationContext.refresh(ServletWebServerApplicationContext.java:146) ~[spring-boot-3.4.1.jar:3.4.1]
	at org.springframework.boot.SpringApplication.refresh(SpringApplication.java:752) [spring-boot-3.4.1.jar:3.4.1]
	at org.springframework.boot.SpringApplication.refreshContext(SpringApplication.java:439) [spring-boot-3.4.1.jar:3.4.1]
	at org.springframework.boot.SpringApplication.run(SpringApplication.java:318) [spring-boot-3.4.1.jar:3.4.1]
	at org.springframework.boot.SpringApplication.run(SpringApplication.java:1361) [spring-boot-3.4.1.jar:3.4.1]
	at org.springframework.boot.SpringApplication.run(SpringApplication.java:1350) [spring-boot-3.4.1.jar:3.4.1]
	at com.example.tailormaster.TailorMasterAppApplication.main(TailorMasterAppApplication.java:9) [classes/:?]
	at java.base/jdk.internal.reflect.NativeMethodAccessorImpl.invoke0(Native Method) ~[?:?]
	at java.base/jdk.internal.reflect.NativeMethodAccessorImpl.invoke(NativeMethodAccessorImpl.java:77) ~[?:?]
	at java.base/jdk.internal.reflect.DelegatingMethodAccessorImpl.invoke(DelegatingMethodAccessorImpl.java:43) ~[?:?]
	at java.base/java.lang.reflect.Method.invoke(Method.java:568) ~[?:?]
	at org.springframework.boot.devtools.restart.RestartLauncher.run(RestartLauncher.java:50) [spring-boot-devtools-3.4.1.jar:3.4.1]
Caused by: org.springframework.beans.factory.BeanCreationException: Error creating bean with name 'dashboardService': Resolution of declared constructors on bean Class [com.example.tailormaster.service.dashboard.DashboardService] from ClassLoader [org.springframework.boot.devtools.restart.classloader.RestartClassLoader@5810e418] failed
	at org.springframework.beans.factory.annotation.AutowiredAnnotationBeanPostProcessor.determineCandidateConstructors(AutowiredAnnotationBeanPostProcessor.java:384) ~[spring-beans-6.2.1.jar:6.2.1]
	at org.springframework.beans.factory.support.AbstractAutowireCapableBeanFactory.determineConstructorsFromBeanPostProcessors(AbstractAutowireCapableBeanFactory.java:1316) ~[spring-beans-6.2.1.jar:6.2.1]
	at org.springframework.beans.factory.support.AbstractAutowireCapableBeanFactory.createBeanInstance(AbstractAutowireCapableBeanFactory.java:1211) ~[spring-beans-6.2.1.jar:6.2.1]
	at org.springframework.beans.factory.support.AbstractAutowireCapableBeanFactory.doCreateBean(AbstractAutowireCapableBeanFactory.java:563) ~[spring-beans-6.2.1.jar:6.2.1]
	at org.springframework.beans.factory.support.AbstractAutowireCapableBeanFactory.createBean(AbstractAutowireCapableBeanFactory.java:523) ~[spring-beans-6.2.1.jar:6.2.1]
	at org.springframework.beans.factory.support.AbstractBeanFactory.lambda$doGetBean$0(AbstractBeanFactory.java:336) ~[spring-beans-6.2.1.jar:6.2.1]
	at org.springframework.beans.factory.support.DefaultSingletonBeanRegistry.getSingleton(DefaultSingletonBeanRegistry.java:289) ~[spring-beans-6.2.1.jar:6.2.1]
	at org.springframework.beans.factory.support.AbstractBeanFactory.doGetBean(AbstractBeanFactory.java:334) ~[spring-beans-6.2.1.jar:6.2.1]
	at org.springframework.beans.factory.support.AbstractBeanFactory.getBean(AbstractBeanFactory.java:199) ~[spring-beans-6.2.1.jar:6.2.1]
	at org.springframework.beans.factory.support.DefaultListableBeanFactory.doResolveDependency(DefaultListableBeanFactory.java:1573) ~[spring-beans-6.2.1.jar:6.2.1]
	at org.springframework.beans.factory.support.DefaultListableBeanFactory.resolveDependency(DefaultListableBeanFactory.java:1519) ~[spring-beans-6.2.1.jar:6.2.1]
	at org.springframework.beans.factory.support.ConstructorResolver.resolveAutowiredArgument(ConstructorResolver.java:913) ~[spring-beans-6.2.1.jar:6.2.1]
	at org.springframework.beans.factory.support.ConstructorResolver.createArgumentArray(ConstructorResolver.java:791) ~[spring-beans-6.2.1.jar:6.2.1]
	... 26 more
Caused by: java.lang.NoClassDefFoundError: com/example/tailormaster/service/customer/CustomerService
	at java.base/java.lang.Class.getDeclaredConstructors0(Native Method) ~[?:?]
	at java.base/java.lang.Class.privateGetDeclaredConstructors(Class.java:3373) ~[?:?]
	at java.base/java.lang.Class.getDeclaredConstructors(Class.java:2555) ~[?:?]
	at org.springframework.beans.factory.annotation.AutowiredAnnotationBeanPostProcessor.determineCandidateConstructors(AutowiredAnnotationBeanPostProcessor.java:379) ~[spring-beans-6.2.1.jar:6.2.1]
	at org.springframework.beans.factory.support.AbstractAutowireCapableBeanFactory.determineConstructorsFromBeanPostProcessors(AbstractAutowireCapableBeanFactory.java:1316) ~[spring-beans-6.2.1.jar:6.2.1]
	at org.springframework.beans.factory.support.AbstractAutowireCapableBeanFactory.createBeanInstance(AbstractAutowireCapableBeanFactory.java:1211) ~[spring-beans-6.2.1.jar:6.2.1]
	at org.springframework.beans.factory.support.AbstractAutowireCapableBeanFactory.doCreateBean(AbstractAutowireCapableBeanFactory.java:563) ~[spring-beans-6.2.1.jar:6.2.1]
	at org.springframework.beans.factory.support.AbstractAutowireCapableBeanFactory.createBean(AbstractAutowireCapableBeanFactory.java:523) ~[spring-beans-6.2.1.jar:6.2.1]
	at org.springframework.beans.factory.support.AbstractBeanFactory.lambda$doGetBean$0(AbstractBeanFactory.java:336) ~[spring-beans-6.2.1.jar:6.2.1]
	at org.springframework.beans.factory.support.DefaultSingletonBeanRegistry.getSingleton(DefaultSingletonBeanRegistry.java:289) ~[spring-beans-6.2.1.jar:6.2.1]
	at org.springframework.beans.factory.support.AbstractBeanFactory.doGetBean(AbstractBeanFactory.java:334) ~[spring-beans-6.2.1.jar:6.2.1]
	at org.springframework.beans.factory.support.AbstractBeanFactory.getBean(AbstractBeanFactory.java:199) ~[spring-beans-6.2.1.jar:6.2.1]
	at org.springframework.beans.factory.support.DefaultListableBeanFactory.doResolveDependency(DefaultListableBeanFactory.java:1573) ~[spring-beans-6.2.1.jar:6.2.1]
	at org.springframework.beans.factory.support.DefaultListableBeanFactory.resolveDependency(DefaultListableBeanFactory.java:1519) ~[spring-beans-6.2.1.jar:6.2.1]
	at org.springframework.beans.factory.support.ConstructorResolver.resolveAutowiredArgument(ConstructorResolver.java:913) ~[spring-beans-6.2.1.jar:6.2.1]
	at org.springframework.beans.factory.support.ConstructorResolver.createArgumentArray(ConstructorResolver.java:791) ~[spring-beans-6.2.1.jar:6.2.1]
	... 26 more
Caused by: java.lang.ClassNotFoundException: com.example.tailormaster.service.customer.CustomerService
	at java.base/jdk.internal.loader.BuiltinClassLoader.loadClass(BuiltinClassLoader.java:641) ~[?:?]
	at java.base/jdk.internal.loader.ClassLoaders$AppClassLoader.loadClass(ClassLoaders.java:188) ~[?:?]
	at java.base/java.lang.ClassLoader.loadClass(ClassLoader.java:520) ~[?:?]
	at java.base/java.lang.Class.forName0(Native Method) ~[?:?]
	at java.base/java.lang.Class.forName(Class.java:467) ~[?:?]
	at org.springframework.boot.devtools.restart.classloader.RestartClassLoader.loadClass(RestartClassLoader.java:121) ~[spring-boot-devtools-3.4.1.jar:3.4.1]
	at java.base/java.lang.ClassLoader.loadClass(ClassLoader.java:520) ~[?:?]
	at java.base/java.lang.Class.getDeclaredConstructors0(Native Method) ~[?:?]
	at java.base/java.lang.Class.privateGetDeclaredConstructors(Class.java:3373) ~[?:?]
	at java.base/java.lang.Class.getDeclaredConstructors(Class.java:2555) ~[?:?]
	at org.springframework.beans.factory.annotation.AutowiredAnnotationBeanPostProcessor.determineCandidateConstructors(AutowiredAnnotationBeanPostProcessor.java:379) ~[spring-beans-6.2.1.jar:6.2.1]
	at org.springframework.beans.factory.support.AbstractAutowireCapableBeanFactory.determineConstructorsFromBeanPostProcessors(AbstractAutowireCapableBeanFactory.java:1316) ~[spring-beans-6.2.1.jar:6.2.1]
	at org.springframework.beans.factory.support.AbstractAutowireCapableBeanFactory.createBeanInstance(AbstractAutowireCapableBeanFactory.java:1211) ~[spring-beans-6.2.1.jar:6.2.1]
	at org.springframework.beans.factory.support.AbstractAutowireCapableBeanFactory.doCreateBean(AbstractAutowireCapableBeanFactory.java:563) ~[spring-beans-6.2.1.jar:6.2.1]
	at org.springframework.beans.factory.support.AbstractAutowireCapableBeanFactory.createBean(AbstractAutowireCapableBeanFactory.java:523) ~[spring-beans-6.2.1.jar:6.2.1]
	at org.springframework.beans.factory.support.AbstractBeanFactory.lambda$doGetBean$0(AbstractBeanFactory.java:336) ~[spring-beans-6.2.1.jar:6.2.1]
	at org.springframework.beans.factory.support.DefaultSingletonBeanRegistry.getSingleton(DefaultSingletonBeanRegistry.java:289) ~[spring-beans-6.2.1.jar:6.2.1]
	at org.springframework.beans.factory.support.AbstractBeanFactory.doGetBean(AbstractBeanFactory.java:334) ~[spring-beans-6.2.1.jar:6.2.1]
	at org.springframework.beans.factory.support.AbstractBeanFactory.getBean(AbstractBeanFactory.java:199) ~[spring-beans-6.2.1.jar:6.2.1]
	at org.springframework.beans.factory.support.DefaultListableBeanFactory.doResolveDependency(DefaultListableBeanFactory.java:1573) ~[spring-beans-6.2.1.jar:6.2.1]
	at org.springframework.beans.factory.support.DefaultListableBeanFactory.resolveDependency(DefaultListableBeanFactory.java:1519) ~[spring-beans-6.2.1.jar:6.2.1]
	at org.springframework.beans.factory.support.ConstructorResolver.resolveAutowiredArgument(ConstructorResolver.java:913) ~[spring-beans-6.2.1.jar:6.2.1]
	at org.springframework.beans.factory.support.ConstructorResolver.createArgumentArray(ConstructorResolver.java:791) ~[spring-beans-6.2.1.jar:6.2.1]
	... 26 more
2026-09-30 00:18:22 [] INFO  com.example.tailormaster.TailorMasterAppApplication - Starting TailorMasterAppApplication using Java 17.0.2 with PID 15356 (E:\Development-Workspaces\tailor-app-new-enhancements\tailor-master-app\tailor-master-app\target\classes started by wajiz.pk in E:\Development-Workspaces\tailor-app-new-enhancements\tailor-master-app)
2026-09-30 00:18:22 [] INFO  com.example.tailormaster.TailorMasterAppApplication - No active profile set, falling back to 1 default profile: "default"
2026-09-30 00:18:23 [] INFO  org.springframework.data.repository.config.RepositoryConfigurationDelegate - Bootstrapping Spring Data JPA repositories in DEFAULT mode.
2026-09-30 00:18:23 [] INFO  org.springframework.data.repository.config.RepositoryConfigurationDelegate - Finished Spring Data repository scanning in 120 ms. Found 20 JPA repository interfaces.
2026-09-30 00:18:23 [] INFO  org.springframework.boot.web.embedded.tomcat.TomcatWebServer - Tomcat initialized with port 8080 (http)
2026-09-30 00:18:23 [] INFO  org.apache.coyote.http11.Http11NioProtocol - Initializing ProtocolHandler ["http-nio-8080"]
2026-09-30 00:18:23 [] INFO  org.apache.catalina.core.StandardService - Starting service [Tomcat]
2026-09-30 00:18:23 [] INFO  org.apache.catalina.core.StandardEngine - Starting Servlet engine: [Apache Tomcat/10.1.40]
2026-09-30 00:18:23 [] INFO  org.apache.catalina.core.ContainerBase.[Tomcat-3].[localhost].[/tailor-master] - Initializing Spring embedded WebApplicationContext
2026-09-30 00:18:23 [] INFO  org.springframework.boot.web.servlet.context.ServletWebServerApplicationContext - Root WebApplicationContext: initialization completed in 963 ms
2026-09-30 00:18:23 [] INFO  org.hibernate.jpa.internal.util.LogHelper - HHH000204: Processing PersistenceUnitInfo [name: default]
2026-09-30 00:18:23 [] INFO  org.hibernate.cache.internal.RegionFactoryInitiator - HHH000026: Second-level cache disabled
2026-09-30 00:18:23 [] INFO  org.springframework.orm.jpa.persistenceunit.SpringPersistenceUnitInfo - No LoadTimeWeaver setup: ignoring JPA class transformer
2026-09-30 00:18:23 [] INFO  com.zaxxer.hikari.HikariDataSource - HikariPool-7 - Starting...
2026-09-30 00:18:23 [] INFO  com.zaxxer.hikari.pool.HikariPool - HikariPool-7 - Added connection com.mysql.cj.jdbc.ConnectionImpl@444dfc25
2026-09-30 00:18:23 [] INFO  com.zaxxer.hikari.HikariDataSource - HikariPool-7 - Start completed.
2026-09-30 00:18:23 [] INFO  org.hibernate.orm.connections.pooling - HHH10001005: Database info:
	Database JDBC URL [Connecting through datasource 'HikariDataSource (HikariPool-7)']
	Database driver: undefined/unknown
	Database version: 8.0.28
	Autocommit mode: undefined/unknown
	Isolation level: undefined/unknown
	Minimum pool size: undefined/unknown
	Maximum pool size: undefined/unknown
2026-09-30 00:18:25 [] INFO  org.hibernate.engine.transaction.jta.platform.internal.JtaPlatformInitiator - HHH000489: No JTA platform available (set 'hibernate.transaction.jta.platform' to enable JTA platform integration)
2026-09-30 00:18:25 [] INFO  org.springframework.orm.jpa.LocalContainerEntityManagerFactoryBean - Initialized JPA EntityManagerFactory for persistence unit 'default'
2026-09-30 00:18:26 [] WARN  org.springframework.boot.autoconfigure.orm.jpa.JpaBaseConfiguration$JpaWebConfiguration - spring.jpa.open-in-view is enabled by default. Therefore, database queries may be performed during view rendering. Explicitly configure spring.jpa.open-in-view to disable this warning
2026-09-30 00:18:26 [] INFO  org.springframework.security.config.annotation.authentication.configuration.InitializeAuthenticationProviderBeanManagerConfigurer$InitializeAuthenticationProviderManagerConfigurer - Global AuthenticationManager configured with AuthenticationProvider bean with name authenticationProvider
2026-09-30 00:18:26 [] WARN  org.springframework.security.config.annotation.authentication.configuration.InitializeUserDetailsBeanManagerConfigurer$InitializeUserDetailsManagerConfigurer - Global AuthenticationManager configured with an AuthenticationProvider bean. UserDetailsService beans will not be used by Spring Security for automatically configuring username/password login. Consider removing the AuthenticationProvider bean. Alternatively, consider using the UserDetailsService in a manually instantiated DaoAuthenticationProvider. If the current configuration is intentional, to turn off this warning, increase the logging level of 'org.springframework.security.config.annotation.authentication.configuration.InitializeUserDetailsBeanManagerConfigurer' to ERROR
2026-09-30 00:18:26 [] INFO  org.springframework.boot.devtools.autoconfigure.OptionalLiveReloadServer - LiveReload server is running on port 35729
2026-09-30 00:18:26 [] INFO  org.apache.coyote.http11.Http11NioProtocol - Starting ProtocolHandler ["http-nio-8080"]
2026-09-30 00:18:26 [] INFO  org.springframework.boot.web.embedded.tomcat.TomcatWebServer - Tomcat started on port 8080 (http) with context path '/tailor-master'
2026-09-30 00:18:26 [] INFO  com.example.tailormaster.TailorMasterAppApplication - Started TailorMasterAppApplication in 4.522 seconds (process running for 727.611)
2026-09-30 00:18:26 [] INFO  org.springframework.boot.devtools.autoconfigure.ConditionEvaluationDeltaLoggingListener - Condition evaluation unchanged
2026-09-30 00:18:31 [] INFO  org.springframework.boot.devtools.autoconfigure.LocalDevToolsAutoConfiguration$RestartingClassPathChangeChangedEventListener - Restarting due to 5 class path changes (0 additions, 5 deletions, 0 modifications)
2026-09-30 00:18:31 [] INFO  org.springframework.boot.web.embedded.tomcat.GracefulShutdown - Commencing graceful shutdown. Waiting for active requests to complete
2026-09-30 00:18:31 [] INFO  org.apache.coyote.http11.Http11NioProtocol - Pausing ProtocolHandler ["http-nio-8080"]
2026-09-30 00:18:32 [] INFO  org.springframework.boot.web.embedded.tomcat.GracefulShutdown - Graceful shutdown complete
2026-09-30 00:18:32 [] INFO  org.apache.coyote.http11.Http11NioProtocol - Stopping ProtocolHandler ["http-nio-8080"]
2026-09-30 00:18:32 [] INFO  org.springframework.orm.jpa.LocalContainerEntityManagerFactoryBean - Closing JPA EntityManagerFactory for persistence unit 'default'
2026-09-30 00:18:32 [] INFO  com.zaxxer.hikari.HikariDataSource - HikariPool-7 - Shutdown initiated...
2026-09-30 00:18:32 [] INFO  com.zaxxer.hikari.HikariDataSource - HikariPool-7 - Shutdown completed.
2026-09-30 00:18:32 [] INFO  com.example.tailormaster.TailorMasterAppApplication - Starting TailorMasterAppApplication using Java 17.0.2 with PID 15356 (E:\Development-Workspaces\tailor-app-new-enhancements\tailor-master-app\tailor-master-app\target\classes started by wajiz.pk in E:\Development-Workspaces\tailor-app-new-enhancements\tailor-master-app)
2026-09-30 00:18:32 [] INFO  com.example.tailormaster.TailorMasterAppApplication - No active profile set, falling back to 1 default profile: "default"
2026-09-30 00:18:33 [] INFO  org.springframework.data.repository.config.RepositoryConfigurationDelegate - Bootstrapping Spring Data JPA repositories in DEFAULT mode.
2026-09-30 00:18:33 [] INFO  org.springframework.data.repository.config.RepositoryConfigurationDelegate - Finished Spring Data repository scanning in 138 ms. Found 19 JPA repository interfaces.
2026-09-30 00:18:33 [] INFO  org.springframework.boot.web.embedded.tomcat.TomcatWebServer - Tomcat initialized with port 8080 (http)
2026-09-30 00:18:33 [] INFO  org.apache.coyote.http11.Http11NioProtocol - Initializing ProtocolHandler ["http-nio-8080"]
2026-09-30 00:18:33 [] INFO  org.apache.catalina.core.StandardService - Starting service [Tomcat]
2026-09-30 00:18:33 [] INFO  org.apache.catalina.core.StandardEngine - Starting Servlet engine: [Apache Tomcat/10.1.40]
2026-09-30 00:18:33 [] INFO  org.apache.catalina.core.ContainerBase.[Tomcat-3].[localhost].[/tailor-master] - Initializing Spring embedded WebApplicationContext
2026-09-30 00:18:33 [] INFO  org.springframework.boot.web.servlet.context.ServletWebServerApplicationContext - Root WebApplicationContext: initialization completed in 1178 ms
2026-09-30 00:18:34 [] INFO  org.hibernate.jpa.internal.util.LogHelper - HHH000204: Processing PersistenceUnitInfo [name: default]
2026-09-30 00:18:34 [] INFO  org.hibernate.cache.internal.RegionFactoryInitiator - HHH000026: Second-level cache disabled
2026-09-30 00:18:34 [] INFO  org.springframework.orm.jpa.persistenceunit.SpringPersistenceUnitInfo - No LoadTimeWeaver setup: ignoring JPA class transformer
2026-09-30 00:18:34 [] INFO  com.zaxxer.hikari.HikariDataSource - HikariPool-8 - Starting...
2026-09-30 00:18:34 [] INFO  com.zaxxer.hikari.pool.HikariPool - HikariPool-8 - Added connection com.mysql.cj.jdbc.ConnectionImpl@5681d05
2026-09-30 00:18:34 [] INFO  com.zaxxer.hikari.HikariDataSource - HikariPool-8 - Start completed.
2026-09-30 00:18:34 [] INFO  org.hibernate.orm.connections.pooling - HHH10001005: Database info:
	Database JDBC URL [Connecting through datasource 'HikariDataSource (HikariPool-8)']
	Database driver: undefined/unknown
	Database version: 8.0.28
	Autocommit mode: undefined/unknown
	Isolation level: undefined/unknown
	Minimum pool size: undefined/unknown
	Maximum pool size: undefined/unknown
2026-09-30 00:18:34 [] INFO  org.hibernate.engine.transaction.jta.platform.internal.JtaPlatformInitiator - HHH000489: No JTA platform available (set 'hibernate.transaction.jta.platform' to enable JTA platform integration)
2026-09-30 00:18:35 [] INFO  org.springframework.orm.jpa.LocalContainerEntityManagerFactoryBean - Initialized JPA EntityManagerFactory for persistence unit 'default'
2026-09-30 00:18:35 [] WARN  org.springframework.boot.web.servlet.context.AnnotationConfigServletWebServerApplicationContext - Exception encountered during context initialization - cancelling refresh attempt: org.springframework.beans.factory.UnsatisfiedDependencyException: Error creating bean with name 'dashboardController' defined in file [E:\Development-Workspaces\tailor-app-new-enhancements\tailor-master-app\tailor-master-app\target\classes\com\example\tailormaster\controller\dashboard\DashboardController.class]: Unsatisfied dependency expressed through constructor parameter 0: Error creating bean with name 'dashboardService': Resolution of declared constructors on bean Class [com.example.tailormaster.service.dashboard.DashboardService] from ClassLoader [org.springframework.boot.devtools.restart.classloader.RestartClassLoader@6e3c8c01] failed
2026-09-30 00:18:35 [] INFO  org.springframework.orm.jpa.LocalContainerEntityManagerFactoryBean - Closing JPA EntityManagerFactory for persistence unit 'default'
2026-09-30 00:18:35 [] INFO  com.zaxxer.hikari.HikariDataSource - HikariPool-8 - Shutdown initiated...
2026-09-30 00:18:35 [] INFO  com.zaxxer.hikari.HikariDataSource - HikariPool-8 - Shutdown completed.
2026-09-30 00:18:35 [] INFO  org.apache.catalina.core.StandardService - Stopping service [Tomcat]
2026-09-30 00:18:35 [] INFO  org.springframework.boot.autoconfigure.logging.ConditionEvaluationReportLogger - 

Error starting ApplicationContext. To display the condition evaluation report re-run your application with 'debug' enabled.
2026-09-30 00:18:35 [] ERROR org.springframework.boot.SpringApplication - Application run failed
org.springframework.beans.factory.UnsatisfiedDependencyException: Error creating bean with name 'dashboardController' defined in file [E:\Development-Workspaces\tailor-app-new-enhancements\tailor-master-app\tailor-master-app\target\classes\com\example\tailormaster\controller\dashboard\DashboardController.class]: Unsatisfied dependency expressed through constructor parameter 0: Error creating bean with name 'dashboardService': Resolution of declared constructors on bean Class [com.example.tailormaster.service.dashboard.DashboardService] from ClassLoader [org.springframework.boot.devtools.restart.classloader.RestartClassLoader@6e3c8c01] failed
	at org.springframework.beans.factory.support.ConstructorResolver.createArgumentArray(ConstructorResolver.java:804) ~[spring-beans-6.2.1.jar:6.2.1]
	at org.springframework.beans.factory.support.ConstructorResolver.autowireConstructor(ConstructorResolver.java:240) ~[spring-beans-6.2.1.jar:6.2.1]
	at org.springframework.beans.factory.support.AbstractAutowireCapableBeanFactory.autowireConstructor(AbstractAutowireCapableBeanFactory.java:1377) ~[spring-beans-6.2.1.jar:6.2.1]
	at org.springframework.beans.factory.support.AbstractAutowireCapableBeanFactory.createBeanInstance(AbstractAutowireCapableBeanFactory.java:1214) ~[spring-beans-6.2.1.jar:6.2.1]
	at org.springframework.beans.factory.support.AbstractAutowireCapableBeanFactory.doCreateBean(AbstractAutowireCapableBeanFactory.java:563) ~[spring-beans-6.2.1.jar:6.2.1]
	at org.springframework.beans.factory.support.AbstractAutowireCapableBeanFactory.createBean(AbstractAutowireCapableBeanFactory.java:523) ~[spring-beans-6.2.1.jar:6.2.1]
	at org.springframework.beans.factory.support.AbstractBeanFactory.lambda$doGetBean$0(AbstractBeanFactory.java:336) ~[spring-beans-6.2.1.jar:6.2.1]
	at org.springframework.beans.factory.support.DefaultSingletonBeanRegistry.getSingleton(DefaultSingletonBeanRegistry.java:289) ~[spring-beans-6.2.1.jar:6.2.1]
	at org.springframework.beans.factory.support.AbstractBeanFactory.doGetBean(AbstractBeanFactory.java:334) ~[spring-beans-6.2.1.jar:6.2.1]
	at org.springframework.beans.factory.support.AbstractBeanFactory.getBean(AbstractBeanFactory.java:199) ~[spring-beans-6.2.1.jar:6.2.1]
	at org.springframework.beans.factory.support.DefaultListableBeanFactory.instantiateSingleton(DefaultListableBeanFactory.java:1122) ~[spring-beans-6.2.1.jar:6.2.1]
	at org.springframework.beans.factory.support.DefaultListableBeanFactory.preInstantiateSingleton(DefaultListableBeanFactory.java:1093) ~[spring-beans-6.2.1.jar:6.2.1]
	at org.springframework.beans.factory.support.DefaultListableBeanFactory.preInstantiateSingletons(DefaultListableBeanFactory.java:1030) ~[spring-beans-6.2.1.jar:6.2.1]
	at org.springframework.context.support.AbstractApplicationContext.finishBeanFactoryInitialization(AbstractApplicationContext.java:987) ~[spring-context-6.2.1.jar:6.2.1]
	at org.springframework.context.support.AbstractApplicationContext.refresh(AbstractApplicationContext.java:627) ~[spring-context-6.2.1.jar:6.2.1]
	at org.springframework.boot.web.servlet.context.ServletWebServerApplicationContext.refresh(ServletWebServerApplicationContext.java:146) ~[spring-boot-3.4.1.jar:3.4.1]
	at org.springframework.boot.SpringApplication.refresh(SpringApplication.java:752) [spring-boot-3.4.1.jar:3.4.1]
	at org.springframework.boot.SpringApplication.refreshContext(SpringApplication.java:439) [spring-boot-3.4.1.jar:3.4.1]
	at org.springframework.boot.SpringApplication.run(SpringApplication.java:318) [spring-boot-3.4.1.jar:3.4.1]
	at org.springframework.boot.SpringApplication.run(SpringApplication.java:1361) [spring-boot-3.4.1.jar:3.4.1]
	at org.springframework.boot.SpringApplication.run(SpringApplication.java:1350) [spring-boot-3.4.1.jar:3.4.1]
	at com.example.tailormaster.TailorMasterAppApplication.main(TailorMasterAppApplication.java:9) [classes/:?]
	at java.base/jdk.internal.reflect.NativeMethodAccessorImpl.invoke0(Native Method) ~[?:?]
	at java.base/jdk.internal.reflect.NativeMethodAccessorImpl.invoke(NativeMethodAccessorImpl.java:77) ~[?:?]
	at java.base/jdk.internal.reflect.DelegatingMethodAccessorImpl.invoke(DelegatingMethodAccessorImpl.java:43) ~[?:?]
	at java.base/java.lang.reflect.Method.invoke(Method.java:568) ~[?:?]
	at org.springframework.boot.devtools.restart.RestartLauncher.run(RestartLauncher.java:50) [spring-boot-devtools-3.4.1.jar:3.4.1]
Caused by: org.springframework.beans.factory.BeanCreationException: Error creating bean with name 'dashboardService': Resolution of declared constructors on bean Class [com.example.tailormaster.service.dashboard.DashboardService] from ClassLoader [org.springframework.boot.devtools.restart.classloader.RestartClassLoader@6e3c8c01] failed
	at org.springframework.beans.factory.annotation.AutowiredAnnotationBeanPostProcessor.determineCandidateConstructors(AutowiredAnnotationBeanPostProcessor.java:384) ~[spring-beans-6.2.1.jar:6.2.1]
	at org.springframework.beans.factory.support.AbstractAutowireCapableBeanFactory.determineConstructorsFromBeanPostProcessors(AbstractAutowireCapableBeanFactory.java:1316) ~[spring-beans-6.2.1.jar:6.2.1]
	at org.springframework.beans.factory.support.AbstractAutowireCapableBeanFactory.createBeanInstance(AbstractAutowireCapableBeanFactory.java:1211) ~[spring-beans-6.2.1.jar:6.2.1]
	at org.springframework.beans.factory.support.AbstractAutowireCapableBeanFactory.doCreateBean(AbstractAutowireCapableBeanFactory.java:563) ~[spring-beans-6.2.1.jar:6.2.1]
	at org.springframework.beans.factory.support.AbstractAutowireCapableBeanFactory.createBean(AbstractAutowireCapableBeanFactory.java:523) ~[spring-beans-6.2.1.jar:6.2.1]
	at org.springframework.beans.factory.support.AbstractBeanFactory.lambda$doGetBean$0(AbstractBeanFactory.java:336) ~[spring-beans-6.2.1.jar:6.2.1]
	at org.springframework.beans.factory.support.DefaultSingletonBeanRegistry.getSingleton(DefaultSingletonBeanRegistry.java:289) ~[spring-beans-6.2.1.jar:6.2.1]
	at org.springframework.beans.factory.support.AbstractBeanFactory.doGetBean(AbstractBeanFactory.java:334) ~[spring-beans-6.2.1.jar:6.2.1]
	at org.springframework.beans.factory.support.AbstractBeanFactory.getBean(AbstractBeanFactory.java:199) ~[spring-beans-6.2.1.jar:6.2.1]
	at org.springframework.beans.factory.support.DefaultListableBeanFactory.doResolveDependency(DefaultListableBeanFactory.java:1573) ~[spring-beans-6.2.1.jar:6.2.1]
	at org.springframework.beans.factory.support.DefaultListableBeanFactory.resolveDependency(DefaultListableBeanFactory.java:1519) ~[spring-beans-6.2.1.jar:6.2.1]
	at org.springframework.beans.factory.support.ConstructorResolver.resolveAutowiredArgument(ConstructorResolver.java:913) ~[spring-beans-6.2.1.jar:6.2.1]
	at org.springframework.beans.factory.support.ConstructorResolver.createArgumentArray(ConstructorResolver.java:791) ~[spring-beans-6.2.1.jar:6.2.1]
	... 26 more
Caused by: java.lang.NoClassDefFoundError: com/example/tailormaster/service/customer/CustomerService
	at java.base/java.lang.Class.getDeclaredConstructors0(Native Method) ~[?:?]
	at java.base/java.lang.Class.privateGetDeclaredConstructors(Class.java:3373) ~[?:?]
	at java.base/java.lang.Class.getDeclaredConstructors(Class.java:2555) ~[?:?]
	at org.springframework.beans.factory.annotation.AutowiredAnnotationBeanPostProcessor.determineCandidateConstructors(AutowiredAnnotationBeanPostProcessor.java:379) ~[spring-beans-6.2.1.jar:6.2.1]
	at org.springframework.beans.factory.support.AbstractAutowireCapableBeanFactory.determineConstructorsFromBeanPostProcessors(AbstractAutowireCapableBeanFactory.java:1316) ~[spring-beans-6.2.1.jar:6.2.1]
	at org.springframework.beans.factory.support.AbstractAutowireCapableBeanFactory.createBeanInstance(AbstractAutowireCapableBeanFactory.java:1211) ~[spring-beans-6.2.1.jar:6.2.1]
	at org.springframework.beans.factory.support.AbstractAutowireCapableBeanFactory.doCreateBean(AbstractAutowireCapableBeanFactory.java:563) ~[spring-beans-6.2.1.jar:6.2.1]
	at org.springframework.beans.factory.support.AbstractAutowireCapableBeanFactory.createBean(AbstractAutowireCapableBeanFactory.java:523) ~[spring-beans-6.2.1.jar:6.2.1]
	at org.springframework.beans.factory.support.AbstractBeanFactory.lambda$doGetBean$0(AbstractBeanFactory.java:336) ~[spring-beans-6.2.1.jar:6.2.1]
	at org.springframework.beans.factory.support.DefaultSingletonBeanRegistry.getSingleton(DefaultSingletonBeanRegistry.java:289) ~[spring-beans-6.2.1.jar:6.2.1]
	at org.springframework.beans.factory.support.AbstractBeanFactory.doGetBean(AbstractBeanFactory.java:334) ~[spring-beans-6.2.1.jar:6.2.1]
	at org.springframework.beans.factory.support.AbstractBeanFactory.getBean(AbstractBeanFactory.java:199) ~[spring-beans-6.2.1.jar:6.2.1]
	at org.springframework.beans.factory.support.DefaultListableBeanFactory.doResolveDependency(DefaultListableBeanFactory.java:1573) ~[spring-beans-6.2.1.jar:6.2.1]
	at org.springframework.beans.factory.support.DefaultListableBeanFactory.resolveDependency(DefaultListableBeanFactory.java:1519) ~[spring-beans-6.2.1.jar:6.2.1]
	at org.springframework.beans.factory.support.ConstructorResolver.resolveAutowiredArgument(ConstructorResolver.java:913) ~[spring-beans-6.2.1.jar:6.2.1]
	at org.springframework.beans.factory.support.ConstructorResolver.createArgumentArray(ConstructorResolver.java:791) ~[spring-beans-6.2.1.jar:6.2.1]
	... 26 more
Caused by: java.lang.ClassNotFoundException: com.example.tailormaster.service.customer.CustomerService
	at java.base/jdk.internal.loader.BuiltinClassLoader.loadClass(BuiltinClassLoader.java:641) ~[?:?]
	at java.base/jdk.internal.loader.ClassLoaders$AppClassLoader.loadClass(ClassLoaders.java:188) ~[?:?]
	at java.base/java.lang.ClassLoader.loadClass(ClassLoader.java:520) ~[?:?]
	at java.base/java.lang.Class.forName0(Native Method) ~[?:?]
	at java.base/java.lang.Class.forName(Class.java:467) ~[?:?]
	at org.springframework.boot.devtools.restart.classloader.RestartClassLoader.loadClass(RestartClassLoader.java:121) ~[spring-boot-devtools-3.4.1.jar:3.4.1]
	at java.base/java.lang.ClassLoader.loadClass(ClassLoader.java:520) ~[?:?]
	at java.base/java.lang.Class.getDeclaredConstructors0(Native Method) ~[?:?]
	at java.base/java.lang.Class.privateGetDeclaredConstructors(Class.java:3373) ~[?:?]
	at java.base/java.lang.Class.getDeclaredConstructors(Class.java:2555) ~[?:?]
	at org.springframework.beans.factory.annotation.AutowiredAnnotationBeanPostProcessor.determineCandidateConstructors(AutowiredAnnotationBeanPostProcessor.java:379) ~[spring-beans-6.2.1.jar:6.2.1]
	at org.springframework.beans.factory.support.AbstractAutowireCapableBeanFactory.determineConstructorsFromBeanPostProcessors(AbstractAutowireCapableBeanFactory.java:1316) ~[spring-beans-6.2.1.jar:6.2.1]
	at org.springframework.beans.factory.support.AbstractAutowireCapableBeanFactory.createBeanInstance(AbstractAutowireCapableBeanFactory.java:1211) ~[spring-beans-6.2.1.jar:6.2.1]
	at org.springframework.beans.factory.support.AbstractAutowireCapableBeanFactory.doCreateBean(AbstractAutowireCapableBeanFactory.java:563) ~[spring-beans-6.2.1.jar:6.2.1]
	at org.springframework.beans.factory.support.AbstractAutowireCapableBeanFactory.createBean(AbstractAutowireCapableBeanFactory.java:523) ~[spring-beans-6.2.1.jar:6.2.1]
	at org.springframework.beans.factory.support.AbstractBeanFactory.lambda$doGetBean$0(AbstractBeanFactory.java:336) ~[spring-beans-6.2.1.jar:6.2.1]
	at org.springframework.beans.factory.support.DefaultSingletonBeanRegistry.getSingleton(DefaultSingletonBeanRegistry.java:289) ~[spring-beans-6.2.1.jar:6.2.1]
	at org.springframework.beans.factory.support.AbstractBeanFactory.doGetBean(AbstractBeanFactory.java:334) ~[spring-beans-6.2.1.jar:6.2.1]
	at org.springframework.beans.factory.support.AbstractBeanFactory.getBean(AbstractBeanFactory.java:199) ~[spring-beans-6.2.1.jar:6.2.1]
	at org.springframework.beans.factory.support.DefaultListableBeanFactory.doResolveDependency(DefaultListableBeanFactory.java:1573) ~[spring-beans-6.2.1.jar:6.2.1]
	at org.springframework.beans.factory.support.DefaultListableBeanFactory.resolveDependency(DefaultListableBeanFactory.java:1519) ~[spring-beans-6.2.1.jar:6.2.1]
	at org.springframework.beans.factory.support.ConstructorResolver.resolveAutowiredArgument(ConstructorResolver.java:913) ~[spring-beans-6.2.1.jar:6.2.1]
	at org.springframework.beans.factory.support.ConstructorResolver.createArgumentArray(ConstructorResolver.java:791) ~[spring-beans-6.2.1.jar:6.2.1]
	... 26 more
2026-09-30 00:18:38 [] INFO  com.example.tailormaster.TailorMasterAppApplication - Starting TailorMasterAppApplication using Java 17.0.2 with PID 15356 (E:\Development-Workspaces\tailor-app-new-enhancements\tailor-master-app\tailor-master-app\target\classes started by wajiz.pk in E:\Development-Workspaces\tailor-app-new-enhancements\tailor-master-app)
2026-09-30 00:18:38 [] INFO  com.example.tailormaster.TailorMasterAppApplication - No active profile set, falling back to 1 default profile: "default"
2026-09-30 00:18:39 [] INFO  org.springframework.data.repository.config.RepositoryConfigurationDelegate - Bootstrapping Spring Data JPA repositories in DEFAULT mode.
2026-09-30 00:18:39 [] INFO  org.springframework.data.repository.config.RepositoryConfigurationDelegate - Finished Spring Data repository scanning in 117 ms. Found 20 JPA repository interfaces.
2026-09-30 00:18:39 [] INFO  org.springframework.boot.web.embedded.tomcat.TomcatWebServer - Tomcat initialized with port 8080 (http)
2026-09-30 00:18:39 [] INFO  org.apache.coyote.http11.Http11NioProtocol - Initializing ProtocolHandler ["http-nio-8080"]
2026-09-30 00:18:39 [] INFO  org.apache.catalina.core.StandardService - Starting service [Tomcat]
2026-09-30 00:18:39 [] INFO  org.apache.catalina.core.StandardEngine - Starting Servlet engine: [Apache Tomcat/10.1.40]
2026-09-30 00:18:39 [] INFO  org.apache.catalina.core.ContainerBase.[Tomcat-4].[localhost].[/tailor-master] - Initializing Spring embedded WebApplicationContext
2026-09-30 00:18:39 [] INFO  org.springframework.boot.web.servlet.context.ServletWebServerApplicationContext - Root WebApplicationContext: initialization completed in 939 ms
2026-09-30 00:18:39 [] INFO  org.hibernate.jpa.internal.util.LogHelper - HHH000204: Processing PersistenceUnitInfo [name: default]
2026-09-30 00:18:39 [] INFO  org.hibernate.cache.internal.RegionFactoryInitiator - HHH000026: Second-level cache disabled
2026-09-30 00:18:39 [] INFO  org.springframework.orm.jpa.persistenceunit.SpringPersistenceUnitInfo - No LoadTimeWeaver setup: ignoring JPA class transformer
2026-09-30 00:18:39 [] INFO  com.zaxxer.hikari.HikariDataSource - HikariPool-9 - Starting...
2026-09-30 00:18:39 [] INFO  com.zaxxer.hikari.pool.HikariPool - HikariPool-9 - Added connection com.mysql.cj.jdbc.ConnectionImpl@49e288e3
2026-09-30 00:18:39 [] INFO  com.zaxxer.hikari.HikariDataSource - HikariPool-9 - Start completed.
2026-09-30 00:18:39 [] INFO  org.hibernate.orm.connections.pooling - HHH10001005: Database info:
	Database JDBC URL [Connecting through datasource 'HikariDataSource (HikariPool-9)']
	Database driver: undefined/unknown
	Database version: 8.0.28
	Autocommit mode: undefined/unknown
	Isolation level: undefined/unknown
	Minimum pool size: undefined/unknown
	Maximum pool size: undefined/unknown
2026-09-30 00:18:40 [] INFO  org.hibernate.engine.transaction.jta.platform.internal.JtaPlatformInitiator - HHH000489: No JTA platform available (set 'hibernate.transaction.jta.platform' to enable JTA platform integration)
2026-09-30 00:18:40 [] INFO  org.springframework.orm.jpa.LocalContainerEntityManagerFactoryBean - Initialized JPA EntityManagerFactory for persistence unit 'default'
2026-09-30 00:18:41 [] WARN  org.springframework.boot.autoconfigure.orm.jpa.JpaBaseConfiguration$JpaWebConfiguration - spring.jpa.open-in-view is enabled by default. Therefore, database queries may be performed during view rendering. Explicitly configure spring.jpa.open-in-view to disable this warning
2026-09-30 00:18:41 [] INFO  org.springframework.security.config.annotation.authentication.configuration.InitializeAuthenticationProviderBeanManagerConfigurer$InitializeAuthenticationProviderManagerConfigurer - Global AuthenticationManager configured with AuthenticationProvider bean with name authenticationProvider
2026-09-30 00:18:41 [] WARN  org.springframework.security.config.annotation.authentication.configuration.InitializeUserDetailsBeanManagerConfigurer$InitializeUserDetailsManagerConfigurer - Global AuthenticationManager configured with an AuthenticationProvider bean. UserDetailsService beans will not be used by Spring Security for automatically configuring username/password login. Consider removing the AuthenticationProvider bean. Alternatively, consider using the UserDetailsService in a manually instantiated DaoAuthenticationProvider. If the current configuration is intentional, to turn off this warning, increase the logging level of 'org.springframework.security.config.annotation.authentication.configuration.InitializeUserDetailsBeanManagerConfigurer' to ERROR
2026-09-30 00:18:41 [] INFO  org.springframework.boot.devtools.autoconfigure.OptionalLiveReloadServer - LiveReload server is running on port 35729
2026-09-30 00:18:41 [] INFO  org.apache.coyote.http11.Http11NioProtocol - Starting ProtocolHandler ["http-nio-8080"]
2026-09-30 00:18:41 [] INFO  org.springframework.boot.web.embedded.tomcat.TomcatWebServer - Tomcat started on port 8080 (http) with context path '/tailor-master'
2026-09-30 00:18:41 [] INFO  com.example.tailormaster.TailorMasterAppApplication - Started TailorMasterAppApplication in 2.774 seconds (process running for 742.013)
2026-09-30 00:18:41 [] INFO  org.springframework.boot.devtools.autoconfigure.ConditionEvaluationDeltaLoggingListener - Condition evaluation unchanged
2026-09-30 00:18:45 [] INFO  org.apache.catalina.core.ContainerBase.[Tomcat-4].[localhost].[/tailor-master] - Initializing Spring DispatcherServlet 'dispatcherServlet'
2026-09-30 00:18:45 [] INFO  org.springframework.web.servlet.DispatcherServlet - Initializing Servlet 'dispatcherServlet'
2026-09-30 00:18:45 [] INFO  org.springframework.web.servlet.DispatcherServlet - Completed initialization in 3 ms
2026-09-30 00:18:45 [testuser] INFO  com.example.tailormaster.filter.LoggingInterceptor - User 'testuser' is requesting: GET /tailor-master/products
2026-09-30 00:18:45 [testuser] INFO  com.example.tailormaster.controller.ProductController - User accessed the product list page.
2026-09-30 00:18:45 [testuser] INFO  com.example.tailormaster.service.product.ProductService - Fetching all products.
2026-09-30 00:18:45 [testuser] INFO  com.example.tailormaster.controller.ProductController - Retrieved products: [Product(name=شلوار قمیض, singleSilai=1200.00, doubleSilai=1600.00, enabled=true, user=User(username=testuser, fullName=محمد فرحان, phone1=03212233445, phone2=, shopName=Farhan Tailors, proprietorName=Farhan Tailors, shopAddress=Scheme 33, Karachi, shortCode=FT, enabled=true, trialStartedAt=2026-09-03, trialEndsAt=2050-10-03)), Product(name=Waistcoat, singleSilai=800.00, doubleSilai=1000.00, enabled=true, user=User(username=testuser, fullName=محمد فرحان, phone1=03212233445, phone2=, shopName=Farhan Tailors, proprietorName=Farhan Tailors, shopAddress=Scheme 33, Karachi, shortCode=FT, enabled=true, trialStartedAt=2026-09-03, trialEndsAt=2050-10-03)), Product(name=test product, singleSilai=200.00, doubleSilai=400.00, enabled=true, user=User(username=testuser, fullName=محمد فرحان, phone1=03212233445, phone2=, shopName=Farhan Tailors, proprietorName=Farhan Tailors, shopAddress=Scheme 33, Karachi, shortCode=FT, enabled=true, trialStartedAt=2026-09-03, trialEndsAt=2050-10-03))] 
2026-09-30 00:18:45 [testuser] INFO  com.example.tailormaster.filter.LoggingInterceptor - User 'testuser' is requesting: GET /tailor-master/dashboard/notifications/upcoming-deliveries
2026-09-30 00:18:45 [testuser] INFO  com.example.tailormaster.controller.dashboard.DashboardController - Requested upcoming deliveries.
2026-09-30 00:18:46 [testuser] INFO  com.example.tailormaster.service.dashboard.DashboardService - Upcoming deliveries fetched: 22
2026-09-30 00:18:46 [testuser] INFO  com.example.tailormaster.controller.dashboard.DashboardController - Upcoming deliveries fetched: 22
2026-09-30 00:18:47 [testuser] INFO  com.example.tailormaster.filter.LoggingInterceptor - User 'testuser' is requesting: GET /tailor-master/products/create
2026-09-30 00:18:47 [testuser] INFO  com.example.tailormaster.controller.ProductController - Displaying create product form.
2026-09-30 00:18:47 [testuser] INFO  com.example.tailormaster.filter.LoggingInterceptor - User 'testuser' is requesting: GET /tailor-master/dashboard/notifications/upcoming-deliveries
2026-09-30 00:18:47 [testuser] INFO  com.example.tailormaster.controller.dashboard.DashboardController - Requested upcoming deliveries.
2026-09-30 00:18:48 [testuser] INFO  com.example.tailormaster.service.dashboard.DashboardService - Upcoming deliveries fetched: 22
2026-09-30 00:18:48 [testuser] INFO  com.example.tailormaster.controller.dashboard.DashboardController - Upcoming deliveries fetched: 22
2026-09-30 00:19:11 [testuser] INFO  com.example.tailormaster.filter.LoggingInterceptor - User 'testuser' is requesting: POST /tailor-master/products/create
2026-09-30 00:19:11 [testuser] INFO  com.example.tailormaster.controller.ProductController - Attempting to create a new product: Product(name=new product, singleSilai=1000, doubleSilai=1200, enabled=true, user=null)
2026-09-30 00:19:11 [testuser] INFO  com.example.tailormaster.service.product.ProductService - Creating a new product: Product(name=new product, singleSilai=1000, doubleSilai=1200, enabled=true, user=null)
2026-09-30 00:19:11 [testuser] INFO  com.example.tailormaster.service.product.ProductService - Product created successfully with ID: 10
2026-09-30 00:19:11 [testuser] INFO  com.example.tailormaster.controller.ProductController - Product created successfully: Product(name=new product, singleSilai=1000, doubleSilai=1200, enabled=true, user=User(username=testuser, fullName=محمد فرحان, phone1=03212233445, phone2=, shopName=Farhan Tailors, proprietorName=Farhan Tailors, shopAddress=Scheme 33, Karachi, shortCode=FT, enabled=true, trialStartedAt=2026-09-03, trialEndsAt=2050-10-03))
2026-09-30 00:19:11 [testuser] INFO  com.example.tailormaster.filter.LoggingInterceptor - User 'testuser' is requesting: GET /tailor-master/products
2026-09-30 00:19:11 [testuser] INFO  com.example.tailormaster.controller.ProductController - User accessed the product list page.
2026-09-30 00:19:11 [testuser] INFO  com.example.tailormaster.service.product.ProductService - Fetching all products.
2026-09-30 00:19:11 [testuser] INFO  com.example.tailormaster.controller.ProductController - Retrieved products: [Product(name=شلوار قمیض, singleSilai=1200.00, doubleSilai=1600.00, enabled=true, user=User(username=testuser, fullName=محمد فرحان, phone1=03212233445, phone2=, shopName=Farhan Tailors, proprietorName=Farhan Tailors, shopAddress=Scheme 33, Karachi, shortCode=FT, enabled=true, trialStartedAt=2026-09-03, trialEndsAt=2050-10-03)), Product(name=Waistcoat, singleSilai=800.00, doubleSilai=1000.00, enabled=true, user=User(username=testuser, fullName=محمد فرحان, phone1=03212233445, phone2=, shopName=Farhan Tailors, proprietorName=Farhan Tailors, shopAddress=Scheme 33, Karachi, shortCode=FT, enabled=true, trialStartedAt=2026-09-03, trialEndsAt=2050-10-03)), Product(name=test product, singleSilai=200.00, doubleSilai=400.00, enabled=true, user=User(username=testuser, fullName=محمد فرحان, phone1=03212233445, phone2=, shopName=Farhan Tailors, proprietorName=Farhan Tailors, shopAddress=Scheme 33, Karachi, shortCode=FT, enabled=true, trialStartedAt=2026-09-03, trialEndsAt=2050-10-03)), Product(name=new product, singleSilai=1000.00, doubleSilai=1200.00, enabled=true, user=User(username=testuser, fullName=محمد فرحان, phone1=03212233445, phone2=, shopName=Farhan Tailors, proprietorName=Farhan Tailors, shopAddress=Scheme 33, Karachi, shortCode=FT, enabled=true, trialStartedAt=2026-09-03, trialEndsAt=2050-10-03))] 
2026-09-30 00:19:11 [testuser] INFO  com.example.tailormaster.filter.LoggingInterceptor - User 'testuser' is requesting: GET /tailor-master/dashboard/notifications/upcoming-deliveries
2026-09-30 00:19:11 [testuser] INFO  com.example.tailormaster.controller.dashboard.DashboardController - Requested upcoming deliveries.
2026-09-30 00:19:12 [testuser] INFO  com.example.tailormaster.service.dashboard.DashboardService - Upcoming deliveries fetched: 22
2026-09-30 00:19:12 [testuser] INFO  com.example.tailormaster.controller.dashboard.DashboardController - Upcoming deliveries fetched: 22
2026-09-30 00:19:15 [testuser] INFO  com.example.tailormaster.filter.LoggingInterceptor - User 'testuser' is requesting: GET /tailor-master/products/MaELLoR1L9PEhQVzz4QOT2DZKFXUAw1jwAOFmtR-aRk=/measurements
2026-09-30 00:19:15 [testuser] INFO  com.example.tailormaster.service.product.ProductService - Fetching product by ID: 10
2026-09-30 00:19:15 [testuser] INFO  com.example.tailormaster.filter.LoggingInterceptor - User 'testuser' is requesting: GET /tailor-master/dashboard/notifications/upcoming-deliveries
2026-09-30 00:19:15 [testuser] INFO  com.example.tailormaster.controller.dashboard.DashboardController - Requested upcoming deliveries.
2026-09-30 00:19:16 [testuser] INFO  com.example.tailormaster.service.dashboard.DashboardService - Upcoming deliveries fetched: 22
2026-09-30 00:19:16 [testuser] INFO  com.example.tailormaster.controller.dashboard.DashboardController - Upcoming deliveries fetched: 22
2026-09-30 00:19:17 [testuser] INFO  com.example.tailormaster.filter.LoggingInterceptor - User 'testuser' is requesting: GET /tailor-master/products/ISeTuhZlmGefERsuqdBrZ8e1E1wlyWOXDWmAYeqENBo=/measurements
2026-09-30 00:19:17 [testuser] INFO  com.example.tailormaster.service.product.ProductService - Fetching product by ID: 10
2026-09-30 00:19:17 [testuser] INFO  com.example.tailormaster.filter.LoggingInterceptor - User 'testuser' is requesting: GET /tailor-master/dashboard/notifications/upcoming-deliveries
2026-09-30 00:19:17 [testuser] INFO  com.example.tailormaster.controller.dashboard.DashboardController - Requested upcoming deliveries.
2026-09-30 00:19:17 [testuser] INFO  com.example.tailormaster.service.dashboard.DashboardService - Upcoming deliveries fetched: 22
2026-09-30 00:19:17 [testuser] INFO  com.example.tailormaster.controller.dashboard.DashboardController - Upcoming deliveries fetched: 22
2026-09-30 00:19:38 [testuser] INFO  com.example.tailormaster.filter.LoggingInterceptor - User 'testuser' is requesting: POST /tailor-master/products/CRce8KCYxZc9T_bUEOvlt2-OF4pLicJnDkuI871clZE=/measurements
2026-09-30 00:19:39 [testuser] INFO  com.example.tailormaster.service.product.ProductService - Fetching product by ID: 10
2026-09-30 00:19:39 [testuser] INFO  com.example.tailormaster.controller.ProductController - Fetching measurement form for productId=10, measurements=[ProductMeasurementFieldDTO(id=null, fieldName=test 1, fieldType=TEXT, options=[]), ProductMeasurementFieldDTO(id=null, fieldName=test 2, fieldType=TEXT, options=[])]
2026-09-30 00:19:39 [testuser] INFO  com.example.tailormaster.controller.ProductController - Measurements successfully saved for productId=10
2026-09-30 00:19:39 [testuser] INFO  com.example.tailormaster.filter.LoggingInterceptor - User 'testuser' is requesting: GET /tailor-master/products/QJ80B-jdr7gT52Feoouhxu96mLUPkQHau6K8lhsBhb4=/measurements
2026-09-30 00:19:39 [testuser] INFO  com.example.tailormaster.service.product.ProductService - Fetching product by ID: 10
2026-09-30 00:19:39 [testuser] INFO  com.example.tailormaster.filter.LoggingInterceptor - User 'testuser' is requesting: GET /tailor-master/dashboard/notifications/upcoming-deliveries
2026-09-30 00:19:39 [testuser] INFO  com.example.tailormaster.controller.dashboard.DashboardController - Requested upcoming deliveries.
2026-09-30 00:19:39 [testuser] INFO  com.example.tailormaster.service.dashboard.DashboardService - Upcoming deliveries fetched: 22
2026-09-30 00:19:39 [testuser] INFO  com.example.tailormaster.controller.dashboard.DashboardController - Upcoming deliveries fetched: 22
2026-09-30 00:19:57 [testuser] INFO  com.example.tailormaster.filter.LoggingInterceptor - User 'testuser' is requesting: GET /tailor-master/customers/details/elbRXTm1D5XCD0ilEpK5N-8SQkUHyLW1I59l-TyrUPw=
2026-09-30 00:19:58 [testuser] INFO  com.example.tailormaster.controller.CustomerController - Displaying details for customer ID (encrypted): elbRXTm1D5XCD0ilEpK5N-8SQkUHyLW1I59l-TyrUPw=
2026-09-30 00:19:58 [testuser] INFO  com.example.tailormaster.service.product.ProductService - Fetching all active products.
2026-09-30 00:19:58 [testuser] INFO  com.example.tailormaster.service.product.ProductService - Retrieved 4 active products.
2026-09-30 00:19:58 [testuser] INFO  com.example.tailormaster.controller.CustomerController - Fetched customer details: com.example.tailormaster.entity.Customer@54a0cb2c
2026-09-30 00:19:58 [testuser] INFO  com.example.tailormaster.filter.LoggingInterceptor - User 'testuser' is requesting: GET /tailor-master/dashboard/notifications/upcoming-deliveries
2026-09-30 00:19:58 [testuser] INFO  com.example.tailormaster.controller.dashboard.DashboardController - Requested upcoming deliveries.
2026-09-30 00:19:59 [testuser] INFO  com.example.tailormaster.service.dashboard.DashboardService - Upcoming deliveries fetched: 22
2026-09-30 00:19:59 [testuser] INFO  com.example.tailormaster.controller.dashboard.DashboardController - Upcoming deliveries fetched: 22
2026-09-30 00:20:03 [testuser] INFO  com.example.tailormaster.filter.LoggingInterceptor - User 'testuser' is requesting: GET /tailor-master/customers/10/fields
2026-09-30 00:20:03 [testuser] INFO  com.example.tailormaster.service.product.ProductService - Fetching product by ID: 10
2026-09-30 00:20:08 [testuser] INFO  com.example.tailormaster.filter.LoggingInterceptor - User 'testuser' is requesting: GET /tailor-master/customers/9/fields
2026-09-30 00:20:08 [testuser] INFO  com.example.tailormaster.service.product.ProductService - Fetching product by ID: 9
2026-09-30 00:20:14 [testuser] INFO  com.example.tailormaster.filter.LoggingInterceptor - User 'testuser' is requesting: GET /tailor-master/products
2026-09-30 00:20:14 [testuser] INFO  com.example.tailormaster.controller.ProductController - User accessed the product list page.
2026-09-30 00:20:14 [testuser] INFO  com.example.tailormaster.service.product.ProductService - Fetching all products.
2026-09-30 00:20:14 [testuser] INFO  com.example.tailormaster.controller.ProductController - Retrieved products: [Product(name=شلوار قمیض, singleSilai=1200.00, doubleSilai=1600.00, enabled=true, user=User(username=testuser, fullName=محمد فرحان, phone1=03212233445, phone2=, shopName=Farhan Tailors, proprietorName=Farhan Tailors, shopAddress=Scheme 33, Karachi, shortCode=FT, enabled=true, trialStartedAt=2026-09-03, trialEndsAt=2050-10-03)), Product(name=Waistcoat, singleSilai=800.00, doubleSilai=1000.00, enabled=true, user=User(username=testuser, fullName=محمد فرحان, phone1=03212233445, phone2=, shopName=Farhan Tailors, proprietorName=Farhan Tailors, shopAddress=Scheme 33, Karachi, shortCode=FT, enabled=true, trialStartedAt=2026-09-03, trialEndsAt=2050-10-03)), Product(name=test product, singleSilai=200.00, doubleSilai=400.00, enabled=true, user=User(username=testuser, fullName=محمد فرحان, phone1=03212233445, phone2=, shopName=Farhan Tailors, proprietorName=Farhan Tailors, shopAddress=Scheme 33, Karachi, shortCode=FT, enabled=true, trialStartedAt=2026-09-03, trialEndsAt=2050-10-03)), Product(name=new product, singleSilai=1000.00, doubleSilai=1200.00, enabled=true, user=User(username=testuser, fullName=محمد فرحان, phone1=03212233445, phone2=, shopName=Farhan Tailors, proprietorName=Farhan Tailors, shopAddress=Scheme 33, Karachi, shortCode=FT, enabled=true, trialStartedAt=2026-09-03, trialEndsAt=2050-10-03))] 
2026-09-30 00:20:14 [testuser] INFO  com.example.tailormaster.filter.LoggingInterceptor - User 'testuser' is requesting: GET /tailor-master/dashboard/notifications/upcoming-deliveries
2026-09-30 00:20:14 [testuser] INFO  com.example.tailormaster.controller.dashboard.DashboardController - Requested upcoming deliveries.
2026-09-30 00:20:14 [testuser] INFO  com.example.tailormaster.service.dashboard.DashboardService - Upcoming deliveries fetched: 22
2026-09-30 00:20:14 [testuser] INFO  com.example.tailormaster.controller.dashboard.DashboardController - Upcoming deliveries fetched: 22
2026-09-30 00:20:17 [testuser] INFO  com.example.tailormaster.filter.LoggingInterceptor - User 'testuser' is requesting: GET /tailor-master/products/update/RWSaVGDKmox7vHll_yaMC6iAJEnMQ95igkDsqoTFmcI=
2026-09-30 00:20:17 [testuser] INFO  com.example.tailormaster.controller.ProductController - Displaying update product form for product ID: RWSaVGDKmox7vHll_yaMC6iAJEnMQ95igkDsqoTFmcI=
2026-09-30 00:20:17 [testuser] INFO  com.example.tailormaster.service.product.ProductService - Fetching product by ID: 10
2026-09-30 00:20:17 [testuser] INFO  com.example.tailormaster.controller.ProductController - Fetched product for update (ID 10): Product(name=new product, singleSilai=1000.00, doubleSilai=1200.00, enabled=true, user=User(username=testuser, fullName=محمد فرحان, phone1=03212233445, phone2=, shopName=Farhan Tailors, proprietorName=Farhan Tailors, shopAddress=Scheme 33, Karachi, shortCode=FT, enabled=true, trialStartedAt=2026-09-03, trialEndsAt=2050-10-03))
2026-09-30 00:20:17 [testuser] INFO  com.example.tailormaster.filter.LoggingInterceptor - User 'testuser' is requesting: GET /tailor-master/dashboard/notifications/upcoming-deliveries
2026-09-30 00:20:17 [testuser] INFO  com.example.tailormaster.controller.dashboard.DashboardController - Requested upcoming deliveries.
2026-09-30 00:20:17 [testuser] INFO  com.example.tailormaster.service.dashboard.DashboardService - Upcoming deliveries fetched: 22
2026-09-30 00:20:17 [testuser] INFO  com.example.tailormaster.controller.dashboard.DashboardController - Upcoming deliveries fetched: 22
2026-09-30 00:20:20 [testuser] INFO  com.example.tailormaster.filter.LoggingInterceptor - User 'testuser' is requesting: GET /tailor-master/products
2026-09-30 00:20:20 [testuser] INFO  com.example.tailormaster.controller.ProductController - User accessed the product list page.
2026-09-30 00:20:20 [testuser] INFO  com.example.tailormaster.service.product.ProductService - Fetching all products.
2026-09-30 00:20:20 [testuser] INFO  com.example.tailormaster.controller.ProductController - Retrieved products: [Product(name=شلوار قمیض, singleSilai=1200.00, doubleSilai=1600.00, enabled=true, user=User(username=testuser, fullName=محمد فرحان, phone1=03212233445, phone2=, shopName=Farhan Tailors, proprietorName=Farhan Tailors, shopAddress=Scheme 33, Karachi, shortCode=FT, enabled=true, trialStartedAt=2026-09-03, trialEndsAt=2050-10-03)), Product(name=Waistcoat, singleSilai=800.00, doubleSilai=1000.00, enabled=true, user=User(username=testuser, fullName=محمد فرحان, phone1=03212233445, phone2=, shopName=Farhan Tailors, proprietorName=Farhan Tailors, shopAddress=Scheme 33, Karachi, shortCode=FT, enabled=true, trialStartedAt=2026-09-03, trialEndsAt=2050-10-03)), Product(name=test product, singleSilai=200.00, doubleSilai=400.00, enabled=true, user=User(username=testuser, fullName=محمد فرحان, phone1=03212233445, phone2=, shopName=Farhan Tailors, proprietorName=Farhan Tailors, shopAddress=Scheme 33, Karachi, shortCode=FT, enabled=true, trialStartedAt=2026-09-03, trialEndsAt=2050-10-03)), Product(name=new product, singleSilai=1000.00, doubleSilai=1200.00, enabled=true, user=User(username=testuser, fullName=محمد فرحان, phone1=03212233445, phone2=, shopName=Farhan Tailors, proprietorName=Farhan Tailors, shopAddress=Scheme 33, Karachi, shortCode=FT, enabled=true, trialStartedAt=2026-09-03, trialEndsAt=2050-10-03))] 
2026-09-30 00:20:20 [testuser] INFO  com.example.tailormaster.filter.LoggingInterceptor - User 'testuser' is requesting: GET /tailor-master/dashboard/notifications/upcoming-deliveries
2026-09-30 00:20:20 [testuser] INFO  com.example.tailormaster.controller.dashboard.DashboardController - Requested upcoming deliveries.
2026-09-30 00:20:21 [testuser] INFO  com.example.tailormaster.service.dashboard.DashboardService - Upcoming deliveries fetched: 22
2026-09-30 00:20:21 [testuser] INFO  com.example.tailormaster.controller.dashboard.DashboardController - Upcoming deliveries fetched: 22
2026-09-30 00:20:23 [testuser] INFO  com.example.tailormaster.filter.LoggingInterceptor - User 'testuser' is requesting: GET /tailor-master/products/update/zM35yybX6XTwMmuI1Kb-HZZVZWWigJaAFxUWXblLxro=
2026-09-30 00:20:23 [testuser] INFO  com.example.tailormaster.controller.ProductController - Displaying update product form for product ID: zM35yybX6XTwMmuI1Kb-HZZVZWWigJaAFxUWXblLxro=
2026-09-30 00:20:23 [testuser] INFO  com.example.tailormaster.service.product.ProductService - Fetching product by ID: 10
2026-09-30 00:20:23 [testuser] INFO  com.example.tailormaster.controller.ProductController - Fetched product for update (ID 10): Product(name=new product, singleSilai=1000.00, doubleSilai=1200.00, enabled=true, user=User(username=testuser, fullName=محمد فرحان, phone1=03212233445, phone2=, shopName=Farhan Tailors, proprietorName=Farhan Tailors, shopAddress=Scheme 33, Karachi, shortCode=FT, enabled=true, trialStartedAt=2026-09-03, trialEndsAt=2050-10-03))
2026-09-30 00:20:23 [testuser] INFO  com.example.tailormaster.filter.LoggingInterceptor - User 'testuser' is requesting: GET /tailor-master/dashboard/notifications/upcoming-deliveries
2026-09-30 00:20:23 [testuser] INFO  com.example.tailormaster.controller.dashboard.DashboardController - Requested upcoming deliveries.
2026-09-30 00:20:23 [testuser] INFO  com.example.tailormaster.service.dashboard.DashboardService - Upcoming deliveries fetched: 22
2026-09-30 00:20:23 [testuser] INFO  com.example.tailormaster.controller.dashboard.DashboardController - Upcoming deliveries fetched: 22
2026-09-30 00:20:26 [testuser] INFO  com.example.tailormaster.filter.LoggingInterceptor - User 'testuser' is requesting: GET /tailor-master/products
2026-09-30 00:20:26 [testuser] INFO  com.example.tailormaster.controller.ProductController - User accessed the product list page.
2026-09-30 00:20:26 [testuser] INFO  com.example.tailormaster.service.product.ProductService - Fetching all products.
2026-09-30 00:20:26 [testuser] INFO  com.example.tailormaster.controller.ProductController - Retrieved products: [Product(name=شلوار قمیض, singleSilai=1200.00, doubleSilai=1600.00, enabled=true, user=User(username=testuser, fullName=محمد فرحان, phone1=03212233445, phone2=, shopName=Farhan Tailors, proprietorName=Farhan Tailors, shopAddress=Scheme 33, Karachi, shortCode=FT, enabled=true, trialStartedAt=2026-09-03, trialEndsAt=2050-10-03)), Product(name=Waistcoat, singleSilai=800.00, doubleSilai=1000.00, enabled=true, user=User(username=testuser, fullName=محمد فرحان, phone1=03212233445, phone2=, shopName=Farhan Tailors, proprietorName=Farhan Tailors, shopAddress=Scheme 33, Karachi, shortCode=FT, enabled=true, trialStartedAt=2026-09-03, trialEndsAt=2050-10-03)), Product(name=test product, singleSilai=200.00, doubleSilai=400.00, enabled=true, user=User(username=testuser, fullName=محمد فرحان, phone1=03212233445, phone2=, shopName=Farhan Tailors, proprietorName=Farhan Tailors, shopAddress=Scheme 33, Karachi, shortCode=FT, enabled=true, trialStartedAt=2026-09-03, trialEndsAt=2050-10-03)), Product(name=new product, singleSilai=1000.00, doubleSilai=1200.00, enabled=true, user=User(username=testuser, fullName=محمد فرحان, phone1=03212233445, phone2=, shopName=Farhan Tailors, proprietorName=Farhan Tailors, shopAddress=Scheme 33, Karachi, shortCode=FT, enabled=true, trialStartedAt=2026-09-03, trialEndsAt=2050-10-03))] 
2026-09-30 00:20:27 [testuser] INFO  com.example.tailormaster.filter.LoggingInterceptor - User 'testuser' is requesting: GET /tailor-master/dashboard/notifications/upcoming-deliveries
2026-09-30 00:20:27 [testuser] INFO  com.example.tailormaster.controller.dashboard.DashboardController - Requested upcoming deliveries.
2026-09-30 00:20:27 [testuser] INFO  com.example.tailormaster.service.dashboard.DashboardService - Upcoming deliveries fetched: 22
2026-09-30 00:20:27 [testuser] INFO  com.example.tailormaster.controller.dashboard.DashboardController - Upcoming deliveries fetched: 22
2026-09-30 00:20:28 [testuser] INFO  com.example.tailormaster.filter.LoggingInterceptor - User 'testuser' is requesting: GET /tailor-master/products/JUOzE4KYL-V02HtVI3xSHPV7DLKmRXdNrMVEr0dCCEU=/measurements
2026-09-30 00:20:28 [testuser] INFO  com.example.tailormaster.service.product.ProductService - Fetching product by ID: 10
2026-09-30 00:20:28 [testuser] INFO  com.example.tailormaster.filter.LoggingInterceptor - User 'testuser' is requesting: GET /tailor-master/dashboard/notifications/upcoming-deliveries
2026-09-30 00:20:28 [testuser] INFO  com.example.tailormaster.controller.dashboard.DashboardController - Requested upcoming deliveries.
2026-09-30 00:20:29 [testuser] INFO  com.example.tailormaster.service.dashboard.DashboardService - Upcoming deliveries fetched: 22
2026-09-30 00:20:29 [testuser] INFO  com.example.tailormaster.controller.dashboard.DashboardController - Upcoming deliveries fetched: 22
2026-09-30 00:20:49 [testuser] INFO  com.example.tailormaster.filter.LoggingInterceptor - User 'testuser' is requesting: GET /tailor-master/products/n7QQ7kSBs8PwFLa0QQ-IeSiMeeow_2Mn7Adz7oSEO84=/measurements
2026-09-30 00:20:49 [testuser] INFO  com.example.tailormaster.service.product.ProductService - Fetching product by ID: 10
2026-09-30 00:20:49 [testuser] INFO  com.example.tailormaster.filter.LoggingInterceptor - User 'testuser' is requesting: GET /tailor-master/dashboard/notifications/upcoming-deliveries
2026-09-30 00:20:49 [testuser] INFO  com.example.tailormaster.controller.dashboard.DashboardController - Requested upcoming deliveries.
2026-09-30 00:20:49 [testuser] INFO  com.example.tailormaster.service.dashboard.DashboardService - Upcoming deliveries fetched: 22
2026-09-30 00:20:49 [testuser] INFO  com.example.tailormaster.controller.dashboard.DashboardController - Upcoming deliveries fetched: 22
2026-09-30 00:20:55 [testuser] INFO  com.example.tailormaster.filter.LoggingInterceptor - User 'testuser' is requesting: POST /tailor-master/products/1AzdNuQMQpmtX74BAQr7_iZbA7CDwJS_r-55B_xnB9M=/measurements
2026-09-30 00:20:55 [testuser] INFO  com.example.tailormaster.service.product.ProductService - Fetching product by ID: 10
2026-09-30 00:20:55 [testuser] INFO  com.example.tailormaster.controller.ProductController - Fetching measurement form for productId=10, measurements=[ProductMeasurementFieldDTO(id=187, fieldName=test 1, fieldType=TEXT, options=[])]
2026-09-30 00:20:55 [testuser] INFO  com.example.tailormaster.controller.ProductController - Measurements successfully saved for productId=10
2026-09-30 00:20:55 [testuser] INFO  com.example.tailormaster.filter.LoggingInterceptor - User 'testuser' is requesting: GET /tailor-master/products/K937cicaCc2IPLgpPwl7KjMzuf-AlJ_T7r8pYFV3omY=/measurements
2026-09-30 00:20:55 [testuser] INFO  com.example.tailormaster.service.product.ProductService - Fetching product by ID: 10
2026-09-30 00:20:55 [testuser] INFO  com.example.tailormaster.filter.LoggingInterceptor - User 'testuser' is requesting: GET /tailor-master/dashboard/notifications/upcoming-deliveries
2026-09-30 00:20:55 [testuser] INFO  com.example.tailormaster.controller.dashboard.DashboardController - Requested upcoming deliveries.
2026-09-30 00:20:56 [testuser] INFO  com.example.tailormaster.service.dashboard.DashboardService - Upcoming deliveries fetched: 22
2026-09-30 00:20:56 [testuser] INFO  com.example.tailormaster.controller.dashboard.DashboardController - Upcoming deliveries fetched: 22
2026-09-30 00:21:11 [testuser] INFO  com.example.tailormaster.filter.LoggingInterceptor - User 'testuser' is requesting: GET /tailor-master/customers/details/elbRXTm1D5XCD0ilEpK5N-8SQkUHyLW1I59l-TyrUPw=
2026-09-30 00:21:11 [testuser] INFO  com.example.tailormaster.controller.CustomerController - Displaying details for customer ID (encrypted): elbRXTm1D5XCD0ilEpK5N-8SQkUHyLW1I59l-TyrUPw=
2026-09-30 00:21:12 [testuser] INFO  com.example.tailormaster.service.product.ProductService - Fetching all active products.
2026-09-30 00:21:12 [testuser] INFO  com.example.tailormaster.service.product.ProductService - Retrieved 4 active products.
2026-09-30 00:21:12 [testuser] INFO  com.example.tailormaster.controller.CustomerController - Fetched customer details: com.example.tailormaster.entity.Customer@4c3ca186
2026-09-30 00:21:12 [testuser] INFO  com.example.tailormaster.filter.LoggingInterceptor - User 'testuser' is requesting: GET /tailor-master/dashboard/notifications/upcoming-deliveries
2026-09-30 00:21:12 [testuser] INFO  com.example.tailormaster.controller.dashboard.DashboardController - Requested upcoming deliveries.
2026-09-30 00:21:13 [testuser] INFO  com.example.tailormaster.service.dashboard.DashboardService - Upcoming deliveries fetched: 22
2026-09-30 00:21:13 [testuser] INFO  com.example.tailormaster.controller.dashboard.DashboardController - Upcoming deliveries fetched: 22
2026-09-30 00:21:16 [testuser] INFO  com.example.tailormaster.filter.LoggingInterceptor - User 'testuser' is requesting: GET /tailor-master/customers/10/fields
2026-09-30 00:21:16 [testuser] INFO  com.example.tailormaster.service.product.ProductService - Fetching product by ID: 10
2026-09-30 00:22:16 [] INFO  org.springframework.boot.devtools.autoconfigure.LocalDevToolsAutoConfiguration$RestartingClassPathChangeChangedEventListener - Restarting due to 1 class path change (0 additions, 1 deletion, 0 modifications)
2026-09-30 00:22:16 [] INFO  org.springframework.boot.web.embedded.tomcat.GracefulShutdown - Commencing graceful shutdown. Waiting for active requests to complete
2026-09-30 00:22:16 [] INFO  org.apache.coyote.http11.Http11NioProtocol - Pausing ProtocolHandler ["http-nio-8080"]
2026-09-30 00:22:17 [] INFO  org.springframework.boot.web.embedded.tomcat.GracefulShutdown - Graceful shutdown complete
2026-09-30 00:22:17 [] INFO  org.apache.coyote.http11.Http11NioProtocol - Stopping ProtocolHandler ["http-nio-8080"]
2026-09-30 00:22:17 [] INFO  org.springframework.orm.jpa.LocalContainerEntityManagerFactoryBean - Closing JPA EntityManagerFactory for persistence unit 'default'
2026-09-30 00:22:17 [] INFO  com.zaxxer.hikari.HikariDataSource - HikariPool-9 - Shutdown initiated...
2026-09-30 00:22:17 [] INFO  com.zaxxer.hikari.HikariDataSource - HikariPool-9 - Shutdown completed.
2026-09-30 00:22:18 [] INFO  com.example.tailormaster.TailorMasterAppApplication - Starting TailorMasterAppApplication using Java 17.0.2 with PID 15356 (E:\Development-Workspaces\tailor-app-new-enhancements\tailor-master-app\tailor-master-app\target\classes started by wajiz.pk in E:\Development-Workspaces\tailor-app-new-enhancements\tailor-master-app)
2026-09-30 00:22:18 [] INFO  com.example.tailormaster.TailorMasterAppApplication - No active profile set, falling back to 1 default profile: "default"
2026-09-30 00:22:18 [] INFO  org.springframework.data.repository.config.RepositoryConfigurationDelegate - Bootstrapping Spring Data JPA repositories in DEFAULT mode.
2026-09-30 00:22:18 [] INFO  org.springframework.data.repository.config.RepositoryConfigurationDelegate - Finished Spring Data repository scanning in 108 ms. Found 20 JPA repository interfaces.
2026-09-30 00:22:19 [] INFO  org.springframework.boot.web.embedded.tomcat.TomcatWebServer - Tomcat initialized with port 8080 (http)
2026-09-30 00:22:19 [] INFO  org.apache.coyote.http11.Http11NioProtocol - Initializing ProtocolHandler ["http-nio-8080"]
2026-09-30 00:22:19 [] INFO  org.apache.catalina.core.StandardService - Starting service [Tomcat]
2026-09-30 00:22:19 [] INFO  org.apache.catalina.core.StandardEngine - Starting Servlet engine: [Apache Tomcat/10.1.40]
2026-09-30 00:22:19 [] INFO  org.apache.catalina.core.ContainerBase.[Tomcat-4].[localhost].[/tailor-master] - Initializing Spring embedded WebApplicationContext
2026-09-30 00:22:19 [] INFO  org.springframework.boot.web.servlet.context.ServletWebServerApplicationContext - Root WebApplicationContext: initialization completed in 1168 ms
2026-09-30 00:22:19 [] INFO  org.hibernate.jpa.internal.util.LogHelper - HHH000204: Processing PersistenceUnitInfo [name: default]
2026-09-30 00:22:19 [] INFO  org.hibernate.cache.internal.RegionFactoryInitiator - HHH000026: Second-level cache disabled
2026-09-30 00:22:19 [] INFO  org.springframework.orm.jpa.persistenceunit.SpringPersistenceUnitInfo - No LoadTimeWeaver setup: ignoring JPA class transformer
2026-09-30 00:22:19 [] INFO  com.zaxxer.hikari.HikariDataSource - HikariPool-10 - Starting...
2026-09-30 00:22:19 [] INFO  com.zaxxer.hikari.pool.HikariPool - HikariPool-10 - Added connection com.mysql.cj.jdbc.ConnectionImpl@19454ef4
2026-09-30 00:22:19 [] INFO  com.zaxxer.hikari.HikariDataSource - HikariPool-10 - Start completed.
2026-09-30 00:22:19 [] INFO  org.hibernate.orm.connections.pooling - HHH10001005: Database info:
	Database JDBC URL [Connecting through datasource 'HikariDataSource (HikariPool-10)']
	Database driver: undefined/unknown
	Database version: 8.0.28
	Autocommit mode: undefined/unknown
	Isolation level: undefined/unknown
	Minimum pool size: undefined/unknown
	Maximum pool size: undefined/unknown
2026-09-30 00:22:20 [] INFO  org.hibernate.engine.transaction.jta.platform.internal.JtaPlatformInitiator - HHH000489: No JTA platform available (set 'hibernate.transaction.jta.platform' to enable JTA platform integration)
2026-09-30 00:22:20 [] INFO  org.springframework.orm.jpa.LocalContainerEntityManagerFactoryBean - Initialized JPA EntityManagerFactory for persistence unit 'default'
2026-09-30 00:22:21 [] WARN  org.springframework.boot.autoconfigure.orm.jpa.JpaBaseConfiguration$JpaWebConfiguration - spring.jpa.open-in-view is enabled by default. Therefore, database queries may be performed during view rendering. Explicitly configure spring.jpa.open-in-view to disable this warning
2026-09-30 00:22:21 [] INFO  org.springframework.security.config.annotation.authentication.configuration.InitializeAuthenticationProviderBeanManagerConfigurer$InitializeAuthenticationProviderManagerConfigurer - Global AuthenticationManager configured with AuthenticationProvider bean with name authenticationProvider
2026-09-30 00:22:21 [] WARN  org.springframework.security.config.annotation.authentication.configuration.InitializeUserDetailsBeanManagerConfigurer$InitializeUserDetailsManagerConfigurer - Global AuthenticationManager configured with an AuthenticationProvider bean. UserDetailsService beans will not be used by Spring Security for automatically configuring username/password login. Consider removing the AuthenticationProvider bean. Alternatively, consider using the UserDetailsService in a manually instantiated DaoAuthenticationProvider. If the current configuration is intentional, to turn off this warning, increase the logging level of 'org.springframework.security.config.annotation.authentication.configuration.InitializeUserDetailsBeanManagerConfigurer' to ERROR
2026-09-30 00:22:21 [] INFO  org.springframework.boot.devtools.autoconfigure.OptionalLiveReloadServer - LiveReload server is running on port 35729
2026-09-30 00:22:21 [] INFO  org.apache.coyote.http11.Http11NioProtocol - Starting ProtocolHandler ["http-nio-8080"]
2026-09-30 00:22:21 [] INFO  org.springframework.boot.web.embedded.tomcat.TomcatWebServer - Tomcat started on port 8080 (http) with context path '/tailor-master'
2026-09-30 00:22:21 [] INFO  com.example.tailormaster.TailorMasterAppApplication - Started TailorMasterAppApplication in 3.9 seconds (process running for 962.477)
2026-09-30 00:22:21 [] INFO  org.springframework.boot.devtools.autoconfigure.ConditionEvaluationDeltaLoggingListener - Condition evaluation unchanged
2026-09-30 00:22:23 [] INFO  org.springframework.boot.devtools.autoconfigure.LocalDevToolsAutoConfiguration$RestartingClassPathChangeChangedEventListener - Restarting due to 1 class path change (1 addition, 0 deletions, 0 modifications)
2026-09-30 00:22:23 [] INFO  org.springframework.boot.web.embedded.tomcat.GracefulShutdown - Commencing graceful shutdown. Waiting for active requests to complete
2026-09-30 00:22:23 [] INFO  org.apache.coyote.http11.Http11NioProtocol - Pausing ProtocolHandler ["http-nio-8080"]
2026-09-30 00:22:24 [] INFO  org.springframework.boot.web.embedded.tomcat.GracefulShutdown - Graceful shutdown complete
2026-09-30 00:22:24 [] INFO  org.apache.coyote.http11.Http11NioProtocol - Stopping ProtocolHandler ["http-nio-8080"]
2026-09-30 00:22:24 [] INFO  org.springframework.orm.jpa.LocalContainerEntityManagerFactoryBean - Closing JPA EntityManagerFactory for persistence unit 'default'
2026-09-30 00:22:24 [] INFO  com.zaxxer.hikari.HikariDataSource - HikariPool-10 - Shutdown initiated...
2026-09-30 00:22:24 [] INFO  com.zaxxer.hikari.HikariDataSource - HikariPool-10 - Shutdown completed.
2026-09-30 00:22:24 [] INFO  com.example.tailormaster.TailorMasterAppApplication - Starting TailorMasterAppApplication using Java 17.0.2 with PID 15356 (E:\Development-Workspaces\tailor-app-new-enhancements\tailor-master-app\tailor-master-app\target\classes started by wajiz.pk in E:\Development-Workspaces\tailor-app-new-enhancements\tailor-master-app)
2026-09-30 00:22:24 [] INFO  com.example.tailormaster.TailorMasterAppApplication - No active profile set, falling back to 1 default profile: "default"
2026-09-30 00:22:25 [] INFO  org.springframework.data.repository.config.RepositoryConfigurationDelegate - Bootstrapping Spring Data JPA repositories in DEFAULT mode.
2026-09-30 00:22:25 [] INFO  org.springframework.data.repository.config.RepositoryConfigurationDelegate - Finished Spring Data repository scanning in 125 ms. Found 20 JPA repository interfaces.
2026-09-30 00:22:25 [] INFO  org.springframework.boot.web.embedded.tomcat.TomcatWebServer - Tomcat initialized with port 8080 (http)
2026-09-30 00:22:25 [] INFO  org.apache.coyote.http11.Http11NioProtocol - Initializing ProtocolHandler ["http-nio-8080"]
2026-09-30 00:22:25 [] INFO  org.apache.catalina.core.StandardService - Starting service [Tomcat]
2026-09-30 00:22:25 [] INFO  org.apache.catalina.core.StandardEngine - Starting Servlet engine: [Apache Tomcat/10.1.40]
2026-09-30 00:22:25 [] INFO  org.apache.catalina.core.ContainerBase.[Tomcat-4].[localhost].[/tailor-master] - Initializing Spring embedded WebApplicationContext
2026-09-30 00:22:25 [] INFO  org.springframework.boot.web.servlet.context.ServletWebServerApplicationContext - Root WebApplicationContext: initialization completed in 974 ms
2026-09-30 00:22:25 [] INFO  org.hibernate.jpa.internal.util.LogHelper - HHH000204: Processing PersistenceUnitInfo [name: default]
2026-09-30 00:22:25 [] INFO  org.hibernate.cache.internal.RegionFactoryInitiator - HHH000026: Second-level cache disabled
2026-09-30 00:22:25 [] INFO  org.springframework.orm.jpa.persistenceunit.SpringPersistenceUnitInfo - No LoadTimeWeaver setup: ignoring JPA class transformer
2026-09-30 00:22:25 [] INFO  com.zaxxer.hikari.HikariDataSource - HikariPool-11 - Starting...
2026-09-30 00:22:25 [] INFO  com.zaxxer.hikari.pool.HikariPool - HikariPool-11 - Added connection com.mysql.cj.jdbc.ConnectionImpl@77db34a5
2026-09-30 00:22:25 [] INFO  com.zaxxer.hikari.HikariDataSource - HikariPool-11 - Start completed.
2026-09-30 00:22:25 [] INFO  org.hibernate.orm.connections.pooling - HHH10001005: Database info:
	Database JDBC URL [Connecting through datasource 'HikariDataSource (HikariPool-11)']
	Database driver: undefined/unknown
	Database version: 8.0.28
	Autocommit mode: undefined/unknown
	Isolation level: undefined/unknown
	Minimum pool size: undefined/unknown
	Maximum pool size: undefined/unknown
2026-09-30 00:22:26 [] INFO  org.hibernate.engine.transaction.jta.platform.internal.JtaPlatformInitiator - HHH000489: No JTA platform available (set 'hibernate.transaction.jta.platform' to enable JTA platform integration)
2026-09-30 00:22:26 [] INFO  org.springframework.orm.jpa.LocalContainerEntityManagerFactoryBean - Initialized JPA EntityManagerFactory for persistence unit 'default'
2026-09-30 00:22:27 [] WARN  org.springframework.boot.autoconfigure.orm.jpa.JpaBaseConfiguration$JpaWebConfiguration - spring.jpa.open-in-view is enabled by default. Therefore, database queries may be performed during view rendering. Explicitly configure spring.jpa.open-in-view to disable this warning
2026-09-30 00:22:27 [] INFO  org.springframework.security.config.annotation.authentication.configuration.InitializeAuthenticationProviderBeanManagerConfigurer$InitializeAuthenticationProviderManagerConfigurer - Global AuthenticationManager configured with AuthenticationProvider bean with name authenticationProvider
2026-09-30 00:22:27 [] WARN  org.springframework.security.config.annotation.authentication.configuration.InitializeUserDetailsBeanManagerConfigurer$InitializeUserDetailsManagerConfigurer - Global AuthenticationManager configured with an AuthenticationProvider bean. UserDetailsService beans will not be used by Spring Security for automatically configuring username/password login. Consider removing the AuthenticationProvider bean. Alternatively, consider using the UserDetailsService in a manually instantiated DaoAuthenticationProvider. If the current configuration is intentional, to turn off this warning, increase the logging level of 'org.springframework.security.config.annotation.authentication.configuration.InitializeUserDetailsBeanManagerConfigurer' to ERROR
2026-09-30 00:22:27 [] INFO  org.springframework.boot.devtools.autoconfigure.OptionalLiveReloadServer - LiveReload server is running on port 35729
2026-09-30 00:22:27 [] INFO  org.apache.coyote.http11.Http11NioProtocol - Starting ProtocolHandler ["http-nio-8080"]
2026-09-30 00:22:27 [] INFO  org.springframework.boot.web.embedded.tomcat.TomcatWebServer - Tomcat started on port 8080 (http) with context path '/tailor-master'
2026-09-30 00:22:27 [] INFO  com.example.tailormaster.TailorMasterAppApplication - Started TailorMasterAppApplication in 3.112 seconds (process running for 968.331)
2026-09-30 00:22:27 [] INFO  org.springframework.boot.devtools.autoconfigure.ConditionEvaluationDeltaLoggingListener - Condition evaluation unchanged
2026-09-30 00:22:32 [] INFO  org.apache.catalina.core.ContainerBase.[Tomcat-4].[localhost].[/tailor-master] - Initializing Spring DispatcherServlet 'dispatcherServlet'
2026-09-30 00:22:32 [] INFO  org.springframework.web.servlet.DispatcherServlet - Initializing Servlet 'dispatcherServlet'
2026-09-30 00:22:32 [] INFO  org.springframework.web.servlet.DispatcherServlet - Completed initialization in 8 ms
2026-09-30 00:22:32 [testuser] INFO  com.example.tailormaster.filter.LoggingInterceptor - User 'testuser' is requesting: GET /tailor-master/customers/details/elbRXTm1D5XCD0ilEpK5N-8SQkUHyLW1I59l-TyrUPw=
2026-09-30 00:22:32 [testuser] INFO  com.example.tailormaster.controller.CustomerController - Displaying details for customer ID (encrypted): elbRXTm1D5XCD0ilEpK5N-8SQkUHyLW1I59l-TyrUPw=
2026-09-30 00:22:32 [testuser] INFO  com.example.tailormaster.service.product.ProductService - Fetching all active products.
2026-09-30 00:22:33 [testuser] INFO  com.example.tailormaster.service.product.ProductService - Retrieved 4 active products.
2026-09-30 00:22:33 [testuser] INFO  com.example.tailormaster.controller.CustomerController - Fetched customer details: com.example.tailormaster.entity.Customer@4f4f4f36
2026-09-30 00:22:33 [testuser] INFO  com.example.tailormaster.filter.LoggingInterceptor - User 'testuser' is requesting: GET /tailor-master/dashboard/notifications/upcoming-deliveries
2026-09-30 00:22:34 [testuser] INFO  com.example.tailormaster.controller.dashboard.DashboardController - Requested upcoming deliveries.
2026-09-30 00:22:34 [testuser] INFO  com.example.tailormaster.service.dashboard.DashboardService - Upcoming deliveries fetched: 22
2026-09-30 00:22:34 [testuser] INFO  com.example.tailormaster.controller.dashboard.DashboardController - Upcoming deliveries fetched: 22
2026-09-30 00:22:38 [testuser] INFO  com.example.tailormaster.filter.LoggingInterceptor - User 'testuser' is requesting: GET /tailor-master/customers/10/fields
2026-09-30 00:22:38 [testuser] INFO  com.example.tailormaster.service.product.ProductService - Fetching product by ID: 10
2026-09-30 00:22:42 [testuser] INFO  com.example.tailormaster.filter.LoggingInterceptor - User 'testuser' is requesting: GET /tailor-master/customers/9/fields
2026-09-30 00:22:42 [testuser] INFO  com.example.tailormaster.service.product.ProductService - Fetching product by ID: 9
2026-09-30 00:22:53 [testuser] INFO  com.example.tailormaster.filter.LoggingInterceptor - User 'testuser' is requesting: GET /tailor-master/customers/8/fields
2026-09-30 00:22:53 [testuser] INFO  com.example.tailormaster.service.product.ProductService - Fetching product by ID: 8
2026-09-30 00:22:58 [testuser] INFO  com.example.tailormaster.filter.LoggingInterceptor - User 'testuser' is requesting: GET /tailor-master/customers/7/fields
2026-09-30 00:22:58 [testuser] INFO  com.example.tailormaster.service.product.ProductService - Fetching product by ID: 7
2026-09-30 00:23:00 [testuser] INFO  com.example.tailormaster.filter.LoggingInterceptor - User 'testuser' is requesting: GET /tailor-master/customers/10/fields
2026-09-30 00:23:00 [testuser] INFO  com.example.tailormaster.service.product.ProductService - Fetching product by ID: 10
2026-09-30 00:23:05 [testuser] INFO  com.example.tailormaster.filter.LoggingInterceptor - User 'testuser' is requesting: GET /tailor-master/products/hz2RIkxNohVpBO2ezmZJcLZctqj3TdHLWHzfWAhR3qA=/measurements
2026-09-30 00:23:05 [testuser] INFO  com.example.tailormaster.service.product.ProductService - Fetching product by ID: 10
2026-09-30 00:23:05 [testuser] INFO  com.example.tailormaster.filter.LoggingInterceptor - User 'testuser' is requesting: GET /tailor-master/dashboard/notifications/upcoming-deliveries
2026-09-30 00:23:05 [testuser] INFO  com.example.tailormaster.controller.dashboard.DashboardController - Requested upcoming deliveries.
2026-09-30 00:23:06 [testuser] INFO  com.example.tailormaster.service.dashboard.DashboardService - Upcoming deliveries fetched: 22
2026-09-30 00:23:06 [testuser] INFO  com.example.tailormaster.controller.dashboard.DashboardController - Upcoming deliveries fetched: 22
2026-09-30 00:23:54 [testuser] INFO  com.example.tailormaster.filter.LoggingInterceptor - User 'testuser' is requesting: POST /tailor-master/products/y_hlXNdX8xqLVbMyfY1okoduTB1f4suKRkaQYFB-eas=/measurements
2026-09-30 00:23:54 [testuser] INFO  com.example.tailormaster.service.product.ProductService - Fetching product by ID: 10
2026-09-30 00:23:54 [testuser] INFO  com.example.tailormaster.controller.ProductController - Fetching measurement form for productId=10, measurements=[ProductMeasurementFieldDTO(id=187, fieldName=test 1, fieldType=TEXT, options=[]), ProductMeasurementFieldDTO(id=null, fieldName=test 2, fieldType=DROPDOWN, options=[op1, op2, op3])]
2026-09-30 00:23:54 [testuser] INFO  com.example.tailormaster.controller.ProductController - Measurements successfully saved for productId=10
2026-09-30 00:23:54 [testuser] INFO  com.example.tailormaster.filter.LoggingInterceptor - User 'testuser' is requesting: GET /tailor-master/products/zQHoDvqhEIiNqWN-tmHxL__-QsaIftajp9E566vDasU=/measurements
2026-09-30 00:23:54 [testuser] INFO  com.example.tailormaster.service.product.ProductService - Fetching product by ID: 10
2026-09-30 00:23:54 [testuser] INFO  com.example.tailormaster.filter.LoggingInterceptor - User 'testuser' is requesting: GET /tailor-master/dashboard/notifications/upcoming-deliveries
2026-09-30 00:23:54 [testuser] INFO  com.example.tailormaster.controller.dashboard.DashboardController - Requested upcoming deliveries.
2026-09-30 00:23:55 [testuser] INFO  com.example.tailormaster.service.dashboard.DashboardService - Upcoming deliveries fetched: 22
2026-09-30 00:23:56 [testuser] INFO  com.example.tailormaster.controller.dashboard.DashboardController - Upcoming deliveries fetched: 22
2026-09-30 00:24:10 [testuser] INFO  com.example.tailormaster.filter.LoggingInterceptor - User 'testuser' is requesting: GET /tailor-master/customers/7/fields
2026-09-30 00:24:10 [testuser] INFO  com.example.tailormaster.service.product.ProductService - Fetching product by ID: 7
2026-09-30 00:24:13 [testuser] INFO  com.example.tailormaster.filter.LoggingInterceptor - User 'testuser' is requesting: GET /tailor-master/customers/10/fields
2026-09-30 00:24:13 [testuser] INFO  com.example.tailormaster.service.product.ProductService - Fetching product by ID: 10
2026-09-30 00:24:39 [testuser] INFO  com.example.tailormaster.filter.LoggingInterceptor - User 'testuser' is requesting: GET /tailor-master/products/RlE2udYJsjzfYWWHo1wC4k6pxtYnbGcrO-jZKFd7Pe4=/measurements
2026-09-30 00:24:39 [testuser] INFO  com.example.tailormaster.service.product.ProductService - Fetching product by ID: 10
2026-09-30 00:24:40 [testuser] INFO  com.example.tailormaster.filter.LoggingInterceptor - User 'testuser' is requesting: GET /tailor-master/dashboard/notifications/upcoming-deliveries
2026-09-30 00:24:40 [testuser] INFO  com.example.tailormaster.controller.dashboard.DashboardController - Requested upcoming deliveries.
2026-09-30 00:24:40 [testuser] INFO  com.example.tailormaster.service.dashboard.DashboardService - Upcoming deliveries fetched: 22
2026-09-30 00:24:40 [testuser] INFO  com.example.tailormaster.controller.dashboard.DashboardController - Upcoming deliveries fetched: 22
2026-09-30 00:24:56 [testuser] INFO  com.example.tailormaster.filter.LoggingInterceptor - User 'testuser' is requesting: POST /tailor-master/products/GTxHXNNyquG8FCKrq-Dq_mB2cdbfGYOGSsZoCUzN32E=/measurements
2026-09-30 00:24:56 [testuser] INFO  com.example.tailormaster.service.product.ProductService - Fetching product by ID: 10
2026-09-30 00:24:56 [testuser] INFO  com.example.tailormaster.controller.ProductController - Fetching measurement form for productId=10, measurements=[ProductMeasurementFieldDTO(id=187, fieldName=test 1, fieldType=TEXT, options=[])]
2026-09-30 00:24:56 [testuser] INFO  com.example.tailormaster.controller.ProductController - Measurements successfully saved for productId=10
2026-09-30 00:24:56 [testuser] INFO  com.example.tailormaster.filter.LoggingInterceptor - User 'testuser' is requesting: GET /tailor-master/products/pJUGejtCramPMKh-R9GDORske6v2b5I2bIg5MokPHzI=/measurements
2026-09-30 00:24:56 [testuser] INFO  com.example.tailormaster.service.product.ProductService - Fetching product by ID: 10
2026-09-30 00:24:57 [testuser] INFO  com.example.tailormaster.filter.LoggingInterceptor - User 'testuser' is requesting: GET /tailor-master/dashboard/notifications/upcoming-deliveries
2026-09-30 00:24:57 [testuser] INFO  com.example.tailormaster.controller.dashboard.DashboardController - Requested upcoming deliveries.
2026-09-30 00:24:57 [testuser] INFO  com.example.tailormaster.service.dashboard.DashboardService - Upcoming deliveries fetched: 22
2026-09-30 00:24:57 [testuser] INFO  com.example.tailormaster.controller.dashboard.DashboardController - Upcoming deliveries fetched: 22
2026-09-30 00:25:02 [testuser] INFO  com.example.tailormaster.filter.LoggingInterceptor - User 'testuser' is requesting: GET /tailor-master/customers/9/fields
2026-09-30 00:25:02 [testuser] INFO  com.example.tailormaster.service.product.ProductService - Fetching product by ID: 9
2026-09-30 00:25:04 [testuser] INFO  com.example.tailormaster.filter.LoggingInterceptor - User 'testuser' is requesting: GET /tailor-master/customers/10/fields
2026-09-30 00:25:04 [testuser] INFO  com.example.tailormaster.service.product.ProductService - Fetching product by ID: 10
2026-09-30 00:25:09 [testuser] INFO  com.example.tailormaster.filter.LoggingInterceptor - User 'testuser' is requesting: GET /tailor-master/products/8d1zC_vA3oC0hTunldceAeWvSGyYPbnySTZfrPas35c=/measurements
2026-09-30 00:25:09 [testuser] INFO  com.example.tailormaster.service.product.ProductService - Fetching product by ID: 10
2026-09-30 00:25:09 [testuser] INFO  com.example.tailormaster.filter.LoggingInterceptor - User 'testuser' is requesting: GET /tailor-master/dashboard/notifications/upcoming-deliveries
2026-09-30 00:25:09 [testuser] INFO  com.example.tailormaster.controller.dashboard.DashboardController - Requested upcoming deliveries.
2026-09-30 00:25:10 [testuser] INFO  com.example.tailormaster.service.dashboard.DashboardService - Upcoming deliveries fetched: 22
2026-09-30 00:25:10 [testuser] INFO  com.example.tailormaster.controller.dashboard.DashboardController - Upcoming deliveries fetched: 22
2026-09-30 00:25:35 [testuser] INFO  com.example.tailormaster.filter.LoggingInterceptor - User 'testuser' is requesting: POST /tailor-master/products/8U24iztawnWEIM8Hmrwao7k-O0AeNVvegOATfEemiS8=/measurements
2026-09-30 00:25:35 [testuser] INFO  com.example.tailormaster.service.product.ProductService - Fetching product by ID: 10
2026-09-30 00:25:35 [testuser] INFO  com.example.tailormaster.controller.ProductController - Fetching measurement form for productId=10, measurements=[ProductMeasurementFieldDTO(id=187, fieldName=test 1, fieldType=TEXT, options=[]), ProductMeasurementFieldDTO(id=null, fieldName=test 2, fieldType=DROPDOWN, options=[op1,op2,op3]), ProductMeasurementFieldDTO(id=null, fieldName=test 3, fieldType=TEXT, options=[])]
2026-09-30 00:25:35 [testuser] INFO  com.example.tailormaster.controller.ProductController - Measurements successfully saved for productId=10
2026-09-30 00:25:35 [testuser] INFO  com.example.tailormaster.filter.LoggingInterceptor - User 'testuser' is requesting: GET /tailor-master/products/p07nTC9E66cmu-8pv3Zg5tqoEahpn2i3bM2bnZva8bQ=/measurements
2026-09-30 00:25:35 [testuser] INFO  com.example.tailormaster.service.product.ProductService - Fetching product by ID: 10
2026-09-30 00:25:35 [testuser] INFO  com.example.tailormaster.filter.LoggingInterceptor - User 'testuser' is requesting: GET /tailor-master/dashboard/notifications/upcoming-deliveries
2026-09-30 00:25:35 [testuser] INFO  com.example.tailormaster.controller.dashboard.DashboardController - Requested upcoming deliveries.
2026-09-30 00:25:36 [testuser] INFO  com.example.tailormaster.service.dashboard.DashboardService - Upcoming deliveries fetched: 22
2026-09-30 00:25:36 [testuser] INFO  com.example.tailormaster.controller.dashboard.DashboardController - Upcoming deliveries fetched: 22
2026-09-30 00:25:47 [testuser] INFO  com.example.tailormaster.filter.LoggingInterceptor - User 'testuser' is requesting: GET /tailor-master/customers/10/fields
2026-09-30 00:25:47 [testuser] INFO  com.example.tailormaster.service.product.ProductService - Fetching product by ID: 10
2026-09-30 00:26:07 [testuser] INFO  com.example.tailormaster.filter.LoggingInterceptor - User 'testuser' is requesting: GET /tailor-master/customers/10/fields
2026-09-30 00:26:07 [testuser] INFO  com.example.tailormaster.service.product.ProductService - Fetching product by ID: 10
2026-09-30 00:26:31 [testuser] INFO  com.example.tailormaster.filter.LoggingInterceptor - User 'testuser' is requesting: POST /tailor-master/customers/33/measurements
2026-09-30 00:26:31 [testuser] INFO  com.example.tailormaster.controller.CustomerController - Saving measurements for customerId=33, productId=10, measurements={187=12 /2, 190=op1, 191=12'12 11/2}
2026-09-30 00:26:31 [testuser] INFO  com.example.tailormaster.controller.CustomerController - Measurements saved successfully for customerId=33, productId=10
2026-09-30 00:26:34 [testuser] INFO  com.example.tailormaster.filter.LoggingInterceptor - User 'testuser' is requesting: GET /tailor-master/customers/details/elbRXTm1D5XCD0ilEpK5N-8SQkUHyLW1I59l-TyrUPw=
2026-09-30 00:26:34 [testuser] INFO  com.example.tailormaster.controller.CustomerController - Displaying details for customer ID (encrypted): elbRXTm1D5XCD0ilEpK5N-8SQkUHyLW1I59l-TyrUPw=
2026-09-30 00:26:34 [testuser] INFO  com.example.tailormaster.service.product.ProductService - Fetching all active products.
2026-09-30 00:26:34 [testuser] INFO  com.example.tailormaster.service.product.ProductService - Retrieved 4 active products.
2026-09-30 00:26:34 [testuser] INFO  com.example.tailormaster.controller.CustomerController - Fetched customer details: com.example.tailormaster.entity.Customer@1a3c39d5
2026-09-30 00:26:34 [testuser] INFO  com.example.tailormaster.filter.LoggingInterceptor - User 'testuser' is requesting: GET /tailor-master/dashboard/notifications/upcoming-deliveries
2026-09-30 00:26:34 [testuser] INFO  com.example.tailormaster.controller.dashboard.DashboardController - Requested upcoming deliveries.
2026-09-30 00:26:35 [testuser] INFO  com.example.tailormaster.service.dashboard.DashboardService - Upcoming deliveries fetched: 22
2026-09-30 00:26:35 [testuser] INFO  com.example.tailormaster.controller.dashboard.DashboardController - Upcoming deliveries fetched: 22
2026-09-30 00:28:38 [testuser] INFO  com.example.tailormaster.filter.LoggingInterceptor - User 'testuser' is requesting: GET /tailor-master/customers
2026-09-30 00:28:40 [testuser] INFO  com.example.tailormaster.filter.LoggingInterceptor - User 'testuser' is requesting: GET /tailor-master/dashboard/notifications/upcoming-deliveries
2026-09-30 00:28:40 [testuser] INFO  com.example.tailormaster.filter.LoggingInterceptor - User 'testuser' is requesting: GET /tailor-master/customers/datatable
2026-09-30 00:28:40 [testuser] INFO  com.example.tailormaster.controller.dashboard.DashboardController - Requested upcoming deliveries.
2026-09-30 00:28:40 [testuser] INFO  com.example.tailormaster.controller.CustomerController - Fetching customers data with search value: , sort direction: asc, start date: null, end date: null
2026-09-30 00:28:40 [testuser] INFO  com.example.tailormaster.service.dashboard.DashboardService - Upcoming deliveries fetched: 22
2026-09-30 00:28:40 [testuser] INFO  com.example.tailormaster.controller.dashboard.DashboardController - Upcoming deliveries fetched: 22
2026-09-30 00:28:42 [testuser] INFO  com.example.tailormaster.filter.LoggingInterceptor - User 'testuser' is requesting: GET /tailor-master/customers/details/QrXUhGqD7xk2Jwa3AGAuV-FsLVrx-eAVKpH31wysOtY=
2026-09-30 00:28:42 [testuser] INFO  com.example.tailormaster.controller.CustomerController - Displaying details for customer ID (encrypted): QrXUhGqD7xk2Jwa3AGAuV-FsLVrx-eAVKpH31wysOtY=
2026-09-30 00:28:42 [testuser] INFO  com.example.tailormaster.service.product.ProductService - Fetching all active products.
2026-09-30 00:28:42 [testuser] INFO  com.example.tailormaster.service.product.ProductService - Retrieved 4 active products.
2026-09-30 00:28:42 [testuser] INFO  com.example.tailormaster.controller.CustomerController - Fetched customer details: com.example.tailormaster.entity.Customer@1cb28543
2026-09-30 00:28:42 [testuser] INFO  com.example.tailormaster.filter.LoggingInterceptor - User 'testuser' is requesting: GET /tailor-master/dashboard/notifications/upcoming-deliveries
2026-09-30 00:28:42 [testuser] INFO  com.example.tailormaster.controller.dashboard.DashboardController - Requested upcoming deliveries.
2026-09-30 00:28:43 [testuser] INFO  com.example.tailormaster.service.dashboard.DashboardService - Upcoming deliveries fetched: 22
2026-09-30 00:28:43 [testuser] INFO  com.example.tailormaster.controller.dashboard.DashboardController - Upcoming deliveries fetched: 22
2026-09-30 00:29:22 [testuser] WARN  org.springframework.web.servlet.mvc.method.annotation.ExceptionHandlerExceptionResolver - Resolved [org.springframework.web.servlet.resource.NoResourceFoundException: No static resource js/bootstrap.bundle.min.js.map.]
2026-09-30 00:29:22 [testuser] WARN  org.springframework.web.servlet.mvc.method.annotation.ExceptionHandlerExceptionResolver - Resolved [org.springframework.web.servlet.resource.NoResourceFoundException: No static resource css/bootstrap.min.css.map.]
2026-09-30 00:29:27 [testuser] INFO  com.example.tailormaster.filter.LoggingInterceptor - User 'testuser' is requesting: GET /tailor-master/customers/details/QrXUhGqD7xk2Jwa3AGAuV-FsLVrx-eAVKpH31wysOtY=
2026-09-30 00:29:27 [testuser] INFO  com.example.tailormaster.controller.CustomerController - Displaying details for customer ID (encrypted): QrXUhGqD7xk2Jwa3AGAuV-FsLVrx-eAVKpH31wysOtY=
2026-09-30 00:29:27 [testuser] INFO  com.example.tailormaster.service.product.ProductService - Fetching all active products.
2026-09-30 00:29:27 [testuser] INFO  com.example.tailormaster.service.product.ProductService - Retrieved 4 active products.
2026-09-30 00:29:27 [testuser] INFO  com.example.tailormaster.controller.CustomerController - Fetched customer details: com.example.tailormaster.entity.Customer@41316577
2026-09-30 00:29:28 [testuser] WARN  org.springframework.web.servlet.mvc.method.annotation.ExceptionHandlerExceptionResolver - Resolved [org.springframework.web.servlet.resource.NoResourceFoundException: No static resource js/bootstrap.bundle.min.js.map.]
2026-09-30 00:29:28 [testuser] WARN  org.springframework.web.servlet.mvc.method.annotation.ExceptionHandlerExceptionResolver - Resolved [org.springframework.web.servlet.resource.NoResourceFoundException: No static resource css/bootstrap.min.css.map.]
2026-09-30 00:29:28 [testuser] INFO  com.example.tailormaster.filter.LoggingInterceptor - User 'testuser' is requesting: GET /tailor-master/dashboard/notifications/upcoming-deliveries
2026-09-30 00:29:28 [testuser] INFO  com.example.tailormaster.controller.dashboard.DashboardController - Requested upcoming deliveries.
2026-09-30 00:29:28 [testuser] INFO  com.example.tailormaster.service.dashboard.DashboardService - Upcoming deliveries fetched: 22
2026-09-30 00:29:28 [testuser] INFO  com.example.tailormaster.controller.dashboard.DashboardController - Upcoming deliveries fetched: 22
2026-09-30 00:29:41 [testuser] INFO  com.example.tailormaster.filter.LoggingInterceptor - User 'testuser' is requesting: GET /tailor-master/customers
2026-09-30 00:29:41 [testuser] WARN  org.springframework.web.servlet.mvc.method.annotation.ExceptionHandlerExceptionResolver - Resolved [org.springframework.web.servlet.resource.NoResourceFoundException: No static resource css/bootstrap.min.css.map.]
2026-09-30 00:29:41 [testuser] WARN  org.springframework.web.servlet.mvc.method.annotation.ExceptionHandlerExceptionResolver - Resolved [org.springframework.web.servlet.resource.NoResourceFoundException: No static resource js/bootstrap.bundle.min.js.map.]
2026-09-30 00:29:41 [testuser] INFO  com.example.tailormaster.filter.LoggingInterceptor - User 'testuser' is requesting: GET /tailor-master/dashboard/notifications/upcoming-deliveries
2026-09-30 00:29:41 [testuser] INFO  com.example.tailormaster.controller.dashboard.DashboardController - Requested upcoming deliveries.
2026-09-30 00:29:41 [testuser] INFO  com.example.tailormaster.filter.LoggingInterceptor - User 'testuser' is requesting: GET /tailor-master/customers/datatable
2026-09-30 00:29:41 [testuser] INFO  com.example.tailormaster.controller.CustomerController - Fetching customers data with search value: , sort direction: asc, start date: null, end date: null
2026-09-30 00:29:42 [testuser] INFO  com.example.tailormaster.service.dashboard.DashboardService - Upcoming deliveries fetched: 22
2026-09-30 00:29:42 [testuser] INFO  com.example.tailormaster.controller.dashboard.DashboardController - Upcoming deliveries fetched: 22
2026-09-30 00:29:44 [testuser] INFO  com.example.tailormaster.filter.LoggingInterceptor - User 'testuser' is requesting: GET /tailor-master/customers/details/a64ohQ49J0ywaC4DHCnNtvF9VwVSgmRutINrAtQ5C7g=
2026-09-30 00:29:44 [testuser] INFO  com.example.tailormaster.controller.CustomerController - Displaying details for customer ID (encrypted): a64ohQ49J0ywaC4DHCnNtvF9VwVSgmRutINrAtQ5C7g=
2026-09-30 00:29:44 [testuser] INFO  com.example.tailormaster.service.product.ProductService - Fetching all active products.
2026-09-30 00:29:44 [testuser] INFO  com.example.tailormaster.service.product.ProductService - Retrieved 4 active products.
2026-09-30 00:29:44 [testuser] INFO  com.example.tailormaster.controller.CustomerController - Fetched customer details: com.example.tailormaster.entity.Customer@333f7aa
2026-09-30 00:29:45 [testuser] WARN  org.springframework.web.servlet.mvc.method.annotation.ExceptionHandlerExceptionResolver - Resolved [org.springframework.web.servlet.resource.NoResourceFoundException: No static resource css/bootstrap.min.css.map.]
2026-09-30 00:29:45 [testuser] WARN  org.springframework.web.servlet.mvc.method.annotation.ExceptionHandlerExceptionResolver - Resolved [org.springframework.web.servlet.resource.NoResourceFoundException: No static resource js/bootstrap.bundle.min.js.map.]
2026-09-30 00:29:45 [testuser] INFO  com.example.tailormaster.filter.LoggingInterceptor - User 'testuser' is requesting: GET /tailor-master/dashboard/notifications/upcoming-deliveries
2026-09-30 00:29:45 [testuser] INFO  com.example.tailormaster.controller.dashboard.DashboardController - Requested upcoming deliveries.
2026-09-30 00:29:45 [testuser] INFO  com.example.tailormaster.service.dashboard.DashboardService - Upcoming deliveries fetched: 22
2026-09-30 00:29:45 [testuser] INFO  com.example.tailormaster.controller.dashboard.DashboardController - Upcoming deliveries fetched: 22
2026-09-30 00:30:14 [testuser] INFO  com.example.tailormaster.filter.LoggingInterceptor - User 'testuser' is requesting: GET /tailor-master/customers
2026-09-30 00:30:14 [testuser] WARN  org.springframework.web.servlet.mvc.method.annotation.ExceptionHandlerExceptionResolver - Resolved [org.springframework.web.servlet.resource.NoResourceFoundException: No static resource css/bootstrap.min.css.map.]
2026-09-30 00:30:15 [testuser] INFO  com.example.tailormaster.filter.LoggingInterceptor - User 'testuser' is requesting: GET /tailor-master/dashboard/notifications/upcoming-deliveries
2026-09-30 00:30:15 [testuser] WARN  org.springframework.web.servlet.mvc.method.annotation.ExceptionHandlerExceptionResolver - Resolved [org.springframework.web.servlet.resource.NoResourceFoundException: No static resource js/bootstrap.bundle.min.js.map.]
2026-09-30 00:30:15 [testuser] INFO  com.example.tailormaster.controller.dashboard.DashboardController - Requested upcoming deliveries.
2026-09-30 00:30:15 [testuser] INFO  com.example.tailormaster.filter.LoggingInterceptor - User 'testuser' is requesting: GET /tailor-master/customers/datatable
2026-09-30 00:30:15 [testuser] INFO  com.example.tailormaster.controller.CustomerController - Fetching customers data with search value: , sort direction: asc, start date: null, end date: null
2026-09-30 00:30:15 [testuser] INFO  com.example.tailormaster.service.dashboard.DashboardService - Upcoming deliveries fetched: 22
2026-09-30 00:30:15 [testuser] INFO  com.example.tailormaster.controller.dashboard.DashboardController - Upcoming deliveries fetched: 22
2026-09-30 00:30:18 [testuser] INFO  com.example.tailormaster.filter.LoggingInterceptor - User 'testuser' is requesting: GET /tailor-master/customers/details/TUf2l6-w1YOqizdB_xyBN-nfAcNSGEZukYTkoCE1BNc=
2026-09-30 00:30:18 [testuser] INFO  com.example.tailormaster.controller.CustomerController - Displaying details for customer ID (encrypted): TUf2l6-w1YOqizdB_xyBN-nfAcNSGEZukYTkoCE1BNc=
2026-09-30 00:30:18 [testuser] INFO  com.example.tailormaster.service.product.ProductService - Fetching all active products.
2026-09-30 00:30:18 [testuser] INFO  com.example.tailormaster.service.product.ProductService - Retrieved 4 active products.
2026-09-30 00:30:18 [testuser] INFO  com.example.tailormaster.controller.CustomerController - Fetched customer details: com.example.tailormaster.entity.Customer@150ccd6d
2026-09-30 00:30:18 [testuser] WARN  org.springframework.web.servlet.mvc.method.annotation.ExceptionHandlerExceptionResolver - Resolved [org.springframework.web.servlet.resource.NoResourceFoundException: No static resource css/bootstrap.min.css.map.]
2026-09-30 00:30:18 [testuser] WARN  org.springframework.web.servlet.mvc.method.annotation.ExceptionHandlerExceptionResolver - Resolved [org.springframework.web.servlet.resource.NoResourceFoundException: No static resource js/bootstrap.bundle.min.js.map.]
2026-09-30 00:30:18 [testuser] INFO  com.example.tailormaster.filter.LoggingInterceptor - User 'testuser' is requesting: GET /tailor-master/dashboard/notifications/upcoming-deliveries
2026-09-30 00:30:18 [testuser] INFO  com.example.tailormaster.controller.dashboard.DashboardController - Requested upcoming deliveries.
2026-09-30 00:30:19 [testuser] INFO  com.example.tailormaster.service.dashboard.DashboardService - Upcoming deliveries fetched: 22
2026-09-30 00:30:19 [testuser] INFO  com.example.tailormaster.controller.dashboard.DashboardController - Upcoming deliveries fetched: 22
2026-09-30 00:31:29 [testuser] INFO  com.example.tailormaster.filter.LoggingInterceptor - User 'testuser' is requesting: GET /tailor-master/customers
2026-09-30 00:31:29 [testuser] WARN  org.springframework.web.servlet.mvc.method.annotation.ExceptionHandlerExceptionResolver - Resolved [org.springframework.web.servlet.resource.NoResourceFoundException: No static resource css/bootstrap.min.css.map.]
2026-09-30 00:31:30 [testuser] INFO  com.example.tailormaster.filter.LoggingInterceptor - User 'testuser' is requesting: GET /tailor-master/dashboard/notifications/upcoming-deliveries
2026-09-30 00:31:30 [testuser] INFO  com.example.tailormaster.filter.LoggingInterceptor - User 'testuser' is requesting: GET /tailor-master/customers/datatable
2026-09-30 00:31:30 [testuser] WARN  org.springframework.web.servlet.mvc.method.annotation.ExceptionHandlerExceptionResolver - Resolved [org.springframework.web.servlet.resource.NoResourceFoundException: No static resource js/bootstrap.bundle.min.js.map.]
2026-09-30 00:31:31 [testuser] INFO  com.example.tailormaster.controller.dashboard.DashboardController - Requested upcoming deliveries.
2026-09-30 00:31:31 [testuser] INFO  com.example.tailormaster.controller.CustomerController - Fetching customers data with search value: , sort direction: asc, start date: null, end date: null
2026-09-30 00:31:31 [testuser] INFO  com.example.tailormaster.service.dashboard.DashboardService - Upcoming deliveries fetched: 22
2026-09-30 00:31:31 [testuser] INFO  com.example.tailormaster.controller.dashboard.DashboardController - Upcoming deliveries fetched: 22
2026-09-30 00:31:34 [testuser] INFO  com.example.tailormaster.filter.LoggingInterceptor - User 'testuser' is requesting: GET /tailor-master/customers/details/J6V9hG-TStkb0em8l_RMhYOe20BwT-HsH105gXdrNRw=
2026-09-30 00:31:34 [testuser] INFO  com.example.tailormaster.controller.CustomerController - Displaying details for customer ID (encrypted): J6V9hG-TStkb0em8l_RMhYOe20BwT-HsH105gXdrNRw=
2026-09-30 00:31:35 [testuser] INFO  com.example.tailormaster.service.product.ProductService - Fetching all active products.
2026-09-30 00:31:35 [testuser] INFO  com.example.tailormaster.service.product.ProductService - Retrieved 4 active products.
2026-09-30 00:31:35 [testuser] INFO  com.example.tailormaster.controller.CustomerController - Fetched customer details: com.example.tailormaster.entity.Customer@7ac4360d
2026-09-30 00:31:35 [testuser] WARN  org.springframework.web.servlet.mvc.method.annotation.ExceptionHandlerExceptionResolver - Resolved [org.springframework.web.servlet.resource.NoResourceFoundException: No static resource css/bootstrap.min.css.map.]
2026-09-30 00:31:35 [testuser] WARN  org.springframework.web.servlet.mvc.method.annotation.ExceptionHandlerExceptionResolver - Resolved [org.springframework.web.servlet.resource.NoResourceFoundException: No static resource js/bootstrap.bundle.min.js.map.]
2026-09-30 00:31:35 [testuser] INFO  com.example.tailormaster.filter.LoggingInterceptor - User 'testuser' is requesting: GET /tailor-master/dashboard/notifications/upcoming-deliveries
2026-09-30 00:31:35 [testuser] INFO  com.example.tailormaster.controller.dashboard.DashboardController - Requested upcoming deliveries.
2026-09-30 00:31:36 [testuser] INFO  com.example.tailormaster.service.dashboard.DashboardService - Upcoming deliveries fetched: 22
2026-09-30 00:31:36 [testuser] INFO  com.example.tailormaster.controller.dashboard.DashboardController - Upcoming deliveries fetched: 22
2026-09-30 00:34:13 [testuser] INFO  com.example.tailormaster.filter.LoggingInterceptor - User 'testuser' is requesting: GET /tailor-master/customers
2026-09-30 00:34:15 [testuser] WARN  org.springframework.web.servlet.mvc.method.annotation.ExceptionHandlerExceptionResolver - Resolved [org.springframework.web.servlet.resource.NoResourceFoundException: No static resource css/bootstrap.min.css.map.]
2026-09-30 00:34:15 [testuser] WARN  org.springframework.web.servlet.mvc.method.annotation.ExceptionHandlerExceptionResolver - Resolved [org.springframework.web.servlet.resource.NoResourceFoundException: No static resource js/bootstrap.bundle.min.js.map.]
2026-09-30 00:34:15 [testuser] INFO  com.example.tailormaster.filter.LoggingInterceptor - User 'testuser' is requesting: GET /tailor-master/dashboard/notifications/upcoming-deliveries
2026-09-30 00:34:15 [testuser] INFO  com.example.tailormaster.filter.LoggingInterceptor - User 'testuser' is requesting: GET /tailor-master/customers/datatable
2026-09-30 00:34:15 [testuser] INFO  com.example.tailormaster.controller.CustomerController - Fetching customers data with search value: , sort direction: asc, start date: null, end date: null
2026-09-30 00:34:15 [testuser] INFO  com.example.tailormaster.controller.dashboard.DashboardController - Requested upcoming deliveries.
2026-09-30 00:34:16 [testuser] INFO  com.example.tailormaster.service.dashboard.DashboardService - Upcoming deliveries fetched: 22
2026-09-30 00:34:16 [testuser] INFO  com.example.tailormaster.controller.dashboard.DashboardController - Upcoming deliveries fetched: 22
2026-09-30 00:34:18 [testuser] INFO  com.example.tailormaster.filter.LoggingInterceptor - User 'testuser' is requesting: GET /tailor-master/customers/details/rZVfWaBLLeEL1azhEyXdixPeE8Eqt__qZTl8jHJfr1s=
2026-09-30 00:34:18 [testuser] INFO  com.example.tailormaster.controller.CustomerController - Displaying details for customer ID (encrypted): rZVfWaBLLeEL1azhEyXdixPeE8Eqt__qZTl8jHJfr1s=
2026-09-30 00:34:18 [testuser] INFO  com.example.tailormaster.service.product.ProductService - Fetching all active products.
2026-09-30 00:34:18 [testuser] INFO  com.example.tailormaster.service.product.ProductService - Retrieved 4 active products.
2026-09-30 00:34:18 [testuser] INFO  com.example.tailormaster.controller.CustomerController - Fetched customer details: com.example.tailormaster.entity.Customer@68800b90
2026-09-30 00:34:18 [testuser] WARN  org.springframework.web.servlet.mvc.method.annotation.ExceptionHandlerExceptionResolver - Resolved [org.springframework.web.servlet.resource.NoResourceFoundException: No static resource css/bootstrap.min.css.map.]
2026-09-30 00:34:18 [testuser] WARN  org.springframework.web.servlet.mvc.method.annotation.ExceptionHandlerExceptionResolver - Resolved [org.springframework.web.servlet.resource.NoResourceFoundException: No static resource js/bootstrap.bundle.min.js.map.]
2026-09-30 00:34:18 [testuser] INFO  com.example.tailormaster.filter.LoggingInterceptor - User 'testuser' is requesting: GET /tailor-master/dashboard/notifications/upcoming-deliveries
2026-09-30 00:34:18 [testuser] INFO  com.example.tailormaster.controller.dashboard.DashboardController - Requested upcoming deliveries.
2026-09-30 00:34:19 [testuser] INFO  com.example.tailormaster.service.dashboard.DashboardService - Upcoming deliveries fetched: 22
2026-09-30 00:34:19 [testuser] INFO  com.example.tailormaster.controller.dashboard.DashboardController - Upcoming deliveries fetched: 22
2026-09-30 00:42:35 [testuser] INFO  com.example.tailormaster.filter.LoggingInterceptor - User 'testuser' is requesting: GET /tailor-master/customers/details/rZVfWaBLLeEL1azhEyXdixPeE8Eqt__qZTl8jHJfr1s=
2026-09-30 00:42:35 [testuser] INFO  com.example.tailormaster.controller.CustomerController - Displaying details for customer ID (encrypted): rZVfWaBLLeEL1azhEyXdixPeE8Eqt__qZTl8jHJfr1s=
2026-09-30 00:42:35 [testuser] INFO  com.example.tailormaster.service.product.ProductService - Fetching all active products.
2026-09-30 00:42:35 [testuser] INFO  com.example.tailormaster.service.product.ProductService - Retrieved 4 active products.
2026-09-30 00:42:35 [testuser] INFO  com.example.tailormaster.controller.CustomerController - Fetched customer details: com.example.tailormaster.entity.Customer@5d0ea917
2026-09-30 00:42:36 [testuser] WARN  org.springframework.web.servlet.mvc.method.annotation.ExceptionHandlerExceptionResolver - Resolved [org.springframework.web.servlet.resource.NoResourceFoundException: No static resource css/bootstrap.min.css.map.]
2026-09-30 00:42:36 [testuser] WARN  org.springframework.web.servlet.mvc.method.annotation.ExceptionHandlerExceptionResolver - Resolved [org.springframework.web.servlet.resource.NoResourceFoundException: No static resource js/bootstrap.bundle.min.js.map.]
2026-09-30 00:42:36 [testuser] INFO  com.example.tailormaster.filter.LoggingInterceptor - User 'testuser' is requesting: GET /tailor-master/dashboard/notifications/upcoming-deliveries
2026-09-30 00:42:37 [testuser] INFO  com.example.tailormaster.controller.dashboard.DashboardController - Requested upcoming deliveries.
2026-09-30 00:42:37 [testuser] INFO  com.example.tailormaster.service.dashboard.DashboardService - Upcoming deliveries fetched: 22
2026-09-30 00:42:37 [testuser] INFO  com.example.tailormaster.controller.dashboard.DashboardController - Upcoming deliveries fetched: 22
2026-09-30 00:42:40 [testuser] INFO  com.example.tailormaster.filter.LoggingInterceptor - User 'testuser' is requesting: GET /tailor-master/customers/details/rZVfWaBLLeEL1azhEyXdixPeE8Eqt__qZTl8jHJfr1s=
2026-09-30 00:42:40 [testuser] INFO  com.example.tailormaster.controller.CustomerController - Displaying details for customer ID (encrypted): rZVfWaBLLeEL1azhEyXdixPeE8Eqt__qZTl8jHJfr1s=
2026-09-30 00:42:40 [testuser] INFO  com.example.tailormaster.service.product.ProductService - Fetching all active products.
2026-09-30 00:42:40 [testuser] INFO  com.example.tailormaster.service.product.ProductService - Retrieved 4 active products.
2026-09-30 00:42:40 [testuser] INFO  com.example.tailormaster.controller.CustomerController - Fetched customer details: com.example.tailormaster.entity.Customer@2a140b49
2026-09-30 00:42:40 [testuser] WARN  org.springframework.web.servlet.mvc.method.annotation.ExceptionHandlerExceptionResolver - Resolved [org.springframework.web.servlet.resource.NoResourceFoundException: No static resource css/bootstrap.min.css.map.]
2026-09-30 00:42:40 [testuser] WARN  org.springframework.web.servlet.mvc.method.annotation.ExceptionHandlerExceptionResolver - Resolved [org.springframework.web.servlet.resource.NoResourceFoundException: No static resource js/bootstrap.bundle.min.js.map.]
2026-09-30 00:42:40 [testuser] INFO  com.example.tailormaster.filter.LoggingInterceptor - User 'testuser' is requesting: GET /tailor-master/dashboard/notifications/upcoming-deliveries
2026-09-30 00:42:40 [testuser] INFO  com.example.tailormaster.controller.dashboard.DashboardController - Requested upcoming deliveries.
2026-09-30 00:42:41 [testuser] INFO  com.example.tailormaster.service.dashboard.DashboardService - Upcoming deliveries fetched: 22
2026-09-30 00:42:41 [testuser] INFO  com.example.tailormaster.controller.dashboard.DashboardController - Upcoming deliveries fetched: 22
2026-09-30 00:43:14 [testuser] INFO  com.example.tailormaster.filter.LoggingInterceptor - User 'testuser' is requesting: GET /tailor-master/customers/details/rZVfWaBLLeEL1azhEyXdixPeE8Eqt__qZTl8jHJfr1s=
2026-09-30 00:43:14 [testuser] INFO  com.example.tailormaster.controller.CustomerController - Displaying details for customer ID (encrypted): rZVfWaBLLeEL1azhEyXdixPeE8Eqt__qZTl8jHJfr1s=
2026-09-30 00:43:14 [testuser] INFO  com.example.tailormaster.service.product.ProductService - Fetching all active products.
2026-09-30 00:43:14 [testuser] INFO  com.example.tailormaster.service.product.ProductService - Retrieved 4 active products.
2026-09-30 00:43:14 [testuser] INFO  com.example.tailormaster.controller.CustomerController - Fetched customer details: com.example.tailormaster.entity.Customer@30b25b4a
2026-09-30 00:43:15 [testuser] INFO  com.example.tailormaster.filter.LoggingInterceptor - User 'testuser' is requesting: GET /tailor-master/dashboard/notifications/upcoming-deliveries
2026-09-30 00:43:15 [testuser] INFO  com.example.tailormaster.controller.dashboard.DashboardController - Requested upcoming deliveries.
2026-09-30 00:43:15 [testuser] INFO  com.example.tailormaster.service.dashboard.DashboardService - Upcoming deliveries fetched: 22
2026-09-30 00:43:15 [testuser] INFO  com.example.tailormaster.controller.dashboard.DashboardController - Upcoming deliveries fetched: 22
2026-09-30 00:43:17 [testuser] INFO  com.example.tailormaster.filter.LoggingInterceptor - User 'testuser' is requesting: GET /tailor-master/customers/details/rZVfWaBLLeEL1azhEyXdixPeE8Eqt__qZTl8jHJfr1s=
2026-09-30 00:43:17 [testuser] INFO  com.example.tailormaster.controller.CustomerController - Displaying details for customer ID (encrypted): rZVfWaBLLeEL1azhEyXdixPeE8Eqt__qZTl8jHJfr1s=
2026-09-30 00:43:17 [testuser] INFO  com.example.tailormaster.service.product.ProductService - Fetching all active products.
2026-09-30 00:43:17 [testuser] INFO  com.example.tailormaster.service.product.ProductService - Retrieved 4 active products.
2026-09-30 00:43:17 [testuser] INFO  com.example.tailormaster.controller.CustomerController - Fetched customer details: com.example.tailormaster.entity.Customer@12ff7217
2026-09-30 00:43:17 [testuser] INFO  com.example.tailormaster.filter.LoggingInterceptor - User 'testuser' is requesting: GET /tailor-master/dashboard/notifications/upcoming-deliveries
2026-09-30 00:43:17 [testuser] INFO  com.example.tailormaster.controller.dashboard.DashboardController - Requested upcoming deliveries.
2026-09-30 00:43:18 [testuser] INFO  com.example.tailormaster.service.dashboard.DashboardService - Upcoming deliveries fetched: 22
2026-09-30 00:43:18 [testuser] INFO  com.example.tailormaster.controller.dashboard.DashboardController - Upcoming deliveries fetched: 22
2026-09-30 00:50:55 [testuser] INFO  com.example.tailormaster.filter.LoggingInterceptor - User 'testuser' is requesting: GET /tailor-master/customers/details/rZVfWaBLLeEL1azhEyXdixPeE8Eqt__qZTl8jHJfr1s=
2026-09-30 00:50:56 [testuser] INFO  com.example.tailormaster.controller.CustomerController - Displaying details for customer ID (encrypted): rZVfWaBLLeEL1azhEyXdixPeE8Eqt__qZTl8jHJfr1s=
2026-09-30 00:50:56 [testuser] INFO  com.example.tailormaster.service.product.ProductService - Fetching all active products.
2026-09-30 00:50:56 [testuser] INFO  com.example.tailormaster.service.product.ProductService - Retrieved 4 active products.
2026-09-30 00:50:56 [testuser] INFO  com.example.tailormaster.controller.CustomerController - Fetched customer details: com.example.tailormaster.entity.Customer@43af98c8
2026-09-30 00:50:58 [testuser] INFO  com.example.tailormaster.filter.LoggingInterceptor - User 'testuser' is requesting: GET /tailor-master/dashboard/notifications/upcoming-deliveries
2026-09-30 00:50:58 [testuser] INFO  com.example.tailormaster.controller.dashboard.DashboardController - Requested upcoming deliveries.
2026-09-30 00:50:59 [testuser] INFO  com.example.tailormaster.service.dashboard.DashboardService - Upcoming deliveries fetched: 22
2026-09-30 00:50:59 [testuser] INFO  com.example.tailormaster.controller.dashboard.DashboardController - Upcoming deliveries fetched: 22
2026-09-30 00:51:02 [testuser] INFO  com.example.tailormaster.filter.LoggingInterceptor - User 'testuser' is requesting: GET /tailor-master/customers/details/rZVfWaBLLeEL1azhEyXdixPeE8Eqt__qZTl8jHJfr1s=
2026-09-30 00:51:02 [testuser] INFO  com.example.tailormaster.controller.CustomerController - Displaying details for customer ID (encrypted): rZVfWaBLLeEL1azhEyXdixPeE8Eqt__qZTl8jHJfr1s=
2026-09-30 00:51:02 [testuser] INFO  com.example.tailormaster.service.product.ProductService - Fetching all active products.
2026-09-30 00:51:02 [testuser] INFO  com.example.tailormaster.service.product.ProductService - Retrieved 4 active products.
2026-09-30 00:51:02 [testuser] INFO  com.example.tailormaster.controller.CustomerController - Fetched customer details: com.example.tailormaster.entity.Customer@30e4d26
2026-09-30 00:51:02 [testuser] INFO  com.example.tailormaster.filter.LoggingInterceptor - User 'testuser' is requesting: GET /tailor-master/dashboard/notifications/upcoming-deliveries
2026-09-30 00:51:02 [testuser] INFO  com.example.tailormaster.controller.dashboard.DashboardController - Requested upcoming deliveries.
2026-09-30 00:51:03 [testuser] INFO  com.example.tailormaster.service.dashboard.DashboardService - Upcoming deliveries fetched: 22
2026-09-30 00:51:03 [testuser] INFO  com.example.tailormaster.controller.dashboard.DashboardController - Upcoming deliveries fetched: 22
2026-09-30 00:51:04 [testuser] INFO  com.example.tailormaster.filter.LoggingInterceptor - User 'testuser' is requesting: GET /tailor-master/customers
2026-09-30 00:51:05 [testuser] INFO  com.example.tailormaster.filter.LoggingInterceptor - User 'testuser' is requesting: GET /tailor-master/dashboard/notifications/upcoming-deliveries
2026-09-30 00:51:05 [testuser] INFO  com.example.tailormaster.controller.dashboard.DashboardController - Requested upcoming deliveries.
2026-09-30 00:51:05 [testuser] INFO  com.example.tailormaster.filter.LoggingInterceptor - User 'testuser' is requesting: GET /tailor-master/customers/datatable
2026-09-30 00:51:05 [testuser] INFO  com.example.tailormaster.controller.CustomerController - Fetching customers data with search value: , sort direction: asc, start date: null, end date: null
2026-09-30 00:51:06 [testuser] INFO  com.example.tailormaster.service.dashboard.DashboardService - Upcoming deliveries fetched: 22
2026-09-30 00:51:06 [testuser] INFO  com.example.tailormaster.controller.dashboard.DashboardController - Upcoming deliveries fetched: 22
2026-09-30 00:51:07 [testuser] INFO  com.example.tailormaster.filter.LoggingInterceptor - User 'testuser' is requesting: GET /tailor-master/customers/details/nF_J-MZZ1rfUlqQ6sgSx5mTu_0u8uO3qlPV1WTxYwnQ=
2026-09-30 00:51:07 [testuser] INFO  com.example.tailormaster.controller.CustomerController - Displaying details for customer ID (encrypted): nF_J-MZZ1rfUlqQ6sgSx5mTu_0u8uO3qlPV1WTxYwnQ=
2026-09-30 00:51:08 [testuser] INFO  com.example.tailormaster.service.product.ProductService - Fetching all active products.
2026-09-30 00:51:08 [testuser] INFO  com.example.tailormaster.service.product.ProductService - Retrieved 4 active products.
2026-09-30 00:51:08 [testuser] INFO  com.example.tailormaster.controller.CustomerController - Fetched customer details: com.example.tailormaster.entity.Customer@63bcfb5e
2026-09-30 00:51:08 [testuser] INFO  com.example.tailormaster.filter.LoggingInterceptor - User 'testuser' is requesting: GET /tailor-master/dashboard/notifications/upcoming-deliveries
2026-09-30 00:51:08 [testuser] INFO  com.example.tailormaster.controller.dashboard.DashboardController - Requested upcoming deliveries.
2026-09-30 00:51:09 [testuser] INFO  com.example.tailormaster.service.dashboard.DashboardService - Upcoming deliveries fetched: 22
2026-09-30 00:51:09 [testuser] INFO  com.example.tailormaster.controller.dashboard.DashboardController - Upcoming deliveries fetched: 22
2026-09-30 00:51:29 [testuser] INFO  com.example.tailormaster.filter.LoggingInterceptor - User 'testuser' is requesting: GET /tailor-master/products/p07nTC9E66cmu-8pv3Zg5tqoEahpn2i3bM2bnZva8bQ=/measurements
2026-09-30 00:51:29 [testuser] INFO  com.example.tailormaster.service.product.ProductService - Fetching product by ID: 10
2026-09-30 00:51:29 [testuser] INFO  com.example.tailormaster.filter.LoggingInterceptor - User 'testuser' is requesting: GET /tailor-master/dashboard/notifications/upcoming-deliveries
2026-09-30 00:51:29 [testuser] INFO  com.example.tailormaster.controller.dashboard.DashboardController - Requested upcoming deliveries.
2026-09-30 00:51:30 [testuser] INFO  com.example.tailormaster.service.dashboard.DashboardService - Upcoming deliveries fetched: 22
2026-09-30 00:51:30 [testuser] INFO  com.example.tailormaster.controller.dashboard.DashboardController - Upcoming deliveries fetched: 22
2026-09-30 00:51:42 [testuser] INFO  com.example.tailormaster.filter.LoggingInterceptor - User 'testuser' is requesting: GET /tailor-master/customers
2026-09-30 00:51:42 [testuser] INFO  com.example.tailormaster.filter.LoggingInterceptor - User 'testuser' is requesting: GET /tailor-master/dashboard/notifications/upcoming-deliveries
2026-09-30 00:51:42 [testuser] INFO  com.example.tailormaster.controller.dashboard.DashboardController - Requested upcoming deliveries.
2026-09-30 00:51:42 [testuser] INFO  com.example.tailormaster.filter.LoggingInterceptor - User 'testuser' is requesting: GET /tailor-master/customers/datatable
2026-09-30 00:51:43 [testuser] INFO  com.example.tailormaster.controller.CustomerController - Fetching customers data with search value: , sort direction: asc, start date: null, end date: null
2026-09-30 00:51:43 [testuser] INFO  com.example.tailormaster.service.dashboard.DashboardService - Upcoming deliveries fetched: 22
2026-09-30 00:51:43 [testuser] INFO  com.example.tailormaster.controller.dashboard.DashboardController - Upcoming deliveries fetched: 22
2026-09-30 00:51:45 [testuser] INFO  com.example.tailormaster.filter.LoggingInterceptor - User 'testuser' is requesting: GET /tailor-master/customers/details/4k3Y6aRy2SkyvIpZ81UOE5BKe3HSXEDrUTRhIfmDupE=
2026-09-30 00:51:45 [testuser] INFO  com.example.tailormaster.controller.CustomerController - Displaying details for customer ID (encrypted): 4k3Y6aRy2SkyvIpZ81UOE5BKe3HSXEDrUTRhIfmDupE=
2026-09-30 00:51:45 [testuser] INFO  com.example.tailormaster.service.product.ProductService - Fetching all active products.
2026-09-30 00:51:45 [testuser] INFO  com.example.tailormaster.service.product.ProductService - Retrieved 4 active products.
2026-09-30 00:51:45 [testuser] INFO  com.example.tailormaster.controller.CustomerController - Fetched customer details: com.example.tailormaster.entity.Customer@446662f
2026-09-30 00:51:45 [testuser] INFO  com.example.tailormaster.filter.LoggingInterceptor - User 'testuser' is requesting: GET /tailor-master/dashboard/notifications/upcoming-deliveries
2026-09-30 00:51:45 [testuser] INFO  com.example.tailormaster.controller.dashboard.DashboardController - Requested upcoming deliveries.
2026-09-30 00:51:46 [testuser] INFO  com.example.tailormaster.service.dashboard.DashboardService - Upcoming deliveries fetched: 22
2026-09-30 00:51:46 [testuser] INFO  com.example.tailormaster.controller.dashboard.DashboardController - Upcoming deliveries fetched: 22
2026-09-30 00:51:49 [testuser] INFO  com.example.tailormaster.filter.LoggingInterceptor - User 'testuser' is requesting: GET /tailor-master/customers/10/fields
2026-09-30 00:51:50 [testuser] INFO  com.example.tailormaster.service.product.ProductService - Fetching product by ID: 10
2026-09-30 00:52:10 [testuser] INFO  com.example.tailormaster.filter.LoggingInterceptor - User 'testuser' is requesting: POST /tailor-master/customers/32/measurements
2026-09-30 00:52:10 [testuser] INFO  com.example.tailormaster.controller.CustomerController - Saving measurements for customerId=32, productId=10, measurements={187=abc, 190=op1, 191=def}
2026-09-30 00:52:11 [testuser] INFO  com.example.tailormaster.controller.CustomerController - Measurements saved successfully for customerId=32, productId=10
2026-09-30 00:52:13 [testuser] INFO  com.example.tailormaster.filter.LoggingInterceptor - User 'testuser' is requesting: GET /tailor-master/customers/details/4k3Y6aRy2SkyvIpZ81UOE5BKe3HSXEDrUTRhIfmDupE=
2026-09-30 00:52:13 [testuser] INFO  com.example.tailormaster.controller.CustomerController - Displaying details for customer ID (encrypted): 4k3Y6aRy2SkyvIpZ81UOE5BKe3HSXEDrUTRhIfmDupE=
2026-09-30 00:52:13 [testuser] INFO  com.example.tailormaster.service.product.ProductService - Fetching all active products.
2026-09-30 00:52:13 [testuser] INFO  com.example.tailormaster.service.product.ProductService - Retrieved 4 active products.
2026-09-30 00:52:13 [testuser] INFO  com.example.tailormaster.controller.CustomerController - Fetched customer details: com.example.tailormaster.entity.Customer@43799d2d
2026-09-30 00:52:13 [testuser] INFO  com.example.tailormaster.filter.LoggingInterceptor - User 'testuser' is requesting: GET /tailor-master/dashboard/notifications/upcoming-deliveries
2026-09-30 00:52:13 [testuser] INFO  com.example.tailormaster.controller.dashboard.DashboardController - Requested upcoming deliveries.
2026-09-30 00:52:13 [testuser] INFO  com.example.tailormaster.service.dashboard.DashboardService - Upcoming deliveries fetched: 22
2026-09-30 00:52:13 [testuser] INFO  com.example.tailormaster.controller.dashboard.DashboardController - Upcoming deliveries fetched: 22
2026-09-30 00:52:20 [testuser] INFO  com.example.tailormaster.filter.LoggingInterceptor - User 'testuser' is requesting: GET /tailor-master/customers
2026-09-30 00:52:20 [testuser] INFO  com.example.tailormaster.filter.LoggingInterceptor - User 'testuser' is requesting: GET /tailor-master/dashboard/notifications/upcoming-deliveries
2026-09-30 00:52:21 [testuser] INFO  com.example.tailormaster.controller.dashboard.DashboardController - Requested upcoming deliveries.
2026-09-30 00:52:21 [testuser] INFO  com.example.tailormaster.filter.LoggingInterceptor - User 'testuser' is requesting: GET /tailor-master/customers/datatable
2026-09-30 00:52:21 [testuser] INFO  com.example.tailormaster.controller.CustomerController - Fetching customers data with search value: , sort direction: asc, start date: null, end date: null
2026-09-30 00:52:21 [testuser] INFO  com.example.tailormaster.service.dashboard.DashboardService - Upcoming deliveries fetched: 22
2026-09-30 00:52:21 [testuser] INFO  com.example.tailormaster.controller.dashboard.DashboardController - Upcoming deliveries fetched: 22
2026-09-30 00:52:24 [testuser] INFO  com.example.tailormaster.filter.LoggingInterceptor - User 'testuser' is requesting: GET /tailor-master/customers/details/j0ZnrPKi-w-fX7gvbUCebVJS9jirnYtDjReR28JBaWY=
2026-09-30 00:52:24 [testuser] INFO  com.example.tailormaster.controller.CustomerController - Displaying details for customer ID (encrypted): j0ZnrPKi-w-fX7gvbUCebVJS9jirnYtDjReR28JBaWY=
2026-09-30 00:52:24 [testuser] INFO  com.example.tailormaster.service.product.ProductService - Fetching all active products.
2026-09-30 00:52:24 [testuser] INFO  com.example.tailormaster.service.product.ProductService - Retrieved 4 active products.
2026-09-30 00:52:24 [testuser] INFO  com.example.tailormaster.controller.CustomerController - Fetched customer details: com.example.tailormaster.entity.Customer@11a2e66f
2026-09-30 00:52:25 [testuser] INFO  com.example.tailormaster.filter.LoggingInterceptor - User 'testuser' is requesting: GET /tailor-master/dashboard/notifications/upcoming-deliveries
2026-09-30 00:52:25 [testuser] INFO  com.example.tailormaster.controller.dashboard.DashboardController - Requested upcoming deliveries.
2026-09-30 00:52:25 [testuser] INFO  com.example.tailormaster.service.dashboard.DashboardService - Upcoming deliveries fetched: 22
2026-09-30 00:52:25 [testuser] INFO  com.example.tailormaster.controller.dashboard.DashboardController - Upcoming deliveries fetched: 22
2026-09-30 00:52:34 [testuser] INFO  com.example.tailormaster.filter.LoggingInterceptor - User 'testuser' is requesting: GET /tailor-master/products/A7EeTqDE0Vc12N1mDxHS7koz7Khox3oA0y0J7JHEhWo=/measurements
2026-09-30 00:52:34 [testuser] INFO  com.example.tailormaster.service.product.ProductService - Fetching product by ID: 10
2026-09-30 00:52:34 [testuser] INFO  com.example.tailormaster.filter.LoggingInterceptor - User 'testuser' is requesting: GET /tailor-master/dashboard/notifications/upcoming-deliveries
2026-09-30 00:52:35 [testuser] INFO  com.example.tailormaster.controller.dashboard.DashboardController - Requested upcoming deliveries.
2026-09-30 00:52:35 [testuser] INFO  com.example.tailormaster.service.dashboard.DashboardService - Upcoming deliveries fetched: 22
2026-09-30 00:52:35 [testuser] INFO  com.example.tailormaster.controller.dashboard.DashboardController - Upcoming deliveries fetched: 22
2026-09-30 00:53:06 [testuser] INFO  com.example.tailormaster.filter.LoggingInterceptor - User 'testuser' is requesting: POST /tailor-master/products/-jEhaMiiiKlTnTIllDWhp628tl4bNYnrVClae9LlKNE=/measurements
2026-09-30 00:53:07 [testuser] INFO  com.example.tailormaster.service.product.ProductService - Fetching product by ID: 10
2026-09-30 00:53:07 [testuser] INFO  com.example.tailormaster.controller.ProductController - Fetching measurement form for productId=10, measurements=[ProductMeasurementFieldDTO(id=187, fieldName=test 1, fieldType=TEXT, options=[]), ProductMeasurementFieldDTO(id=190, fieldName=test 2, fieldType=DROPDOWN, options=[op1,op2,op3])]
2026-09-30 00:53:07 [testuser] INFO  com.example.tailormaster.controller.ProductController - Measurements successfully saved for productId=10
2026-09-30 00:53:07 [testuser] INFO  com.example.tailormaster.filter.LoggingInterceptor - User 'testuser' is requesting: GET /tailor-master/products/nS8DsCZ1ZUIjBL-ZTbhn7HOc5ZtLGmSsFyFGViOr4kM=/measurements
2026-09-30 00:53:07 [testuser] INFO  com.example.tailormaster.service.product.ProductService - Fetching product by ID: 10
2026-09-30 00:53:07 [testuser] INFO  com.example.tailormaster.filter.LoggingInterceptor - User 'testuser' is requesting: GET /tailor-master/dashboard/notifications/upcoming-deliveries
2026-09-30 00:53:07 [testuser] INFO  com.example.tailormaster.controller.dashboard.DashboardController - Requested upcoming deliveries.
2026-09-30 00:53:07 [testuser] INFO  com.example.tailormaster.service.dashboard.DashboardService - Upcoming deliveries fetched: 22
2026-09-30 00:53:07 [testuser] INFO  com.example.tailormaster.controller.dashboard.DashboardController - Upcoming deliveries fetched: 22
2026-09-30 00:55:24 [testuser] INFO  com.example.tailormaster.filter.LoggingInterceptor - User 'testuser' is requesting: GET /tailor-master/customers/details/4k3Y6aRy2SkyvIpZ81UOE5BKe3HSXEDrUTRhIfmDupE=
2026-09-30 00:55:24 [testuser] INFO  com.example.tailormaster.controller.CustomerController - Displaying details for customer ID (encrypted): 4k3Y6aRy2SkyvIpZ81UOE5BKe3HSXEDrUTRhIfmDupE=
2026-09-30 00:55:24 [testuser] INFO  com.example.tailormaster.service.product.ProductService - Fetching all active products.
2026-09-30 00:55:24 [testuser] INFO  com.example.tailormaster.service.product.ProductService - Retrieved 4 active products.
2026-09-30 00:55:24 [testuser] INFO  com.example.tailormaster.controller.CustomerController - Fetched customer details: com.example.tailormaster.entity.Customer@adba69c
2026-09-30 00:55:25 [testuser] INFO  com.example.tailormaster.filter.LoggingInterceptor - User 'testuser' is requesting: GET /tailor-master/dashboard/notifications/upcoming-deliveries
2026-09-30 00:55:25 [testuser] INFO  com.example.tailormaster.controller.dashboard.DashboardController - Requested upcoming deliveries.
2026-09-30 00:55:25 [testuser] INFO  com.example.tailormaster.service.dashboard.DashboardService - Upcoming deliveries fetched: 22
2026-09-30 00:55:25 [testuser] INFO  com.example.tailormaster.controller.dashboard.DashboardController - Upcoming deliveries fetched: 22
2026-09-30 00:57:13 [testuser] WARN  org.springframework.web.servlet.mvc.method.annotation.ExceptionHandlerExceptionResolver - Resolved [org.springframework.web.servlet.resource.NoResourceFoundException: No static resource js/bootstrap.bundle.min.js.map.]
2026-09-30 00:57:13 [testuser] WARN  org.springframework.web.servlet.mvc.method.annotation.ExceptionHandlerExceptionResolver - Resolved [org.springframework.web.servlet.resource.NoResourceFoundException: No static resource css/bootstrap.min.css.map.]
2026-09-30 00:57:14 [testuser] INFO  com.example.tailormaster.filter.LoggingInterceptor - User 'testuser' is requesting: GET /tailor-master/customers/details/4k3Y6aRy2SkyvIpZ81UOE5BKe3HSXEDrUTRhIfmDupE=
2026-09-30 00:57:14 [testuser] INFO  com.example.tailormaster.controller.CustomerController - Displaying details for customer ID (encrypted): 4k3Y6aRy2SkyvIpZ81UOE5BKe3HSXEDrUTRhIfmDupE=
2026-09-30 00:57:14 [testuser] INFO  com.example.tailormaster.service.product.ProductService - Fetching all active products.
2026-09-30 00:57:14 [testuser] INFO  com.example.tailormaster.service.product.ProductService - Retrieved 4 active products.
2026-09-30 00:57:14 [testuser] INFO  com.example.tailormaster.controller.CustomerController - Fetched customer details: com.example.tailormaster.entity.Customer@3063379
2026-09-30 00:57:15 [testuser] INFO  com.example.tailormaster.filter.LoggingInterceptor - User 'testuser' is requesting: GET /tailor-master/dashboard/notifications/upcoming-deliveries
2026-09-30 00:57:15 [testuser] INFO  com.example.tailormaster.controller.dashboard.DashboardController - Requested upcoming deliveries.
2026-09-30 00:57:15 [testuser] WARN  org.springframework.web.servlet.mvc.method.annotation.ExceptionHandlerExceptionResolver - Resolved [org.springframework.web.servlet.resource.NoResourceFoundException: No static resource css/bootstrap.min.css.map.]
2026-09-30 00:57:15 [testuser] WARN  org.springframework.web.servlet.mvc.method.annotation.ExceptionHandlerExceptionResolver - Resolved [org.springframework.web.servlet.resource.NoResourceFoundException: No static resource js/bootstrap.bundle.min.js.map.]
2026-09-30 00:57:16 [testuser] INFO  com.example.tailormaster.service.dashboard.DashboardService - Upcoming deliveries fetched: 22
2026-09-30 00:57:16 [testuser] INFO  com.example.tailormaster.controller.dashboard.DashboardController - Upcoming deliveries fetched: 22
2026-09-30 00:59:22 [] INFO  org.springframework.boot.devtools.autoconfigure.LocalDevToolsAutoConfiguration$RestartingClassPathChangeChangedEventListener - Restarting due to 1 class path change (0 additions, 1 deletion, 0 modifications)
2026-09-30 00:59:22 [] INFO  org.springframework.boot.web.embedded.tomcat.GracefulShutdown - Commencing graceful shutdown. Waiting for active requests to complete
2026-09-30 00:59:22 [] INFO  org.apache.coyote.http11.Http11NioProtocol - Pausing ProtocolHandler ["http-nio-8080"]
2026-09-30 00:59:23 [] INFO  org.springframework.boot.web.embedded.tomcat.GracefulShutdown - Graceful shutdown complete
2026-09-30 00:59:23 [] INFO  org.apache.coyote.http11.Http11NioProtocol - Stopping ProtocolHandler ["http-nio-8080"]
2026-09-30 00:59:23 [] INFO  org.springframework.orm.jpa.LocalContainerEntityManagerFactoryBean - Closing JPA EntityManagerFactory for persistence unit 'default'
2026-09-30 00:59:23 [] INFO  com.zaxxer.hikari.HikariDataSource - HikariPool-11 - Shutdown initiated...
2026-09-30 00:59:23 [] INFO  com.zaxxer.hikari.HikariDataSource - HikariPool-11 - Shutdown completed.
2026-09-30 00:59:25 [] INFO  com.example.tailormaster.TailorMasterAppApplication - Starting TailorMasterAppApplication using Java 17.0.2 with PID 15356 (E:\Development-Workspaces\tailor-app-new-enhancements\tailor-master-app\tailor-master-app\target\classes started by wajiz.pk in E:\Development-Workspaces\tailor-app-new-enhancements\tailor-master-app)
2026-09-30 00:59:25 [] INFO  com.example.tailormaster.TailorMasterAppApplication - No active profile set, falling back to 1 default profile: "default"
2026-09-30 00:59:26 [] INFO  org.springframework.data.repository.config.RepositoryConfigurationDelegate - Bootstrapping Spring Data JPA repositories in DEFAULT mode.
2026-09-30 00:59:27 [] INFO  org.springframework.data.repository.config.RepositoryConfigurationDelegate - Finished Spring Data repository scanning in 281 ms. Found 20 JPA repository interfaces.
2026-09-30 00:59:27 [] INFO  org.springframework.boot.web.embedded.tomcat.TomcatWebServer - Tomcat initialized with port 8080 (http)
2026-09-30 00:59:27 [] INFO  org.apache.coyote.http11.Http11NioProtocol - Initializing ProtocolHandler ["http-nio-8080"]
2026-09-30 00:59:27 [] INFO  org.apache.catalina.core.StandardService - Starting service [Tomcat]
2026-09-30 00:59:27 [] INFO  org.apache.catalina.core.StandardEngine - Starting Servlet engine: [Apache Tomcat/10.1.40]
2026-09-30 00:59:27 [] INFO  org.apache.catalina.core.ContainerBase.[Tomcat-4].[localhost].[/tailor-master] - Initializing Spring embedded WebApplicationContext
2026-09-30 00:59:27 [] INFO  org.springframework.boot.web.servlet.context.ServletWebServerApplicationContext - Root WebApplicationContext: initialization completed in 2310 ms
2026-09-30 00:59:27 [] INFO  org.hibernate.jpa.internal.util.LogHelper - HHH000204: Processing PersistenceUnitInfo [name: default]
2026-09-30 00:59:27 [] INFO  org.hibernate.cache.internal.RegionFactoryInitiator - HHH000026: Second-level cache disabled
2026-09-30 00:59:27 [] INFO  org.springframework.orm.jpa.persistenceunit.SpringPersistenceUnitInfo - No LoadTimeWeaver setup: ignoring JPA class transformer
2026-09-30 00:59:27 [] INFO  com.zaxxer.hikari.HikariDataSource - HikariPool-12 - Starting...
2026-09-30 00:59:27 [] INFO  com.zaxxer.hikari.pool.HikariPool - HikariPool-12 - Added connection com.mysql.cj.jdbc.ConnectionImpl@4726e591
2026-09-30 00:59:27 [] INFO  com.zaxxer.hikari.HikariDataSource - HikariPool-12 - Start completed.
2026-09-30 00:59:27 [] INFO  org.hibernate.orm.connections.pooling - HHH10001005: Database info:
	Database JDBC URL [Connecting through datasource 'HikariDataSource (HikariPool-12)']
	Database driver: undefined/unknown
	Database version: 8.0.28
	Autocommit mode: undefined/unknown
	Isolation level: undefined/unknown
	Minimum pool size: undefined/unknown
	Maximum pool size: undefined/unknown
2026-09-30 00:59:30 [] INFO  org.hibernate.engine.transaction.jta.platform.internal.JtaPlatformInitiator - HHH000489: No JTA platform available (set 'hibernate.transaction.jta.platform' to enable JTA platform integration)
2026-09-30 00:59:30 [] INFO  org.springframework.orm.jpa.LocalContainerEntityManagerFactoryBean - Initialized JPA EntityManagerFactory for persistence unit 'default'
2026-09-30 00:59:32 [] WARN  org.springframework.boot.autoconfigure.orm.jpa.JpaBaseConfiguration$JpaWebConfiguration - spring.jpa.open-in-view is enabled by default. Therefore, database queries may be performed during view rendering. Explicitly configure spring.jpa.open-in-view to disable this warning
2026-09-30 00:59:32 [] INFO  org.springframework.security.config.annotation.authentication.configuration.InitializeAuthenticationProviderBeanManagerConfigurer$InitializeAuthenticationProviderManagerConfigurer - Global AuthenticationManager configured with AuthenticationProvider bean with name authenticationProvider
2026-09-30 00:59:32 [] WARN  org.springframework.security.config.annotation.authentication.configuration.InitializeUserDetailsBeanManagerConfigurer$InitializeUserDetailsManagerConfigurer - Global AuthenticationManager configured with an AuthenticationProvider bean. UserDetailsService beans will not be used by Spring Security for automatically configuring username/password login. Consider removing the AuthenticationProvider bean. Alternatively, consider using the UserDetailsService in a manually instantiated DaoAuthenticationProvider. If the current configuration is intentional, to turn off this warning, increase the logging level of 'org.springframework.security.config.annotation.authentication.configuration.InitializeUserDetailsBeanManagerConfigurer' to ERROR
2026-09-30 00:59:32 [] INFO  org.springframework.boot.devtools.autoconfigure.OptionalLiveReloadServer - LiveReload server is running on port 35729
2026-09-30 00:59:32 [] INFO  org.apache.coyote.http11.Http11NioProtocol - Starting ProtocolHandler ["http-nio-8080"]
2026-09-30 00:59:32 [] INFO  org.springframework.boot.web.embedded.tomcat.TomcatWebServer - Tomcat started on port 8080 (http) with context path '/tailor-master'
2026-09-30 00:59:32 [] INFO  com.example.tailormaster.TailorMasterAppApplication - Started TailorMasterAppApplication in 7.738 seconds (process running for 3193.441)
2026-09-30 00:59:32 [] INFO  org.springframework.boot.devtools.autoconfigure.ConditionEvaluationDeltaLoggingListener - Condition evaluation unchanged
2026-09-30 00:59:38 [] INFO  org.springframework.boot.web.embedded.tomcat.GracefulShutdown - Commencing graceful shutdown. Waiting for active requests to complete
2026-09-30 00:59:39 [] INFO  org.springframework.boot.web.embedded.tomcat.GracefulShutdown - Graceful shutdown complete
2026-09-30 00:59:39 [] INFO  org.springframework.orm.jpa.LocalContainerEntityManagerFactoryBean - Closing JPA EntityManagerFactory for persistence unit 'default'
2026-09-30 00:59:39 [] INFO  com.zaxxer.hikari.HikariDataSource - HikariPool-12 - Shutdown initiated...
2026-09-30 00:59:39 [] INFO  com.zaxxer.hikari.HikariDataSource - HikariPool-12 - Shutdown completed.
2026-09-30 00:59:54 [] INFO  org.hibernate.validator.internal.util.Version - HV000001: Hibernate Validator 8.0.2.Final
2026-09-30 00:59:54 [] INFO  com.example.tailormaster.TailorMasterAppApplication - Starting TailorMasterAppApplication using Java 17.0.2 with PID 16380 (E:\Development-Workspaces\tailor-app-new-enhancements\tailor-master-app\tailor-master-app\target\classes started by wajiz.pk in E:\Development-Workspaces\tailor-app-new-enhancements\tailor-master-app)
2026-09-30 00:59:54 [] INFO  com.example.tailormaster.TailorMasterAppApplication - No active profile set, falling back to 1 default profile: "default"
2026-09-30 00:59:54 [] INFO  org.springframework.boot.devtools.env.DevToolsPropertyDefaultsPostProcessor - Devtools property defaults active! Set 'spring.devtools.add-properties' to 'false' to disable
2026-09-30 00:59:54 [] INFO  org.springframework.boot.devtools.env.DevToolsPropertyDefaultsPostProcessor - For additional web related logging consider setting the 'logging.level.web' property to 'DEBUG'
2026-09-30 00:59:56 [] INFO  org.springframework.data.repository.config.RepositoryConfigurationDelegate - Bootstrapping Spring Data JPA repositories in DEFAULT mode.
2026-09-30 00:59:56 [] INFO  org.springframework.data.repository.config.RepositoryConfigurationDelegate - Finished Spring Data repository scanning in 216 ms. Found 20 JPA repository interfaces.
2026-09-30 00:59:57 [] INFO  org.springframework.boot.web.embedded.tomcat.TomcatWebServer - Tomcat initialized with port 8080 (http)
2026-09-30 00:59:57 [] INFO  org.apache.coyote.http11.Http11NioProtocol - Initializing ProtocolHandler ["http-nio-8080"]
2026-09-30 00:59:57 [] INFO  org.apache.catalina.core.StandardService - Starting service [Tomcat]
2026-09-30 00:59:57 [] INFO  org.apache.catalina.core.StandardEngine - Starting Servlet engine: [Apache Tomcat/10.1.40]
2026-09-30 00:59:57 [] INFO  org.apache.catalina.core.ContainerBase.[Tomcat].[localhost].[/tailor-master] - Initializing Spring embedded WebApplicationContext
2026-09-30 00:59:57 [] INFO  org.springframework.boot.web.servlet.context.ServletWebServerApplicationContext - Root WebApplicationContext: initialization completed in 3409 ms
2026-09-30 00:59:58 [] INFO  org.hibernate.jpa.internal.util.LogHelper - HHH000204: Processing PersistenceUnitInfo [name: default]
2026-09-30 00:59:58 [] INFO  org.hibernate.Version - HHH000412: Hibernate ORM core version 6.6.4.Final
2026-09-30 00:59:58 [] INFO  org.hibernate.cache.internal.RegionFactoryInitiator - HHH000026: Second-level cache disabled
2026-09-30 00:59:59 [] INFO  org.springframework.orm.jpa.persistenceunit.SpringPersistenceUnitInfo - No LoadTimeWeaver setup: ignoring JPA class transformer
2026-09-30 00:59:59 [] INFO  com.zaxxer.hikari.HikariDataSource - HikariPool-1 - Starting...
2026-09-30 01:00:00 [] INFO  com.zaxxer.hikari.pool.HikariPool - HikariPool-1 - Added connection com.mysql.cj.jdbc.ConnectionImpl@5df5da74
2026-09-30 01:00:00 [] INFO  com.zaxxer.hikari.HikariDataSource - HikariPool-1 - Start completed.
2026-09-30 01:00:00 [] INFO  org.hibernate.orm.connections.pooling - HHH10001005: Database info:
	Database JDBC URL [Connecting through datasource 'HikariDataSource (HikariPool-1)']
	Database driver: undefined/unknown
	Database version: 8.0.28
	Autocommit mode: undefined/unknown
	Isolation level: undefined/unknown
	Minimum pool size: undefined/unknown
	Maximum pool size: undefined/unknown
2026-09-30 01:00:03 [] INFO  org.hibernate.engine.transaction.jta.platform.internal.JtaPlatformInitiator - HHH000489: No JTA platform available (set 'hibernate.transaction.jta.platform' to enable JTA platform integration)
2026-09-30 01:00:04 [] INFO  org.springframework.orm.jpa.LocalContainerEntityManagerFactoryBean - Initialized JPA EntityManagerFactory for persistence unit 'default'
2026-09-30 01:00:05 [] INFO  org.springframework.data.jpa.repository.query.QueryEnhancerFactory - Hibernate is in classpath; If applicable, HQL parser will be used.
2026-09-30 01:00:17 [] WARN  org.springframework.boot.autoconfigure.orm.jpa.JpaBaseConfiguration$JpaWebConfiguration - spring.jpa.open-in-view is enabled by default. Therefore, database queries may be performed during view rendering. Explicitly configure spring.jpa.open-in-view to disable this warning
2026-09-30 01:00:17 [] INFO  org.springframework.security.config.annotation.authentication.configuration.InitializeAuthenticationProviderBeanManagerConfigurer$InitializeAuthenticationProviderManagerConfigurer - Global AuthenticationManager configured with AuthenticationProvider bean with name authenticationProvider
2026-09-30 01:00:17 [] WARN  org.springframework.security.config.annotation.authentication.configuration.InitializeUserDetailsBeanManagerConfigurer$InitializeUserDetailsManagerConfigurer - Global AuthenticationManager configured with an AuthenticationProvider bean. UserDetailsService beans will not be used by Spring Security for automatically configuring username/password login. Consider removing the AuthenticationProvider bean. Alternatively, consider using the UserDetailsService in a manually instantiated DaoAuthenticationProvider. If the current configuration is intentional, to turn off this warning, increase the logging level of 'org.springframework.security.config.annotation.authentication.configuration.InitializeUserDetailsBeanManagerConfigurer' to ERROR
2026-09-30 01:00:19 [] INFO  org.springframework.boot.devtools.autoconfigure.OptionalLiveReloadServer - LiveReload server is running on port 35729
2026-09-30 01:00:19 [] INFO  org.apache.coyote.http11.Http11NioProtocol - Starting ProtocolHandler ["http-nio-8080"]
2026-09-30 01:00:19 [] INFO  org.springframework.boot.web.embedded.tomcat.TomcatWebServer - Tomcat started on port 8080 (http) with context path '/tailor-master'
2026-09-30 01:00:19 [] INFO  com.example.tailormaster.TailorMasterAppApplication - Started TailorMasterAppApplication in 26.426 seconds (process running for 30.058)
2026-09-30 01:07:18 [] INFO  org.springframework.boot.web.embedded.tomcat.GracefulShutdown - Commencing graceful shutdown. Waiting for active requests to complete
2026-09-30 01:07:19 [] INFO  org.springframework.boot.web.embedded.tomcat.GracefulShutdown - Graceful shutdown complete
2026-09-30 01:07:19 [] INFO  org.springframework.orm.jpa.LocalContainerEntityManagerFactoryBean - Closing JPA EntityManagerFactory for persistence unit 'default'
2026-09-30 01:07:19 [] INFO  com.zaxxer.hikari.HikariDataSource - HikariPool-1 - Shutdown initiated...
2026-09-30 01:07:19 [] INFO  com.zaxxer.hikari.HikariDataSource - HikariPool-1 - Shutdown completed.
2026-09-30 01:08:57 [] INFO  org.hibernate.validator.internal.util.Version - HV000001: Hibernate Validator 8.0.2.Final
2026-09-30 01:08:57 [] INFO  com.example.tailormaster.TailorMasterAppApplication - Starting TailorMasterAppApplication using Java 17.0.2 with PID 6068 (E:\Development-Workspaces\tailor-app-new-enhancements\tailor-master-app\tailor-master-app\target\classes started by wajiz.pk in E:\Development-Workspaces\tailor-app-new-enhancements\tailor-master-app)
2026-09-30 01:08:57 [] INFO  com.example.tailormaster.TailorMasterAppApplication - No active profile set, falling back to 1 default profile: "default"
2026-09-30 01:08:57 [] INFO  org.springframework.boot.devtools.env.DevToolsPropertyDefaultsPostProcessor - Devtools property defaults active! Set 'spring.devtools.add-properties' to 'false' to disable
2026-09-30 01:08:57 [] INFO  org.springframework.boot.devtools.env.DevToolsPropertyDefaultsPostProcessor - For additional web related logging consider setting the 'logging.level.web' property to 'DEBUG'
2026-09-30 01:08:59 [] INFO  org.springframework.data.repository.config.RepositoryConfigurationDelegate - Bootstrapping Spring Data JPA repositories in DEFAULT mode.
2026-09-30 01:08:59 [] INFO  org.springframework.data.repository.config.RepositoryConfigurationDelegate - Finished Spring Data repository scanning in 202 ms. Found 20 JPA repository interfaces.
2026-09-30 01:09:00 [] INFO  org.springframework.boot.web.embedded.tomcat.TomcatWebServer - Tomcat initialized with port 8080 (http)
2026-09-30 01:09:00 [] INFO  org.apache.coyote.http11.Http11NioProtocol - Initializing ProtocolHandler ["http-nio-8080"]
2026-09-30 01:09:00 [] INFO  org.apache.catalina.core.StandardService - Starting service [Tomcat]
2026-09-30 01:09:00 [] INFO  org.apache.catalina.core.StandardEngine - Starting Servlet engine: [Apache Tomcat/10.1.40]
2026-09-30 01:09:00 [] INFO  org.apache.catalina.core.ContainerBase.[Tomcat].[localhost].[/tailor-master] - Initializing Spring embedded WebApplicationContext
2026-09-30 01:09:00 [] INFO  org.springframework.boot.web.servlet.context.ServletWebServerApplicationContext - Root WebApplicationContext: initialization completed in 3448 ms
2026-09-30 01:09:01 [] INFO  org.hibernate.jpa.internal.util.LogHelper - HHH000204: Processing PersistenceUnitInfo [name: default]
2026-09-30 01:09:01 [] INFO  org.hibernate.Version - HHH000412: Hibernate ORM core version 6.6.4.Final
2026-09-30 01:09:01 [] INFO  org.hibernate.cache.internal.RegionFactoryInitiator - HHH000026: Second-level cache disabled
2026-09-30 01:09:02 [] INFO  org.springframework.orm.jpa.persistenceunit.SpringPersistenceUnitInfo - No LoadTimeWeaver setup: ignoring JPA class transformer
2026-09-30 01:09:02 [] INFO  com.zaxxer.hikari.HikariDataSource - HikariPool-1 - Starting...
2026-09-30 01:09:03 [] INFO  com.zaxxer.hikari.pool.HikariPool - HikariPool-1 - Added connection com.mysql.cj.jdbc.ConnectionImpl@551feec6
2026-09-30 01:09:03 [] INFO  com.zaxxer.hikari.HikariDataSource - HikariPool-1 - Start completed.
2026-09-30 01:09:03 [] INFO  org.hibernate.orm.connections.pooling - HHH10001005: Database info:
	Database JDBC URL [Connecting through datasource 'HikariDataSource (HikariPool-1)']
	Database driver: undefined/unknown
	Database version: 8.0.28
	Autocommit mode: undefined/unknown
	Isolation level: undefined/unknown
	Minimum pool size: undefined/unknown
	Maximum pool size: undefined/unknown
2026-09-30 01:09:07 [] INFO  org.hibernate.engine.transaction.jta.platform.internal.JtaPlatformInitiator - HHH000489: No JTA platform available (set 'hibernate.transaction.jta.platform' to enable JTA platform integration)
2026-09-30 01:09:08 [] INFO  org.springframework.orm.jpa.LocalContainerEntityManagerFactoryBean - Initialized JPA EntityManagerFactory for persistence unit 'default'
2026-09-30 01:09:09 [] INFO  org.springframework.data.jpa.repository.query.QueryEnhancerFactory - Hibernate is in classpath; If applicable, HQL parser will be used.
2026-09-30 01:09:23 [] WARN  org.springframework.boot.autoconfigure.orm.jpa.JpaBaseConfiguration$JpaWebConfiguration - spring.jpa.open-in-view is enabled by default. Therefore, database queries may be performed during view rendering. Explicitly configure spring.jpa.open-in-view to disable this warning
2026-09-30 01:09:23 [] INFO  org.springframework.security.config.annotation.authentication.configuration.InitializeAuthenticationProviderBeanManagerConfigurer$InitializeAuthenticationProviderManagerConfigurer - Global AuthenticationManager configured with AuthenticationProvider bean with name authenticationProvider
2026-09-30 01:09:23 [] WARN  org.springframework.security.config.annotation.authentication.configuration.InitializeUserDetailsBeanManagerConfigurer$InitializeUserDetailsManagerConfigurer - Global AuthenticationManager configured with an AuthenticationProvider bean. UserDetailsService beans will not be used by Spring Security for automatically configuring username/password login. Consider removing the AuthenticationProvider bean. Alternatively, consider using the UserDetailsService in a manually instantiated DaoAuthenticationProvider. If the current configuration is intentional, to turn off this warning, increase the logging level of 'org.springframework.security.config.annotation.authentication.configuration.InitializeUserDetailsBeanManagerConfigurer' to ERROR
2026-09-30 01:09:25 [] INFO  org.springframework.boot.devtools.autoconfigure.OptionalLiveReloadServer - LiveReload server is running on port 35729
2026-09-30 01:09:25 [] INFO  org.apache.coyote.http11.Http11NioProtocol - Starting ProtocolHandler ["http-nio-8080"]
2026-09-30 01:09:25 [] INFO  org.springframework.boot.web.embedded.tomcat.TomcatWebServer - Tomcat started on port 8080 (http) with context path '/tailor-master'
2026-09-30 01:09:25 [] INFO  com.example.tailormaster.TailorMasterAppApplication - Started TailorMasterAppApplication in 29.189 seconds (process running for 32.296)
2026-09-30 01:10:46 [] INFO  org.springframework.boot.devtools.autoconfigure.LocalDevToolsAutoConfiguration$RestartingClassPathChangeChangedEventListener - Restarting due to 1 class path change (0 additions, 1 deletion, 0 modifications)
2026-09-30 01:10:46 [] INFO  org.springframework.boot.web.embedded.tomcat.GracefulShutdown - Commencing graceful shutdown. Waiting for active requests to complete
2026-09-30 01:10:46 [] INFO  org.apache.coyote.http11.Http11NioProtocol - Pausing ProtocolHandler ["http-nio-8080"]
2026-09-30 01:10:46 [] INFO  org.springframework.boot.web.embedded.tomcat.GracefulShutdown - Graceful shutdown complete
2026-09-30 01:10:46 [] INFO  org.apache.coyote.http11.Http11NioProtocol - Stopping ProtocolHandler ["http-nio-8080"]
2026-09-30 01:10:46 [] INFO  org.springframework.orm.jpa.LocalContainerEntityManagerFactoryBean - Closing JPA EntityManagerFactory for persistence unit 'default'
2026-09-30 01:10:46 [] INFO  com.zaxxer.hikari.HikariDataSource - HikariPool-1 - Shutdown initiated...
2026-09-30 01:10:46 [] INFO  com.zaxxer.hikari.HikariDataSource - HikariPool-1 - Shutdown completed.
2026-09-30 01:10:47 [] INFO  com.example.tailormaster.TailorMasterAppApplication - Starting TailorMasterAppApplication using Java 17.0.2 with PID 6068 (E:\Development-Workspaces\tailor-app-new-enhancements\tailor-master-app\tailor-master-app\target\classes started by wajiz.pk in E:\Development-Workspaces\tailor-app-new-enhancements\tailor-master-app)
2026-09-30 01:10:47 [] INFO  com.example.tailormaster.TailorMasterAppApplication - No active profile set, falling back to 1 default profile: "default"
2026-09-30 01:10:48 [] INFO  org.springframework.data.repository.config.RepositoryConfigurationDelegate - Bootstrapping Spring Data JPA repositories in DEFAULT mode.
2026-09-30 01:10:48 [] WARN  org.springframework.boot.web.servlet.context.AnnotationConfigServletWebServerApplicationContext - Exception encountered during context initialization - cancelling refresh attempt: java.lang.TypeNotPresentException: Type com.example.tailormaster.entity.CustomerMeasurement not present
2026-09-30 01:10:48 [] INFO  org.springframework.boot.autoconfigure.logging.ConditionEvaluationReportLogger - 

Error starting ApplicationContext. To display the condition evaluation report re-run your application with 'debug' enabled.
2026-09-30 01:10:48 [] ERROR org.springframework.boot.SpringApplication - Application run failed
java.lang.TypeNotPresentException: Type com.example.tailormaster.entity.CustomerMeasurement not present
	at java.base/sun.reflect.generics.factory.CoreReflectionFactory.makeNamedType(CoreReflectionFactory.java:117) ~[?:?]
	at java.base/sun.reflect.generics.visitor.Reifier.visitClassTypeSignature(Reifier.java:125) ~[?:?]
	at java.base/sun.reflect.generics.tree.ClassTypeSignature.accept(ClassTypeSignature.java:49) ~[?:?]
	at java.base/sun.reflect.generics.visitor.Reifier.reifyTypeArguments(Reifier.java:68) ~[?:?]
	at java.base/sun.reflect.generics.visitor.Reifier.visitClassTypeSignature(Reifier.java:138) ~[?:?]
	at java.base/sun.reflect.generics.tree.ClassTypeSignature.accept(ClassTypeSignature.java:49) ~[?:?]
	at java.base/sun.reflect.generics.repository.ClassRepository.computeSuperInterfaces(ClassRepository.java:117) ~[?:?]
	at java.base/sun.reflect.generics.repository.ClassRepository.getSuperInterfaces(ClassRepository.java:95) ~[?:?]
	at java.base/java.lang.Class.getGenericInterfaces(Class.java:1211) ~[?:?]
	at org.springframework.core.ResolvableType.getInterfaces(ResolvableType.java:553) ~[spring-core-6.2.1.jar:6.2.1]
	at org.springframework.core.ResolvableType.as(ResolvableType.java:501) ~[spring-core-6.2.1.jar:6.2.1]
	at org.springframework.data.util.TypeDiscoverer.getSuperTypeInformation(TypeDiscoverer.java:263) ~[spring-data-commons-3.4.1.jar:3.4.1]
	at org.springframework.data.util.ClassTypeInformation.getSuperTypeInformation(ClassTypeInformation.java:37) ~[spring-data-commons-3.4.1.jar:3.4.1]
	at org.springframework.data.util.TypeInformation.getRequiredSuperTypeInformation(TypeInformation.java:327) ~[spring-data-commons-3.4.1.jar:3.4.1]
	at org.springframework.data.repository.core.support.DefaultRepositoryMetadata.<init>(DefaultRepositoryMetadata.java:55) ~[spring-data-commons-3.4.1.jar:3.4.1]
	at org.springframework.data.repository.core.support.AbstractRepositoryMetadata.getMetadata(AbstractRepositoryMetadata.java:79) ~[spring-data-commons-3.4.1.jar:3.4.1]
	at org.springframework.data.repository.config.RepositoryConfigurationExtensionSupport.getRepositoryConfigurations(RepositoryConfigurationExtensionSupport.java:93) ~[spring-data-commons-3.4.1.jar:3.4.1]
	at org.springframework.data.repository.config.RepositoryConfigurationDelegate.registerRepositoriesIn(RepositoryConfigurationDelegate.java:168) ~[spring-data-commons-3.4.1.jar:3.4.1]
	at org.springframework.boot.autoconfigure.data.AbstractRepositoryConfigurationSourceSupport.registerBeanDefinitions(AbstractRepositoryConfigurationSourceSupport.java:62) ~[spring-boot-autoconfigure-3.4.1.jar:3.4.1]
	at org.springframework.context.annotation.ConfigurationClassBeanDefinitionReader.lambda$loadBeanDefinitionsFromRegistrars$1(ConfigurationClassBeanDefinitionReader.java:397) ~[spring-context-6.2.1.jar:6.2.1]
	at java.base/java.util.LinkedHashMap.forEach(LinkedHashMap.java:721) ~[?:?]
	at org.springframework.context.annotation.ConfigurationClassBeanDefinitionReader.loadBeanDefinitionsFromRegistrars(ConfigurationClassBeanDefinitionReader.java:396) ~[spring-context-6.2.1.jar:6.2.1]
	at org.springframework.context.annotation.ConfigurationClassBeanDefinitionReader.loadBeanDefinitionsForConfigurationClass(ConfigurationClassBeanDefinitionReader.java:149) ~[spring-context-6.2.1.jar:6.2.1]
	at org.springframework.context.annotation.ConfigurationClassBeanDefinitionReader.loadBeanDefinitions(ConfigurationClassBeanDefinitionReader.java:121) ~[spring-context-6.2.1.jar:6.2.1]
	at org.springframework.context.annotation.ConfigurationClassPostProcessor.processConfigBeanDefinitions(ConfigurationClassPostProcessor.java:430) ~[spring-context-6.2.1.jar:6.2.1]
	at org.springframework.context.annotation.ConfigurationClassPostProcessor.postProcessBeanDefinitionRegistry(ConfigurationClassPostProcessor.java:290) ~[spring-context-6.2.1.jar:6.2.1]
	at org.springframework.context.support.PostProcessorRegistrationDelegate.invokeBeanDefinitionRegistryPostProcessors(PostProcessorRegistrationDelegate.java:349) ~[spring-context-6.2.1.jar:6.2.1]
	at org.springframework.context.support.PostProcessorRegistrationDelegate.invokeBeanFactoryPostProcessors(PostProcessorRegistrationDelegate.java:118) ~[spring-context-6.2.1.jar:6.2.1]
	at org.springframework.context.support.AbstractApplicationContext.invokeBeanFactoryPostProcessors(AbstractApplicationContext.java:791) ~[spring-context-6.2.1.jar:6.2.1]
	at org.springframework.context.support.AbstractApplicationContext.refresh(AbstractApplicationContext.java:609) ~[spring-context-6.2.1.jar:6.2.1]
	at org.springframework.boot.web.servlet.context.ServletWebServerApplicationContext.refresh(ServletWebServerApplicationContext.java:146) ~[spring-boot-3.4.1.jar:3.4.1]
	at org.springframework.boot.SpringApplication.refresh(SpringApplication.java:752) [spring-boot-3.4.1.jar:3.4.1]
	at org.springframework.boot.SpringApplication.refreshContext(SpringApplication.java:439) [spring-boot-3.4.1.jar:3.4.1]
	at org.springframework.boot.SpringApplication.run(SpringApplication.java:318) [spring-boot-3.4.1.jar:3.4.1]
	at org.springframework.boot.SpringApplication.run(SpringApplication.java:1361) [spring-boot-3.4.1.jar:3.4.1]
	at org.springframework.boot.SpringApplication.run(SpringApplication.java:1350) [spring-boot-3.4.1.jar:3.4.1]
	at com.example.tailormaster.TailorMasterAppApplication.main(TailorMasterAppApplication.java:9) [classes/:?]
	at java.base/jdk.internal.reflect.NativeMethodAccessorImpl.invoke0(Native Method) ~[?:?]
	at java.base/jdk.internal.reflect.NativeMethodAccessorImpl.invoke(NativeMethodAccessorImpl.java:77) ~[?:?]
	at java.base/jdk.internal.reflect.DelegatingMethodAccessorImpl.invoke(DelegatingMethodAccessorImpl.java:43) ~[?:?]
	at java.base/java.lang.reflect.Method.invoke(Method.java:568) ~[?:?]
	at org.springframework.boot.devtools.restart.RestartLauncher.run(RestartLauncher.java:50) [spring-boot-devtools-3.4.1.jar:3.4.1]
Caused by: java.lang.ClassNotFoundException: com.example.tailormaster.entity.CustomerMeasurement
	at java.base/jdk.internal.loader.BuiltinClassLoader.loadClass(BuiltinClassLoader.java:641) ~[?:?]
	at java.base/jdk.internal.loader.ClassLoaders$AppClassLoader.loadClass(ClassLoaders.java:188) ~[?:?]
	at java.base/java.lang.ClassLoader.loadClass(ClassLoader.java:520) ~[?:?]
	at java.base/java.lang.Class.forName0(Native Method) ~[?:?]
	at java.base/java.lang.Class.forName(Class.java:467) ~[?:?]
	at org.springframework.boot.devtools.restart.classloader.RestartClassLoader.loadClass(RestartClassLoader.java:121) ~[spring-boot-devtools-3.4.1.jar:3.4.1]
	at java.base/java.lang.ClassLoader.loadClass(ClassLoader.java:520) ~[?:?]
	at java.base/java.lang.Class.forName0(Native Method) ~[?:?]
	at java.base/java.lang.Class.forName(Class.java:467) ~[?:?]
	at java.base/sun.reflect.generics.factory.CoreReflectionFactory.makeNamedType(CoreReflectionFactory.java:114) ~[?:?]
	... 41 more
2026-09-30 01:10:50 [] INFO  com.example.tailormaster.TailorMasterAppApplication - Starting TailorMasterAppApplication using Java 17.0.2 with PID 6068 (E:\Development-Workspaces\tailor-app-new-enhancements\tailor-master-app\tailor-master-app\target\classes started by wajiz.pk in E:\Development-Workspaces\tailor-app-new-enhancements\tailor-master-app)
2026-09-30 01:10:50 [] INFO  com.example.tailormaster.TailorMasterAppApplication - No active profile set, falling back to 1 default profile: "default"
2026-09-30 01:10:51 [] INFO  org.springframework.data.repository.config.RepositoryConfigurationDelegate - Bootstrapping Spring Data JPA repositories in DEFAULT mode.
2026-09-30 01:10:51 [] INFO  org.springframework.data.repository.config.RepositoryConfigurationDelegate - Finished Spring Data repository scanning in 126 ms. Found 20 JPA repository interfaces.
2026-09-30 01:10:51 [] INFO  org.springframework.boot.web.embedded.tomcat.TomcatWebServer - Tomcat initialized with port 8080 (http)
2026-09-30 01:10:51 [] INFO  org.apache.coyote.http11.Http11NioProtocol - Initializing ProtocolHandler ["http-nio-8080"]
2026-09-30 01:10:51 [] INFO  org.apache.catalina.core.StandardService - Starting service [Tomcat]
2026-09-30 01:10:51 [] INFO  org.apache.catalina.core.StandardEngine - Starting Servlet engine: [Apache Tomcat/10.1.40]
2026-09-30 01:10:51 [] INFO  org.apache.catalina.core.ContainerBase.[Tomcat].[localhost].[/tailor-master] - Initializing Spring embedded WebApplicationContext
2026-09-30 01:10:51 [] INFO  org.springframework.boot.web.servlet.context.ServletWebServerApplicationContext - Root WebApplicationContext: initialization completed in 1170 ms
2026-09-30 01:10:51 [] INFO  org.hibernate.jpa.internal.util.LogHelper - HHH000204: Processing PersistenceUnitInfo [name: default]
2026-09-30 01:10:51 [] INFO  org.hibernate.cache.internal.RegionFactoryInitiator - HHH000026: Second-level cache disabled
2026-09-30 01:10:51 [] INFO  org.springframework.orm.jpa.persistenceunit.SpringPersistenceUnitInfo - No LoadTimeWeaver setup: ignoring JPA class transformer
2026-09-30 01:10:51 [] INFO  com.zaxxer.hikari.HikariDataSource - HikariPool-2 - Starting...
2026-09-30 01:10:51 [] INFO  com.zaxxer.hikari.pool.HikariPool - HikariPool-2 - Added connection com.mysql.cj.jdbc.ConnectionImpl@57401e20
2026-09-30 01:10:51 [] INFO  com.zaxxer.hikari.HikariDataSource - HikariPool-2 - Start completed.
2026-09-30 01:10:51 [] INFO  org.hibernate.orm.connections.pooling - HHH10001005: Database info:
	Database JDBC URL [Connecting through datasource 'HikariDataSource (HikariPool-2)']
	Database driver: undefined/unknown
	Database version: 8.0.28
	Autocommit mode: undefined/unknown
	Isolation level: undefined/unknown
	Minimum pool size: undefined/unknown
	Maximum pool size: undefined/unknown
2026-09-30 01:10:52 [] INFO  org.hibernate.engine.transaction.jta.platform.internal.JtaPlatformInitiator - HHH000489: No JTA platform available (set 'hibernate.transaction.jta.platform' to enable JTA platform integration)
2026-09-30 01:10:53 [] INFO  org.springframework.orm.jpa.LocalContainerEntityManagerFactoryBean - Initialized JPA EntityManagerFactory for persistence unit 'default'
2026-09-30 01:10:54 [] WARN  org.springframework.boot.autoconfigure.orm.jpa.JpaBaseConfiguration$JpaWebConfiguration - spring.jpa.open-in-view is enabled by default. Therefore, database queries may be performed during view rendering. Explicitly configure spring.jpa.open-in-view to disable this warning
2026-09-30 01:10:54 [] INFO  org.springframework.security.config.annotation.authentication.configuration.InitializeAuthenticationProviderBeanManagerConfigurer$InitializeAuthenticationProviderManagerConfigurer - Global AuthenticationManager configured with AuthenticationProvider bean with name authenticationProvider
2026-09-30 01:10:54 [] WARN  org.springframework.security.config.annotation.authentication.configuration.InitializeUserDetailsBeanManagerConfigurer$InitializeUserDetailsManagerConfigurer - Global AuthenticationManager configured with an AuthenticationProvider bean. UserDetailsService beans will not be used by Spring Security for automatically configuring username/password login. Consider removing the AuthenticationProvider bean. Alternatively, consider using the UserDetailsService in a manually instantiated DaoAuthenticationProvider. If the current configuration is intentional, to turn off this warning, increase the logging level of 'org.springframework.security.config.annotation.authentication.configuration.InitializeUserDetailsBeanManagerConfigurer' to ERROR
2026-09-30 01:10:54 [] INFO  org.springframework.boot.devtools.autoconfigure.OptionalLiveReloadServer - LiveReload server is running on port 35729
2026-09-30 01:10:54 [] INFO  org.springframework.boot.web.embedded.tomcat.TomcatWebServer - Tomcat started on port 8080 (http) with context path '/tailor-master'
2026-09-30 01:10:54 [] INFO  com.example.tailormaster.TailorMasterAppApplication - Started TailorMasterAppApplication in 4.577 seconds (process running for 122.002)
2026-09-30 01:10:54 [] INFO  org.springframework.boot.web.embedded.tomcat.GracefulShutdown - Commencing graceful shutdown. Waiting for active requests to complete
2026-09-30 01:10:54 [] INFO  org.springframework.boot.devtools.autoconfigure.ConditionEvaluationDeltaLoggingListener - Condition evaluation unchanged
2026-09-30 01:10:55 [] INFO  org.springframework.boot.web.embedded.tomcat.GracefulShutdown - Graceful shutdown complete
2026-09-30 01:10:55 [] INFO  org.springframework.orm.jpa.LocalContainerEntityManagerFactoryBean - Closing JPA EntityManagerFactory for persistence unit 'default'
2026-09-30 01:10:55 [] INFO  com.zaxxer.hikari.HikariDataSource - HikariPool-2 - Shutdown initiated...
2026-09-30 01:10:55 [] INFO  com.zaxxer.hikari.HikariDataSource - HikariPool-2 - Shutdown completed.
2026-09-30 01:11:04 [] INFO  org.hibernate.validator.internal.util.Version - HV000001: Hibernate Validator 8.0.2.Final
2026-09-30 01:11:04 [] INFO  com.example.tailormaster.TailorMasterAppApplication - Starting TailorMasterAppApplication using Java 17.0.2 with PID 772 (E:\Development-Workspaces\tailor-app-new-enhancements\tailor-master-app\tailor-master-app\target\classes started by wajiz.pk in E:\Development-Workspaces\tailor-app-new-enhancements\tailor-master-app)
2026-09-30 01:11:04 [] INFO  com.example.tailormaster.TailorMasterAppApplication - No active profile set, falling back to 1 default profile: "default"
2026-09-30 01:11:04 [] INFO  org.springframework.boot.devtools.env.DevToolsPropertyDefaultsPostProcessor - Devtools property defaults active! Set 'spring.devtools.add-properties' to 'false' to disable
2026-09-30 01:11:04 [] INFO  org.springframework.boot.devtools.env.DevToolsPropertyDefaultsPostProcessor - For additional web related logging consider setting the 'logging.level.web' property to 'DEBUG'
2026-09-30 01:11:06 [] INFO  org.springframework.data.repository.config.RepositoryConfigurationDelegate - Bootstrapping Spring Data JPA repositories in DEFAULT mode.
2026-09-30 01:11:07 [] INFO  org.springframework.data.repository.config.RepositoryConfigurationDelegate - Finished Spring Data repository scanning in 236 ms. Found 20 JPA repository interfaces.
2026-09-30 01:11:08 [] INFO  org.springframework.boot.web.embedded.tomcat.TomcatWebServer - Tomcat initialized with port 8080 (http)
2026-09-30 01:11:08 [] INFO  org.apache.coyote.http11.Http11NioProtocol - Initializing ProtocolHandler ["http-nio-8080"]
2026-09-30 01:11:08 [] INFO  org.apache.catalina.core.StandardService - Starting service [Tomcat]
2026-09-30 01:11:08 [] INFO  org.apache.catalina.core.StandardEngine - Starting Servlet engine: [Apache Tomcat/10.1.40]
2026-09-30 01:11:08 [] INFO  org.apache.catalina.core.ContainerBase.[Tomcat].[localhost].[/tailor-master] - Initializing Spring embedded WebApplicationContext
2026-09-30 01:11:08 [] INFO  org.springframework.boot.web.servlet.context.ServletWebServerApplicationContext - Root WebApplicationContext: initialization completed in 3623 ms
2026-09-30 01:11:08 [] INFO  org.hibernate.jpa.internal.util.LogHelper - HHH000204: Processing PersistenceUnitInfo [name: default]
2026-09-30 01:11:08 [] INFO  org.hibernate.Version - HHH000412: Hibernate ORM core version 6.6.4.Final
2026-09-30 01:11:08 [] INFO  org.hibernate.cache.internal.RegionFactoryInitiator - HHH000026: Second-level cache disabled
2026-09-30 01:11:09 [] INFO  org.springframework.orm.jpa.persistenceunit.SpringPersistenceUnitInfo - No LoadTimeWeaver setup: ignoring JPA class transformer
2026-09-30 01:11:09 [] INFO  com.zaxxer.hikari.HikariDataSource - HikariPool-1 - Starting...
2026-09-30 01:11:10 [] INFO  com.zaxxer.hikari.pool.HikariPool - HikariPool-1 - Added connection com.mysql.cj.jdbc.ConnectionImpl@12f20adb
2026-09-30 01:11:10 [] INFO  com.zaxxer.hikari.HikariDataSource - HikariPool-1 - Start completed.
2026-09-30 01:11:10 [] INFO  org.hibernate.orm.connections.pooling - HHH10001005: Database info:
	Database JDBC URL [Connecting through datasource 'HikariDataSource (HikariPool-1)']
	Database driver: undefined/unknown
	Database version: 8.0.28
	Autocommit mode: undefined/unknown
	Isolation level: undefined/unknown
	Minimum pool size: undefined/unknown
	Maximum pool size: undefined/unknown
2026-09-30 01:11:13 [] INFO  org.hibernate.engine.transaction.jta.platform.internal.JtaPlatformInitiator - HHH000489: No JTA platform available (set 'hibernate.transaction.jta.platform' to enable JTA platform integration)
2026-09-30 01:11:13 [] INFO  org.springframework.orm.jpa.LocalContainerEntityManagerFactoryBean - Initialized JPA EntityManagerFactory for persistence unit 'default'
2026-09-30 01:11:14 [] INFO  org.springframework.data.jpa.repository.query.QueryEnhancerFactory - Hibernate is in classpath; If applicable, HQL parser will be used.
2026-09-30 01:11:26 [] WARN  org.springframework.boot.autoconfigure.orm.jpa.JpaBaseConfiguration$JpaWebConfiguration - spring.jpa.open-in-view is enabled by default. Therefore, database queries may be performed during view rendering. Explicitly configure spring.jpa.open-in-view to disable this warning
2026-09-30 01:11:26 [] INFO  org.springframework.security.config.annotation.authentication.configuration.InitializeAuthenticationProviderBeanManagerConfigurer$InitializeAuthenticationProviderManagerConfigurer - Global AuthenticationManager configured with AuthenticationProvider bean with name authenticationProvider
2026-09-30 01:11:26 [] WARN  org.springframework.security.config.annotation.authentication.configuration.InitializeUserDetailsBeanManagerConfigurer$InitializeUserDetailsManagerConfigurer - Global AuthenticationManager configured with an AuthenticationProvider bean. UserDetailsService beans will not be used by Spring Security for automatically configuring username/password login. Consider removing the AuthenticationProvider bean. Alternatively, consider using the UserDetailsService in a manually instantiated DaoAuthenticationProvider. If the current configuration is intentional, to turn off this warning, increase the logging level of 'org.springframework.security.config.annotation.authentication.configuration.InitializeUserDetailsBeanManagerConfigurer' to ERROR
2026-09-30 01:11:28 [] INFO  org.springframework.boot.devtools.autoconfigure.OptionalLiveReloadServer - LiveReload server is running on port 35729
2026-09-30 01:11:28 [] INFO  org.apache.coyote.http11.Http11NioProtocol - Starting ProtocolHandler ["http-nio-8080"]
2026-09-30 01:11:28 [] INFO  org.springframework.boot.web.embedded.tomcat.TomcatWebServer - Tomcat started on port 8080 (http) with context path '/tailor-master'
2026-09-30 01:11:28 [] INFO  com.example.tailormaster.TailorMasterAppApplication - Started TailorMasterAppApplication in 24.747 seconds (process running for 28.214)
2026-09-30 01:11:33 [] INFO  org.springframework.boot.devtools.autoconfigure.LocalDevToolsAutoConfiguration$RestartingClassPathChangeChangedEventListener - Restarting due to 1 class path change (0 additions, 1 deletion, 0 modifications)
2026-09-30 01:11:33 [] INFO  org.springframework.boot.web.embedded.tomcat.GracefulShutdown - Commencing graceful shutdown. Waiting for active requests to complete
2026-09-30 01:11:33 [] INFO  org.apache.coyote.http11.Http11NioProtocol - Pausing ProtocolHandler ["http-nio-8080"]
2026-09-30 01:11:34 [] INFO  org.springframework.boot.web.embedded.tomcat.GracefulShutdown - Graceful shutdown complete
2026-09-30 01:11:34 [] INFO  org.apache.coyote.http11.Http11NioProtocol - Stopping ProtocolHandler ["http-nio-8080"]
2026-09-30 01:11:35 [] INFO  org.springframework.orm.jpa.LocalContainerEntityManagerFactoryBean - Closing JPA EntityManagerFactory for persistence unit 'default'
2026-09-30 01:11:35 [] INFO  com.zaxxer.hikari.HikariDataSource - HikariPool-1 - Shutdown initiated...
2026-09-30 01:11:35 [] INFO  com.zaxxer.hikari.HikariDataSource - HikariPool-1 - Shutdown completed.
2026-09-30 01:11:35 [] INFO  com.example.tailormaster.TailorMasterAppApplication - Starting TailorMasterAppApplication using Java 17.0.2 with PID 772 (E:\Development-Workspaces\tailor-app-new-enhancements\tailor-master-app\tailor-master-app\target\classes started by wajiz.pk in E:\Development-Workspaces\tailor-app-new-enhancements\tailor-master-app)
2026-09-30 01:11:35 [] INFO  com.example.tailormaster.TailorMasterAppApplication - No active profile set, falling back to 1 default profile: "default"
2026-09-30 01:11:36 [] INFO  org.springframework.data.repository.config.RepositoryConfigurationDelegate - Bootstrapping Spring Data JPA repositories in DEFAULT mode.
2026-09-30 01:11:36 [] INFO  org.springframework.data.repository.config.RepositoryConfigurationDelegate - Finished Spring Data repository scanning in 132 ms. Found 20 JPA repository interfaces.
2026-09-30 01:11:36 [] INFO  org.springframework.boot.web.embedded.tomcat.TomcatWebServer - Tomcat initialized with port 8080 (http)
2026-09-30 01:11:36 [] INFO  org.apache.coyote.http11.Http11NioProtocol - Initializing ProtocolHandler ["http-nio-8080"]
2026-09-30 01:11:36 [] INFO  org.apache.catalina.core.StandardService - Starting service [Tomcat]
2026-09-30 01:11:36 [] INFO  org.apache.catalina.core.StandardEngine - Starting Servlet engine: [Apache Tomcat/10.1.40]
2026-09-30 01:11:36 [] INFO  org.apache.catalina.core.ContainerBase.[Tomcat].[localhost].[/tailor-master] - Initializing Spring embedded WebApplicationContext
2026-09-30 01:11:36 [] INFO  org.springframework.boot.web.servlet.context.ServletWebServerApplicationContext - Root WebApplicationContext: initialization completed in 1330 ms
2026-09-30 01:11:36 [] INFO  org.hibernate.jpa.internal.util.LogHelper - HHH000204: Processing PersistenceUnitInfo [name: default]
2026-09-30 01:11:36 [] INFO  org.hibernate.cache.internal.RegionFactoryInitiator - HHH000026: Second-level cache disabled
2026-09-30 01:11:36 [] INFO  org.springframework.orm.jpa.persistenceunit.SpringPersistenceUnitInfo - No LoadTimeWeaver setup: ignoring JPA class transformer
2026-09-30 01:11:36 [] INFO  com.zaxxer.hikari.HikariDataSource - HikariPool-2 - Starting...
2026-09-30 01:11:36 [] INFO  com.zaxxer.hikari.pool.HikariPool - HikariPool-2 - Added connection com.mysql.cj.jdbc.ConnectionImpl@25263133
2026-09-30 01:11:36 [] INFO  com.zaxxer.hikari.HikariDataSource - HikariPool-2 - Start completed.
2026-09-30 01:11:36 [] INFO  org.hibernate.orm.connections.pooling - HHH10001005: Database info:
	Database JDBC URL [Connecting through datasource 'HikariDataSource (HikariPool-2)']
	Database driver: undefined/unknown
	Database version: 8.0.28
	Autocommit mode: undefined/unknown
	Isolation level: undefined/unknown
	Minimum pool size: undefined/unknown
	Maximum pool size: undefined/unknown
2026-09-30 01:11:37 [] INFO  org.hibernate.engine.transaction.jta.platform.internal.JtaPlatformInitiator - HHH000489: No JTA platform available (set 'hibernate.transaction.jta.platform' to enable JTA platform integration)
2026-09-30 01:11:38 [] INFO  org.springframework.orm.jpa.LocalContainerEntityManagerFactoryBean - Initialized JPA EntityManagerFactory for persistence unit 'default'
2026-09-30 01:11:39 [] WARN  org.springframework.boot.autoconfigure.orm.jpa.JpaBaseConfiguration$JpaWebConfiguration - spring.jpa.open-in-view is enabled by default. Therefore, database queries may be performed during view rendering. Explicitly configure spring.jpa.open-in-view to disable this warning
2026-09-30 01:11:39 [] INFO  org.springframework.security.config.annotation.authentication.configuration.InitializeAuthenticationProviderBeanManagerConfigurer$InitializeAuthenticationProviderManagerConfigurer - Global AuthenticationManager configured with AuthenticationProvider bean with name authenticationProvider
2026-09-30 01:11:39 [] WARN  org.springframework.security.config.annotation.authentication.configuration.InitializeUserDetailsBeanManagerConfigurer$InitializeUserDetailsManagerConfigurer - Global AuthenticationManager configured with an AuthenticationProvider bean. UserDetailsService beans will not be used by Spring Security for automatically configuring username/password login. Consider removing the AuthenticationProvider bean. Alternatively, consider using the UserDetailsService in a manually instantiated DaoAuthenticationProvider. If the current configuration is intentional, to turn off this warning, increase the logging level of 'org.springframework.security.config.annotation.authentication.configuration.InitializeUserDetailsBeanManagerConfigurer' to ERROR
2026-09-30 01:11:40 [] INFO  org.springframework.boot.devtools.autoconfigure.OptionalLiveReloadServer - LiveReload server is running on port 35729
2026-09-30 01:11:40 [] INFO  org.apache.coyote.http11.Http11NioProtocol - Starting ProtocolHandler ["http-nio-8080"]
2026-09-30 01:11:40 [] INFO  org.springframework.boot.web.embedded.tomcat.TomcatWebServer - Tomcat started on port 8080 (http) with context path '/tailor-master'
2026-09-30 01:11:40 [] INFO  com.example.tailormaster.TailorMasterAppApplication - Started TailorMasterAppApplication in 4.971 seconds (process running for 40.317)
2026-09-30 01:11:40 [] INFO  org.springframework.boot.devtools.autoconfigure.ConditionEvaluationDeltaLoggingListener - Condition evaluation unchanged
2026-09-30 01:11:41 [] INFO  org.springframework.boot.devtools.autoconfigure.LocalDevToolsAutoConfiguration$RestartingClassPathChangeChangedEventListener - Restarting due to 1 class path change (1 addition, 0 deletions, 0 modifications)
2026-09-30 01:11:41 [] INFO  org.springframework.boot.web.embedded.tomcat.GracefulShutdown - Commencing graceful shutdown. Waiting for active requests to complete
2026-09-30 01:11:41 [] INFO  org.apache.coyote.http11.Http11NioProtocol - Pausing ProtocolHandler ["http-nio-8080"]
2026-09-30 01:11:43 [] INFO  org.springframework.boot.web.embedded.tomcat.GracefulShutdown - Graceful shutdown complete
2026-09-30 01:11:43 [] INFO  org.apache.coyote.http11.Http11NioProtocol - Stopping ProtocolHandler ["http-nio-8080"]
2026-09-30 01:11:43 [] INFO  org.springframework.orm.jpa.LocalContainerEntityManagerFactoryBean - Closing JPA EntityManagerFactory for persistence unit 'default'
2026-09-30 01:11:43 [] INFO  com.zaxxer.hikari.HikariDataSource - HikariPool-2 - Shutdown initiated...
2026-09-30 01:11:43 [] INFO  com.zaxxer.hikari.HikariDataSource - HikariPool-2 - Shutdown completed.
2026-09-30 01:11:43 [] INFO  com.example.tailormaster.TailorMasterAppApplication - Starting TailorMasterAppApplication using Java 17.0.2 with PID 772 (E:\Development-Workspaces\tailor-app-new-enhancements\tailor-master-app\tailor-master-app\target\classes started by wajiz.pk in E:\Development-Workspaces\tailor-app-new-enhancements\tailor-master-app)
2026-09-30 01:11:43 [] INFO  com.example.tailormaster.TailorMasterAppApplication - No active profile set, falling back to 1 default profile: "default"
2026-09-30 01:11:44 [] INFO  org.springframework.data.repository.config.RepositoryConfigurationDelegate - Bootstrapping Spring Data JPA repositories in DEFAULT mode.
2026-09-30 01:11:44 [] INFO  org.springframework.data.repository.config.RepositoryConfigurationDelegate - Finished Spring Data repository scanning in 120 ms. Found 20 JPA repository interfaces.
2026-09-30 01:11:44 [] INFO  org.springframework.boot.web.embedded.tomcat.TomcatWebServer - Tomcat initialized with port 8080 (http)
2026-09-30 01:11:44 [] INFO  org.apache.coyote.http11.Http11NioProtocol - Initializing ProtocolHandler ["http-nio-8080"]
2026-09-30 01:11:44 [] INFO  org.apache.catalina.core.StandardService - Starting service [Tomcat]
2026-09-30 01:11:44 [] INFO  org.apache.catalina.core.StandardEngine - Starting Servlet engine: [Apache Tomcat/10.1.40]
2026-09-30 01:11:44 [] INFO  org.apache.catalina.core.ContainerBase.[Tomcat].[localhost].[/tailor-master] - Initializing Spring embedded WebApplicationContext
2026-09-30 01:11:44 [] INFO  org.springframework.boot.web.servlet.context.ServletWebServerApplicationContext - Root WebApplicationContext: initialization completed in 1038 ms
2026-09-30 01:11:44 [] INFO  org.hibernate.jpa.internal.util.LogHelper - HHH000204: Processing PersistenceUnitInfo [name: default]
2026-09-30 01:11:44 [] INFO  org.hibernate.cache.internal.RegionFactoryInitiator - HHH000026: Second-level cache disabled
2026-09-30 01:11:44 [] INFO  org.springframework.orm.jpa.persistenceunit.SpringPersistenceUnitInfo - No LoadTimeWeaver setup: ignoring JPA class transformer
2026-09-30 01:11:44 [] INFO  com.zaxxer.hikari.HikariDataSource - HikariPool-3 - Starting...
2026-09-30 01:11:44 [] INFO  com.zaxxer.hikari.pool.HikariPool - HikariPool-3 - Added connection com.mysql.cj.jdbc.ConnectionImpl@44a02f32
2026-09-30 01:11:44 [] INFO  com.zaxxer.hikari.HikariDataSource - HikariPool-3 - Start completed.
2026-09-30 01:11:44 [] INFO  org.hibernate.orm.connections.pooling - HHH10001005: Database info:
	Database JDBC URL [Connecting through datasource 'HikariDataSource (HikariPool-3)']
	Database driver: undefined/unknown
	Database version: 8.0.28
	Autocommit mode: undefined/unknown
	Isolation level: undefined/unknown
	Minimum pool size: undefined/unknown
	Maximum pool size: undefined/unknown
2026-09-30 01:11:45 [] INFO  org.hibernate.engine.transaction.jta.platform.internal.JtaPlatformInitiator - HHH000489: No JTA platform available (set 'hibernate.transaction.jta.platform' to enable JTA platform integration)
2026-09-30 01:11:46 [] INFO  org.springframework.orm.jpa.LocalContainerEntityManagerFactoryBean - Initialized JPA EntityManagerFactory for persistence unit 'default'
2026-09-30 01:11:46 [] WARN  org.springframework.boot.autoconfigure.orm.jpa.JpaBaseConfiguration$JpaWebConfiguration - spring.jpa.open-in-view is enabled by default. Therefore, database queries may be performed during view rendering. Explicitly configure spring.jpa.open-in-view to disable this warning
2026-09-30 01:11:46 [] INFO  org.springframework.security.config.annotation.authentication.configuration.InitializeAuthenticationProviderBeanManagerConfigurer$InitializeAuthenticationProviderManagerConfigurer - Global AuthenticationManager configured with AuthenticationProvider bean with name authenticationProvider
2026-09-30 01:11:46 [] WARN  org.springframework.security.config.annotation.authentication.configuration.InitializeUserDetailsBeanManagerConfigurer$InitializeUserDetailsManagerConfigurer - Global AuthenticationManager configured with an AuthenticationProvider bean. UserDetailsService beans will not be used by Spring Security for automatically configuring username/password login. Consider removing the AuthenticationProvider bean. Alternatively, consider using the UserDetailsService in a manually instantiated DaoAuthenticationProvider. If the current configuration is intentional, to turn off this warning, increase the logging level of 'org.springframework.security.config.annotation.authentication.configuration.InitializeUserDetailsBeanManagerConfigurer' to ERROR
2026-09-30 01:11:47 [] INFO  org.springframework.boot.devtools.autoconfigure.OptionalLiveReloadServer - LiveReload server is running on port 35729
2026-09-30 01:11:47 [] INFO  org.apache.coyote.http11.Http11NioProtocol - Starting ProtocolHandler ["http-nio-8080"]
2026-09-30 01:11:47 [] INFO  org.springframework.boot.web.embedded.tomcat.TomcatWebServer - Tomcat started on port 8080 (http) with context path '/tailor-master'
2026-09-30 01:11:47 [] INFO  com.example.tailormaster.TailorMasterAppApplication - Started TailorMasterAppApplication in 3.662 seconds (process running for 47.237)
2026-09-30 01:11:47 [] INFO  org.springframework.boot.devtools.autoconfigure.ConditionEvaluationDeltaLoggingListener - Condition evaluation unchanged
2026-09-30 01:12:33 [] INFO  org.springframework.boot.web.embedded.tomcat.GracefulShutdown - Commencing graceful shutdown. Waiting for active requests to complete
2026-09-30 01:12:34 [] INFO  org.springframework.boot.web.embedded.tomcat.GracefulShutdown - Graceful shutdown complete
2026-09-30 01:12:34 [] INFO  org.springframework.orm.jpa.LocalContainerEntityManagerFactoryBean - Closing JPA EntityManagerFactory for persistence unit 'default'
2026-09-30 01:12:34 [] INFO  com.zaxxer.hikari.HikariDataSource - HikariPool-3 - Shutdown initiated...
2026-09-30 01:12:34 [] INFO  com.zaxxer.hikari.HikariDataSource - HikariPool-3 - Shutdown completed.
2026-09-30 01:12:45 [] INFO  org.hibernate.validator.internal.util.Version - HV000001: Hibernate Validator 8.0.2.Final
2026-09-30 01:12:45 [] INFO  com.example.tailormaster.TailorMasterAppApplication - Starting TailorMasterAppApplication using Java 17.0.2 with PID 22888 (E:\Development-Workspaces\tailor-app-new-enhancements\tailor-master-app\tailor-master-app\target\classes started by wajiz.pk in E:\Development-Workspaces\tailor-app-new-enhancements\tailor-master-app)
2026-09-30 01:12:45 [] INFO  com.example.tailormaster.TailorMasterAppApplication - No active profile set, falling back to 1 default profile: "default"
2026-09-30 01:12:45 [] INFO  org.springframework.boot.devtools.env.DevToolsPropertyDefaultsPostProcessor - Devtools property defaults active! Set 'spring.devtools.add-properties' to 'false' to disable
2026-09-30 01:12:45 [] INFO  org.springframework.boot.devtools.env.DevToolsPropertyDefaultsPostProcessor - For additional web related logging consider setting the 'logging.level.web' property to 'DEBUG'
2026-09-30 01:12:47 [] INFO  org.springframework.data.repository.config.RepositoryConfigurationDelegate - Bootstrapping Spring Data JPA repositories in DEFAULT mode.
2026-09-30 01:12:47 [] INFO  org.springframework.data.repository.config.RepositoryConfigurationDelegate - Finished Spring Data repository scanning in 208 ms. Found 21 JPA repository interfaces.
2026-09-30 01:12:48 [] INFO  org.springframework.boot.web.embedded.tomcat.TomcatWebServer - Tomcat initialized with port 8080 (http)
2026-09-30 01:12:48 [] INFO  org.apache.coyote.http11.Http11NioProtocol - Initializing ProtocolHandler ["http-nio-8080"]
2026-09-30 01:12:48 [] INFO  org.apache.catalina.core.StandardService - Starting service [Tomcat]
2026-09-30 01:12:48 [] INFO  org.apache.catalina.core.StandardEngine - Starting Servlet engine: [Apache Tomcat/10.1.40]
2026-09-30 01:12:48 [] INFO  org.apache.catalina.core.ContainerBase.[Tomcat].[localhost].[/tailor-master] - Initializing Spring embedded WebApplicationContext
2026-09-30 01:12:48 [] INFO  org.springframework.boot.web.servlet.context.ServletWebServerApplicationContext - Root WebApplicationContext: initialization completed in 2967 ms
2026-09-30 01:12:48 [] INFO  org.hibernate.jpa.internal.util.LogHelper - HHH000204: Processing PersistenceUnitInfo [name: default]
2026-09-30 01:12:49 [] INFO  org.hibernate.Version - HHH000412: Hibernate ORM core version 6.6.4.Final
2026-09-30 01:12:49 [] INFO  org.hibernate.cache.internal.RegionFactoryInitiator - HHH000026: Second-level cache disabled
2026-09-30 01:12:49 [] INFO  org.springframework.orm.jpa.persistenceunit.SpringPersistenceUnitInfo - No LoadTimeWeaver setup: ignoring JPA class transformer
2026-09-30 01:12:49 [] INFO  com.zaxxer.hikari.HikariDataSource - HikariPool-1 - Starting...
2026-09-30 01:12:50 [] INFO  com.zaxxer.hikari.pool.HikariPool - HikariPool-1 - Added connection com.mysql.cj.jdbc.ConnectionImpl@6595be3e
2026-09-30 01:12:50 [] INFO  com.zaxxer.hikari.HikariDataSource - HikariPool-1 - Start completed.
2026-09-30 01:12:50 [] INFO  org.hibernate.orm.connections.pooling - HHH10001005: Database info:
	Database JDBC URL [Connecting through datasource 'HikariDataSource (HikariPool-1)']
	Database driver: undefined/unknown
	Database version: 8.0.28
	Autocommit mode: undefined/unknown
	Isolation level: undefined/unknown
	Minimum pool size: undefined/unknown
	Maximum pool size: undefined/unknown
2026-09-30 01:12:54 [] INFO  org.hibernate.engine.transaction.jta.platform.internal.JtaPlatformInitiator - HHH000489: No JTA platform available (set 'hibernate.transaction.jta.platform' to enable JTA platform integration)
2026-09-30 01:12:54 [] INFO  org.springframework.orm.jpa.LocalContainerEntityManagerFactoryBean - Initialized JPA EntityManagerFactory for persistence unit 'default'
2026-09-30 01:12:55 [] INFO  org.springframework.data.jpa.repository.query.QueryEnhancerFactory - Hibernate is in classpath; If applicable, HQL parser will be used.
2026-09-30 01:13:12 [] WARN  org.springframework.boot.autoconfigure.orm.jpa.JpaBaseConfiguration$JpaWebConfiguration - spring.jpa.open-in-view is enabled by default. Therefore, database queries may be performed during view rendering. Explicitly configure spring.jpa.open-in-view to disable this warning
2026-09-30 01:13:12 [] INFO  org.springframework.security.config.annotation.authentication.configuration.InitializeAuthenticationProviderBeanManagerConfigurer$InitializeAuthenticationProviderManagerConfigurer - Global AuthenticationManager configured with AuthenticationProvider bean with name authenticationProvider
2026-09-30 01:13:12 [] WARN  org.springframework.security.config.annotation.authentication.configuration.InitializeUserDetailsBeanManagerConfigurer$InitializeUserDetailsManagerConfigurer - Global AuthenticationManager configured with an AuthenticationProvider bean. UserDetailsService beans will not be used by Spring Security for automatically configuring username/password login. Consider removing the AuthenticationProvider bean. Alternatively, consider using the UserDetailsService in a manually instantiated DaoAuthenticationProvider. If the current configuration is intentional, to turn off this warning, increase the logging level of 'org.springframework.security.config.annotation.authentication.configuration.InitializeUserDetailsBeanManagerConfigurer' to ERROR
2026-09-30 01:13:13 [] INFO  org.springframework.boot.devtools.autoconfigure.OptionalLiveReloadServer - LiveReload server is running on port 35729
2026-09-30 01:13:13 [] INFO  org.apache.coyote.http11.Http11NioProtocol - Starting ProtocolHandler ["http-nio-8080"]
2026-09-30 01:13:13 [] INFO  org.springframework.boot.web.embedded.tomcat.TomcatWebServer - Tomcat started on port 8080 (http) with context path '/tailor-master'
2026-09-30 01:13:13 [] INFO  com.example.tailormaster.TailorMasterAppApplication - Started TailorMasterAppApplication in 29.5 seconds (process running for 32.777)
2026-09-30 01:13:55 [] INFO  org.springframework.boot.web.embedded.tomcat.GracefulShutdown - Commencing graceful shutdown. Waiting for active requests to complete
2026-09-30 01:13:56 [] INFO  org.springframework.boot.web.embedded.tomcat.GracefulShutdown - Graceful shutdown complete
2026-09-30 01:13:56 [] INFO  org.springframework.orm.jpa.LocalContainerEntityManagerFactoryBean - Closing JPA EntityManagerFactory for persistence unit 'default'
2026-09-30 01:13:56 [] INFO  com.zaxxer.hikari.HikariDataSource - HikariPool-1 - Shutdown initiated...
2026-09-30 01:13:56 [] INFO  com.zaxxer.hikari.HikariDataSource - HikariPool-1 - Shutdown completed.
2026-09-30 01:14:14 [] INFO  org.hibernate.validator.internal.util.Version - HV000001: Hibernate Validator 8.0.2.Final
2026-09-30 01:14:14 [] INFO  com.example.tailormaster.TailorMasterAppApplication - Starting TailorMasterAppApplication using Java 17.0.2 with PID 15580 (E:\Development-Workspaces\tailor-app-new-enhancements\tailor-master-app\tailor-master-app\target\classes started by wajiz.pk in E:\Development-Workspaces\tailor-app-new-enhancements\tailor-master-app)
2026-09-30 01:14:14 [] INFO  com.example.tailormaster.TailorMasterAppApplication - No active profile set, falling back to 1 default profile: "default"
2026-09-30 01:14:14 [] INFO  org.springframework.boot.devtools.env.DevToolsPropertyDefaultsPostProcessor - Devtools property defaults active! Set 'spring.devtools.add-properties' to 'false' to disable
2026-09-30 01:14:14 [] INFO  org.springframework.boot.devtools.env.DevToolsPropertyDefaultsPostProcessor - For additional web related logging consider setting the 'logging.level.web' property to 'DEBUG'
2026-09-30 01:14:17 [] INFO  org.springframework.data.repository.config.RepositoryConfigurationDelegate - Bootstrapping Spring Data JPA repositories in DEFAULT mode.
2026-09-30 01:14:17 [] INFO  org.springframework.data.repository.config.RepositoryConfigurationDelegate - Finished Spring Data repository scanning in 633 ms. Found 21 JPA repository interfaces.
2026-09-30 01:14:19 [] INFO  org.springframework.boot.web.embedded.tomcat.TomcatWebServer - Tomcat initialized with port 8080 (http)
2026-09-30 01:14:19 [] INFO  org.apache.coyote.http11.Http11NioProtocol - Initializing ProtocolHandler ["http-nio-8080"]
2026-09-30 01:14:19 [] INFO  org.apache.catalina.core.StandardService - Starting service [Tomcat]
2026-09-30 01:14:19 [] INFO  org.apache.catalina.core.StandardEngine - Starting Servlet engine: [Apache Tomcat/10.1.40]
2026-09-30 01:14:19 [] INFO  org.apache.catalina.core.ContainerBase.[Tomcat].[localhost].[/tailor-master] - Initializing Spring embedded WebApplicationContext
2026-09-30 01:14:19 [] INFO  org.springframework.boot.web.servlet.context.ServletWebServerApplicationContext - Root WebApplicationContext: initialization completed in 4515 ms
2026-09-30 01:14:19 [] INFO  org.hibernate.jpa.internal.util.LogHelper - HHH000204: Processing PersistenceUnitInfo [name: default]
2026-09-30 01:14:19 [] INFO  org.hibernate.Version - HHH000412: Hibernate ORM core version 6.6.4.Final
2026-09-30 01:14:19 [] INFO  org.hibernate.cache.internal.RegionFactoryInitiator - HHH000026: Second-level cache disabled
2026-09-30 01:14:20 [] INFO  org.springframework.orm.jpa.persistenceunit.SpringPersistenceUnitInfo - No LoadTimeWeaver setup: ignoring JPA class transformer
2026-09-30 01:14:20 [] INFO  com.zaxxer.hikari.HikariDataSource - HikariPool-1 - Starting...
2026-09-30 01:14:22 [] INFO  com.zaxxer.hikari.pool.HikariPool - HikariPool-1 - Added connection com.mysql.cj.jdbc.ConnectionImpl@163cef87
2026-09-30 01:14:22 [] INFO  com.zaxxer.hikari.HikariDataSource - HikariPool-1 - Start completed.
2026-09-30 01:14:23 [] INFO  org.hibernate.orm.connections.pooling - HHH10001005: Database info:
	Database JDBC URL [Connecting through datasource 'HikariDataSource (HikariPool-1)']
	Database driver: undefined/unknown
	Database version: 8.0.28
	Autocommit mode: undefined/unknown
	Isolation level: undefined/unknown
	Minimum pool size: undefined/unknown
	Maximum pool size: undefined/unknown
2026-09-30 01:14:26 [] INFO  org.hibernate.engine.transaction.jta.platform.internal.JtaPlatformInitiator - HHH000489: No JTA platform available (set 'hibernate.transaction.jta.platform' to enable JTA platform integration)
2026-09-30 01:14:27 [] INFO  org.springframework.orm.jpa.LocalContainerEntityManagerFactoryBean - Initialized JPA EntityManagerFactory for persistence unit 'default'
2026-09-30 01:14:27 [] INFO  org.springframework.data.jpa.repository.query.QueryEnhancerFactory - Hibernate is in classpath; If applicable, HQL parser will be used.
2026-09-30 01:14:38 [] WARN  org.springframework.boot.autoconfigure.orm.jpa.JpaBaseConfiguration$JpaWebConfiguration - spring.jpa.open-in-view is enabled by default. Therefore, database queries may be performed during view rendering. Explicitly configure spring.jpa.open-in-view to disable this warning
2026-09-30 01:14:38 [] INFO  org.springframework.security.config.annotation.authentication.configuration.InitializeAuthenticationProviderBeanManagerConfigurer$InitializeAuthenticationProviderManagerConfigurer - Global AuthenticationManager configured with AuthenticationProvider bean with name authenticationProvider
2026-09-30 01:14:38 [] WARN  org.springframework.security.config.annotation.authentication.configuration.InitializeUserDetailsBeanManagerConfigurer$InitializeUserDetailsManagerConfigurer - Global AuthenticationManager configured with an AuthenticationProvider bean. UserDetailsService beans will not be used by Spring Security for automatically configuring username/password login. Consider removing the AuthenticationProvider bean. Alternatively, consider using the UserDetailsService in a manually instantiated DaoAuthenticationProvider. If the current configuration is intentional, to turn off this warning, increase the logging level of 'org.springframework.security.config.annotation.authentication.configuration.InitializeUserDetailsBeanManagerConfigurer' to ERROR
2026-09-30 01:14:39 [] INFO  org.springframework.boot.devtools.autoconfigure.OptionalLiveReloadServer - LiveReload server is running on port 35729
2026-09-30 01:14:39 [] INFO  org.apache.coyote.http11.Http11NioProtocol - Starting ProtocolHandler ["http-nio-8080"]
2026-09-30 01:14:39 [] INFO  org.springframework.boot.web.embedded.tomcat.TomcatWebServer - Tomcat started on port 8080 (http) with context path '/tailor-master'
2026-09-30 01:14:39 [] INFO  com.example.tailormaster.TailorMasterAppApplication - Started TailorMasterAppApplication in 26.605 seconds (process running for 30.578)
2026-09-30 01:14:46 [] INFO  org.springframework.boot.web.embedded.tomcat.GracefulShutdown - Commencing graceful shutdown. Waiting for active requests to complete
2026-09-30 01:14:47 [] INFO  org.springframework.boot.web.embedded.tomcat.GracefulShutdown - Graceful shutdown complete
2026-09-30 01:14:47 [] INFO  org.springframework.orm.jpa.LocalContainerEntityManagerFactoryBean - Closing JPA EntityManagerFactory for persistence unit 'default'
2026-09-30 01:14:47 [] INFO  com.zaxxer.hikari.HikariDataSource - HikariPool-1 - Shutdown initiated...
2026-09-30 01:14:47 [] INFO  com.zaxxer.hikari.HikariDataSource - HikariPool-1 - Shutdown completed.
2026-09-30 01:14:58 [] INFO  org.hibernate.validator.internal.util.Version - HV000001: Hibernate Validator 8.0.2.Final
2026-09-30 01:14:58 [] INFO  com.example.tailormaster.TailorMasterAppApplication - Starting TailorMasterAppApplication using Java 17.0.2 with PID 17804 (E:\Development-Workspaces\tailor-app-new-enhancements\tailor-master-app\tailor-master-app\target\classes started by wajiz.pk in E:\Development-Workspaces\tailor-app-new-enhancements\tailor-master-app)
2026-09-30 01:14:58 [] INFO  com.example.tailormaster.TailorMasterAppApplication - No active profile set, falling back to 1 default profile: "default"
2026-09-30 01:14:58 [] INFO  org.springframework.boot.devtools.env.DevToolsPropertyDefaultsPostProcessor - Devtools property defaults active! Set 'spring.devtools.add-properties' to 'false' to disable
2026-09-30 01:14:58 [] INFO  org.springframework.boot.devtools.env.DevToolsPropertyDefaultsPostProcessor - For additional web related logging consider setting the 'logging.level.web' property to 'DEBUG'
2026-09-30 01:15:00 [] INFO  org.springframework.data.repository.config.RepositoryConfigurationDelegate - Bootstrapping Spring Data JPA repositories in DEFAULT mode.
2026-09-30 01:15:00 [] INFO  org.springframework.data.repository.config.RepositoryConfigurationDelegate - Finished Spring Data repository scanning in 282 ms. Found 21 JPA repository interfaces.
2026-09-30 01:15:02 [] INFO  org.springframework.boot.web.embedded.tomcat.TomcatWebServer - Tomcat initialized with port 8080 (http)
2026-09-30 01:15:02 [] INFO  org.apache.coyote.http11.Http11NioProtocol - Initializing ProtocolHandler ["http-nio-8080"]
2026-09-30 01:15:02 [] INFO  org.apache.catalina.core.StandardService - Starting service [Tomcat]
2026-09-30 01:15:02 [] INFO  org.apache.catalina.core.StandardEngine - Starting Servlet engine: [Apache Tomcat/10.1.40]
2026-09-30 01:15:02 [] INFO  org.apache.catalina.core.ContainerBase.[Tomcat].[localhost].[/tailor-master] - Initializing Spring embedded WebApplicationContext
2026-09-30 01:15:02 [] INFO  org.springframework.boot.web.servlet.context.ServletWebServerApplicationContext - Root WebApplicationContext: initialization completed in 3474 ms
2026-09-30 01:15:02 [] INFO  org.hibernate.jpa.internal.util.LogHelper - HHH000204: Processing PersistenceUnitInfo [name: default]
2026-09-30 01:15:02 [] INFO  org.hibernate.Version - HHH000412: Hibernate ORM core version 6.6.4.Final
2026-09-30 01:15:03 [] INFO  org.hibernate.cache.internal.RegionFactoryInitiator - HHH000026: Second-level cache disabled
2026-09-30 01:15:03 [] INFO  org.springframework.orm.jpa.persistenceunit.SpringPersistenceUnitInfo - No LoadTimeWeaver setup: ignoring JPA class transformer
2026-09-30 01:15:03 [] INFO  com.zaxxer.hikari.HikariDataSource - HikariPool-1 - Starting...
2026-09-30 01:15:04 [] INFO  com.zaxxer.hikari.pool.HikariPool - HikariPool-1 - Added connection com.mysql.cj.jdbc.ConnectionImpl@2e2bdd76
2026-09-30 01:15:04 [] INFO  com.zaxxer.hikari.HikariDataSource - HikariPool-1 - Start completed.
2026-09-30 01:15:04 [] INFO  org.hibernate.orm.connections.pooling - HHH10001005: Database info:
	Database JDBC URL [Connecting through datasource 'HikariDataSource (HikariPool-1)']
	Database driver: undefined/unknown
	Database version: 8.0.28
	Autocommit mode: undefined/unknown
	Isolation level: undefined/unknown
	Minimum pool size: undefined/unknown
	Maximum pool size: undefined/unknown
2026-09-30 01:15:07 [] INFO  org.hibernate.engine.transaction.jta.platform.internal.JtaPlatformInitiator - HHH000489: No JTA platform available (set 'hibernate.transaction.jta.platform' to enable JTA platform integration)
2026-09-30 01:15:08 [] INFO  org.springframework.orm.jpa.LocalContainerEntityManagerFactoryBean - Initialized JPA EntityManagerFactory for persistence unit 'default'
2026-09-30 01:15:09 [] INFO  org.springframework.data.jpa.repository.query.QueryEnhancerFactory - Hibernate is in classpath; If applicable, HQL parser will be used.
2026-09-30 01:15:20 [] WARN  org.springframework.boot.autoconfigure.orm.jpa.JpaBaseConfiguration$JpaWebConfiguration - spring.jpa.open-in-view is enabled by default. Therefore, database queries may be performed during view rendering. Explicitly configure spring.jpa.open-in-view to disable this warning
2026-09-30 01:15:20 [] INFO  org.springframework.security.config.annotation.authentication.configuration.InitializeAuthenticationProviderBeanManagerConfigurer$InitializeAuthenticationProviderManagerConfigurer - Global AuthenticationManager configured with AuthenticationProvider bean with name authenticationProvider
2026-09-30 01:15:20 [] WARN  org.springframework.security.config.annotation.authentication.configuration.InitializeUserDetailsBeanManagerConfigurer$InitializeUserDetailsManagerConfigurer - Global AuthenticationManager configured with an AuthenticationProvider bean. UserDetailsService beans will not be used by Spring Security for automatically configuring username/password login. Consider removing the AuthenticationProvider bean. Alternatively, consider using the UserDetailsService in a manually instantiated DaoAuthenticationProvider. If the current configuration is intentional, to turn off this warning, increase the logging level of 'org.springframework.security.config.annotation.authentication.configuration.InitializeUserDetailsBeanManagerConfigurer' to ERROR
2026-09-30 01:15:22 [] INFO  org.springframework.boot.devtools.autoconfigure.OptionalLiveReloadServer - LiveReload server is running on port 35729
2026-09-30 01:15:22 [] INFO  org.apache.coyote.http11.Http11NioProtocol - Starting ProtocolHandler ["http-nio-8080"]
2026-09-30 01:15:22 [] INFO  org.springframework.boot.web.embedded.tomcat.TomcatWebServer - Tomcat started on port 8080 (http) with context path '/tailor-master'
2026-09-30 01:15:22 [] INFO  com.example.tailormaster.TailorMasterAppApplication - Started TailorMasterAppApplication in 24.633 seconds (process running for 27.13)
2026-09-30 01:19:19 [] INFO  org.springframework.boot.web.embedded.tomcat.GracefulShutdown - Commencing graceful shutdown. Waiting for active requests to complete
2026-09-30 01:19:21 [] INFO  org.springframework.boot.web.embedded.tomcat.GracefulShutdown - Graceful shutdown complete
2026-09-30 01:19:21 [] INFO  org.springframework.orm.jpa.LocalContainerEntityManagerFactoryBean - Closing JPA EntityManagerFactory for persistence unit 'default'
2026-09-30 01:19:21 [] INFO  com.zaxxer.hikari.HikariDataSource - HikariPool-1 - Shutdown initiated...
2026-09-30 01:19:21 [] INFO  com.zaxxer.hikari.HikariDataSource - HikariPool-1 - Shutdown completed.
2026-09-30 01:36:02 [] INFO  org.hibernate.validator.internal.util.Version - HV000001: Hibernate Validator 8.0.2.Final
2026-09-30 01:36:02 [] INFO  com.example.tailormaster.TailorMasterAppApplication - Starting TailorMasterAppApplication using Java 17.0.2 with PID 13604 (E:\Development-Workspaces\tailor-app-new-enhancements\tailor-master-app\tailor-master-app\target\classes started by wajiz.pk in E:\Development-Workspaces\tailor-app-new-enhancements\tailor-master-app)
2026-09-30 01:36:02 [] INFO  com.example.tailormaster.TailorMasterAppApplication - No active profile set, falling back to 1 default profile: "default"
2026-09-30 01:36:02 [] INFO  org.springframework.boot.devtools.env.DevToolsPropertyDefaultsPostProcessor - Devtools property defaults active! Set 'spring.devtools.add-properties' to 'false' to disable
2026-09-30 01:36:02 [] INFO  org.springframework.boot.devtools.env.DevToolsPropertyDefaultsPostProcessor - For additional web related logging consider setting the 'logging.level.web' property to 'DEBUG'
2026-09-30 01:36:05 [] INFO  org.springframework.data.repository.config.RepositoryConfigurationDelegate - Bootstrapping Spring Data JPA repositories in DEFAULT mode.
2026-09-30 01:36:05 [] INFO  org.springframework.data.repository.config.RepositoryConfigurationDelegate - Finished Spring Data repository scanning in 301 ms. Found 21 JPA repository interfaces.
2026-09-30 01:36:07 [] INFO  org.springframework.boot.web.embedded.tomcat.TomcatWebServer - Tomcat initialized with port 8080 (http)
2026-09-30 01:36:07 [] INFO  org.apache.coyote.http11.Http11NioProtocol - Initializing ProtocolHandler ["http-nio-8080"]
2026-09-30 01:36:07 [] INFO  org.apache.catalina.core.StandardService - Starting service [Tomcat]
2026-09-30 01:36:07 [] INFO  org.apache.catalina.core.StandardEngine - Starting Servlet engine: [Apache Tomcat/10.1.40]
2026-09-30 01:36:07 [] INFO  org.apache.catalina.core.ContainerBase.[Tomcat].[localhost].[/tailor-master] - Initializing Spring embedded WebApplicationContext
2026-09-30 01:36:07 [] INFO  org.springframework.boot.web.servlet.context.ServletWebServerApplicationContext - Root WebApplicationContext: initialization completed in 4241 ms
2026-09-30 01:36:07 [] INFO  org.hibernate.jpa.internal.util.LogHelper - HHH000204: Processing PersistenceUnitInfo [name: default]
2026-09-30 01:36:07 [] INFO  org.hibernate.Version - HHH000412: Hibernate ORM core version 6.6.4.Final
2026-09-30 01:36:07 [] INFO  org.hibernate.cache.internal.RegionFactoryInitiator - HHH000026: Second-level cache disabled
2026-09-30 01:36:08 [] INFO  org.springframework.orm.jpa.persistenceunit.SpringPersistenceUnitInfo - No LoadTimeWeaver setup: ignoring JPA class transformer
2026-09-30 01:36:08 [] INFO  com.zaxxer.hikari.HikariDataSource - HikariPool-1 - Starting...
2026-09-30 01:36:09 [] INFO  com.zaxxer.hikari.pool.HikariPool - HikariPool-1 - Added connection com.mysql.cj.jdbc.ConnectionImpl@4890055b
2026-09-30 01:36:09 [] INFO  com.zaxxer.hikari.HikariDataSource - HikariPool-1 - Start completed.
2026-09-30 01:36:09 [] INFO  org.hibernate.orm.connections.pooling - HHH10001005: Database info:
	Database JDBC URL [Connecting through datasource 'HikariDataSource (HikariPool-1)']
	Database driver: undefined/unknown
	Database version: 8.0.28
	Autocommit mode: undefined/unknown
	Isolation level: undefined/unknown
	Minimum pool size: undefined/unknown
	Maximum pool size: undefined/unknown
2026-09-30 01:36:12 [] INFO  org.hibernate.engine.transaction.jta.platform.internal.JtaPlatformInitiator - HHH000489: No JTA platform available (set 'hibernate.transaction.jta.platform' to enable JTA platform integration)
2026-09-30 01:36:13 [] INFO  org.springframework.orm.jpa.LocalContainerEntityManagerFactoryBean - Initialized JPA EntityManagerFactory for persistence unit 'default'
2026-09-30 01:36:14 [] INFO  org.springframework.data.jpa.repository.query.QueryEnhancerFactory - Hibernate is in classpath; If applicable, HQL parser will be used.
2026-09-30 01:36:32 [] WARN  org.springframework.boot.autoconfigure.orm.jpa.JpaBaseConfiguration$JpaWebConfiguration - spring.jpa.open-in-view is enabled by default. Therefore, database queries may be performed during view rendering. Explicitly configure spring.jpa.open-in-view to disable this warning
2026-09-30 01:36:32 [] INFO  org.springframework.security.config.annotation.authentication.configuration.InitializeAuthenticationProviderBeanManagerConfigurer$InitializeAuthenticationProviderManagerConfigurer - Global AuthenticationManager configured with AuthenticationProvider bean with name authenticationProvider
2026-09-30 01:36:32 [] WARN  org.springframework.security.config.annotation.authentication.configuration.InitializeUserDetailsBeanManagerConfigurer$InitializeUserDetailsManagerConfigurer - Global AuthenticationManager configured with an AuthenticationProvider bean. UserDetailsService beans will not be used by Spring Security for automatically configuring username/password login. Consider removing the AuthenticationProvider bean. Alternatively, consider using the UserDetailsService in a manually instantiated DaoAuthenticationProvider. If the current configuration is intentional, to turn off this warning, increase the logging level of 'org.springframework.security.config.annotation.authentication.configuration.InitializeUserDetailsBeanManagerConfigurer' to ERROR
2026-09-30 01:36:34 [] INFO  org.springframework.boot.devtools.autoconfigure.OptionalLiveReloadServer - LiveReload server is running on port 35729
2026-09-30 01:36:34 [] INFO  org.apache.coyote.http11.Http11NioProtocol - Starting ProtocolHandler ["http-nio-8080"]
2026-09-30 01:36:34 [] INFO  org.springframework.boot.web.embedded.tomcat.TomcatWebServer - Tomcat started on port 8080 (http) with context path '/tailor-master'
2026-09-30 01:36:34 [] INFO  com.example.tailormaster.TailorMasterAppApplication - Started TailorMasterAppApplication in 33.005 seconds (process running for 36.438)
2026-09-30 01:36:41 [] INFO  org.apache.catalina.core.ContainerBase.[Tomcat].[localhost].[/tailor-master] - Initializing Spring DispatcherServlet 'dispatcherServlet'
2026-09-30 01:36:41 [] INFO  org.springframework.web.servlet.DispatcherServlet - Initializing Servlet 'dispatcherServlet'
2026-09-30 01:36:41 [] INFO  org.springframework.web.servlet.DispatcherServlet - Completed initialization in 5 ms
2026-09-30 01:36:41 [] WARN  org.apache.catalina.util.SessionIdGeneratorBase - Creation of SecureRandom instance for session ID generation using [SHA1PRNG] took [148] milliseconds.
2026-09-30 01:36:41 [ANONYMOUS] INFO  com.example.tailormaster.filter.LoggingInterceptor - User 'ANONYMOUS' is requesting: GET /tailor-master/login
2026-09-30 01:36:41 [ANONYMOUS] INFO  com.example.tailormaster.controller.AuthController - Accessed login page
2026-09-30 01:36:50 [testuser] INFO  com.example.tailormaster.filter.LoggingInterceptor - User 'testuser' is requesting: GET /tailor-master/dashboard
2026-09-30 01:36:50 [testuser] INFO  com.example.tailormaster.controller.AuthController - User 'testuser' accessed the dashboard
2026-09-30 01:36:50 [testuser] INFO  com.example.tailormaster.filter.LoggingInterceptor - User 'testuser' is requesting: GET /tailor-master/dashboard/total-customers
2026-09-30 01:36:50 [testuser] INFO  com.example.tailormaster.filter.LoggingInterceptor - User 'testuser' is requesting: GET /tailor-master/dashboard/notifications/upcoming-deliveries
2026-09-30 01:36:50 [testuser] INFO  com.example.tailormaster.filter.LoggingInterceptor - User 'testuser' is requesting: GET /tailor-master/dashboard/pending-payments
2026-09-30 01:36:50 [testuser] INFO  com.example.tailormaster.filter.LoggingInterceptor - User 'testuser' is requesting: GET /tailor-master/dashboard/revenue-this-month
2026-09-30 01:36:50 [testuser] INFO  com.example.tailormaster.filter.LoggingInterceptor - User 'testuser' is requesting: GET /tailor-master/dashboard/total-orders
2026-09-30 01:36:51 [testuser] INFO  com.example.tailormaster.filter.LoggingInterceptor - User 'testuser' is requesting: GET /tailor-master/dashboard/monthly-revenue-trends
2026-09-30 01:36:51 [testuser] INFO  com.example.tailormaster.controller.dashboard.DashboardController - Requested total customers.
2026-09-30 01:36:51 [testuser] INFO  com.example.tailormaster.controller.dashboard.DashboardController - Requested upcoming deliveries.
2026-09-30 01:36:51 [testuser] INFO  com.example.tailormaster.controller.dashboard.DashboardController - Requested monthly-revenue-trends.
2026-09-30 01:36:51 [testuser] INFO  com.example.tailormaster.controller.dashboard.DashboardController - Requested total orders.
2026-09-30 01:36:51 [testuser] INFO  com.example.tailormaster.controller.dashboard.DashboardController - Requested pending payments.
2026-09-30 01:36:51 [testuser] INFO  com.example.tailormaster.service.dashboard.DashboardService - Total customers: 12
2026-09-30 01:36:51 [testuser] INFO  com.example.tailormaster.controller.dashboard.DashboardController - Total customers: 12
2026-09-30 01:36:51 [testuser] INFO  com.example.tailormaster.controller.dashboard.DashboardController - Requested revenue-this-month.
2026-09-30 01:36:51 [testuser] INFO  com.example.tailormaster.service.dashboard.DashboardService - Total pending payments: 7
2026-09-30 01:36:51 [testuser] INFO  com.example.tailormaster.controller.dashboard.DashboardController - Pending payments: 7
2026-09-30 01:36:51 [testuser] INFO  com.example.tailormaster.service.dashboard.DashboardService - Total orders: 67
2026-09-30 01:36:51 [testuser] INFO  com.example.tailormaster.controller.dashboard.DashboardController - Total orders: 67
2026-09-30 01:36:51 [testuser] INFO  com.example.tailormaster.filter.LoggingInterceptor - User 'testuser' is requesting: GET /tailor-master/dashboard/order-status-counts
2026-09-30 01:36:51 [testuser] INFO  com.example.tailormaster.filter.LoggingInterceptor - User 'testuser' is requesting: GET /tailor-master/dashboard/customers/top
2026-09-30 01:36:51 [testuser] INFO  com.example.tailormaster.service.dashboard.DashboardService - Monthly revenue trends fetched successfully
2026-09-30 01:36:51 [testuser] INFO  com.example.tailormaster.filter.LoggingInterceptor - User 'testuser' is requesting: GET /tailor-master/dashboard/recent-orders
2026-09-30 01:36:51 [testuser] INFO  com.example.tailormaster.controller.dashboard.DashboardController - Requested order-status-counts.
2026-09-30 01:36:51 [testuser] INFO  com.example.tailormaster.service.dashboard.DashboardService - Revenue this month: 34150.00
2026-09-30 01:36:51 [testuser] INFO  com.example.tailormaster.controller.dashboard.DashboardController - Revenue this month: 34150.00
2026-09-30 01:36:51 [testuser] INFO  com.example.tailormaster.controller.dashboard.DashboardController - Requested recent-orders.
2026-09-30 01:36:51 [testuser] INFO  com.example.tailormaster.service.dashboard.DashboardService - Recent orders fetched: 5 orders
2026-09-30 01:36:51 [testuser] INFO  com.example.tailormaster.controller.dashboard.DashboardController - Requested top customers.
2026-09-30 01:36:51 [testuser] INFO  com.example.tailormaster.controller.dashboard.DashboardController - Recent orders fetched: 5
2026-09-30 01:36:51 [testuser] INFO  com.example.tailormaster.service.dashboard.DashboardService - Top customers fetched: 5
2026-09-30 01:36:51 [testuser] INFO  com.example.tailormaster.controller.dashboard.DashboardController - Top customers fetched: 5
2026-09-30 01:36:51 [testuser] INFO  com.example.tailormaster.service.dashboard.DashboardService - Order status counts: {Cancelled=22, Pending=7, InProgress=15, Completed=9, Delivered=14}
2026-09-30 01:36:51 [testuser] INFO  com.example.tailormaster.controller.dashboard.DashboardController - Order status counts: {Cancelled=22, Pending=7, InProgress=15, Completed=9, Delivered=14}
2026-09-30 01:36:51 [testuser] INFO  com.example.tailormaster.service.dashboard.DashboardService - Upcoming deliveries fetched: 22
2026-09-30 01:36:51 [testuser] INFO  com.example.tailormaster.controller.dashboard.DashboardController - Upcoming deliveries fetched: 22
2026-09-30 01:36:55 [testuser] INFO  com.example.tailormaster.filter.LoggingInterceptor - User 'testuser' is requesting: GET /tailor-master/customers/details/j0ZnrPKi-w-fX7gvbUCebVJS9jirnYtDjReR28JBaWY=
2026-09-30 01:36:56 [testuser] INFO  com.example.tailormaster.controller.CustomerController - Displaying details for customer ID (encrypted): j0ZnrPKi-w-fX7gvbUCebVJS9jirnYtDjReR28JBaWY=
2026-09-30 01:36:56 [testuser] INFO  com.example.tailormaster.service.product.ProductService - Fetching all active products.
2026-09-30 01:36:56 [testuser] INFO  com.example.tailormaster.service.product.ProductService - Retrieved 4 active products.
2026-09-30 01:36:56 [testuser] INFO  com.example.tailormaster.controller.CustomerController - Fetched customer details: com.example.tailormaster.entity.Customer@f10c394
2026-09-30 01:36:57 [testuser] INFO  com.example.tailormaster.filter.LoggingInterceptor - User 'testuser' is requesting: GET /tailor-master/dashboard/notifications/upcoming-deliveries
2026-09-30 01:36:57 [testuser] INFO  com.example.tailormaster.controller.dashboard.DashboardController - Requested upcoming deliveries.
2026-09-30 01:36:57 [testuser] INFO  com.example.tailormaster.service.dashboard.DashboardService - Upcoming deliveries fetched: 22
2026-09-30 01:36:57 [testuser] INFO  com.example.tailormaster.controller.dashboard.DashboardController - Upcoming deliveries fetched: 22
2026-09-30 01:36:59 [testuser] INFO  com.example.tailormaster.filter.LoggingInterceptor - User 'testuser' is requesting: GET /tailor-master/customers/details/j0ZnrPKi-w-fX7gvbUCebVJS9jirnYtDjReR28JBaWY=
2026-09-30 01:36:59 [testuser] INFO  com.example.tailormaster.controller.CustomerController - Displaying details for customer ID (encrypted): j0ZnrPKi-w-fX7gvbUCebVJS9jirnYtDjReR28JBaWY=
2026-09-30 01:36:59 [testuser] INFO  com.example.tailormaster.service.product.ProductService - Fetching all active products.
2026-09-30 01:36:59 [testuser] INFO  com.example.tailormaster.service.product.ProductService - Retrieved 4 active products.
2026-09-30 01:36:59 [testuser] INFO  com.example.tailormaster.controller.CustomerController - Fetched customer details: com.example.tailormaster.entity.Customer@23e4a085
2026-09-30 01:36:59 [testuser] INFO  com.example.tailormaster.filter.LoggingInterceptor - User 'testuser' is requesting: GET /tailor-master/dashboard/notifications/upcoming-deliveries
2026-09-30 01:36:59 [testuser] INFO  com.example.tailormaster.controller.dashboard.DashboardController - Requested upcoming deliveries.
2026-09-30 01:37:00 [testuser] INFO  com.example.tailormaster.service.dashboard.DashboardService - Upcoming deliveries fetched: 22
2026-09-30 01:37:00 [testuser] INFO  com.example.tailormaster.controller.dashboard.DashboardController - Upcoming deliveries fetched: 22
2026-09-30 01:40:13 [testuser] INFO  com.example.tailormaster.filter.LoggingInterceptor - User 'testuser' is requesting: GET /tailor-master/customers/details/j0ZnrPKi-w-fX7gvbUCebVJS9jirnYtDjReR28JBaWY=
2026-09-30 01:40:13 [testuser] INFO  com.example.tailormaster.controller.CustomerController - Displaying details for customer ID (encrypted): j0ZnrPKi-w-fX7gvbUCebVJS9jirnYtDjReR28JBaWY=
2026-09-30 01:40:13 [testuser] INFO  com.example.tailormaster.service.product.ProductService - Fetching all active products.
2026-09-30 01:40:13 [testuser] INFO  com.example.tailormaster.service.product.ProductService - Retrieved 4 active products.
2026-09-30 01:40:13 [testuser] INFO  com.example.tailormaster.controller.CustomerController - Fetched customer details: com.example.tailormaster.entity.Customer@4c911375
2026-09-30 01:40:13 [testuser] INFO  com.example.tailormaster.filter.LoggingInterceptor - User 'testuser' is requesting: GET /tailor-master/dashboard/notifications/upcoming-deliveries
2026-09-30 01:40:13 [testuser] INFO  com.example.tailormaster.controller.dashboard.DashboardController - Requested upcoming deliveries.
2026-09-30 01:40:14 [testuser] INFO  com.example.tailormaster.service.dashboard.DashboardService - Upcoming deliveries fetched: 22
2026-09-30 01:40:14 [testuser] INFO  com.example.tailormaster.controller.dashboard.DashboardController - Upcoming deliveries fetched: 22
2026-09-30 01:40:25 [testuser] INFO  com.example.tailormaster.filter.LoggingInterceptor - User 'testuser' is requesting: GET /tailor-master/customers/details/j0ZnrPKi-w-fX7gvbUCebVJS9jirnYtDjReR28JBaWY=
2026-09-30 01:40:25 [testuser] INFO  com.example.tailormaster.controller.CustomerController - Displaying details for customer ID (encrypted): j0ZnrPKi-w-fX7gvbUCebVJS9jirnYtDjReR28JBaWY=
2026-09-30 01:40:25 [testuser] INFO  com.example.tailormaster.service.product.ProductService - Fetching all active products.
2026-09-30 01:40:25 [testuser] INFO  com.example.tailormaster.service.product.ProductService - Retrieved 4 active products.
2026-09-30 01:40:25 [testuser] INFO  com.example.tailormaster.controller.CustomerController - Fetched customer details: com.example.tailormaster.entity.Customer@1fe8233d
2026-09-30 01:40:25 [testuser] INFO  com.example.tailormaster.filter.LoggingInterceptor - User 'testuser' is requesting: GET /tailor-master/dashboard/notifications/upcoming-deliveries
2026-09-30 01:40:25 [testuser] INFO  com.example.tailormaster.controller.dashboard.DashboardController - Requested upcoming deliveries.
2026-09-30 01:40:26 [testuser] INFO  com.example.tailormaster.service.dashboard.DashboardService - Upcoming deliveries fetched: 22
2026-09-30 01:40:26 [testuser] INFO  com.example.tailormaster.controller.dashboard.DashboardController - Upcoming deliveries fetched: 22
2026-09-30 01:40:27 [testuser] INFO  com.example.tailormaster.filter.LoggingInterceptor - User 'testuser' is requesting: GET /tailor-master/customers/details/j0ZnrPKi-w-fX7gvbUCebVJS9jirnYtDjReR28JBaWY=
2026-09-30 01:40:27 [testuser] INFO  com.example.tailormaster.controller.CustomerController - Displaying details for customer ID (encrypted): j0ZnrPKi-w-fX7gvbUCebVJS9jirnYtDjReR28JBaWY=
2026-09-30 01:40:27 [testuser] INFO  com.example.tailormaster.service.product.ProductService - Fetching all active products.
2026-09-30 01:40:27 [testuser] INFO  com.example.tailormaster.service.product.ProductService - Retrieved 4 active products.
2026-09-30 01:40:27 [testuser] INFO  com.example.tailormaster.controller.CustomerController - Fetched customer details: com.example.tailormaster.entity.Customer@36cf3f2e
2026-09-30 01:40:27 [testuser] INFO  com.example.tailormaster.filter.LoggingInterceptor - User 'testuser' is requesting: GET /tailor-master/dashboard/notifications/upcoming-deliveries
2026-09-30 01:40:28 [testuser] INFO  com.example.tailormaster.controller.dashboard.DashboardController - Requested upcoming deliveries.
2026-09-30 01:40:28 [testuser] INFO  com.example.tailormaster.service.dashboard.DashboardService - Upcoming deliveries fetched: 22
2026-09-30 01:40:28 [testuser] INFO  com.example.tailormaster.controller.dashboard.DashboardController - Upcoming deliveries fetched: 22
2026-09-30 01:41:14 [testuser] INFO  com.example.tailormaster.filter.LoggingInterceptor - User 'testuser' is requesting: GET /tailor-master/customers/details/j0ZnrPKi-w-fX7gvbUCebVJS9jirnYtDjReR28JBaWY=
2026-09-30 01:41:14 [testuser] INFO  com.example.tailormaster.controller.CustomerController - Displaying details for customer ID (encrypted): j0ZnrPKi-w-fX7gvbUCebVJS9jirnYtDjReR28JBaWY=
2026-09-30 01:41:15 [testuser] INFO  com.example.tailormaster.service.product.ProductService - Fetching all active products.
2026-09-30 01:41:15 [testuser] INFO  com.example.tailormaster.service.product.ProductService - Retrieved 4 active products.
2026-09-30 01:41:15 [testuser] INFO  com.example.tailormaster.controller.CustomerController - Fetched customer details: com.example.tailormaster.entity.Customer@5ddfbdb5
2026-09-30 01:41:15 [testuser] INFO  com.example.tailormaster.filter.LoggingInterceptor - User 'testuser' is requesting: GET /tailor-master/dashboard/notifications/upcoming-deliveries
2026-09-30 01:41:15 [testuser] INFO  com.example.tailormaster.controller.dashboard.DashboardController - Requested upcoming deliveries.
2026-09-30 01:41:16 [testuser] INFO  com.example.tailormaster.service.dashboard.DashboardService - Upcoming deliveries fetched: 22
2026-09-30 01:41:16 [testuser] INFO  com.example.tailormaster.controller.dashboard.DashboardController - Upcoming deliveries fetched: 22
2026-09-30 01:43:57 [testuser] INFO  com.example.tailormaster.filter.LoggingInterceptor - User 'testuser' is requesting: GET /tailor-master/customers/details/j0ZnrPKi-w-fX7gvbUCebVJS9jirnYtDjReR28JBaWY=
2026-09-30 01:43:57 [testuser] INFO  com.example.tailormaster.controller.CustomerController - Displaying details for customer ID (encrypted): j0ZnrPKi-w-fX7gvbUCebVJS9jirnYtDjReR28JBaWY=
2026-09-30 01:43:58 [testuser] INFO  com.example.tailormaster.service.product.ProductService - Fetching all active products.
2026-09-30 01:43:58 [testuser] INFO  com.example.tailormaster.service.product.ProductService - Retrieved 4 active products.
2026-09-30 01:43:58 [testuser] INFO  com.example.tailormaster.controller.CustomerController - Fetched customer details: com.example.tailormaster.entity.Customer@59623bfb
2026-09-30 01:43:58 [testuser] INFO  com.example.tailormaster.filter.LoggingInterceptor - User 'testuser' is requesting: GET /tailor-master/dashboard/notifications/upcoming-deliveries
2026-09-30 01:43:58 [testuser] INFO  com.example.tailormaster.controller.dashboard.DashboardController - Requested upcoming deliveries.
2026-09-30 01:43:58 [testuser] INFO  com.example.tailormaster.service.dashboard.DashboardService - Upcoming deliveries fetched: 22
2026-09-30 01:43:58 [testuser] INFO  com.example.tailormaster.controller.dashboard.DashboardController - Upcoming deliveries fetched: 22
2026-09-30 01:44:04 [testuser] INFO  com.example.tailormaster.filter.LoggingInterceptor - User 'testuser' is requesting: GET /tailor-master/customers/10/fields
2026-09-30 01:44:04 [testuser] INFO  com.example.tailormaster.service.product.ProductService - Fetching product by ID: 10
2026-09-30 01:44:12 [testuser] INFO  com.example.tailormaster.filter.LoggingInterceptor - User 'testuser' is requesting: GET /tailor-master/customers/9/fields
2026-09-30 01:44:13 [testuser] INFO  com.example.tailormaster.service.product.ProductService - Fetching product by ID: 9
2026-09-30 01:47:02 [testuser] INFO  com.example.tailormaster.filter.LoggingInterceptor - User 'testuser' is requesting: GET /tailor-master/customers/details/j0ZnrPKi-w-fX7gvbUCebVJS9jirnYtDjReR28JBaWY=
2026-09-30 01:47:02 [testuser] INFO  com.example.tailormaster.controller.CustomerController - Displaying details for customer ID (encrypted): j0ZnrPKi-w-fX7gvbUCebVJS9jirnYtDjReR28JBaWY=
2026-09-30 01:47:03 [testuser] INFO  com.example.tailormaster.service.product.ProductService - Fetching all active products.
2026-09-30 01:47:03 [testuser] INFO  com.example.tailormaster.service.product.ProductService - Retrieved 4 active products.
2026-09-30 01:47:03 [testuser] INFO  com.example.tailormaster.controller.CustomerController - Fetched customer details: com.example.tailormaster.entity.Customer@27a298a9
2026-09-30 01:47:03 [testuser] INFO  com.example.tailormaster.filter.LoggingInterceptor - User 'testuser' is requesting: GET /tailor-master/dashboard/notifications/upcoming-deliveries
2026-09-30 01:47:03 [testuser] INFO  com.example.tailormaster.controller.dashboard.DashboardController - Requested upcoming deliveries.
2026-09-30 01:47:03 [testuser] INFO  com.example.tailormaster.service.dashboard.DashboardService - Upcoming deliveries fetched: 22
2026-09-30 01:47:03 [testuser] INFO  com.example.tailormaster.controller.dashboard.DashboardController - Upcoming deliveries fetched: 22
2026-09-30 01:47:08 [testuser] INFO  com.example.tailormaster.filter.LoggingInterceptor - User 'testuser' is requesting: GET /tailor-master/customers/10/fields
2026-09-30 01:47:08 [testuser] INFO  com.example.tailormaster.service.product.ProductService - Fetching product by ID: 10
2026-09-30 01:50:42 [testuser] INFO  com.example.tailormaster.filter.LoggingInterceptor - User 'testuser' is requesting: GET /tailor-master/customers/details/j0ZnrPKi-w-fX7gvbUCebVJS9jirnYtDjReR28JBaWY=
2026-09-30 01:50:42 [testuser] INFO  com.example.tailormaster.controller.CustomerController - Displaying details for customer ID (encrypted): j0ZnrPKi-w-fX7gvbUCebVJS9jirnYtDjReR28JBaWY=
2026-09-30 01:50:42 [testuser] INFO  com.example.tailormaster.service.product.ProductService - Fetching all active products.
2026-09-30 01:50:42 [testuser] INFO  com.example.tailormaster.service.product.ProductService - Retrieved 4 active products.
2026-09-30 01:50:42 [testuser] INFO  com.example.tailormaster.controller.CustomerController - Fetched customer details: com.example.tailormaster.entity.Customer@6224fb6
2026-09-30 01:50:43 [testuser] INFO  com.example.tailormaster.filter.LoggingInterceptor - User 'testuser' is requesting: GET /tailor-master/dashboard/notifications/upcoming-deliveries
2026-09-30 01:50:43 [testuser] INFO  com.example.tailormaster.controller.dashboard.DashboardController - Requested upcoming deliveries.
2026-09-30 01:50:44 [testuser] INFO  com.example.tailormaster.service.dashboard.DashboardService - Upcoming deliveries fetched: 22
2026-09-30 01:50:44 [testuser] INFO  com.example.tailormaster.controller.dashboard.DashboardController - Upcoming deliveries fetched: 22
2026-09-30 01:51:20 [testuser] INFO  com.example.tailormaster.filter.LoggingInterceptor - User 'testuser' is requesting: GET /tailor-master/customers/10/fields
2026-09-30 01:51:20 [testuser] INFO  com.example.tailormaster.service.product.ProductService - Fetching product by ID: 10
2026-09-30 01:53:47 [testuser] INFO  com.example.tailormaster.filter.LoggingInterceptor - User 'testuser' is requesting: GET /tailor-master/customers/details/j0ZnrPKi-w-fX7gvbUCebVJS9jirnYtDjReR28JBaWY=
2026-09-30 01:53:47 [testuser] INFO  com.example.tailormaster.controller.CustomerController - Displaying details for customer ID (encrypted): j0ZnrPKi-w-fX7gvbUCebVJS9jirnYtDjReR28JBaWY=
2026-09-30 01:53:48 [testuser] INFO  com.example.tailormaster.service.product.ProductService - Fetching all active products.
2026-09-30 01:53:48 [testuser] INFO  com.example.tailormaster.service.product.ProductService - Retrieved 4 active products.
2026-09-30 01:53:48 [testuser] INFO  com.example.tailormaster.controller.CustomerController - Fetched customer details: com.example.tailormaster.entity.Customer@399ba62c
2026-09-30 01:53:48 [testuser] INFO  com.example.tailormaster.filter.LoggingInterceptor - User 'testuser' is requesting: GET /tailor-master/dashboard/notifications/upcoming-deliveries
2026-09-30 01:53:48 [testuser] INFO  com.example.tailormaster.controller.dashboard.DashboardController - Requested upcoming deliveries.
2026-09-30 01:53:49 [testuser] INFO  com.example.tailormaster.service.dashboard.DashboardService - Upcoming deliveries fetched: 22
2026-09-30 01:53:49 [testuser] INFO  com.example.tailormaster.controller.dashboard.DashboardController - Upcoming deliveries fetched: 22
2026-09-30 01:53:52 [testuser] INFO  com.example.tailormaster.filter.LoggingInterceptor - User 'testuser' is requesting: GET /tailor-master/customers/details/j0ZnrPKi-w-fX7gvbUCebVJS9jirnYtDjReR28JBaWY=
2026-09-30 01:53:52 [testuser] INFO  com.example.tailormaster.controller.CustomerController - Displaying details for customer ID (encrypted): j0ZnrPKi-w-fX7gvbUCebVJS9jirnYtDjReR28JBaWY=
2026-09-30 01:53:53 [testuser] INFO  com.example.tailormaster.service.product.ProductService - Fetching all active products.
2026-09-30 01:53:53 [testuser] INFO  com.example.tailormaster.service.product.ProductService - Retrieved 4 active products.
2026-09-30 01:53:53 [testuser] INFO  com.example.tailormaster.controller.CustomerController - Fetched customer details: com.example.tailormaster.entity.Customer@11f810b9
2026-09-30 01:53:53 [testuser] INFO  com.example.tailormaster.filter.LoggingInterceptor - User 'testuser' is requesting: GET /tailor-master/dashboard/notifications/upcoming-deliveries
2026-09-30 01:53:53 [testuser] INFO  com.example.tailormaster.controller.dashboard.DashboardController - Requested upcoming deliveries.
2026-09-30 01:53:54 [testuser] INFO  com.example.tailormaster.service.dashboard.DashboardService - Upcoming deliveries fetched: 22
2026-09-30 01:53:54 [testuser] INFO  com.example.tailormaster.controller.dashboard.DashboardController - Upcoming deliveries fetched: 22
2026-09-30 01:54:01 [testuser] INFO  com.example.tailormaster.filter.LoggingInterceptor - User 'testuser' is requesting: GET /tailor-master/customers/10/fields
2026-09-30 01:54:01 [testuser] INFO  com.example.tailormaster.service.product.ProductService - Fetching product by ID: 10
2026-09-30 01:55:24 [] INFO  org.springframework.boot.web.embedded.tomcat.GracefulShutdown - Commencing graceful shutdown. Waiting for active requests to complete
2026-09-30 01:55:25 [] INFO  org.springframework.boot.web.embedded.tomcat.GracefulShutdown - Graceful shutdown complete
2026-09-30 01:55:25 [] INFO  org.springframework.orm.jpa.LocalContainerEntityManagerFactoryBean - Closing JPA EntityManagerFactory for persistence unit 'default'
2026-09-30 01:55:25 [] INFO  com.zaxxer.hikari.HikariDataSource - HikariPool-1 - Shutdown initiated...
2026-09-30 01:55:26 [] INFO  com.zaxxer.hikari.HikariDataSource - HikariPool-1 - Shutdown completed.
2026-09-30 01:55:38 [] INFO  org.hibernate.validator.internal.util.Version - HV000001: Hibernate Validator 8.0.2.Final
2026-09-30 01:55:38 [] INFO  com.example.tailormaster.TailorMasterAppApplication - Starting TailorMasterAppApplication using Java 17.0.2 with PID 13320 (E:\Development-Workspaces\tailor-app-new-enhancements\tailor-master-app\tailor-master-app\target\classes started by wajiz.pk in E:\Development-Workspaces\tailor-app-new-enhancements\tailor-master-app)
2026-09-30 01:55:38 [] INFO  com.example.tailormaster.TailorMasterAppApplication - No active profile set, falling back to 1 default profile: "default"
2026-09-30 01:55:38 [] INFO  org.springframework.boot.devtools.env.DevToolsPropertyDefaultsPostProcessor - Devtools property defaults active! Set 'spring.devtools.add-properties' to 'false' to disable
2026-09-30 01:55:38 [] INFO  org.springframework.boot.devtools.env.DevToolsPropertyDefaultsPostProcessor - For additional web related logging consider setting the 'logging.level.web' property to 'DEBUG'
2026-09-30 01:55:41 [] INFO  org.springframework.data.repository.config.RepositoryConfigurationDelegate - Bootstrapping Spring Data JPA repositories in DEFAULT mode.
2026-09-30 01:55:41 [] INFO  org.springframework.data.repository.config.RepositoryConfigurationDelegate - Finished Spring Data repository scanning in 204 ms. Found 21 JPA repository interfaces.
2026-09-30 01:55:42 [] INFO  org.springframework.boot.web.embedded.tomcat.TomcatWebServer - Tomcat initialized with port 8080 (http)
2026-09-30 01:55:42 [] INFO  org.apache.coyote.http11.Http11NioProtocol - Initializing ProtocolHandler ["http-nio-8080"]
2026-09-30 01:55:42 [] INFO  org.apache.catalina.core.StandardService - Starting service [Tomcat]
2026-09-30 01:55:42 [] INFO  org.apache.catalina.core.StandardEngine - Starting Servlet engine: [Apache Tomcat/10.1.40]
2026-09-30 01:55:42 [] INFO  org.apache.catalina.core.ContainerBase.[Tomcat].[localhost].[/tailor-master] - Initializing Spring embedded WebApplicationContext
2026-09-30 01:55:42 [] INFO  org.springframework.boot.web.servlet.context.ServletWebServerApplicationContext - Root WebApplicationContext: initialization completed in 3945 ms
2026-09-30 01:55:43 [] INFO  org.hibernate.jpa.internal.util.LogHelper - HHH000204: Processing PersistenceUnitInfo [name: default]
2026-09-30 01:55:43 [] INFO  org.hibernate.Version - HHH000412: Hibernate ORM core version 6.6.4.Final
2026-09-30 01:55:43 [] INFO  org.hibernate.cache.internal.RegionFactoryInitiator - HHH000026: Second-level cache disabled
2026-09-30 01:55:44 [] INFO  org.springframework.orm.jpa.persistenceunit.SpringPersistenceUnitInfo - No LoadTimeWeaver setup: ignoring JPA class transformer
2026-09-30 01:55:44 [] INFO  com.zaxxer.hikari.HikariDataSource - HikariPool-1 - Starting...
2026-09-30 01:55:44 [] INFO  com.zaxxer.hikari.pool.HikariPool - HikariPool-1 - Added connection com.mysql.cj.jdbc.ConnectionImpl@2ee55318
2026-09-30 01:55:44 [] INFO  com.zaxxer.hikari.HikariDataSource - HikariPool-1 - Start completed.
2026-09-30 01:55:45 [] INFO  org.hibernate.orm.connections.pooling - HHH10001005: Database info:
	Database JDBC URL [Connecting through datasource 'HikariDataSource (HikariPool-1)']
	Database driver: undefined/unknown
	Database version: 8.0.28
	Autocommit mode: undefined/unknown
	Isolation level: undefined/unknown
	Minimum pool size: undefined/unknown
	Maximum pool size: undefined/unknown
2026-09-30 01:55:47 [] INFO  org.hibernate.engine.transaction.jta.platform.internal.JtaPlatformInitiator - HHH000489: No JTA platform available (set 'hibernate.transaction.jta.platform' to enable JTA platform integration)
2026-09-30 01:55:48 [] INFO  org.springframework.orm.jpa.LocalContainerEntityManagerFactoryBean - Initialized JPA EntityManagerFactory for persistence unit 'default'
2026-09-30 01:55:49 [] INFO  org.springframework.data.jpa.repository.query.QueryEnhancerFactory - Hibernate is in classpath; If applicable, HQL parser will be used.
2026-09-30 01:56:02 [] WARN  org.springframework.boot.autoconfigure.orm.jpa.JpaBaseConfiguration$JpaWebConfiguration - spring.jpa.open-in-view is enabled by default. Therefore, database queries may be performed during view rendering. Explicitly configure spring.jpa.open-in-view to disable this warning
2026-09-30 01:56:03 [] INFO  org.springframework.security.config.annotation.authentication.configuration.InitializeAuthenticationProviderBeanManagerConfigurer$InitializeAuthenticationProviderManagerConfigurer - Global AuthenticationManager configured with AuthenticationProvider bean with name authenticationProvider
2026-09-30 01:56:03 [] WARN  org.springframework.security.config.annotation.authentication.configuration.InitializeUserDetailsBeanManagerConfigurer$InitializeUserDetailsManagerConfigurer - Global AuthenticationManager configured with an AuthenticationProvider bean. UserDetailsService beans will not be used by Spring Security for automatically configuring username/password login. Consider removing the AuthenticationProvider bean. Alternatively, consider using the UserDetailsService in a manually instantiated DaoAuthenticationProvider. If the current configuration is intentional, to turn off this warning, increase the logging level of 'org.springframework.security.config.annotation.authentication.configuration.InitializeUserDetailsBeanManagerConfigurer' to ERROR
2026-09-30 01:56:05 [] INFO  org.springframework.boot.devtools.autoconfigure.OptionalLiveReloadServer - LiveReload server is running on port 35729
2026-09-30 01:56:05 [] INFO  org.apache.coyote.http11.Http11NioProtocol - Starting ProtocolHandler ["http-nio-8080"]
2026-09-30 01:56:05 [] INFO  org.springframework.boot.web.embedded.tomcat.TomcatWebServer - Tomcat started on port 8080 (http) with context path '/tailor-master'
2026-09-30 01:56:05 [] INFO  com.example.tailormaster.TailorMasterAppApplication - Started TailorMasterAppApplication in 27.776 seconds (process running for 30.819)
2026-09-30 01:58:01 [] INFO  org.springframework.boot.devtools.autoconfigure.LocalDevToolsAutoConfiguration$RestartingClassPathChangeChangedEventListener - Restarting due to 1 class path change (0 additions, 1 deletion, 0 modifications)
2026-09-30 01:58:01 [] INFO  org.springframework.boot.web.embedded.tomcat.GracefulShutdown - Commencing graceful shutdown. Waiting for active requests to complete
2026-09-30 01:58:01 [] INFO  org.apache.coyote.http11.Http11NioProtocol - Pausing ProtocolHandler ["http-nio-8080"]
2026-09-30 01:58:02 [] INFO  org.springframework.boot.web.embedded.tomcat.GracefulShutdown - Graceful shutdown complete
2026-09-30 01:58:02 [] INFO  org.apache.coyote.http11.Http11NioProtocol - Stopping ProtocolHandler ["http-nio-8080"]
2026-09-30 01:58:02 [] INFO  org.springframework.orm.jpa.LocalContainerEntityManagerFactoryBean - Closing JPA EntityManagerFactory for persistence unit 'default'
2026-09-30 01:58:02 [] INFO  com.zaxxer.hikari.HikariDataSource - HikariPool-1 - Shutdown initiated...
2026-09-30 01:58:02 [] INFO  com.zaxxer.hikari.HikariDataSource - HikariPool-1 - Shutdown completed.
2026-09-30 01:58:03 [] INFO  com.example.tailormaster.TailorMasterAppApplication - Starting TailorMasterAppApplication using Java 17.0.2 with PID 13320 (E:\Development-Workspaces\tailor-app-new-enhancements\tailor-master-app\tailor-master-app\target\classes started by wajiz.pk in E:\Development-Workspaces\tailor-app-new-enhancements\tailor-master-app)
2026-09-30 01:58:03 [] INFO  com.example.tailormaster.TailorMasterAppApplication - No active profile set, falling back to 1 default profile: "default"
2026-09-30 01:58:04 [] INFO  org.springframework.data.repository.config.RepositoryConfigurationDelegate - Bootstrapping Spring Data JPA repositories in DEFAULT mode.
2026-09-30 01:58:05 [] INFO  org.springframework.data.repository.config.RepositoryConfigurationDelegate - Finished Spring Data repository scanning in 163 ms. Found 21 JPA repository interfaces.
2026-09-30 01:58:05 [] INFO  org.springframework.boot.web.embedded.tomcat.TomcatWebServer - Tomcat initialized with port 8080 (http)
2026-09-30 01:58:05 [] INFO  org.apache.coyote.http11.Http11NioProtocol - Initializing ProtocolHandler ["http-nio-8080"]
2026-09-30 01:58:05 [] INFO  org.apache.catalina.core.StandardService - Starting service [Tomcat]
2026-09-30 01:58:05 [] INFO  org.apache.catalina.core.StandardEngine - Starting Servlet engine: [Apache Tomcat/10.1.40]
2026-09-30 01:58:05 [] INFO  org.apache.catalina.core.ContainerBase.[Tomcat].[localhost].[/tailor-master] - Initializing Spring embedded WebApplicationContext
2026-09-30 01:58:05 [] INFO  org.springframework.boot.web.servlet.context.ServletWebServerApplicationContext - Root WebApplicationContext: initialization completed in 1817 ms
2026-09-30 01:58:05 [] INFO  org.hibernate.jpa.internal.util.LogHelper - HHH000204: Processing PersistenceUnitInfo [name: default]
2026-09-30 01:58:05 [] INFO  org.hibernate.cache.internal.RegionFactoryInitiator - HHH000026: Second-level cache disabled
2026-09-30 01:58:06 [] INFO  org.springframework.orm.jpa.persistenceunit.SpringPersistenceUnitInfo - No LoadTimeWeaver setup: ignoring JPA class transformer
2026-09-30 01:58:06 [] INFO  com.zaxxer.hikari.HikariDataSource - HikariPool-2 - Starting...
2026-09-30 01:58:06 [] INFO  com.zaxxer.hikari.pool.HikariPool - HikariPool-2 - Added connection com.mysql.cj.jdbc.ConnectionImpl@1aedc409
2026-09-30 01:58:06 [] INFO  com.zaxxer.hikari.HikariDataSource - HikariPool-2 - Start completed.
2026-09-30 01:58:06 [] INFO  org.hibernate.orm.connections.pooling - HHH10001005: Database info:
	Database JDBC URL [Connecting through datasource 'HikariDataSource (HikariPool-2)']
	Database driver: undefined/unknown
	Database version: 8.0.28
	Autocommit mode: undefined/unknown
	Isolation level: undefined/unknown
	Minimum pool size: undefined/unknown
	Maximum pool size: undefined/unknown
2026-09-30 01:58:07 [] INFO  org.hibernate.engine.transaction.jta.platform.internal.JtaPlatformInitiator - HHH000489: No JTA platform available (set 'hibernate.transaction.jta.platform' to enable JTA platform integration)
2026-09-30 01:58:08 [] INFO  org.springframework.orm.jpa.LocalContainerEntityManagerFactoryBean - Initialized JPA EntityManagerFactory for persistence unit 'default'
2026-09-30 01:58:09 [] WARN  org.springframework.boot.autoconfigure.orm.jpa.JpaBaseConfiguration$JpaWebConfiguration - spring.jpa.open-in-view is enabled by default. Therefore, database queries may be performed during view rendering. Explicitly configure spring.jpa.open-in-view to disable this warning
2026-09-30 01:58:09 [] INFO  org.springframework.security.config.annotation.authentication.configuration.InitializeAuthenticationProviderBeanManagerConfigurer$InitializeAuthenticationProviderManagerConfigurer - Global AuthenticationManager configured with AuthenticationProvider bean with name authenticationProvider
2026-09-30 01:58:09 [] WARN  org.springframework.security.config.annotation.authentication.configuration.InitializeUserDetailsBeanManagerConfigurer$InitializeUserDetailsManagerConfigurer - Global AuthenticationManager configured with an AuthenticationProvider bean. UserDetailsService beans will not be used by Spring Security for automatically configuring username/password login. Consider removing the AuthenticationProvider bean. Alternatively, consider using the UserDetailsService in a manually instantiated DaoAuthenticationProvider. If the current configuration is intentional, to turn off this warning, increase the logging level of 'org.springframework.security.config.annotation.authentication.configuration.InitializeUserDetailsBeanManagerConfigurer' to ERROR
2026-09-30 01:58:09 [] INFO  org.springframework.boot.devtools.autoconfigure.OptionalLiveReloadServer - LiveReload server is running on port 35729
2026-09-30 01:58:09 [] INFO  org.apache.coyote.http11.Http11NioProtocol - Starting ProtocolHandler ["http-nio-8080"]
2026-09-30 01:58:09 [] INFO  org.springframework.boot.web.embedded.tomcat.TomcatWebServer - Tomcat started on port 8080 (http) with context path '/tailor-master'
2026-09-30 01:58:09 [] INFO  com.example.tailormaster.TailorMasterAppApplication - Started TailorMasterAppApplication in 6.524 seconds (process running for 155.449)
2026-09-30 01:58:09 [] INFO  org.springframework.boot.devtools.autoconfigure.ConditionEvaluationDeltaLoggingListener - Condition evaluation unchanged
2026-09-30 01:58:43 [] INFO  org.springframework.boot.web.embedded.tomcat.GracefulShutdown - Commencing graceful shutdown. Waiting for active requests to complete
2026-09-30 01:58:45 [] INFO  org.springframework.boot.web.embedded.tomcat.GracefulShutdown - Graceful shutdown complete
2026-09-30 01:58:45 [] INFO  org.springframework.orm.jpa.LocalContainerEntityManagerFactoryBean - Closing JPA EntityManagerFactory for persistence unit 'default'
2026-09-30 01:58:45 [] INFO  com.zaxxer.hikari.HikariDataSource - HikariPool-2 - Shutdown initiated...
2026-09-30 01:58:45 [] INFO  com.zaxxer.hikari.HikariDataSource - HikariPool-2 - Shutdown completed.
2026-09-30 01:59:00 [] INFO  org.hibernate.validator.internal.util.Version - HV000001: Hibernate Validator 8.0.2.Final
2026-09-30 01:59:00 [] INFO  com.example.tailormaster.TailorMasterAppApplication - Starting TailorMasterAppApplication using Java 17.0.2 with PID 18880 (E:\Development-Workspaces\tailor-app-new-enhancements\tailor-master-app\tailor-master-app\target\classes started by wajiz.pk in E:\Development-Workspaces\tailor-app-new-enhancements\tailor-master-app)
2026-09-30 01:59:00 [] INFO  com.example.tailormaster.TailorMasterAppApplication - No active profile set, falling back to 1 default profile: "default"
2026-09-30 01:59:01 [] INFO  org.springframework.boot.devtools.env.DevToolsPropertyDefaultsPostProcessor - Devtools property defaults active! Set 'spring.devtools.add-properties' to 'false' to disable
2026-09-30 01:59:01 [] INFO  org.springframework.boot.devtools.env.DevToolsPropertyDefaultsPostProcessor - For additional web related logging consider setting the 'logging.level.web' property to 'DEBUG'
2026-09-30 01:59:02 [] INFO  org.springframework.data.repository.config.RepositoryConfigurationDelegate - Bootstrapping Spring Data JPA repositories in DEFAULT mode.
2026-09-30 01:59:03 [] INFO  org.springframework.data.repository.config.RepositoryConfigurationDelegate - Finished Spring Data repository scanning in 253 ms. Found 21 JPA repository interfaces.
2026-09-30 01:59:04 [] INFO  org.springframework.boot.web.embedded.tomcat.TomcatWebServer - Tomcat initialized with port 8080 (http)
2026-09-30 01:59:04 [] INFO  org.apache.coyote.http11.Http11NioProtocol - Initializing ProtocolHandler ["http-nio-8080"]
2026-09-30 01:59:04 [] INFO  org.apache.catalina.core.StandardService - Starting service [Tomcat]
2026-09-30 01:59:04 [] INFO  org.apache.catalina.core.StandardEngine - Starting Servlet engine: [Apache Tomcat/10.1.40]
2026-09-30 01:59:04 [] INFO  org.apache.catalina.core.ContainerBase.[Tomcat].[localhost].[/tailor-master] - Initializing Spring embedded WebApplicationContext
2026-09-30 01:59:04 [] INFO  org.springframework.boot.web.servlet.context.ServletWebServerApplicationContext - Root WebApplicationContext: initialization completed in 3507 ms
2026-09-30 01:59:04 [] INFO  org.hibernate.jpa.internal.util.LogHelper - HHH000204: Processing PersistenceUnitInfo [name: default]
2026-09-30 01:59:05 [] INFO  org.hibernate.Version - HHH000412: Hibernate ORM core version 6.6.4.Final
2026-09-30 01:59:05 [] INFO  org.hibernate.cache.internal.RegionFactoryInitiator - HHH000026: Second-level cache disabled
2026-09-30 01:59:05 [] INFO  org.springframework.orm.jpa.persistenceunit.SpringPersistenceUnitInfo - No LoadTimeWeaver setup: ignoring JPA class transformer
2026-09-30 01:59:05 [] INFO  com.zaxxer.hikari.HikariDataSource - HikariPool-1 - Starting...
2026-09-30 01:59:06 [] INFO  com.zaxxer.hikari.pool.HikariPool - HikariPool-1 - Added connection com.mysql.cj.jdbc.ConnectionImpl@59e90a8c
2026-09-30 01:59:06 [] INFO  com.zaxxer.hikari.HikariDataSource - HikariPool-1 - Start completed.
2026-09-30 01:59:06 [] INFO  org.hibernate.orm.connections.pooling - HHH10001005: Database info:
	Database JDBC URL [Connecting through datasource 'HikariDataSource (HikariPool-1)']
	Database driver: undefined/unknown
	Database version: 8.0.28
	Autocommit mode: undefined/unknown
	Isolation level: undefined/unknown
	Minimum pool size: undefined/unknown
	Maximum pool size: undefined/unknown
2026-09-30 01:59:09 [] INFO  org.hibernate.engine.transaction.jta.platform.internal.JtaPlatformInitiator - HHH000489: No JTA platform available (set 'hibernate.transaction.jta.platform' to enable JTA platform integration)
2026-09-30 01:59:10 [] INFO  org.springframework.orm.jpa.LocalContainerEntityManagerFactoryBean - Initialized JPA EntityManagerFactory for persistence unit 'default'
2026-09-30 01:59:10 [] INFO  org.springframework.data.jpa.repository.query.QueryEnhancerFactory - Hibernate is in classpath; If applicable, HQL parser will be used.
2026-09-30 01:59:23 [] WARN  org.springframework.boot.autoconfigure.orm.jpa.JpaBaseConfiguration$JpaWebConfiguration - spring.jpa.open-in-view is enabled by default. Therefore, database queries may be performed during view rendering. Explicitly configure spring.jpa.open-in-view to disable this warning
2026-09-30 01:59:23 [] INFO  org.springframework.security.config.annotation.authentication.configuration.InitializeAuthenticationProviderBeanManagerConfigurer$InitializeAuthenticationProviderManagerConfigurer - Global AuthenticationManager configured with AuthenticationProvider bean with name authenticationProvider
2026-09-30 01:59:23 [] WARN  org.springframework.security.config.annotation.authentication.configuration.InitializeUserDetailsBeanManagerConfigurer$InitializeUserDetailsManagerConfigurer - Global AuthenticationManager configured with an AuthenticationProvider bean. UserDetailsService beans will not be used by Spring Security for automatically configuring username/password login. Consider removing the AuthenticationProvider bean. Alternatively, consider using the UserDetailsService in a manually instantiated DaoAuthenticationProvider. If the current configuration is intentional, to turn off this warning, increase the logging level of 'org.springframework.security.config.annotation.authentication.configuration.InitializeUserDetailsBeanManagerConfigurer' to ERROR
2026-09-30 01:59:24 [] INFO  org.springframework.boot.devtools.autoconfigure.OptionalLiveReloadServer - LiveReload server is running on port 35729
2026-09-30 01:59:24 [] INFO  org.apache.coyote.http11.Http11NioProtocol - Starting ProtocolHandler ["http-nio-8080"]
2026-09-30 01:59:24 [] INFO  org.springframework.boot.web.embedded.tomcat.TomcatWebServer - Tomcat started on port 8080 (http) with context path '/tailor-master'
2026-09-30 01:59:24 [] INFO  com.example.tailormaster.TailorMasterAppApplication - Started TailorMasterAppApplication in 24.979 seconds (process running for 28.963)
2026-09-30 01:59:37 [] INFO  org.apache.catalina.core.ContainerBase.[Tomcat].[localhost].[/tailor-master] - Initializing Spring DispatcherServlet 'dispatcherServlet'
2026-09-30 01:59:37 [] INFO  org.springframework.web.servlet.DispatcherServlet - Initializing Servlet 'dispatcherServlet'
2026-09-30 01:59:37 [] INFO  org.springframework.web.servlet.DispatcherServlet - Completed initialization in 3 ms
2026-09-30 01:59:37 [testuser] INFO  com.example.tailormaster.filter.LoggingInterceptor - User 'testuser' is requesting: GET /tailor-master/customers/details/j0ZnrPKi-w-fX7gvbUCebVJS9jirnYtDjReR28JBaWY=
2026-09-30 01:59:37 [testuser] INFO  com.example.tailormaster.controller.CustomerController - Displaying details for customer ID (encrypted): j0ZnrPKi-w-fX7gvbUCebVJS9jirnYtDjReR28JBaWY=
2026-09-30 01:59:38 [testuser] INFO  com.example.tailormaster.service.product.ProductService - Fetching all active products.
2026-09-30 01:59:38 [testuser] INFO  com.example.tailormaster.service.product.ProductService - Retrieved 4 active products.
2026-09-30 01:59:38 [testuser] INFO  com.example.tailormaster.controller.CustomerController - Fetched customer details: com.example.tailormaster.entity.Customer@1168097b
2026-09-30 01:59:39 [testuser] INFO  com.example.tailormaster.filter.LoggingInterceptor - User 'testuser' is requesting: GET /tailor-master/dashboard/notifications/upcoming-deliveries
2026-09-30 01:59:39 [testuser] INFO  com.example.tailormaster.controller.dashboard.DashboardController - Requested upcoming deliveries.
2026-09-30 01:59:40 [testuser] INFO  com.example.tailormaster.service.dashboard.DashboardService - Upcoming deliveries fetched: 22
2026-09-30 01:59:40 [testuser] INFO  com.example.tailormaster.controller.dashboard.DashboardController - Upcoming deliveries fetched: 22
2026-09-30 02:00:02 [testuser] INFO  com.example.tailormaster.filter.LoggingInterceptor - User 'testuser' is requesting: GET /tailor-master/customers/9/fields
2026-09-30 02:00:02 [testuser] INFO  com.example.tailormaster.service.product.ProductService - Fetching product by ID: 9
2026-09-30 02:00:15 [testuser] INFO  com.example.tailormaster.filter.LoggingInterceptor - User 'testuser' is requesting: GET /tailor-master/customers/10/fields
2026-09-30 02:00:15 [testuser] INFO  com.example.tailormaster.service.product.ProductService - Fetching product by ID: 10
2026-09-30 02:00:32 [testuser] INFO  com.example.tailormaster.filter.LoggingInterceptor - User 'testuser' is requesting: POST /tailor-master/customers/33/measurements
2026-09-30 02:00:32 [testuser] INFO  com.example.tailormaster.controller.CustomerController - ========== SAVE MEASUREMENT ENDPOINT HIT ==========
2026-09-30 02:00:32 [testuser] INFO  com.example.tailormaster.controller.CustomerController - customerId=33, productId=10, notes=null, measurements=null
2026-09-30 02:00:32 [testuser] ERROR com.example.tailormaster.controller.CustomerController - Error saving measurements for customerId=33, productId=10
java.lang.NullPointerException: Cannot invoke "java.util.Map.entrySet()" because "measurements" is null
	at com.example.tailormaster.service.customer.CustomerMeasurementService.saveMeasurements(CustomerMeasurementService.java:62) ~[classes/:?]
	at java.base/jdk.internal.reflect.NativeMethodAccessorImpl.invoke0(Native Method) ~[?:?]
	at java.base/jdk.internal.reflect.NativeMethodAccessorImpl.invoke(NativeMethodAccessorImpl.java:77) ~[?:?]
	at java.base/jdk.internal.reflect.DelegatingMethodAccessorImpl.invoke(DelegatingMethodAccessorImpl.java:43) ~[?:?]
	at java.base/java.lang.reflect.Method.invoke(Method.java:568) ~[?:?]
	at org.springframework.aop.support.AopUtils.invokeJoinpointUsingReflection(AopUtils.java:359) ~[spring-aop-6.2.1.jar:6.2.1]
	at org.springframework.aop.framework.ReflectiveMethodInvocation.invokeJoinpoint(ReflectiveMethodInvocation.java:196) ~[spring-aop-6.2.1.jar:6.2.1]
	at org.springframework.aop.framework.ReflectiveMethodInvocation.proceed(ReflectiveMethodInvocation.java:163) ~[spring-aop-6.2.1.jar:6.2.1]
	at org.springframework.transaction.interceptor.TransactionAspectSupport.invokeWithinTransaction(TransactionAspectSupport.java:380) ~[spring-tx-6.2.1.jar:6.2.1]
	at org.springframework.transaction.interceptor.TransactionInterceptor.invoke(TransactionInterceptor.java:119) ~[spring-tx-6.2.1.jar:6.2.1]
	at org.springframework.aop.framework.ReflectiveMethodInvocation.proceed(ReflectiveMethodInvocation.java:184) ~[spring-aop-6.2.1.jar:6.2.1]
	at org.springframework.aop.framework.CglibAopProxy$DynamicAdvisedInterceptor.intercept(CglibAopProxy.java:727) ~[spring-aop-6.2.1.jar:6.2.1]
	at com.example.tailormaster.service.customer.CustomerMeasurementService$$SpringCGLIB$$0.saveMeasurements(<generated>) ~[classes/:?]
	at com.example.tailormaster.controller.CustomerController.saveCustomerMeasurements(CustomerController.java:268) ~[classes/:?]
	at java.base/jdk.internal.reflect.NativeMethodAccessorImpl.invoke0(Native Method) ~[?:?]
	at java.base/jdk.internal.reflect.NativeMethodAccessorImpl.invoke(NativeMethodAccessorImpl.java:77) ~[?:?]
	at java.base/jdk.internal.reflect.DelegatingMethodAccessorImpl.invoke(DelegatingMethodAccessorImpl.java:43) ~[?:?]
	at java.base/java.lang.reflect.Method.invoke(Method.java:568) ~[?:?]
	at org.springframework.web.method.support.InvocableHandlerMethod.doInvoke(InvocableHandlerMethod.java:257) ~[spring-web-6.2.1.jar:6.2.1]
	at org.springframework.web.method.support.InvocableHandlerMethod.invokeForRequest(InvocableHandlerMethod.java:190) ~[spring-web-6.2.1.jar:6.2.1]
	at org.springframework.web.servlet.mvc.method.annotation.ServletInvocableHandlerMethod.invokeAndHandle(ServletInvocableHandlerMethod.java:118) ~[spring-webmvc-6.2.1.jar:6.2.1]
	at org.springframework.web.servlet.mvc.method.annotation.RequestMappingHandlerAdapter.invokeHandlerMethod(RequestMappingHandlerAdapter.java:986) ~[spring-webmvc-6.2.1.jar:6.2.1]
	at org.springframework.web.servlet.mvc.method.annotation.RequestMappingHandlerAdapter.handleInternal(RequestMappingHandlerAdapter.java:891) ~[spring-webmvc-6.2.1.jar:6.2.1]
	at org.springframework.web.servlet.mvc.method.AbstractHandlerMethodAdapter.handle(AbstractHandlerMethodAdapter.java:87) ~[spring-webmvc-6.2.1.jar:6.2.1]
	at org.springframework.web.servlet.DispatcherServlet.doDispatch(DispatcherServlet.java:1088) ~[spring-webmvc-6.2.1.jar:6.2.1]
	at org.springframework.web.servlet.DispatcherServlet.doService(DispatcherServlet.java:978) ~[spring-webmvc-6.2.1.jar:6.2.1]
	at org.springframework.web.servlet.FrameworkServlet.processRequest(FrameworkServlet.java:1014) ~[spring-webmvc-6.2.1.jar:6.2.1]
	at org.springframework.web.servlet.FrameworkServlet.doPost(FrameworkServlet.java:914) ~[spring-webmvc-6.2.1.jar:6.2.1]
	at jakarta.servlet.http.HttpServlet.service(HttpServlet.java:590) ~[tomcat-embed-core-10.1.40.jar:6.0]
	at org.springframework.web.servlet.FrameworkServlet.service(FrameworkServlet.java:885) ~[spring-webmvc-6.2.1.jar:6.2.1]
	at jakarta.servlet.http.HttpServlet.service(HttpServlet.java:658) ~[tomcat-embed-core-10.1.40.jar:6.0]
	at org.apache.catalina.core.ApplicationFilterChain.internalDoFilter(ApplicationFilterChain.java:195) ~[tomcat-embed-core-10.1.40.jar:10.1.40]
	at org.apache.catalina.core.ApplicationFilterChain.doFilter(ApplicationFilterChain.java:140) ~[tomcat-embed-core-10.1.40.jar:10.1.40]
	at org.apache.tomcat.websocket.server.WsFilter.doFilter(WsFilter.java:51) ~[tomcat-embed-websocket-10.1.40.jar:10.1.40]
	at org.apache.catalina.core.ApplicationFilterChain.internalDoFilter(ApplicationFilterChain.java:164) ~[tomcat-embed-core-10.1.40.jar:10.1.40]
	at org.apache.catalina.core.ApplicationFilterChain.doFilter(ApplicationFilterChain.java:140) ~[tomcat-embed-core-10.1.40.jar:10.1.40]
	at com.example.tailormaster.filter.LoggingMDCFilter.doFilter(LoggingMDCFilter.java:30) ~[classes/:?]
	at org.apache.catalina.core.ApplicationFilterChain.internalDoFilter(ApplicationFilterChain.java:164) ~[tomcat-embed-core-10.1.40.jar:10.1.40]
	at org.apache.catalina.core.ApplicationFilterChain.doFilter(ApplicationFilterChain.java:140) ~[tomcat-embed-core-10.1.40.jar:10.1.40]
	at org.springframework.web.filter.CompositeFilter$VirtualFilterChain.doFilter(CompositeFilter.java:108) ~[spring-web-6.2.1.jar:6.2.1]
	at org.springframework.security.web.FilterChainProxy.lambda$doFilterInternal$3(FilterChainProxy.java:231) ~[spring-security-web-6.4.2.jar:6.4.2]
	at org.springframework.security.web.FilterChainProxy$VirtualFilterChain.doFilter(FilterChainProxy.java:365) ~[spring-security-web-6.4.2.jar:6.4.2]
	at org.springframework.security.web.access.intercept.AuthorizationFilter.doFilter(AuthorizationFilter.java:101) ~[spring-security-web-6.4.2.jar:6.4.2]
	at org.springframework.security.web.FilterChainProxy$VirtualFilterChain.doFilter(FilterChainProxy.java:374) ~[spring-security-web-6.4.2.jar:6.4.2]
	at org.springframework.security.web.access.ExceptionTranslationFilter.doFilter(ExceptionTranslationFilter.java:126) ~[spring-security-web-6.4.2.jar:6.4.2]
	at org.springframework.security.web.access.ExceptionTranslationFilter.doFilter(ExceptionTranslationFilter.java:120) ~[spring-security-web-6.4.2.jar:6.4.2]
	at org.springframework.security.web.FilterChainProxy$VirtualFilterChain.doFilter(FilterChainProxy.java:374) ~[spring-security-web-6.4.2.jar:6.4.2]
	at org.springframework.security.web.authentication.AnonymousAuthenticationFilter.doFilter(AnonymousAuthenticationFilter.java:100) ~[spring-security-web-6.4.2.jar:6.4.2]
	at org.springframework.security.web.FilterChainProxy$VirtualFilterChain.doFilter(FilterChainProxy.java:374) ~[spring-security-web-6.4.2.jar:6.4.2]
	at org.springframework.security.web.servletapi.SecurityContextHolderAwareRequestFilter.doFilter(SecurityContextHolderAwareRequestFilter.java:179) ~[spring-security-web-6.4.2.jar:6.4.2]
	at org.springframework.security.web.FilterChainProxy$VirtualFilterChain.doFilter(FilterChainProxy.java:374) ~[spring-security-web-6.4.2.jar:6.4.2]
	at org.springframework.security.web.savedrequest.RequestCacheAwareFilter.doFilter(RequestCacheAwareFilter.java:63) ~[spring-security-web-6.4.2.jar:6.4.2]
	at org.springframework.security.web.FilterChainProxy$VirtualFilterChain.doFilter(FilterChainProxy.java:374) ~[spring-security-web-6.4.2.jar:6.4.2]
	at org.springframework.security.web.authentication.AbstractAuthenticationProcessingFilter.doFilter(AbstractAuthenticationProcessingFilter.java:227) ~[spring-security-web-6.4.2.jar:6.4.2]
	at org.springframework.security.web.authentication.AbstractAuthenticationProcessingFilter.doFilter(AbstractAuthenticationProcessingFilter.java:221) ~[spring-security-web-6.4.2.jar:6.4.2]
	at org.springframework.security.web.FilterChainProxy$VirtualFilterChain.doFilter(FilterChainProxy.java:374) ~[spring-security-web-6.4.2.jar:6.4.2]
	at org.springframework.security.web.authentication.logout.LogoutFilter.doFilter(LogoutFilter.java:107) ~[spring-security-web-6.4.2.jar:6.4.2]
	at org.springframework.security.web.authentication.logout.LogoutFilter.doFilter(LogoutFilter.java:93) ~[spring-security-web-6.4.2.jar:6.4.2]
	at org.springframework.security.web.FilterChainProxy$VirtualFilterChain.doFilter(FilterChainProxy.java:374) ~[spring-security-web-6.4.2.jar:6.4.2]
	at org.springframework.security.web.csrf.CsrfFilter.doFilterInternal(CsrfFilter.java:131) ~[spring-security-web-6.4.2.jar:6.4.2]
	at org.springframework.web.filter.OncePerRequestFilter.doFilter(OncePerRequestFilter.java:116) ~[spring-web-6.2.1.jar:6.2.1]
	at org.springframework.security.web.FilterChainProxy$VirtualFilterChain.doFilter(FilterChainProxy.java:374) ~[spring-security-web-6.4.2.jar:6.4.2]
	at org.springframework.security.web.header.HeaderWriterFilter.doHeadersAfter(HeaderWriterFilter.java:90) ~[spring-security-web-6.4.2.jar:6.4.2]
	at org.springframework.security.web.header.HeaderWriterFilter.doFilterInternal(HeaderWriterFilter.java:75) ~[spring-security-web-6.4.2.jar:6.4.2]
	at org.springframework.web.filter.OncePerRequestFilter.doFilter(OncePerRequestFilter.java:116) ~[spring-web-6.2.1.jar:6.2.1]
	at org.springframework.security.web.FilterChainProxy$VirtualFilterChain.doFilter(FilterChainProxy.java:374) ~[spring-security-web-6.4.2.jar:6.4.2]
	at org.springframework.security.web.context.SecurityContextHolderFilter.doFilter(SecurityContextHolderFilter.java:82) ~[spring-security-web-6.4.2.jar:6.4.2]
	at org.springframework.security.web.context.SecurityContextHolderFilter.doFilter(SecurityContextHolderFilter.java:69) ~[spring-security-web-6.4.2.jar:6.4.2]
	at org.springframework.security.web.FilterChainProxy$VirtualFilterChain.doFilter(FilterChainProxy.java:374) ~[spring-security-web-6.4.2.jar:6.4.2]
	at org.springframework.security.web.context.request.async.WebAsyncManagerIntegrationFilter.doFilterInternal(WebAsyncManagerIntegrationFilter.java:62) ~[spring-security-web-6.4.2.jar:6.4.2]
	at org.springframework.web.filter.OncePerRequestFilter.doFilter(OncePerRequestFilter.java:116) ~[spring-web-6.2.1.jar:6.2.1]
	at org.springframework.security.web.FilterChainProxy$VirtualFilterChain.doFilter(FilterChainProxy.java:374) ~[spring-security-web-6.4.2.jar:6.4.2]
	at org.springframework.security.web.session.DisableEncodeUrlFilter.doFilterInternal(DisableEncodeUrlFilter.java:42) ~[spring-security-web-6.4.2.jar:6.4.2]
	at org.springframework.web.filter.OncePerRequestFilter.doFilter(OncePerRequestFilter.java:116) ~[spring-web-6.2.1.jar:6.2.1]
	at org.springframework.security.web.FilterChainProxy$VirtualFilterChain.doFilter(FilterChainProxy.java:374) ~[spring-security-web-6.4.2.jar:6.4.2]
	at org.springframework.security.web.FilterChainProxy.doFilterInternal(FilterChainProxy.java:233) ~[spring-security-web-6.4.2.jar:6.4.2]
	at org.springframework.security.web.FilterChainProxy.doFilter(FilterChainProxy.java:191) ~[spring-security-web-6.4.2.jar:6.4.2]
	at org.springframework.web.filter.CompositeFilter$VirtualFilterChain.doFilter(CompositeFilter.java:113) ~[spring-web-6.2.1.jar:6.2.1]
	at org.springframework.web.servlet.handler.HandlerMappingIntrospector.lambda$createCacheFilter$3(HandlerMappingIntrospector.java:243) ~[spring-webmvc-6.2.1.jar:6.2.1]
	at org.springframework.web.filter.CompositeFilter$VirtualFilterChain.doFilter(CompositeFilter.java:113) [spring-web-6.2.1.jar:6.2.1]
	at org.springframework.web.filter.CompositeFilter.doFilter(CompositeFilter.java:74) [spring-web-6.2.1.jar:6.2.1]
	at org.springframework.security.config.annotation.web.configuration.WebMvcSecurityConfiguration$CompositeFilterChainProxy.doFilter(WebMvcSecurityConfiguration.java:238) [spring-security-config-6.4.2.jar:6.4.2]
	at org.springframework.web.filter.DelegatingFilterProxy.invokeDelegate(DelegatingFilterProxy.java:362) [spring-web-6.2.1.jar:6.2.1]
	at org.springframework.web.filter.DelegatingFilterProxy.doFilter(DelegatingFilterProxy.java:278) [spring-web-6.2.1.jar:6.2.1]
	at org.apache.catalina.core.ApplicationFilterChain.internalDoFilter(ApplicationFilterChain.java:164) [tomcat-embed-core-10.1.40.jar:10.1.40]
	at org.apache.catalina.core.ApplicationFilterChain.doFilter(ApplicationFilterChain.java:140) [tomcat-embed-core-10.1.40.jar:10.1.40]
	at org.springframework.web.filter.RequestContextFilter.doFilterInternal(RequestContextFilter.java:100) [spring-web-6.2.1.jar:6.2.1]
	at org.springframework.web.filter.OncePerRequestFilter.doFilter(OncePerRequestFilter.java:116) [spring-web-6.2.1.jar:6.2.1]
	at org.apache.catalina.core.ApplicationFilterChain.internalDoFilter(ApplicationFilterChain.java:164) [tomcat-embed-core-10.1.40.jar:10.1.40]
	at org.apache.catalina.core.ApplicationFilterChain.doFilter(ApplicationFilterChain.java:140) [tomcat-embed-core-10.1.40.jar:10.1.40]
	at org.springframework.web.filter.FormContentFilter.doFilterInternal(FormContentFilter.java:93) [spring-web-6.2.1.jar:6.2.1]
	at org.springframework.web.filter.OncePerRequestFilter.doFilter(OncePerRequestFilter.java:116) [spring-web-6.2.1.jar:6.2.1]
	at org.apache.catalina.core.ApplicationFilterChain.internalDoFilter(ApplicationFilterChain.java:164) [tomcat-embed-core-10.1.40.jar:10.1.40]
	at org.apache.catalina.core.ApplicationFilterChain.doFilter(ApplicationFilterChain.java:140) [tomcat-embed-core-10.1.40.jar:10.1.40]
	at org.springframework.web.filter.CharacterEncodingFilter.doFilterInternal(CharacterEncodingFilter.java:201) [spring-web-6.2.1.jar:6.2.1]
	at org.springframework.web.filter.OncePerRequestFilter.doFilter(OncePerRequestFilter.java:116) [spring-web-6.2.1.jar:6.2.1]
	at org.apache.catalina.core.ApplicationFilterChain.internalDoFilter(ApplicationFilterChain.java:164) [tomcat-embed-core-10.1.40.jar:10.1.40]
	at org.apache.catalina.core.ApplicationFilterChain.doFilter(ApplicationFilterChain.java:140) [tomcat-embed-core-10.1.40.jar:10.1.40]
	at org.apache.catalina.core.StandardWrapperValve.invoke(StandardWrapperValve.java:167) [tomcat-embed-core-10.1.40.jar:10.1.40]
	at org.apache.catalina.core.StandardContextValve.invoke(StandardContextValve.java:90) [tomcat-embed-core-10.1.40.jar:10.1.40]
	at org.apache.catalina.authenticator.AuthenticatorBase.invoke(AuthenticatorBase.java:483) [tomcat-embed-core-10.1.40.jar:10.1.40]
	at org.apache.catalina.core.StandardHostValve.invoke(StandardHostValve.java:116) [tomcat-embed-core-10.1.40.jar:10.1.40]
	at org.apache.catalina.valves.ErrorReportValve.invoke(ErrorReportValve.java:93) [tomcat-embed-core-10.1.40.jar:10.1.40]
	at org.apache.catalina.core.StandardEngineValve.invoke(StandardEngineValve.java:74) [tomcat-embed-core-10.1.40.jar:10.1.40]
	at org.apache.catalina.connector.CoyoteAdapter.service(CoyoteAdapter.java:344) [tomcat-embed-core-10.1.40.jar:10.1.40]
	at org.apache.coyote.http11.Http11Processor.service(Http11Processor.java:398) [tomcat-embed-core-10.1.40.jar:10.1.40]
	at org.apache.coyote.AbstractProcessorLight.process(AbstractProcessorLight.java:63) [tomcat-embed-core-10.1.40.jar:10.1.40]
	at org.apache.coyote.AbstractProtocol$ConnectionHandler.process(AbstractProtocol.java:903) [tomcat-embed-core-10.1.40.jar:10.1.40]
	at org.apache.tomcat.util.net.NioEndpoint$SocketProcessor.doRun(NioEndpoint.java:1740) [tomcat-embed-core-10.1.40.jar:10.1.40]
	at org.apache.tomcat.util.net.SocketProcessorBase.run(SocketProcessorBase.java:52) [tomcat-embed-core-10.1.40.jar:10.1.40]
	at org.apache.tomcat.util.threads.ThreadPoolExecutor.runWorker(ThreadPoolExecutor.java:1189) [tomcat-embed-core-10.1.40.jar:10.1.40]
	at org.apache.tomcat.util.threads.ThreadPoolExecutor$Worker.run(ThreadPoolExecutor.java:658) [tomcat-embed-core-10.1.40.jar:10.1.40]
	at org.apache.tomcat.util.threads.TaskThread$WrappingRunnable.run(TaskThread.java:63) [tomcat-embed-core-10.1.40.jar:10.1.40]
	at java.base/java.lang.Thread.run(Thread.java:833) [?:?]
2026-09-30 02:01:02 [] INFO  org.springframework.boot.devtools.autoconfigure.LocalDevToolsAutoConfiguration$RestartingClassPathChangeChangedEventListener - Restarting due to 1 class path change (0 additions, 1 deletion, 0 modifications)
2026-09-30 02:01:02 [] INFO  org.springframework.boot.web.embedded.tomcat.GracefulShutdown - Commencing graceful shutdown. Waiting for active requests to complete
2026-09-30 02:01:02 [] INFO  org.apache.coyote.http11.Http11NioProtocol - Pausing ProtocolHandler ["http-nio-8080"]
2026-09-30 02:01:03 [] INFO  org.springframework.boot.web.embedded.tomcat.GracefulShutdown - Graceful shutdown complete
2026-09-30 02:01:03 [] INFO  org.apache.coyote.http11.Http11NioProtocol - Stopping ProtocolHandler ["http-nio-8080"]
2026-09-30 02:01:03 [] INFO  org.springframework.orm.jpa.LocalContainerEntityManagerFactoryBean - Closing JPA EntityManagerFactory for persistence unit 'default'
2026-09-30 02:01:03 [] INFO  com.zaxxer.hikari.HikariDataSource - HikariPool-1 - Shutdown initiated...
2026-09-30 02:01:03 [] INFO  com.zaxxer.hikari.HikariDataSource - HikariPool-1 - Shutdown completed.
2026-09-30 02:01:04 [] INFO  com.example.tailormaster.TailorMasterAppApplication - Starting TailorMasterAppApplication using Java 17.0.2 with PID 18880 (E:\Development-Workspaces\tailor-app-new-enhancements\tailor-master-app\tailor-master-app\target\classes started by wajiz.pk in E:\Development-Workspaces\tailor-app-new-enhancements\tailor-master-app)
2026-09-30 02:01:04 [] INFO  com.example.tailormaster.TailorMasterAppApplication - No active profile set, falling back to 1 default profile: "default"
2026-09-30 02:01:05 [] INFO  org.springframework.data.repository.config.RepositoryConfigurationDelegate - Bootstrapping Spring Data JPA repositories in DEFAULT mode.
2026-09-30 02:01:05 [] INFO  org.springframework.data.repository.config.RepositoryConfigurationDelegate - Finished Spring Data repository scanning in 182 ms. Found 21 JPA repository interfaces.
2026-09-30 02:01:06 [] INFO  org.springframework.boot.web.embedded.tomcat.TomcatWebServer - Tomcat initialized with port 8080 (http)
2026-09-30 02:01:06 [] INFO  org.apache.coyote.http11.Http11NioProtocol - Initializing ProtocolHandler ["http-nio-8080"]
2026-09-30 02:01:06 [] INFO  org.apache.catalina.core.StandardService - Starting service [Tomcat]
2026-09-30 02:01:06 [] INFO  org.apache.catalina.core.StandardEngine - Starting Servlet engine: [Apache Tomcat/10.1.40]
2026-09-30 02:01:06 [] INFO  org.apache.catalina.core.ContainerBase.[Tomcat].[localhost].[/tailor-master] - Initializing Spring embedded WebApplicationContext
2026-09-30 02:01:06 [] INFO  org.springframework.boot.web.servlet.context.ServletWebServerApplicationContext - Root WebApplicationContext: initialization completed in 1981 ms
2026-09-30 02:01:06 [] INFO  org.hibernate.jpa.internal.util.LogHelper - HHH000204: Processing PersistenceUnitInfo [name: default]
2026-09-30 02:01:06 [] INFO  org.hibernate.cache.internal.RegionFactoryInitiator - HHH000026: Second-level cache disabled
2026-09-30 02:01:06 [] INFO  org.springframework.orm.jpa.persistenceunit.SpringPersistenceUnitInfo - No LoadTimeWeaver setup: ignoring JPA class transformer
2026-09-30 02:01:06 [] INFO  com.zaxxer.hikari.HikariDataSource - HikariPool-2 - Starting...
2026-09-30 02:01:06 [] INFO  com.zaxxer.hikari.pool.HikariPool - HikariPool-2 - Added connection com.mysql.cj.jdbc.ConnectionImpl@e14915b
2026-09-30 02:01:06 [] INFO  com.zaxxer.hikari.HikariDataSource - HikariPool-2 - Start completed.
2026-09-30 02:01:06 [] INFO  org.hibernate.orm.connections.pooling - HHH10001005: Database info:
	Database JDBC URL [Connecting through datasource 'HikariDataSource (HikariPool-2)']
	Database driver: undefined/unknown
	Database version: 8.0.28
	Autocommit mode: undefined/unknown
	Isolation level: undefined/unknown
	Minimum pool size: undefined/unknown
	Maximum pool size: undefined/unknown
2026-09-30 02:01:07 [] INFO  org.hibernate.engine.transaction.jta.platform.internal.JtaPlatformInitiator - HHH000489: No JTA platform available (set 'hibernate.transaction.jta.platform' to enable JTA platform integration)
2026-09-30 02:01:08 [] INFO  org.springframework.orm.jpa.LocalContainerEntityManagerFactoryBean - Initialized JPA EntityManagerFactory for persistence unit 'default'
2026-09-30 02:01:09 [] WARN  org.springframework.boot.autoconfigure.orm.jpa.JpaBaseConfiguration$JpaWebConfiguration - spring.jpa.open-in-view is enabled by default. Therefore, database queries may be performed during view rendering. Explicitly configure spring.jpa.open-in-view to disable this warning
2026-09-30 02:01:09 [] INFO  org.springframework.security.config.annotation.authentication.configuration.InitializeAuthenticationProviderBeanManagerConfigurer$InitializeAuthenticationProviderManagerConfigurer - Global AuthenticationManager configured with AuthenticationProvider bean with name authenticationProvider
2026-09-30 02:01:09 [] WARN  org.springframework.security.config.annotation.authentication.configuration.InitializeUserDetailsBeanManagerConfigurer$InitializeUserDetailsManagerConfigurer - Global AuthenticationManager configured with an AuthenticationProvider bean. UserDetailsService beans will not be used by Spring Security for automatically configuring username/password login. Consider removing the AuthenticationProvider bean. Alternatively, consider using the UserDetailsService in a manually instantiated DaoAuthenticationProvider. If the current configuration is intentional, to turn off this warning, increase the logging level of 'org.springframework.security.config.annotation.authentication.configuration.InitializeUserDetailsBeanManagerConfigurer' to ERROR
2026-09-30 02:01:09 [] INFO  org.springframework.boot.devtools.autoconfigure.OptionalLiveReloadServer - LiveReload server is running on port 35729
2026-09-30 02:01:09 [] INFO  org.apache.coyote.http11.Http11NioProtocol - Starting ProtocolHandler ["http-nio-8080"]
2026-09-30 02:01:09 [] INFO  org.springframework.boot.web.embedded.tomcat.TomcatWebServer - Tomcat started on port 8080 (http) with context path '/tailor-master'
2026-09-30 02:01:09 [] INFO  com.example.tailormaster.TailorMasterAppApplication - Started TailorMasterAppApplication in 5.797 seconds (process running for 133.991)
2026-09-30 02:01:09 [] INFO  org.springframework.boot.devtools.autoconfigure.ConditionEvaluationDeltaLoggingListener - Condition evaluation unchanged
2026-09-30 02:01:12 [] INFO  org.springframework.boot.devtools.autoconfigure.LocalDevToolsAutoConfiguration$RestartingClassPathChangeChangedEventListener - Restarting due to 1 class path change (1 addition, 0 deletions, 0 modifications)
2026-09-30 02:01:12 [] INFO  org.springframework.boot.web.embedded.tomcat.GracefulShutdown - Commencing graceful shutdown. Waiting for active requests to complete
2026-09-30 02:01:12 [] INFO  org.apache.coyote.http11.Http11NioProtocol - Pausing ProtocolHandler ["http-nio-8080"]
2026-09-30 02:01:13 [] INFO  org.springframework.boot.web.embedded.tomcat.GracefulShutdown - Graceful shutdown complete
2026-09-30 02:01:13 [] INFO  org.apache.coyote.http11.Http11NioProtocol - Stopping ProtocolHandler ["http-nio-8080"]
2026-09-30 02:01:13 [] INFO  org.springframework.orm.jpa.LocalContainerEntityManagerFactoryBean - Closing JPA EntityManagerFactory for persistence unit 'default'
2026-09-30 02:01:13 [] INFO  com.zaxxer.hikari.HikariDataSource - HikariPool-2 - Shutdown initiated...
2026-09-30 02:01:13 [] INFO  com.zaxxer.hikari.HikariDataSource - HikariPool-2 - Shutdown completed.
2026-09-30 02:01:13 [] INFO  com.example.tailormaster.TailorMasterAppApplication - Starting TailorMasterAppApplication using Java 17.0.2 with PID 18880 (E:\Development-Workspaces\tailor-app-new-enhancements\tailor-master-app\tailor-master-app\target\classes started by wajiz.pk in E:\Development-Workspaces\tailor-app-new-enhancements\tailor-master-app)
2026-09-30 02:01:13 [] INFO  com.example.tailormaster.TailorMasterAppApplication - No active profile set, falling back to 1 default profile: "default"
2026-09-30 02:01:14 [] INFO  org.springframework.data.repository.config.RepositoryConfigurationDelegate - Bootstrapping Spring Data JPA repositories in DEFAULT mode.
2026-09-30 02:01:14 [] INFO  org.springframework.data.repository.config.RepositoryConfigurationDelegate - Finished Spring Data repository scanning in 130 ms. Found 21 JPA repository interfaces.
2026-09-30 02:01:15 [] INFO  org.springframework.boot.web.embedded.tomcat.TomcatWebServer - Tomcat initialized with port 8080 (http)
2026-09-30 02:01:15 [] INFO  org.apache.coyote.http11.Http11NioProtocol - Initializing ProtocolHandler ["http-nio-8080"]
2026-09-30 02:01:15 [] INFO  org.apache.catalina.core.StandardService - Starting service [Tomcat]
2026-09-30 02:01:15 [] INFO  org.apache.catalina.core.StandardEngine - Starting Servlet engine: [Apache Tomcat/10.1.40]
2026-09-30 02:01:15 [] INFO  org.apache.catalina.core.ContainerBase.[Tomcat].[localhost].[/tailor-master] - Initializing Spring embedded WebApplicationContext
2026-09-30 02:01:15 [] INFO  org.springframework.boot.web.servlet.context.ServletWebServerApplicationContext - Root WebApplicationContext: initialization completed in 1806 ms
2026-09-30 02:01:15 [] INFO  org.hibernate.jpa.internal.util.LogHelper - HHH000204: Processing PersistenceUnitInfo [name: default]
2026-09-30 02:01:15 [] INFO  org.hibernate.cache.internal.RegionFactoryInitiator - HHH000026: Second-level cache disabled
2026-09-30 02:01:15 [] INFO  org.springframework.orm.jpa.persistenceunit.SpringPersistenceUnitInfo - No LoadTimeWeaver setup: ignoring JPA class transformer
2026-09-30 02:01:15 [] INFO  com.zaxxer.hikari.HikariDataSource - HikariPool-3 - Starting...
2026-09-30 02:01:15 [] INFO  com.zaxxer.hikari.pool.HikariPool - HikariPool-3 - Added connection com.mysql.cj.jdbc.ConnectionImpl@3f66d102
2026-09-30 02:01:15 [] INFO  com.zaxxer.hikari.HikariDataSource - HikariPool-3 - Start completed.
2026-09-30 02:01:15 [] INFO  org.hibernate.orm.connections.pooling - HHH10001005: Database info:
	Database JDBC URL [Connecting through datasource 'HikariDataSource (HikariPool-3)']
	Database driver: undefined/unknown
	Database version: 8.0.28
	Autocommit mode: undefined/unknown
	Isolation level: undefined/unknown
	Minimum pool size: undefined/unknown
	Maximum pool size: undefined/unknown
2026-09-30 02:01:16 [] INFO  org.hibernate.engine.transaction.jta.platform.internal.JtaPlatformInitiator - HHH000489: No JTA platform available (set 'hibernate.transaction.jta.platform' to enable JTA platform integration)
2026-09-30 02:01:16 [] INFO  org.springframework.orm.jpa.LocalContainerEntityManagerFactoryBean - Initialized JPA EntityManagerFactory for persistence unit 'default'
2026-09-30 02:01:17 [] WARN  org.springframework.boot.autoconfigure.orm.jpa.JpaBaseConfiguration$JpaWebConfiguration - spring.jpa.open-in-view is enabled by default. Therefore, database queries may be performed during view rendering. Explicitly configure spring.jpa.open-in-view to disable this warning
2026-09-30 02:01:17 [] INFO  org.springframework.security.config.annotation.authentication.configuration.InitializeAuthenticationProviderBeanManagerConfigurer$InitializeAuthenticationProviderManagerConfigurer - Global AuthenticationManager configured with AuthenticationProvider bean with name authenticationProvider
2026-09-30 02:01:17 [] WARN  org.springframework.security.config.annotation.authentication.configuration.InitializeUserDetailsBeanManagerConfigurer$InitializeUserDetailsManagerConfigurer - Global AuthenticationManager configured with an AuthenticationProvider bean. UserDetailsService beans will not be used by Spring Security for automatically configuring username/password login. Consider removing the AuthenticationProvider bean. Alternatively, consider using the UserDetailsService in a manually instantiated DaoAuthenticationProvider. If the current configuration is intentional, to turn off this warning, increase the logging level of 'org.springframework.security.config.annotation.authentication.configuration.InitializeUserDetailsBeanManagerConfigurer' to ERROR
2026-09-30 02:01:17 [] INFO  org.springframework.boot.devtools.autoconfigure.OptionalLiveReloadServer - LiveReload server is running on port 35729
2026-09-30 02:01:17 [] INFO  org.apache.coyote.http11.Http11NioProtocol - Starting ProtocolHandler ["http-nio-8080"]
2026-09-30 02:01:17 [] INFO  org.springframework.boot.web.embedded.tomcat.TomcatWebServer - Tomcat started on port 8080 (http) with context path '/tailor-master'
2026-09-30 02:01:18 [] INFO  com.example.tailormaster.TailorMasterAppApplication - Started TailorMasterAppApplication in 4.632 seconds (process running for 142.262)
2026-09-30 02:01:18 [] INFO  org.springframework.boot.devtools.autoconfigure.ConditionEvaluationDeltaLoggingListener - Condition evaluation unchanged
2026-09-30 02:03:31 [] INFO  org.apache.catalina.core.ContainerBase.[Tomcat].[localhost].[/tailor-master] - Initializing Spring DispatcherServlet 'dispatcherServlet'
2026-09-30 02:03:31 [] INFO  org.springframework.web.servlet.DispatcherServlet - Initializing Servlet 'dispatcherServlet'
2026-09-30 02:03:31 [] INFO  org.springframework.web.servlet.DispatcherServlet - Completed initialization in 10 ms
2026-09-30 02:03:31 [testuser] INFO  com.example.tailormaster.filter.LoggingInterceptor - User 'testuser' is requesting: GET /tailor-master/customers/details/j0ZnrPKi-w-fX7gvbUCebVJS9jirnYtDjReR28JBaWY=
2026-09-30 02:03:31 [testuser] INFO  com.example.tailormaster.controller.CustomerController - Displaying details for customer ID (encrypted): j0ZnrPKi-w-fX7gvbUCebVJS9jirnYtDjReR28JBaWY=
2026-09-30 02:03:32 [testuser] INFO  com.example.tailormaster.service.product.ProductService - Fetching all active products.
2026-09-30 02:03:32 [testuser] INFO  com.example.tailormaster.service.product.ProductService - Retrieved 4 active products.
2026-09-30 02:03:32 [testuser] INFO  com.example.tailormaster.controller.CustomerController - Fetched customer details: com.example.tailormaster.entity.Customer@6b112ea1
2026-09-30 02:03:32 [testuser] INFO  com.example.tailormaster.filter.LoggingInterceptor - User 'testuser' is requesting: GET /tailor-master/dashboard/notifications/upcoming-deliveries
2026-09-30 02:03:32 [testuser] INFO  com.example.tailormaster.controller.dashboard.DashboardController - Requested upcoming deliveries.
2026-09-30 02:03:33 [testuser] INFO  com.example.tailormaster.service.dashboard.DashboardService - Upcoming deliveries fetched: 22
2026-09-30 02:03:33 [testuser] INFO  com.example.tailormaster.controller.dashboard.DashboardController - Upcoming deliveries fetched: 22
2026-09-30 02:03:38 [testuser] INFO  com.example.tailormaster.filter.LoggingInterceptor - User 'testuser' is requesting: GET /tailor-master/customers/10/fields
2026-09-30 02:03:38 [testuser] INFO  com.example.tailormaster.service.product.ProductService - Fetching product by ID: 10
2026-09-30 02:03:49 [testuser] INFO  com.example.tailormaster.filter.LoggingInterceptor - User 'testuser' is requesting: POST /tailor-master/customers/33/measurements
2026-09-30 02:03:49 [testuser] INFO  com.example.tailormaster.controller.CustomerController - ========== SAVE MEASUREMENT ENDPOINT HIT ==========
2026-09-30 02:03:49 [testuser] INFO  com.example.tailormaster.controller.CustomerController - customerId=33, productId=10, notes=Sleeves thori loose rakhni hain, measurements={187=11, 190=op3}
2026-09-30 02:03:49 [testuser] INFO  com.example.tailormaster.controller.CustomerController - Measurements saved successfully for customerId=33, productId=10
2026-09-30 02:03:52 [testuser] INFO  com.example.tailormaster.filter.LoggingInterceptor - User 'testuser' is requesting: GET /tailor-master/customers/details/j0ZnrPKi-w-fX7gvbUCebVJS9jirnYtDjReR28JBaWY=
2026-09-30 02:03:52 [testuser] INFO  com.example.tailormaster.controller.CustomerController - Displaying details for customer ID (encrypted): j0ZnrPKi-w-fX7gvbUCebVJS9jirnYtDjReR28JBaWY=
2026-09-30 02:03:53 [testuser] INFO  com.example.tailormaster.service.product.ProductService - Fetching all active products.
2026-09-30 02:03:53 [testuser] INFO  com.example.tailormaster.service.product.ProductService - Retrieved 4 active products.
2026-09-30 02:03:53 [testuser] INFO  com.example.tailormaster.controller.CustomerController - Fetched customer details: com.example.tailormaster.entity.Customer@64fc6dbd
2026-09-30 02:03:53 [testuser] INFO  com.example.tailormaster.filter.LoggingInterceptor - User 'testuser' is requesting: GET /tailor-master/dashboard/notifications/upcoming-deliveries
2026-09-30 02:03:53 [testuser] INFO  com.example.tailormaster.controller.dashboard.DashboardController - Requested upcoming deliveries.
2026-09-30 02:03:54 [testuser] INFO  com.example.tailormaster.service.dashboard.DashboardService - Upcoming deliveries fetched: 22
2026-09-30 02:03:54 [testuser] INFO  com.example.tailormaster.controller.dashboard.DashboardController - Upcoming deliveries fetched: 22
2026-09-30 02:08:01 [] INFO  org.springframework.boot.devtools.autoconfigure.LocalDevToolsAutoConfiguration$RestartingClassPathChangeChangedEventListener - Restarting due to 1 class path change (0 additions, 1 deletion, 0 modifications)
2026-09-30 02:08:01 [] INFO  org.springframework.boot.web.embedded.tomcat.GracefulShutdown - Commencing graceful shutdown. Waiting for active requests to complete
2026-09-30 02:08:01 [] INFO  org.apache.coyote.http11.Http11NioProtocol - Pausing ProtocolHandler ["http-nio-8080"]
2026-09-30 02:08:02 [] INFO  org.springframework.boot.web.embedded.tomcat.GracefulShutdown - Graceful shutdown complete
2026-09-30 02:08:02 [] INFO  org.apache.coyote.http11.Http11NioProtocol - Stopping ProtocolHandler ["http-nio-8080"]
2026-09-30 02:08:02 [] INFO  org.springframework.orm.jpa.LocalContainerEntityManagerFactoryBean - Closing JPA EntityManagerFactory for persistence unit 'default'
2026-09-30 02:08:02 [] INFO  com.zaxxer.hikari.HikariDataSource - HikariPool-3 - Shutdown initiated...
2026-09-30 02:08:02 [] INFO  com.zaxxer.hikari.HikariDataSource - HikariPool-3 - Shutdown completed.
2026-09-30 02:08:03 [] INFO  com.example.tailormaster.TailorMasterAppApplication - Starting TailorMasterAppApplication using Java 17.0.2 with PID 18880 (E:\Development-Workspaces\tailor-app-new-enhancements\tailor-master-app\tailor-master-app\target\classes started by wajiz.pk in E:\Development-Workspaces\tailor-app-new-enhancements\tailor-master-app)
2026-09-30 02:08:03 [] INFO  com.example.tailormaster.TailorMasterAppApplication - No active profile set, falling back to 1 default profile: "default"
2026-09-30 02:08:04 [] INFO  org.springframework.data.repository.config.RepositoryConfigurationDelegate - Bootstrapping Spring Data JPA repositories in DEFAULT mode.
2026-09-30 02:08:04 [] INFO  org.springframework.data.repository.config.RepositoryConfigurationDelegate - Finished Spring Data repository scanning in 164 ms. Found 21 JPA repository interfaces.
2026-09-30 02:08:05 [] INFO  org.springframework.boot.web.embedded.tomcat.TomcatWebServer - Tomcat initialized with port 8080 (http)
2026-09-30 02:08:05 [] INFO  org.apache.coyote.http11.Http11NioProtocol - Initializing ProtocolHandler ["http-nio-8080"]
2026-09-30 02:08:05 [] INFO  org.apache.catalina.core.StandardService - Starting service [Tomcat]
2026-09-30 02:08:05 [] INFO  org.apache.catalina.core.StandardEngine - Starting Servlet engine: [Apache Tomcat/10.1.40]
2026-09-30 02:08:05 [] INFO  org.apache.catalina.core.ContainerBase.[Tomcat].[localhost].[/tailor-master] - Initializing Spring embedded WebApplicationContext
2026-09-30 02:08:05 [] INFO  org.springframework.boot.web.servlet.context.ServletWebServerApplicationContext - Root WebApplicationContext: initialization completed in 1535 ms
2026-09-30 02:08:05 [] INFO  org.hibernate.jpa.internal.util.LogHelper - HHH000204: Processing PersistenceUnitInfo [name: default]
2026-09-30 02:08:05 [] INFO  org.hibernate.cache.internal.RegionFactoryInitiator - HHH000026: Second-level cache disabled
2026-09-30 02:08:05 [] INFO  org.springframework.orm.jpa.persistenceunit.SpringPersistenceUnitInfo - No LoadTimeWeaver setup: ignoring JPA class transformer
2026-09-30 02:08:05 [] INFO  com.zaxxer.hikari.HikariDataSource - HikariPool-4 - Starting...
2026-09-30 02:08:05 [] INFO  com.zaxxer.hikari.pool.HikariPool - HikariPool-4 - Added connection com.mysql.cj.jdbc.ConnectionImpl@3fad610
2026-09-30 02:08:05 [] INFO  com.zaxxer.hikari.HikariDataSource - HikariPool-4 - Start completed.
2026-09-30 02:08:05 [] INFO  org.hibernate.orm.connections.pooling - HHH10001005: Database info:
	Database JDBC URL [Connecting through datasource 'HikariDataSource (HikariPool-4)']
	Database driver: undefined/unknown
	Database version: 8.0.28
	Autocommit mode: undefined/unknown
	Isolation level: undefined/unknown
	Minimum pool size: undefined/unknown
	Maximum pool size: undefined/unknown
2026-09-30 02:08:06 [] INFO  org.hibernate.engine.transaction.jta.platform.internal.JtaPlatformInitiator - HHH000489: No JTA platform available (set 'hibernate.transaction.jta.platform' to enable JTA platform integration)
2026-09-30 02:08:07 [] INFO  org.springframework.orm.jpa.LocalContainerEntityManagerFactoryBean - Initialized JPA EntityManagerFactory for persistence unit 'default'
2026-09-30 02:08:08 [] WARN  org.springframework.boot.web.servlet.context.AnnotationConfigServletWebServerApplicationContext - Exception encountered during context initialization - cancelling refresh attempt: org.springframework.beans.factory.UnsatisfiedDependencyException: Error creating bean with name 'customerController' defined in file [E:\Development-Workspaces\tailor-app-new-enhancements\tailor-master-app\tailor-master-app\target\classes\com\example\tailormaster\controller\CustomerController.class]: Unsatisfied dependency expressed through constructor parameter 2: No qualifying bean of type 'com.example.tailormaster.service.customer.CustomerMeasurementService' available: expected at least 1 bean which qualifies as autowire candidate. Dependency annotations: {}
2026-09-30 02:08:08 [] INFO  org.springframework.orm.jpa.LocalContainerEntityManagerFactoryBean - Closing JPA EntityManagerFactory for persistence unit 'default'
2026-09-30 02:08:08 [] INFO  com.zaxxer.hikari.HikariDataSource - HikariPool-4 - Shutdown initiated...
2026-09-30 02:08:08 [] INFO  com.zaxxer.hikari.HikariDataSource - HikariPool-4 - Shutdown completed.
2026-09-30 02:08:08 [] INFO  org.apache.catalina.core.StandardService - Stopping service [Tomcat]
2026-09-30 02:08:08 [] INFO  org.springframework.boot.autoconfigure.logging.ConditionEvaluationReportLogger - 

Error starting ApplicationContext. To display the condition evaluation report re-run your application with 'debug' enabled.
2026-09-30 02:08:08 [] ERROR org.springframework.boot.diagnostics.LoggingFailureAnalysisReporter - 

***************************
APPLICATION FAILED TO START
***************************

Description:

Parameter 2 of constructor in com.example.tailormaster.controller.CustomerController required a bean of type 'com.example.tailormaster.service.customer.CustomerMeasurementService' that could not be found.


Action:

Consider defining a bean of type 'com.example.tailormaster.service.customer.CustomerMeasurementService' in your configuration.

2026-09-30 02:08:10 [] INFO  com.example.tailormaster.TailorMasterAppApplication - Starting TailorMasterAppApplication using Java 17.0.2 with PID 18880 (E:\Development-Workspaces\tailor-app-new-enhancements\tailor-master-app\tailor-master-app\target\classes started by wajiz.pk in E:\Development-Workspaces\tailor-app-new-enhancements\tailor-master-app)
2026-09-30 02:08:10 [] INFO  com.example.tailormaster.TailorMasterAppApplication - No active profile set, falling back to 1 default profile: "default"
2026-09-30 02:08:11 [] INFO  org.springframework.data.repository.config.RepositoryConfigurationDelegate - Bootstrapping Spring Data JPA repositories in DEFAULT mode.
2026-09-30 02:08:11 [] INFO  org.springframework.data.repository.config.RepositoryConfigurationDelegate - Finished Spring Data repository scanning in 309 ms. Found 21 JPA repository interfaces.
2026-09-30 02:08:13 [] INFO  org.springframework.boot.web.embedded.tomcat.TomcatWebServer - Tomcat initialized with port 8080 (http)
2026-09-30 02:08:13 [] INFO  org.apache.coyote.http11.Http11NioProtocol - Initializing ProtocolHandler ["http-nio-8080"]
2026-09-30 02:08:13 [] INFO  org.apache.catalina.core.StandardService - Starting service [Tomcat]
2026-09-30 02:08:13 [] INFO  org.apache.catalina.core.StandardEngine - Starting Servlet engine: [Apache Tomcat/10.1.40]
2026-09-30 02:08:13 [] INFO  org.apache.catalina.core.ContainerBase.[Tomcat-1].[localhost].[/tailor-master] - Initializing Spring embedded WebApplicationContext
2026-09-30 02:08:13 [] INFO  org.springframework.boot.web.servlet.context.ServletWebServerApplicationContext - Root WebApplicationContext: initialization completed in 2854 ms
2026-09-30 02:08:13 [] INFO  org.hibernate.jpa.internal.util.LogHelper - HHH000204: Processing PersistenceUnitInfo [name: default]
2026-09-30 02:08:13 [] INFO  org.hibernate.cache.internal.RegionFactoryInitiator - HHH000026: Second-level cache disabled
2026-09-30 02:08:13 [] INFO  org.springframework.orm.jpa.persistenceunit.SpringPersistenceUnitInfo - No LoadTimeWeaver setup: ignoring JPA class transformer
2026-09-30 02:08:13 [] INFO  com.zaxxer.hikari.HikariDataSource - HikariPool-5 - Starting...
2026-09-30 02:08:13 [] INFO  com.zaxxer.hikari.pool.HikariPool - HikariPool-5 - Added connection com.mysql.cj.jdbc.ConnectionImpl@7fc81fcd
2026-09-30 02:08:13 [] INFO  com.zaxxer.hikari.HikariDataSource - HikariPool-5 - Start completed.
2026-09-30 02:08:13 [] INFO  org.hibernate.orm.connections.pooling - HHH10001005: Database info:
	Database JDBC URL [Connecting through datasource 'HikariDataSource (HikariPool-5)']
	Database driver: undefined/unknown
	Database version: 8.0.28
	Autocommit mode: undefined/unknown
	Isolation level: undefined/unknown
	Minimum pool size: undefined/unknown
	Maximum pool size: undefined/unknown
2026-09-30 02:08:14 [] INFO  org.hibernate.engine.transaction.jta.platform.internal.JtaPlatformInitiator - HHH000489: No JTA platform available (set 'hibernate.transaction.jta.platform' to enable JTA platform integration)
2026-09-30 02:08:15 [] INFO  org.springframework.orm.jpa.LocalContainerEntityManagerFactoryBean - Initialized JPA EntityManagerFactory for persistence unit 'default'
2026-09-30 02:08:15 [] WARN  org.springframework.boot.autoconfigure.orm.jpa.JpaBaseConfiguration$JpaWebConfiguration - spring.jpa.open-in-view is enabled by default. Therefore, database queries may be performed during view rendering. Explicitly configure spring.jpa.open-in-view to disable this warning
2026-09-30 02:08:15 [] INFO  org.springframework.security.config.annotation.authentication.configuration.InitializeAuthenticationProviderBeanManagerConfigurer$InitializeAuthenticationProviderManagerConfigurer - Global AuthenticationManager configured with AuthenticationProvider bean with name authenticationProvider
2026-09-30 02:08:15 [] WARN  org.springframework.security.config.annotation.authentication.configuration.InitializeUserDetailsBeanManagerConfigurer$InitializeUserDetailsManagerConfigurer - Global AuthenticationManager configured with an AuthenticationProvider bean. UserDetailsService beans will not be used by Spring Security for automatically configuring username/password login. Consider removing the AuthenticationProvider bean. Alternatively, consider using the UserDetailsService in a manually instantiated DaoAuthenticationProvider. If the current configuration is intentional, to turn off this warning, increase the logging level of 'org.springframework.security.config.annotation.authentication.configuration.InitializeUserDetailsBeanManagerConfigurer' to ERROR
2026-09-30 02:08:16 [] INFO  org.springframework.boot.devtools.autoconfigure.OptionalLiveReloadServer - LiveReload server is running on port 35729
2026-09-30 02:08:16 [] INFO  org.apache.coyote.http11.Http11NioProtocol - Starting ProtocolHandler ["http-nio-8080"]
2026-09-30 02:08:16 [] INFO  org.springframework.boot.web.embedded.tomcat.TomcatWebServer - Tomcat started on port 8080 (http) with context path '/tailor-master'
2026-09-30 02:08:16 [] INFO  com.example.tailormaster.TailorMasterAppApplication - Started TailorMasterAppApplication in 5.616 seconds (process running for 560.606)
2026-09-30 02:08:16 [] INFO  org.springframework.boot.devtools.autoconfigure.ConditionEvaluationDeltaLoggingListener - Condition evaluation unchanged
2026-09-30 02:09:22 [] INFO  org.springframework.boot.devtools.autoconfigure.LocalDevToolsAutoConfiguration$RestartingClassPathChangeChangedEventListener - Restarting due to 1 class path change (0 additions, 1 deletion, 0 modifications)
2026-09-30 02:09:22 [] INFO  org.springframework.boot.web.embedded.tomcat.GracefulShutdown - Commencing graceful shutdown. Waiting for active requests to complete
2026-09-30 02:09:22 [] INFO  org.apache.coyote.http11.Http11NioProtocol - Pausing ProtocolHandler ["http-nio-8080"]
2026-09-30 02:09:23 [] INFO  org.springframework.boot.web.embedded.tomcat.GracefulShutdown - Graceful shutdown complete
2026-09-30 02:09:23 [] INFO  org.apache.coyote.http11.Http11NioProtocol - Stopping ProtocolHandler ["http-nio-8080"]
2026-09-30 02:09:23 [] INFO  org.springframework.orm.jpa.LocalContainerEntityManagerFactoryBean - Closing JPA EntityManagerFactory for persistence unit 'default'
2026-09-30 02:09:23 [] INFO  com.zaxxer.hikari.HikariDataSource - HikariPool-5 - Shutdown initiated...
2026-09-30 02:09:23 [] INFO  com.zaxxer.hikari.HikariDataSource - HikariPool-5 - Shutdown completed.
2026-09-30 02:09:23 [] INFO  com.example.tailormaster.TailorMasterAppApplication - Starting TailorMasterAppApplication using Java 17.0.2 with PID 18880 (E:\Development-Workspaces\tailor-app-new-enhancements\tailor-master-app\tailor-master-app\target\classes started by wajiz.pk in E:\Development-Workspaces\tailor-app-new-enhancements\tailor-master-app)
2026-09-30 02:09:23 [] INFO  com.example.tailormaster.TailorMasterAppApplication - No active profile set, falling back to 1 default profile: "default"
2026-09-30 02:09:24 [] INFO  org.springframework.data.repository.config.RepositoryConfigurationDelegate - Bootstrapping Spring Data JPA repositories in DEFAULT mode.
2026-09-30 02:09:24 [] INFO  org.springframework.data.repository.config.RepositoryConfigurationDelegate - Finished Spring Data repository scanning in 132 ms. Found 21 JPA repository interfaces.
2026-09-30 02:09:25 [] INFO  org.springframework.boot.web.embedded.tomcat.TomcatWebServer - Tomcat initialized with port 8080 (http)
2026-09-30 02:09:25 [] INFO  org.apache.coyote.http11.Http11NioProtocol - Initializing ProtocolHandler ["http-nio-8080"]
2026-09-30 02:09:25 [] INFO  org.apache.catalina.core.StandardService - Starting service [Tomcat]
2026-09-30 02:09:25 [] INFO  org.apache.catalina.core.StandardEngine - Starting Servlet engine: [Apache Tomcat/10.1.40]
2026-09-30 02:09:25 [] INFO  org.apache.catalina.core.ContainerBase.[Tomcat-1].[localhost].[/tailor-master] - Initializing Spring embedded WebApplicationContext
2026-09-30 02:09:25 [] INFO  org.springframework.boot.web.servlet.context.ServletWebServerApplicationContext - Root WebApplicationContext: initialization completed in 1393 ms
2026-09-30 02:09:25 [] INFO  org.hibernate.jpa.internal.util.LogHelper - HHH000204: Processing PersistenceUnitInfo [name: default]
2026-09-30 02:09:25 [] INFO  org.hibernate.cache.internal.RegionFactoryInitiator - HHH000026: Second-level cache disabled
2026-09-30 02:09:25 [] INFO  org.springframework.orm.jpa.persistenceunit.SpringPersistenceUnitInfo - No LoadTimeWeaver setup: ignoring JPA class transformer
2026-09-30 02:09:25 [] INFO  com.zaxxer.hikari.HikariDataSource - HikariPool-6 - Starting...
2026-09-30 02:09:25 [] INFO  com.zaxxer.hikari.pool.HikariPool - HikariPool-6 - Added connection com.mysql.cj.jdbc.ConnectionImpl@67b2b10c
2026-09-30 02:09:25 [] INFO  com.zaxxer.hikari.HikariDataSource - HikariPool-6 - Start completed.
2026-09-30 02:09:25 [] INFO  org.hibernate.orm.connections.pooling - HHH10001005: Database info:
	Database JDBC URL [Connecting through datasource 'HikariDataSource (HikariPool-6)']
	Database driver: undefined/unknown
	Database version: 8.0.28
	Autocommit mode: undefined/unknown
	Isolation level: undefined/unknown
	Minimum pool size: undefined/unknown
	Maximum pool size: undefined/unknown
2026-09-30 02:09:26 [] INFO  org.hibernate.engine.transaction.jta.platform.internal.JtaPlatformInitiator - HHH000489: No JTA platform available (set 'hibernate.transaction.jta.platform' to enable JTA platform integration)
2026-09-30 02:09:26 [] INFO  org.springframework.orm.jpa.LocalContainerEntityManagerFactoryBean - Initialized JPA EntityManagerFactory for persistence unit 'default'
2026-09-30 02:09:27 [] WARN  org.springframework.boot.web.servlet.context.AnnotationConfigServletWebServerApplicationContext - Exception encountered during context initialization - cancelling refresh attempt: org.springframework.beans.factory.UnsatisfiedDependencyException: Error creating bean with name 'customerController' defined in file [E:\Development-Workspaces\tailor-app-new-enhancements\tailor-master-app\tailor-master-app\target\classes\com\example\tailormaster\controller\CustomerController.class]: Unsatisfied dependency expressed through constructor parameter 2: No qualifying bean of type 'com.example.tailormaster.service.customer.CustomerMeasurementService' available: expected at least 1 bean which qualifies as autowire candidate. Dependency annotations: {}
2026-09-30 02:09:27 [] INFO  org.springframework.orm.jpa.LocalContainerEntityManagerFactoryBean - Closing JPA EntityManagerFactory for persistence unit 'default'
2026-09-30 02:09:27 [] INFO  com.zaxxer.hikari.HikariDataSource - HikariPool-6 - Shutdown initiated...
2026-09-30 02:09:27 [] INFO  com.zaxxer.hikari.HikariDataSource - HikariPool-6 - Shutdown completed.
2026-09-30 02:09:27 [] INFO  org.apache.catalina.core.StandardService - Stopping service [Tomcat]
2026-09-30 02:09:27 [] INFO  org.springframework.boot.autoconfigure.logging.ConditionEvaluationReportLogger - 

Error starting ApplicationContext. To display the condition evaluation report re-run your application with 'debug' enabled.
2026-09-30 02:09:27 [] ERROR org.springframework.boot.diagnostics.LoggingFailureAnalysisReporter - 

***************************
APPLICATION FAILED TO START
***************************

Description:

Parameter 2 of constructor in com.example.tailormaster.controller.CustomerController required a bean of type 'com.example.tailormaster.service.customer.CustomerMeasurementService' that could not be found.


Action:

Consider defining a bean of type 'com.example.tailormaster.service.customer.CustomerMeasurementService' in your configuration.

2026-09-30 02:09:28 [] INFO  com.example.tailormaster.TailorMasterAppApplication - Starting TailorMasterAppApplication using Java 17.0.2 with PID 18880 (E:\Development-Workspaces\tailor-app-new-enhancements\tailor-master-app\tailor-master-app\target\classes started by wajiz.pk in E:\Development-Workspaces\tailor-app-new-enhancements\tailor-master-app)
2026-09-30 02:09:28 [] INFO  com.example.tailormaster.TailorMasterAppApplication - No active profile set, falling back to 1 default profile: "default"
2026-09-30 02:09:29 [] INFO  org.springframework.data.repository.config.RepositoryConfigurationDelegate - Bootstrapping Spring Data JPA repositories in DEFAULT mode.
2026-09-30 02:09:29 [] INFO  org.springframework.data.repository.config.RepositoryConfigurationDelegate - Finished Spring Data repository scanning in 143 ms. Found 21 JPA repository interfaces.
2026-09-30 02:09:29 [] INFO  org.springframework.boot.web.embedded.tomcat.TomcatWebServer - Tomcat initialized with port 8080 (http)
2026-09-30 02:09:29 [] INFO  org.apache.coyote.http11.Http11NioProtocol - Initializing ProtocolHandler ["http-nio-8080"]
2026-09-30 02:09:29 [] INFO  org.apache.catalina.core.StandardService - Starting service [Tomcat]
2026-09-30 02:09:29 [] INFO  org.apache.catalina.core.StandardEngine - Starting Servlet engine: [Apache Tomcat/10.1.40]
2026-09-30 02:09:29 [] INFO  org.apache.catalina.core.ContainerBase.[Tomcat-2].[localhost].[/tailor-master] - Initializing Spring embedded WebApplicationContext
2026-09-30 02:09:29 [] INFO  org.springframework.boot.web.servlet.context.ServletWebServerApplicationContext - Root WebApplicationContext: initialization completed in 1081 ms
2026-09-30 02:09:29 [] INFO  org.hibernate.jpa.internal.util.LogHelper - HHH000204: Processing PersistenceUnitInfo [name: default]
2026-09-30 02:09:29 [] INFO  org.hibernate.cache.internal.RegionFactoryInitiator - HHH000026: Second-level cache disabled
2026-09-30 02:09:30 [] INFO  org.springframework.orm.jpa.persistenceunit.SpringPersistenceUnitInfo - No LoadTimeWeaver setup: ignoring JPA class transformer
2026-09-30 02:09:30 [] INFO  com.zaxxer.hikari.HikariDataSource - HikariPool-7 - Starting...
2026-09-30 02:09:30 [] INFO  com.zaxxer.hikari.pool.HikariPool - HikariPool-7 - Added connection com.mysql.cj.jdbc.ConnectionImpl@7c93e7f7
2026-09-30 02:09:30 [] INFO  com.zaxxer.hikari.HikariDataSource - HikariPool-7 - Start completed.
2026-09-30 02:09:30 [] INFO  org.hibernate.orm.connections.pooling - HHH10001005: Database info:
	Database JDBC URL [Connecting through datasource 'HikariDataSource (HikariPool-7)']
	Database driver: undefined/unknown
	Database version: 8.0.28
	Autocommit mode: undefined/unknown
	Isolation level: undefined/unknown
	Minimum pool size: undefined/unknown
	Maximum pool size: undefined/unknown
2026-09-30 02:09:30 [] INFO  org.hibernate.engine.transaction.jta.platform.internal.JtaPlatformInitiator - HHH000489: No JTA platform available (set 'hibernate.transaction.jta.platform' to enable JTA platform integration)
2026-09-30 02:09:31 [] INFO  org.springframework.orm.jpa.LocalContainerEntityManagerFactoryBean - Initialized JPA EntityManagerFactory for persistence unit 'default'
2026-09-30 02:09:32 [] WARN  org.springframework.boot.autoconfigure.orm.jpa.JpaBaseConfiguration$JpaWebConfiguration - spring.jpa.open-in-view is enabled by default. Therefore, database queries may be performed during view rendering. Explicitly configure spring.jpa.open-in-view to disable this warning
2026-09-30 02:09:32 [] INFO  org.springframework.security.config.annotation.authentication.configuration.InitializeAuthenticationProviderBeanManagerConfigurer$InitializeAuthenticationProviderManagerConfigurer - Global AuthenticationManager configured with AuthenticationProvider bean with name authenticationProvider
2026-09-30 02:09:32 [] WARN  org.springframework.security.config.annotation.authentication.configuration.InitializeUserDetailsBeanManagerConfigurer$InitializeUserDetailsManagerConfigurer - Global AuthenticationManager configured with an AuthenticationProvider bean. UserDetailsService beans will not be used by Spring Security for automatically configuring username/password login. Consider removing the AuthenticationProvider bean. Alternatively, consider using the UserDetailsService in a manually instantiated DaoAuthenticationProvider. If the current configuration is intentional, to turn off this warning, increase the logging level of 'org.springframework.security.config.annotation.authentication.configuration.InitializeUserDetailsBeanManagerConfigurer' to ERROR
2026-09-30 02:09:32 [] INFO  org.springframework.boot.devtools.autoconfigure.OptionalLiveReloadServer - LiveReload server is running on port 35729
2026-09-30 02:09:32 [] INFO  org.apache.coyote.http11.Http11NioProtocol - Starting ProtocolHandler ["http-nio-8080"]
2026-09-30 02:09:32 [] INFO  org.springframework.boot.web.embedded.tomcat.TomcatWebServer - Tomcat started on port 8080 (http) with context path '/tailor-master'
2026-09-30 02:09:32 [] INFO  com.example.tailormaster.TailorMasterAppApplication - Started TailorMasterAppApplication in 4.16 seconds (process running for 637.043)
2026-09-30 02:09:32 [] INFO  org.springframework.boot.devtools.autoconfigure.ConditionEvaluationDeltaLoggingListener - Condition evaluation unchanged
2026-09-30 02:10:00 [] INFO  org.springframework.boot.devtools.autoconfigure.LocalDevToolsAutoConfiguration$RestartingClassPathChangeChangedEventListener - Restarting due to 1 class path change (0 additions, 1 deletion, 0 modifications)
2026-09-30 02:10:00 [] INFO  org.springframework.boot.web.embedded.tomcat.GracefulShutdown - Commencing graceful shutdown. Waiting for active requests to complete
2026-09-30 02:10:00 [] INFO  org.apache.coyote.http11.Http11NioProtocol - Pausing ProtocolHandler ["http-nio-8080"]
2026-09-30 02:10:00 [] INFO  org.springframework.boot.web.embedded.tomcat.GracefulShutdown - Graceful shutdown complete
2026-09-30 02:10:00 [] INFO  org.apache.coyote.http11.Http11NioProtocol - Stopping ProtocolHandler ["http-nio-8080"]
2026-09-30 02:10:01 [] INFO  org.springframework.orm.jpa.LocalContainerEntityManagerFactoryBean - Closing JPA EntityManagerFactory for persistence unit 'default'
2026-09-30 02:10:01 [] INFO  com.zaxxer.hikari.HikariDataSource - HikariPool-7 - Shutdown initiated...
2026-09-30 02:10:01 [] INFO  com.zaxxer.hikari.HikariDataSource - HikariPool-7 - Shutdown completed.
2026-09-30 02:10:01 [] INFO  com.example.tailormaster.TailorMasterAppApplication - Starting TailorMasterAppApplication using Java 17.0.2 with PID 18880 (E:\Development-Workspaces\tailor-app-new-enhancements\tailor-master-app\tailor-master-app\target\classes started by wajiz.pk in E:\Development-Workspaces\tailor-app-new-enhancements\tailor-master-app)
2026-09-30 02:10:01 [] INFO  com.example.tailormaster.TailorMasterAppApplication - No active profile set, falling back to 1 default profile: "default"
2026-09-30 02:10:02 [] INFO  org.springframework.data.repository.config.RepositoryConfigurationDelegate - Bootstrapping Spring Data JPA repositories in DEFAULT mode.
2026-09-30 02:10:02 [] INFO  org.springframework.data.repository.config.RepositoryConfigurationDelegate - Finished Spring Data repository scanning in 137 ms. Found 21 JPA repository interfaces.
2026-09-30 02:10:02 [] INFO  org.springframework.boot.web.embedded.tomcat.TomcatWebServer - Tomcat initialized with port 8080 (http)
2026-09-30 02:10:02 [] INFO  org.apache.coyote.http11.Http11NioProtocol - Initializing ProtocolHandler ["http-nio-8080"]
2026-09-30 02:10:02 [] INFO  org.apache.catalina.core.StandardService - Starting service [Tomcat]
2026-09-30 02:10:02 [] INFO  org.apache.catalina.core.StandardEngine - Starting Servlet engine: [Apache Tomcat/10.1.40]
2026-09-30 02:10:02 [] INFO  org.apache.catalina.core.ContainerBase.[Tomcat-2].[localhost].[/tailor-master] - Initializing Spring embedded WebApplicationContext
2026-09-30 02:10:02 [] INFO  org.springframework.boot.web.servlet.context.ServletWebServerApplicationContext - Root WebApplicationContext: initialization completed in 1364 ms
2026-09-30 02:10:02 [] INFO  org.hibernate.jpa.internal.util.LogHelper - HHH000204: Processing PersistenceUnitInfo [name: default]
2026-09-30 02:10:02 [] INFO  org.hibernate.cache.internal.RegionFactoryInitiator - HHH000026: Second-level cache disabled
2026-09-30 02:10:02 [] INFO  org.springframework.orm.jpa.persistenceunit.SpringPersistenceUnitInfo - No LoadTimeWeaver setup: ignoring JPA class transformer
2026-09-30 02:10:02 [] INFO  com.zaxxer.hikari.HikariDataSource - HikariPool-8 - Starting...
2026-09-30 02:10:02 [] INFO  com.zaxxer.hikari.pool.HikariPool - HikariPool-8 - Added connection com.mysql.cj.jdbc.ConnectionImpl@1f8a4c59
2026-09-30 02:10:02 [] INFO  com.zaxxer.hikari.HikariDataSource - HikariPool-8 - Start completed.
2026-09-30 02:10:02 [] INFO  org.hibernate.orm.connections.pooling - HHH10001005: Database info:
	Database JDBC URL [Connecting through datasource 'HikariDataSource (HikariPool-8)']
	Database driver: undefined/unknown
	Database version: 8.0.28
	Autocommit mode: undefined/unknown
	Isolation level: undefined/unknown
	Minimum pool size: undefined/unknown
	Maximum pool size: undefined/unknown
2026-09-30 02:10:03 [] INFO  org.hibernate.engine.transaction.jta.platform.internal.JtaPlatformInitiator - HHH000489: No JTA platform available (set 'hibernate.transaction.jta.platform' to enable JTA platform integration)
2026-09-30 02:10:04 [] INFO  org.springframework.orm.jpa.LocalContainerEntityManagerFactoryBean - Initialized JPA EntityManagerFactory for persistence unit 'default'
2026-09-30 02:10:05 [] WARN  org.springframework.boot.web.servlet.context.AnnotationConfigServletWebServerApplicationContext - Exception encountered during context initialization - cancelling refresh attempt: org.springframework.beans.factory.UnsatisfiedDependencyException: Error creating bean with name 'orderController' defined in file [E:\Development-Workspaces\tailor-app-new-enhancements\tailor-master-app\tailor-master-app\target\classes\com\example\tailormaster\controller\OrderController.class]: Unsatisfied dependency expressed through constructor parameter 2: No qualifying bean of type 'com.example.tailormaster.service.customer.CustomerMeasurementService' available: expected at least 1 bean which qualifies as autowire candidate. Dependency annotations: {}
2026-09-30 02:10:05 [] INFO  org.springframework.orm.jpa.LocalContainerEntityManagerFactoryBean - Closing JPA EntityManagerFactory for persistence unit 'default'
2026-09-30 02:10:05 [] INFO  com.zaxxer.hikari.HikariDataSource - HikariPool-8 - Shutdown initiated...
2026-09-30 02:10:05 [] INFO  com.zaxxer.hikari.HikariDataSource - HikariPool-8 - Shutdown completed.
2026-09-30 02:10:05 [] INFO  org.apache.catalina.core.StandardService - Stopping service [Tomcat]
2026-09-30 02:10:05 [] INFO  org.springframework.boot.autoconfigure.logging.ConditionEvaluationReportLogger - 

Error starting ApplicationContext. To display the condition evaluation report re-run your application with 'debug' enabled.
2026-09-30 02:10:05 [] ERROR org.springframework.boot.diagnostics.LoggingFailureAnalysisReporter - 

***************************
APPLICATION FAILED TO START
***************************

Description:

Parameter 2 of constructor in com.example.tailormaster.controller.OrderController required a bean of type 'com.example.tailormaster.service.customer.CustomerMeasurementService' that could not be found.


Action:

Consider defining a bean of type 'com.example.tailormaster.service.customer.CustomerMeasurementService' in your configuration.

2026-09-30 02:10:06 [] INFO  com.example.tailormaster.TailorMasterAppApplication - Starting TailorMasterAppApplication using Java 17.0.2 with PID 18880 (E:\Development-Workspaces\tailor-app-new-enhancements\tailor-master-app\tailor-master-app\target\classes started by wajiz.pk in E:\Development-Workspaces\tailor-app-new-enhancements\tailor-master-app)
2026-09-30 02:10:06 [] INFO  com.example.tailormaster.TailorMasterAppApplication - No active profile set, falling back to 1 default profile: "default"
2026-09-30 02:10:07 [] INFO  org.springframework.data.repository.config.RepositoryConfigurationDelegate - Bootstrapping Spring Data JPA repositories in DEFAULT mode.
2026-09-30 02:10:07 [] INFO  org.springframework.data.repository.config.RepositoryConfigurationDelegate - Finished Spring Data repository scanning in 121 ms. Found 21 JPA repository interfaces.
2026-09-30 02:10:07 [] INFO  org.springframework.boot.web.embedded.tomcat.TomcatWebServer - Tomcat initialized with port 8080 (http)
2026-09-30 02:10:07 [] INFO  org.apache.coyote.http11.Http11NioProtocol - Initializing ProtocolHandler ["http-nio-8080"]
2026-09-30 02:10:07 [] INFO  org.apache.catalina.core.StandardService - Starting service [Tomcat]
2026-09-30 02:10:07 [] INFO  org.apache.catalina.core.StandardEngine - Starting Servlet engine: [Apache Tomcat/10.1.40]
2026-09-30 02:10:07 [] INFO  org.apache.catalina.core.ContainerBase.[Tomcat-3].[localhost].[/tailor-master] - Initializing Spring embedded WebApplicationContext
2026-09-30 02:10:07 [] INFO  org.springframework.boot.web.servlet.context.ServletWebServerApplicationContext - Root WebApplicationContext: initialization completed in 931 ms
2026-09-30 02:10:07 [] INFO  org.hibernate.jpa.internal.util.LogHelper - HHH000204: Processing PersistenceUnitInfo [name: default]
2026-09-30 02:10:07 [] INFO  org.hibernate.cache.internal.RegionFactoryInitiator - HHH000026: Second-level cache disabled
2026-09-30 02:10:07 [] INFO  org.springframework.orm.jpa.persistenceunit.SpringPersistenceUnitInfo - No LoadTimeWeaver setup: ignoring JPA class transformer
2026-09-30 02:10:07 [] INFO  com.zaxxer.hikari.HikariDataSource - HikariPool-9 - Starting...
2026-09-30 02:10:07 [] INFO  com.zaxxer.hikari.pool.HikariPool - HikariPool-9 - Added connection com.mysql.cj.jdbc.ConnectionImpl@2dc3c13c
2026-09-30 02:10:07 [] INFO  com.zaxxer.hikari.HikariDataSource - HikariPool-9 - Start completed.
2026-09-30 02:10:07 [] INFO  org.hibernate.orm.connections.pooling - HHH10001005: Database info:
	Database JDBC URL [Connecting through datasource 'HikariDataSource (HikariPool-9)']
	Database driver: undefined/unknown
	Database version: 8.0.28
	Autocommit mode: undefined/unknown
	Isolation level: undefined/unknown
	Minimum pool size: undefined/unknown
	Maximum pool size: undefined/unknown
2026-09-30 02:10:08 [] INFO  org.hibernate.engine.transaction.jta.platform.internal.JtaPlatformInitiator - HHH000489: No JTA platform available (set 'hibernate.transaction.jta.platform' to enable JTA platform integration)
2026-09-30 02:10:08 [] INFO  org.springframework.orm.jpa.LocalContainerEntityManagerFactoryBean - Initialized JPA EntityManagerFactory for persistence unit 'default'
2026-09-30 02:10:09 [] WARN  org.springframework.boot.autoconfigure.orm.jpa.JpaBaseConfiguration$JpaWebConfiguration - spring.jpa.open-in-view is enabled by default. Therefore, database queries may be performed during view rendering. Explicitly configure spring.jpa.open-in-view to disable this warning
2026-09-30 02:10:09 [] INFO  org.springframework.security.config.annotation.authentication.configuration.InitializeAuthenticationProviderBeanManagerConfigurer$InitializeAuthenticationProviderManagerConfigurer - Global AuthenticationManager configured with AuthenticationProvider bean with name authenticationProvider
2026-09-30 02:10:09 [] WARN  org.springframework.security.config.annotation.authentication.configuration.InitializeUserDetailsBeanManagerConfigurer$InitializeUserDetailsManagerConfigurer - Global AuthenticationManager configured with an AuthenticationProvider bean. UserDetailsService beans will not be used by Spring Security for automatically configuring username/password login. Consider removing the AuthenticationProvider bean. Alternatively, consider using the UserDetailsService in a manually instantiated DaoAuthenticationProvider. If the current configuration is intentional, to turn off this warning, increase the logging level of 'org.springframework.security.config.annotation.authentication.configuration.InitializeUserDetailsBeanManagerConfigurer' to ERROR
2026-09-30 02:10:10 [] INFO  org.springframework.boot.devtools.autoconfigure.OptionalLiveReloadServer - LiveReload server is running on port 35729
2026-09-30 02:10:10 [] INFO  org.apache.coyote.http11.Http11NioProtocol - Starting ProtocolHandler ["http-nio-8080"]
2026-09-30 02:10:10 [] INFO  org.springframework.boot.web.embedded.tomcat.TomcatWebServer - Tomcat started on port 8080 (http) with context path '/tailor-master'
2026-09-30 02:10:10 [] INFO  com.example.tailormaster.TailorMasterAppApplication - Started TailorMasterAppApplication in 3.585 seconds (process running for 674.577)
2026-09-30 02:10:10 [] INFO  org.springframework.boot.devtools.autoconfigure.ConditionEvaluationDeltaLoggingListener - Condition evaluation unchanged
2026-09-30 02:10:22 [] INFO  org.springframework.boot.web.embedded.tomcat.GracefulShutdown - Commencing graceful shutdown. Waiting for active requests to complete
2026-09-30 02:10:23 [] INFO  org.springframework.boot.web.embedded.tomcat.GracefulShutdown - Graceful shutdown complete
2026-09-30 02:10:23 [] INFO  org.springframework.orm.jpa.LocalContainerEntityManagerFactoryBean - Closing JPA EntityManagerFactory for persistence unit 'default'
2026-09-30 02:10:23 [] INFO  com.zaxxer.hikari.HikariDataSource - HikariPool-9 - Shutdown initiated...
2026-09-30 02:10:23 [] INFO  com.zaxxer.hikari.HikariDataSource - HikariPool-9 - Shutdown completed.
2026-09-30 02:10:29 [] INFO  org.hibernate.validator.internal.util.Version - HV000001: Hibernate Validator 8.0.2.Final
2026-09-30 02:10:29 [] INFO  com.example.tailormaster.TailorMasterAppApplication - Starting TailorMasterAppApplication using Java 17.0.2 with PID 15304 (E:\Development-Workspaces\tailor-app-new-enhancements\tailor-master-app\tailor-master-app\target\classes started by wajiz.pk in E:\Development-Workspaces\tailor-app-new-enhancements\tailor-master-app)
2026-09-30 02:10:29 [] INFO  com.example.tailormaster.TailorMasterAppApplication - No active profile set, falling back to 1 default profile: "default"
2026-09-30 02:10:29 [] INFO  org.springframework.boot.devtools.env.DevToolsPropertyDefaultsPostProcessor - Devtools property defaults active! Set 'spring.devtools.add-properties' to 'false' to disable
2026-09-30 02:10:29 [] INFO  org.springframework.boot.devtools.env.DevToolsPropertyDefaultsPostProcessor - For additional web related logging consider setting the 'logging.level.web' property to 'DEBUG'
2026-09-30 02:10:31 [] INFO  org.springframework.data.repository.config.RepositoryConfigurationDelegate - Bootstrapping Spring Data JPA repositories in DEFAULT mode.
2026-09-30 02:10:31 [] INFO  org.springframework.data.repository.config.RepositoryConfigurationDelegate - Finished Spring Data repository scanning in 217 ms. Found 21 JPA repository interfaces.
2026-09-30 02:10:32 [] INFO  org.springframework.boot.web.embedded.tomcat.TomcatWebServer - Tomcat initialized with port 8080 (http)
2026-09-30 02:10:32 [] INFO  org.apache.coyote.http11.Http11NioProtocol - Initializing ProtocolHandler ["http-nio-8080"]
2026-09-30 02:10:32 [] INFO  org.apache.catalina.core.StandardService - Starting service [Tomcat]
2026-09-30 02:10:32 [] INFO  org.apache.catalina.core.StandardEngine - Starting Servlet engine: [Apache Tomcat/10.1.40]
2026-09-30 02:10:33 [] INFO  org.apache.catalina.core.ContainerBase.[Tomcat].[localhost].[/tailor-master] - Initializing Spring embedded WebApplicationContext
2026-09-30 02:10:33 [] INFO  org.springframework.boot.web.servlet.context.ServletWebServerApplicationContext - Root WebApplicationContext: initialization completed in 3440 ms
2026-09-30 02:10:33 [] INFO  org.hibernate.jpa.internal.util.LogHelper - HHH000204: Processing PersistenceUnitInfo [name: default]
2026-09-30 02:10:34 [] INFO  org.hibernate.Version - HHH000412: Hibernate ORM core version 6.6.4.Final
2026-09-30 02:10:34 [] INFO  org.hibernate.cache.internal.RegionFactoryInitiator - HHH000026: Second-level cache disabled
2026-09-30 02:10:35 [] INFO  org.springframework.orm.jpa.persistenceunit.SpringPersistenceUnitInfo - No LoadTimeWeaver setup: ignoring JPA class transformer
2026-09-30 02:10:35 [] INFO  com.zaxxer.hikari.HikariDataSource - HikariPool-1 - Starting...
2026-09-30 02:10:36 [] INFO  com.zaxxer.hikari.pool.HikariPool - HikariPool-1 - Added connection com.mysql.cj.jdbc.ConnectionImpl@6cf2a189
2026-09-30 02:10:36 [] INFO  com.zaxxer.hikari.HikariDataSource - HikariPool-1 - Start completed.
2026-09-30 02:10:36 [] INFO  org.hibernate.orm.connections.pooling - HHH10001005: Database info:
	Database JDBC URL [Connecting through datasource 'HikariDataSource (HikariPool-1)']
	Database driver: undefined/unknown
	Database version: 8.0.28
	Autocommit mode: undefined/unknown
	Isolation level: undefined/unknown
	Minimum pool size: undefined/unknown
	Maximum pool size: undefined/unknown
2026-09-30 02:10:40 [] INFO  org.hibernate.engine.transaction.jta.platform.internal.JtaPlatformInitiator - HHH000489: No JTA platform available (set 'hibernate.transaction.jta.platform' to enable JTA platform integration)
2026-09-30 02:10:40 [] INFO  org.springframework.orm.jpa.LocalContainerEntityManagerFactoryBean - Initialized JPA EntityManagerFactory for persistence unit 'default'
2026-09-30 02:10:41 [] INFO  org.springframework.data.jpa.repository.query.QueryEnhancerFactory - Hibernate is in classpath; If applicable, HQL parser will be used.
2026-09-30 02:10:55 [] WARN  org.springframework.boot.autoconfigure.orm.jpa.JpaBaseConfiguration$JpaWebConfiguration - spring.jpa.open-in-view is enabled by default. Therefore, database queries may be performed during view rendering. Explicitly configure spring.jpa.open-in-view to disable this warning
2026-09-30 02:10:55 [] INFO  org.springframework.security.config.annotation.authentication.configuration.InitializeAuthenticationProviderBeanManagerConfigurer$InitializeAuthenticationProviderManagerConfigurer - Global AuthenticationManager configured with AuthenticationProvider bean with name authenticationProvider
2026-09-30 02:10:55 [] WARN  org.springframework.security.config.annotation.authentication.configuration.InitializeUserDetailsBeanManagerConfigurer$InitializeUserDetailsManagerConfigurer - Global AuthenticationManager configured with an AuthenticationProvider bean. UserDetailsService beans will not be used by Spring Security for automatically configuring username/password login. Consider removing the AuthenticationProvider bean. Alternatively, consider using the UserDetailsService in a manually instantiated DaoAuthenticationProvider. If the current configuration is intentional, to turn off this warning, increase the logging level of 'org.springframework.security.config.annotation.authentication.configuration.InitializeUserDetailsBeanManagerConfigurer' to ERROR
2026-09-30 02:10:57 [] INFO  org.springframework.boot.devtools.autoconfigure.OptionalLiveReloadServer - LiveReload server is running on port 35729
2026-09-30 02:10:57 [] INFO  org.apache.coyote.http11.Http11NioProtocol - Starting ProtocolHandler ["http-nio-8080"]
2026-09-30 02:10:57 [] INFO  org.springframework.boot.web.embedded.tomcat.TomcatWebServer - Tomcat started on port 8080 (http) with context path '/tailor-master'
2026-09-30 02:10:57 [] INFO  com.example.tailormaster.TailorMasterAppApplication - Started TailorMasterAppApplication in 29.156 seconds (process running for 33.137)
2026-09-30 02:11:26 [] INFO  org.apache.catalina.core.ContainerBase.[Tomcat].[localhost].[/tailor-master] - Initializing Spring DispatcherServlet 'dispatcherServlet'
2026-09-30 02:11:26 [] INFO  org.springframework.web.servlet.DispatcherServlet - Initializing Servlet 'dispatcherServlet'
2026-09-30 02:11:26 [] INFO  org.springframework.web.servlet.DispatcherServlet - Completed initialization in 4 ms
2026-09-30 02:11:26 [testuser] INFO  com.example.tailormaster.filter.LoggingInterceptor - User 'testuser' is requesting: GET /tailor-master/customers/details/j0ZnrPKi-w-fX7gvbUCebVJS9jirnYtDjReR28JBaWY=
2026-09-30 02:11:26 [testuser] INFO  com.example.tailormaster.controller.CustomerController - Displaying details for customer ID (encrypted): j0ZnrPKi-w-fX7gvbUCebVJS9jirnYtDjReR28JBaWY=
2026-09-30 02:11:28 [testuser] INFO  com.example.tailormaster.service.product.ProductService - Fetching all active products.
2026-09-30 02:11:28 [testuser] INFO  com.example.tailormaster.service.product.ProductService - Retrieved 4 active products.
2026-09-30 02:11:28 [testuser] INFO  com.example.tailormaster.controller.CustomerController - Fetched customer details: com.example.tailormaster.entity.Customer@14d4c3a2
2026-09-30 02:11:29 [testuser] INFO  com.example.tailormaster.filter.LoggingInterceptor - User 'testuser' is requesting: GET /tailor-master/dashboard/notifications/upcoming-deliveries
2026-09-30 02:11:29 [testuser] INFO  com.example.tailormaster.controller.dashboard.DashboardController - Requested upcoming deliveries.
2026-09-30 02:11:30 [testuser] INFO  com.example.tailormaster.service.dashboard.DashboardService - Upcoming deliveries fetched: 22
2026-09-30 02:11:30 [testuser] INFO  com.example.tailormaster.controller.dashboard.DashboardController - Upcoming deliveries fetched: 22
2026-09-30 02:11:33 [testuser] INFO  com.example.tailormaster.filter.LoggingInterceptor - User 'testuser' is requesting: GET /tailor-master/customers/10/fields
2026-09-30 02:11:33 [testuser] INFO  com.example.tailormaster.service.product.ProductService - Fetching product by ID: 10
2026-09-30 02:11:41 [testuser] INFO  com.example.tailormaster.filter.LoggingInterceptor - User 'testuser' is requesting: POST /tailor-master/customers/33/measurements
2026-09-30 02:11:41 [testuser] INFO  com.example.tailormaster.controller.CustomerController - ========== SAVE MEASUREMENT ENDPOINT HIT ==========
2026-09-30 02:11:41 [testuser] INFO  com.example.tailormaster.controller.CustomerController - customerId=33, productId=10, notes=Sleeves thori loose rakhni hain, measurements={187=11, 190=op3}
2026-09-30 02:11:42 [testuser] INFO  com.example.tailormaster.controller.CustomerController - Measurements saved successfully for customerId=33, productId=10
2026-09-30 02:11:43 [testuser] INFO  com.example.tailormaster.filter.LoggingInterceptor - User 'testuser' is requesting: GET /tailor-master/customers/details/j0ZnrPKi-w-fX7gvbUCebVJS9jirnYtDjReR28JBaWY=
2026-09-30 02:11:43 [testuser] INFO  com.example.tailormaster.controller.CustomerController - Displaying details for customer ID (encrypted): j0ZnrPKi-w-fX7gvbUCebVJS9jirnYtDjReR28JBaWY=
2026-09-30 02:11:44 [testuser] INFO  com.example.tailormaster.service.product.ProductService - Fetching all active products.
2026-09-30 02:11:44 [testuser] INFO  com.example.tailormaster.service.product.ProductService - Retrieved 4 active products.
2026-09-30 02:11:44 [testuser] INFO  com.example.tailormaster.controller.CustomerController - Fetched customer details: com.example.tailormaster.entity.Customer@4075f3df
2026-09-30 02:11:45 [testuser] INFO  com.example.tailormaster.filter.LoggingInterceptor - User 'testuser' is requesting: GET /tailor-master/dashboard/notifications/upcoming-deliveries
2026-09-30 02:11:45 [testuser] INFO  com.example.tailormaster.controller.dashboard.DashboardController - Requested upcoming deliveries.
2026-09-30 02:11:45 [testuser] INFO  com.example.tailormaster.service.dashboard.DashboardService - Upcoming deliveries fetched: 22
2026-09-30 02:11:45 [testuser] INFO  com.example.tailormaster.controller.dashboard.DashboardController - Upcoming deliveries fetched: 22
2026-09-30 02:15:41 [] INFO  org.springframework.boot.web.embedded.tomcat.GracefulShutdown - Commencing graceful shutdown. Waiting for active requests to complete
2026-09-30 02:15:42 [] INFO  org.springframework.boot.web.embedded.tomcat.GracefulShutdown - Graceful shutdown complete
2026-09-30 02:15:43 [] INFO  org.springframework.orm.jpa.LocalContainerEntityManagerFactoryBean - Closing JPA EntityManagerFactory for persistence unit 'default'
2026-09-30 02:15:43 [] INFO  com.zaxxer.hikari.HikariDataSource - HikariPool-1 - Shutdown initiated...
2026-09-30 02:15:43 [] INFO  com.zaxxer.hikari.HikariDataSource - HikariPool-1 - Shutdown completed.
2026-09-30 23:44:07 [] INFO  org.hibernate.validator.internal.util.Version - HV000001: Hibernate Validator 8.0.2.Final
2026-09-30 23:44:07 [] INFO  com.example.tailormaster.TailorMasterAppApplication - Starting TailorMasterAppApplication using Java 17.0.2 with PID 2748 (E:\Development-Workspaces\tailor-app-new-enhancements\tailor-master-app\tailor-master-app\target\classes started by wajiz.pk in E:\Development-Workspaces\tailor-app-new-enhancements\tailor-master-app)
2026-09-30 23:44:07 [] INFO  com.example.tailormaster.TailorMasterAppApplication - No active profile set, falling back to 1 default profile: "default"
2026-09-30 23:44:07 [] INFO  org.springframework.boot.devtools.env.DevToolsPropertyDefaultsPostProcessor - Devtools property defaults active! Set 'spring.devtools.add-properties' to 'false' to disable
2026-09-30 23:44:07 [] INFO  org.springframework.boot.devtools.env.DevToolsPropertyDefaultsPostProcessor - For additional web related logging consider setting the 'logging.level.web' property to 'DEBUG'
2026-09-30 23:44:11 [] INFO  org.springframework.data.repository.config.RepositoryConfigurationDelegate - Bootstrapping Spring Data JPA repositories in DEFAULT mode.
2026-09-30 23:44:12 [] INFO  org.springframework.data.repository.config.RepositoryConfigurationDelegate - Finished Spring Data repository scanning in 883 ms. Found 21 JPA repository interfaces.
2026-09-30 23:44:14 [] INFO  org.springframework.boot.web.embedded.tomcat.TomcatWebServer - Tomcat initialized with port 8080 (http)
2026-09-30 23:44:14 [] INFO  org.apache.coyote.http11.Http11NioProtocol - Initializing ProtocolHandler ["http-nio-8080"]
2026-09-30 23:44:14 [] INFO  org.apache.catalina.core.StandardService - Starting service [Tomcat]
2026-09-30 23:44:14 [] INFO  org.apache.catalina.core.StandardEngine - Starting Servlet engine: [Apache Tomcat/10.1.40]
2026-09-30 23:44:15 [] INFO  org.apache.catalina.core.ContainerBase.[Tomcat].[localhost].[/tailor-master] - Initializing Spring embedded WebApplicationContext
2026-09-30 23:44:15 [] INFO  org.springframework.boot.web.servlet.context.ServletWebServerApplicationContext - Root WebApplicationContext: initialization completed in 7295 ms
2026-09-30 23:44:19 [] INFO  org.hibernate.jpa.internal.util.LogHelper - HHH000204: Processing PersistenceUnitInfo [name: default]
2026-09-30 23:44:19 [] INFO  org.hibernate.Version - HHH000412: Hibernate ORM core version 6.6.4.Final
2026-09-30 23:44:19 [] INFO  org.hibernate.cache.internal.RegionFactoryInitiator - HHH000026: Second-level cache disabled
2026-09-30 23:44:20 [] INFO  org.springframework.orm.jpa.persistenceunit.SpringPersistenceUnitInfo - No LoadTimeWeaver setup: ignoring JPA class transformer
2026-09-30 23:44:20 [] INFO  com.zaxxer.hikari.HikariDataSource - HikariPool-1 - Starting...
2026-09-30 23:44:22 [] INFO  com.zaxxer.hikari.pool.HikariPool - HikariPool-1 - Added connection com.mysql.cj.jdbc.ConnectionImpl@587af496
2026-09-30 23:44:22 [] INFO  com.zaxxer.hikari.HikariDataSource - HikariPool-1 - Start completed.
2026-09-30 23:44:23 [] INFO  org.hibernate.orm.connections.pooling - HHH10001005: Database info:
	Database JDBC URL [Connecting through datasource 'HikariDataSource (HikariPool-1)']
	Database driver: undefined/unknown
	Database version: 8.0.28
	Autocommit mode: undefined/unknown
	Isolation level: undefined/unknown
	Minimum pool size: undefined/unknown
	Maximum pool size: undefined/unknown
2026-09-30 23:44:28 [] INFO  org.hibernate.engine.transaction.jta.platform.internal.JtaPlatformInitiator - HHH000489: No JTA platform available (set 'hibernate.transaction.jta.platform' to enable JTA platform integration)
2026-09-30 23:44:29 [] INFO  org.springframework.orm.jpa.LocalContainerEntityManagerFactoryBean - Initialized JPA EntityManagerFactory for persistence unit 'default'
2026-09-30 23:44:30 [] INFO  org.springframework.data.jpa.repository.query.QueryEnhancerFactory - Hibernate is in classpath; If applicable, HQL parser will be used.
2026-09-30 23:44:54 [] WARN  org.springframework.boot.autoconfigure.orm.jpa.JpaBaseConfiguration$JpaWebConfiguration - spring.jpa.open-in-view is enabled by default. Therefore, database queries may be performed during view rendering. Explicitly configure spring.jpa.open-in-view to disable this warning
2026-09-30 23:44:54 [] INFO  org.springframework.security.config.annotation.authentication.configuration.InitializeAuthenticationProviderBeanManagerConfigurer$InitializeAuthenticationProviderManagerConfigurer - Global AuthenticationManager configured with AuthenticationProvider bean with name authenticationProvider
2026-09-30 23:44:54 [] WARN  org.springframework.security.config.annotation.authentication.configuration.InitializeUserDetailsBeanManagerConfigurer$InitializeUserDetailsManagerConfigurer - Global AuthenticationManager configured with an AuthenticationProvider bean. UserDetailsService beans will not be used by Spring Security for automatically configuring username/password login. Consider removing the AuthenticationProvider bean. Alternatively, consider using the UserDetailsService in a manually instantiated DaoAuthenticationProvider. If the current configuration is intentional, to turn off this warning, increase the logging level of 'org.springframework.security.config.annotation.authentication.configuration.InitializeUserDetailsBeanManagerConfigurer' to ERROR
2026-09-30 23:44:56 [] INFO  org.springframework.boot.devtools.autoconfigure.OptionalLiveReloadServer - LiveReload server is running on port 35729
2026-09-30 23:44:57 [] INFO  org.apache.coyote.http11.Http11NioProtocol - Starting ProtocolHandler ["http-nio-8080"]
2026-09-30 23:44:57 [] INFO  org.springframework.boot.web.embedded.tomcat.TomcatWebServer - Tomcat started on port 8080 (http) with context path '/tailor-master'
2026-09-30 23:44:57 [] INFO  com.example.tailormaster.TailorMasterAppApplication - Started TailorMasterAppApplication in 50.869 seconds (process running for 56.958)
