2026-10-02 00:10:16 [] INFO  org.springframework.boot.devtools.autoconfigure.LocalDevToolsAutoConfiguration$RestartingClassPathChangeChangedEventListener - Restarting due to 1 class path change (0 additions, 1 deletion, 0 modifications)
2026-10-02 00:10:16 [] INFO  org.springframework.boot.web.embedded.tomcat.GracefulShutdown - Commencing graceful shutdown. Waiting for active requests to complete
2026-10-02 00:10:16 [] INFO  org.apache.coyote.http11.Http11NioProtocol - Pausing ProtocolHandler ["http-nio-8080"]
2026-10-02 00:10:20 [] INFO  org.springframework.boot.web.embedded.tomcat.GracefulShutdown - Graceful shutdown complete
2026-10-02 00:10:20 [] INFO  org.apache.coyote.http11.Http11NioProtocol - Stopping ProtocolHandler ["http-nio-8080"]
2026-10-02 00:10:20 [] INFO  org.springframework.orm.jpa.LocalContainerEntityManagerFactoryBean - Closing JPA EntityManagerFactory for persistence unit 'default'
2026-10-02 00:10:20 [] INFO  com.zaxxer.hikari.HikariDataSource - HikariPool-1 - Shutdown initiated...
2026-10-02 00:10:20 [] INFO  com.zaxxer.hikari.HikariDataSource - HikariPool-1 - Shutdown completed.
2026-10-02 00:10:26 [] INFO  com.example.tailormaster.TailorMasterAppApplication - Starting TailorMasterAppApplication using Java 17.0.2 with PID 19352 (E:\Development-Workspaces\tailor-app-new-enhancements\tailor-master-app\tailor-master-app\target\classes started by wajiz.pk in E:\Development-Workspaces\tailor-app-new-enhancements\tailor-master-app)
2026-10-02 00:10:26 [] INFO  com.example.tailormaster.TailorMasterAppApplication - No active profile set, falling back to 1 default profile: "default"
2026-10-02 00:10:28 [] INFO  org.springframework.data.repository.config.RepositoryConfigurationDelegate - Bootstrapping Spring Data JPA repositories in DEFAULT mode.
2026-10-02 00:10:28 [] INFO  org.springframework.data.repository.config.RepositoryConfigurationDelegate - Finished Spring Data repository scanning in 188 ms. Found 21 JPA repository interfaces.
2026-10-02 00:10:29 [] INFO  org.springframework.boot.web.embedded.tomcat.TomcatWebServer - Tomcat initialized with port 8080 (http)
2026-10-02 00:10:29 [] INFO  org.apache.coyote.http11.Http11NioProtocol - Initializing ProtocolHandler ["http-nio-8080"]
2026-10-02 00:10:29 [] INFO  org.apache.catalina.core.StandardService - Starting service [Tomcat]
2026-10-02 00:10:29 [] INFO  org.apache.catalina.core.StandardEngine - Starting Servlet engine: [Apache Tomcat/10.1.40]
2026-10-02 00:10:29 [] INFO  org.apache.catalina.core.ContainerBase.[Tomcat].[localhost].[/tailor-master] - Initializing Spring embedded WebApplicationContext
2026-10-02 00:10:29 [] INFO  org.springframework.boot.web.servlet.context.ServletWebServerApplicationContext - Root WebApplicationContext: initialization completed in 2957 ms
2026-10-02 00:10:29 [] INFO  org.hibernate.jpa.internal.util.LogHelper - HHH000204: Processing PersistenceUnitInfo [name: default]
2026-10-02 00:10:29 [] INFO  org.hibernate.cache.internal.RegionFactoryInitiator - HHH000026: Second-level cache disabled
2026-10-02 00:10:29 [] INFO  org.springframework.orm.jpa.persistenceunit.SpringPersistenceUnitInfo - No LoadTimeWeaver setup: ignoring JPA class transformer
2026-10-02 00:10:29 [] INFO  com.zaxxer.hikari.HikariDataSource - HikariPool-2 - Starting...
2026-10-02 00:10:29 [] INFO  com.zaxxer.hikari.pool.HikariPool - HikariPool-2 - Added connection com.mysql.cj.jdbc.ConnectionImpl@9d9173a
2026-10-02 00:10:29 [] INFO  com.zaxxer.hikari.HikariDataSource - HikariPool-2 - Start completed.
2026-10-02 00:10:29 [] INFO  org.hibernate.orm.connections.pooling - HHH10001005: Database info:
	Database JDBC URL [Connecting through datasource 'HikariDataSource (HikariPool-2)']
	Database driver: undefined/unknown
	Database version: 8.0.28
	Autocommit mode: undefined/unknown
	Isolation level: undefined/unknown
	Minimum pool size: undefined/unknown
	Maximum pool size: undefined/unknown
2026-10-02 00:10:30 [] INFO  org.hibernate.engine.transaction.jta.platform.internal.JtaPlatformInitiator - HHH000489: No JTA platform available (set 'hibernate.transaction.jta.platform' to enable JTA platform integration)
2026-10-02 00:10:35 [] INFO  org.springframework.orm.jpa.LocalContainerEntityManagerFactoryBean - Initialized JPA EntityManagerFactory for persistence unit 'default'
2026-10-02 00:10:36 [] WARN  org.springframework.boot.autoconfigure.orm.jpa.JpaBaseConfiguration$JpaWebConfiguration - spring.jpa.open-in-view is enabled by default. Therefore, database queries may be performed during view rendering. Explicitly configure spring.jpa.open-in-view to disable this warning
2026-10-02 00:10:36 [] INFO  org.springframework.security.config.annotation.authentication.configuration.InitializeAuthenticationProviderBeanManagerConfigurer$InitializeAuthenticationProviderManagerConfigurer - Global AuthenticationManager configured with AuthenticationProvider bean with name authenticationProvider
2026-10-02 00:10:36 [] WARN  org.springframework.security.config.annotation.authentication.configuration.InitializeUserDetailsBeanManagerConfigurer$InitializeUserDetailsManagerConfigurer - Global AuthenticationManager configured with an AuthenticationProvider bean. UserDetailsService beans will not be used by Spring Security for automatically configuring username/password login. Consider removing the AuthenticationProvider bean. Alternatively, consider using the UserDetailsService in a manually instantiated DaoAuthenticationProvider. If the current configuration is intentional, to turn off this warning, increase the logging level of 'org.springframework.security.config.annotation.authentication.configuration.InitializeUserDetailsBeanManagerConfigurer' to ERROR
2026-10-02 00:10:36 [] INFO  org.springframework.boot.devtools.autoconfigure.OptionalLiveReloadServer - LiveReload server is running on port 35729
2026-10-02 00:10:37 [] INFO  org.apache.coyote.http11.Http11NioProtocol - Starting ProtocolHandler ["http-nio-8080"]
2026-10-02 00:10:37 [] INFO  org.springframework.boot.web.embedded.tomcat.TomcatWebServer - Tomcat started on port 8080 (http) with context path '/tailor-master'
2026-10-02 00:10:37 [] INFO  com.example.tailormaster.TailorMasterAppApplication - Started TailorMasterAppApplication in 11.185 seconds (process running for 729.736)
2026-10-02 00:10:37 [] INFO  org.springframework.boot.devtools.autoconfigure.ConditionEvaluationDeltaLoggingListener - Condition evaluation unchanged
2026-10-02 00:10:39 [] INFO  org.springframework.boot.devtools.autoconfigure.LocalDevToolsAutoConfiguration$RestartingClassPathChangeChangedEventListener - Restarting due to 1 class path change (1 addition, 0 deletions, 0 modifications)
2026-10-02 00:10:39 [] INFO  org.springframework.boot.web.embedded.tomcat.GracefulShutdown - Commencing graceful shutdown. Waiting for active requests to complete
2026-10-02 00:10:39 [] INFO  org.apache.coyote.http11.Http11NioProtocol - Pausing ProtocolHandler ["http-nio-8080"]
2026-10-02 00:10:40 [] INFO  org.springframework.boot.web.embedded.tomcat.GracefulShutdown - Graceful shutdown complete
2026-10-02 00:10:40 [] INFO  org.apache.coyote.http11.Http11NioProtocol - Stopping ProtocolHandler ["http-nio-8080"]
2026-10-02 00:10:40 [] INFO  org.springframework.orm.jpa.LocalContainerEntityManagerFactoryBean - Closing JPA EntityManagerFactory for persistence unit 'default'
2026-10-02 00:10:40 [] INFO  com.zaxxer.hikari.HikariDataSource - HikariPool-2 - Shutdown initiated...
2026-10-02 00:10:40 [] INFO  com.zaxxer.hikari.HikariDataSource - HikariPool-2 - Shutdown completed.
2026-10-02 00:10:41 [] INFO  com.example.tailormaster.TailorMasterAppApplication - Starting TailorMasterAppApplication using Java 17.0.2 with PID 19352 (E:\Development-Workspaces\tailor-app-new-enhancements\tailor-master-app\tailor-master-app\target\classes started by wajiz.pk in E:\Development-Workspaces\tailor-app-new-enhancements\tailor-master-app)
2026-10-02 00:10:41 [] INFO  com.example.tailormaster.TailorMasterAppApplication - No active profile set, falling back to 1 default profile: "default"
2026-10-02 00:10:45 [] INFO  org.springframework.data.repository.config.RepositoryConfigurationDelegate - Bootstrapping Spring Data JPA repositories in DEFAULT mode.
2026-10-02 00:10:45 [] INFO  org.springframework.data.repository.config.RepositoryConfigurationDelegate - Finished Spring Data repository scanning in 719 ms. Found 21 JPA repository interfaces.
2026-10-02 00:10:46 [] INFO  org.springframework.boot.web.embedded.tomcat.TomcatWebServer - Tomcat initialized with port 8080 (http)
2026-10-02 00:10:46 [] INFO  org.apache.coyote.http11.Http11NioProtocol - Initializing ProtocolHandler ["http-nio-8080"]
2026-10-02 00:10:46 [] INFO  org.apache.catalina.core.StandardService - Starting service [Tomcat]
2026-10-02 00:10:46 [] INFO  org.apache.catalina.core.StandardEngine - Starting Servlet engine: [Apache Tomcat/10.1.40]
2026-10-02 00:10:46 [] INFO  org.apache.catalina.core.ContainerBase.[Tomcat].[localhost].[/tailor-master] - Initializing Spring embedded WebApplicationContext
2026-10-02 00:10:46 [] INFO  org.springframework.boot.web.servlet.context.ServletWebServerApplicationContext - Root WebApplicationContext: initialization completed in 5707 ms
2026-10-02 00:10:46 [] INFO  org.hibernate.jpa.internal.util.LogHelper - HHH000204: Processing PersistenceUnitInfo [name: default]
2026-10-02 00:10:46 [] INFO  org.hibernate.cache.internal.RegionFactoryInitiator - HHH000026: Second-level cache disabled
2026-10-02 00:10:46 [] INFO  org.springframework.orm.jpa.persistenceunit.SpringPersistenceUnitInfo - No LoadTimeWeaver setup: ignoring JPA class transformer
2026-10-02 00:10:46 [] INFO  com.zaxxer.hikari.HikariDataSource - HikariPool-3 - Starting...
2026-10-02 00:10:46 [] INFO  com.zaxxer.hikari.pool.HikariPool - HikariPool-3 - Added connection com.mysql.cj.jdbc.ConnectionImpl@485b1165
2026-10-02 00:10:46 [] INFO  com.zaxxer.hikari.HikariDataSource - HikariPool-3 - Start completed.
2026-10-02 00:10:46 [] INFO  org.hibernate.orm.connections.pooling - HHH10001005: Database info:
	Database JDBC URL [Connecting through datasource 'HikariDataSource (HikariPool-3)']
	Database driver: undefined/unknown
	Database version: 8.0.28
	Autocommit mode: undefined/unknown
	Isolation level: undefined/unknown
	Minimum pool size: undefined/unknown
	Maximum pool size: undefined/unknown
2026-10-02 00:10:48 [] INFO  org.hibernate.engine.transaction.jta.platform.internal.JtaPlatformInitiator - HHH000489: No JTA platform available (set 'hibernate.transaction.jta.platform' to enable JTA platform integration)
2026-10-02 00:10:48 [] INFO  org.springframework.orm.jpa.LocalContainerEntityManagerFactoryBean - Initialized JPA EntityManagerFactory for persistence unit 'default'
2026-10-02 00:10:50 [] WARN  org.springframework.boot.autoconfigure.orm.jpa.JpaBaseConfiguration$JpaWebConfiguration - spring.jpa.open-in-view is enabled by default. Therefore, database queries may be performed during view rendering. Explicitly configure spring.jpa.open-in-view to disable this warning
2026-10-02 00:10:50 [] INFO  org.springframework.security.config.annotation.authentication.configuration.InitializeAuthenticationProviderBeanManagerConfigurer$InitializeAuthenticationProviderManagerConfigurer - Global AuthenticationManager configured with AuthenticationProvider bean with name authenticationProvider
2026-10-02 00:10:50 [] WARN  org.springframework.security.config.annotation.authentication.configuration.InitializeUserDetailsBeanManagerConfigurer$InitializeUserDetailsManagerConfigurer - Global AuthenticationManager configured with an AuthenticationProvider bean. UserDetailsService beans will not be used by Spring Security for automatically configuring username/password login. Consider removing the AuthenticationProvider bean. Alternatively, consider using the UserDetailsService in a manually instantiated DaoAuthenticationProvider. If the current configuration is intentional, to turn off this warning, increase the logging level of 'org.springframework.security.config.annotation.authentication.configuration.InitializeUserDetailsBeanManagerConfigurer' to ERROR
2026-10-02 00:10:51 [] INFO  org.springframework.boot.devtools.autoconfigure.OptionalLiveReloadServer - LiveReload server is running on port 35729
2026-10-02 00:10:51 [] INFO  org.apache.coyote.http11.Http11NioProtocol - Starting ProtocolHandler ["http-nio-8080"]
2026-10-02 00:10:51 [] INFO  org.springframework.boot.web.embedded.tomcat.TomcatWebServer - Tomcat started on port 8080 (http) with context path '/tailor-master'
2026-10-02 00:10:51 [] INFO  com.example.tailormaster.TailorMasterAppApplication - Started TailorMasterAppApplication in 10.518 seconds (process running for 743.777)
2026-10-02 00:10:51 [] INFO  org.springframework.boot.devtools.autoconfigure.ConditionEvaluationDeltaLoggingListener - Condition evaluation unchanged
2026-10-02 00:10:53 [] INFO  org.springframework.boot.devtools.autoconfigure.LocalDevToolsAutoConfiguration$RestartingClassPathChangeChangedEventListener - Restarting due to 1 class path change (0 additions, 1 deletion, 0 modifications)
2026-10-02 00:10:53 [] INFO  org.springframework.boot.web.embedded.tomcat.GracefulShutdown - Commencing graceful shutdown. Waiting for active requests to complete
2026-10-02 00:10:53 [] INFO  org.apache.coyote.http11.Http11NioProtocol - Pausing ProtocolHandler ["http-nio-8080"]
2026-10-02 00:10:54 [] INFO  org.springframework.boot.web.embedded.tomcat.GracefulShutdown - Graceful shutdown complete
2026-10-02 00:10:54 [] INFO  org.apache.coyote.http11.Http11NioProtocol - Stopping ProtocolHandler ["http-nio-8080"]
2026-10-02 00:10:54 [] INFO  org.springframework.orm.jpa.LocalContainerEntityManagerFactoryBean - Closing JPA EntityManagerFactory for persistence unit 'default'
2026-10-02 00:10:54 [] INFO  com.zaxxer.hikari.HikariDataSource - HikariPool-3 - Shutdown initiated...
2026-10-02 00:10:54 [] INFO  com.zaxxer.hikari.HikariDataSource - HikariPool-3 - Shutdown completed.
2026-10-02 00:10:55 [] INFO  com.example.tailormaster.TailorMasterAppApplication - Starting TailorMasterAppApplication using Java 17.0.2 with PID 19352 (E:\Development-Workspaces\tailor-app-new-enhancements\tailor-master-app\tailor-master-app\target\classes started by wajiz.pk in E:\Development-Workspaces\tailor-app-new-enhancements\tailor-master-app)
2026-10-02 00:10:55 [] INFO  com.example.tailormaster.TailorMasterAppApplication - No active profile set, falling back to 1 default profile: "default"
2026-10-02 00:10:57 [] INFO  org.springframework.data.repository.config.RepositoryConfigurationDelegate - Bootstrapping Spring Data JPA repositories in DEFAULT mode.
2026-10-02 00:11:00 [] INFO  org.springframework.data.repository.config.RepositoryConfigurationDelegate - Finished Spring Data repository scanning in 3659 ms. Found 21 JPA repository interfaces.
2026-10-02 00:11:03 [] INFO  org.springframework.boot.web.embedded.tomcat.TomcatWebServer - Tomcat initialized with port 8080 (http)
2026-10-02 00:11:03 [] INFO  org.apache.coyote.http11.Http11NioProtocol - Initializing ProtocolHandler ["http-nio-8080"]
2026-10-02 00:11:03 [] INFO  org.apache.catalina.core.StandardService - Starting service [Tomcat]
2026-10-02 00:11:03 [] INFO  org.apache.catalina.core.StandardEngine - Starting Servlet engine: [Apache Tomcat/10.1.40]
2026-10-02 00:11:03 [] INFO  org.apache.catalina.core.ContainerBase.[Tomcat].[localhost].[/tailor-master] - Initializing Spring embedded WebApplicationContext
2026-10-02 00:11:03 [] INFO  org.springframework.boot.web.servlet.context.ServletWebServerApplicationContext - Root WebApplicationContext: initialization completed in 8110 ms
2026-10-02 00:11:03 [] INFO  org.hibernate.jpa.internal.util.LogHelper - HHH000204: Processing PersistenceUnitInfo [name: default]
2026-10-02 00:11:03 [] INFO  org.hibernate.cache.internal.RegionFactoryInitiator - HHH000026: Second-level cache disabled
2026-10-02 00:11:03 [] INFO  org.springframework.orm.jpa.persistenceunit.SpringPersistenceUnitInfo - No LoadTimeWeaver setup: ignoring JPA class transformer
2026-10-02 00:11:03 [] INFO  com.zaxxer.hikari.HikariDataSource - HikariPool-4 - Starting...
2026-10-02 00:11:04 [] INFO  com.zaxxer.hikari.pool.HikariPool - HikariPool-4 - Added connection com.mysql.cj.jdbc.ConnectionImpl@7341247d
2026-10-02 00:11:04 [] INFO  com.zaxxer.hikari.HikariDataSource - HikariPool-4 - Start completed.
2026-10-02 00:11:04 [] INFO  org.hibernate.orm.connections.pooling - HHH10001005: Database info:
	Database JDBC URL [Connecting through datasource 'HikariDataSource (HikariPool-4)']
	Database driver: undefined/unknown
	Database version: 8.0.28
	Autocommit mode: undefined/unknown
	Isolation level: undefined/unknown
	Minimum pool size: undefined/unknown
	Maximum pool size: undefined/unknown
2026-10-02 00:11:09 [] INFO  org.hibernate.engine.transaction.jta.platform.internal.JtaPlatformInitiator - HHH000489: No JTA platform available (set 'hibernate.transaction.jta.platform' to enable JTA platform integration)
2026-10-02 00:11:09 [] INFO  org.springframework.orm.jpa.LocalContainerEntityManagerFactoryBean - Initialized JPA EntityManagerFactory for persistence unit 'default'
2026-10-02 00:11:11 [] WARN  org.springframework.boot.autoconfigure.orm.jpa.JpaBaseConfiguration$JpaWebConfiguration - spring.jpa.open-in-view is enabled by default. Therefore, database queries may be performed during view rendering. Explicitly configure spring.jpa.open-in-view to disable this warning
2026-10-02 00:11:11 [] INFO  org.springframework.security.config.annotation.authentication.configuration.InitializeAuthenticationProviderBeanManagerConfigurer$InitializeAuthenticationProviderManagerConfigurer - Global AuthenticationManager configured with AuthenticationProvider bean with name authenticationProvider
2026-10-02 00:11:11 [] WARN  org.springframework.security.config.annotation.authentication.configuration.InitializeUserDetailsBeanManagerConfigurer$InitializeUserDetailsManagerConfigurer - Global AuthenticationManager configured with an AuthenticationProvider bean. UserDetailsService beans will not be used by Spring Security for automatically configuring username/password login. Consider removing the AuthenticationProvider bean. Alternatively, consider using the UserDetailsService in a manually instantiated DaoAuthenticationProvider. If the current configuration is intentional, to turn off this warning, increase the logging level of 'org.springframework.security.config.annotation.authentication.configuration.InitializeUserDetailsBeanManagerConfigurer' to ERROR
2026-10-02 00:11:11 [] INFO  org.springframework.boot.devtools.autoconfigure.OptionalLiveReloadServer - LiveReload server is running on port 35729
2026-10-02 00:11:11 [] INFO  org.springframework.boot.web.embedded.tomcat.TomcatWebServer - Tomcat started on port 8080 (http) with context path '/tailor-master'
2026-10-02 00:11:11 [] INFO  com.example.tailormaster.TailorMasterAppApplication - Started TailorMasterAppApplication in 16.452 seconds (process running for 764.302)
2026-10-02 00:11:11 [] INFO  org.springframework.boot.web.embedded.tomcat.GracefulShutdown - Commencing graceful shutdown. Waiting for active requests to complete
2026-10-02 00:11:11 [] INFO  org.springframework.boot.devtools.autoconfigure.ConditionEvaluationDeltaLoggingListener - Condition evaluation unchanged
2026-10-02 00:11:12 [] INFO  org.springframework.boot.web.embedded.tomcat.GracefulShutdown - Graceful shutdown complete
2026-10-02 00:11:12 [] INFO  org.springframework.orm.jpa.LocalContainerEntityManagerFactoryBean - Closing JPA EntityManagerFactory for persistence unit 'default'
2026-10-02 00:11:12 [] INFO  com.zaxxer.hikari.HikariDataSource - HikariPool-4 - Shutdown initiated...
2026-10-02 00:11:12 [] INFO  com.zaxxer.hikari.HikariDataSource - HikariPool-4 - Shutdown completed.
2026-10-02 00:14:12 [] INFO  org.hibernate.validator.internal.util.Version - HV000001: Hibernate Validator 8.0.2.Final
2026-10-02 00:14:12 [] INFO  com.example.tailormaster.TailorMasterAppApplication - Starting TailorMasterAppApplication using Java 17.0.2 with PID 1360 (E:\Development-Workspaces\tailor-app-new-enhancements\tailor-master-app\tailor-master-app\target\classes started by wajiz.pk in E:\Development-Workspaces\tailor-app-new-enhancements\tailor-master-app)
2026-10-02 00:14:12 [] INFO  com.example.tailormaster.TailorMasterAppApplication - No active profile set, falling back to 1 default profile: "default"
2026-10-02 00:14:12 [] INFO  org.springframework.boot.devtools.env.DevToolsPropertyDefaultsPostProcessor - Devtools property defaults active! Set 'spring.devtools.add-properties' to 'false' to disable
2026-10-02 00:14:12 [] INFO  org.springframework.boot.devtools.env.DevToolsPropertyDefaultsPostProcessor - For additional web related logging consider setting the 'logging.level.web' property to 'DEBUG'
2026-10-02 00:14:15 [] INFO  org.springframework.data.repository.config.RepositoryConfigurationDelegate - Bootstrapping Spring Data JPA repositories in DEFAULT mode.
2026-10-02 00:14:15 [] INFO  org.springframework.data.repository.config.RepositoryConfigurationDelegate - Finished Spring Data repository scanning in 376 ms. Found 21 JPA repository interfaces.
2026-10-02 00:14:17 [] INFO  org.springframework.boot.web.embedded.tomcat.TomcatWebServer - Tomcat initialized with port 8080 (http)
2026-10-02 00:14:17 [] INFO  org.apache.coyote.http11.Http11NioProtocol - Initializing ProtocolHandler ["http-nio-8080"]
2026-10-02 00:14:17 [] INFO  org.apache.catalina.core.StandardService - Starting service [Tomcat]
2026-10-02 00:14:17 [] INFO  org.apache.catalina.core.StandardEngine - Starting Servlet engine: [Apache Tomcat/10.1.40]
2026-10-02 00:14:18 [] INFO  org.apache.catalina.core.ContainerBase.[Tomcat].[localhost].[/tailor-master] - Initializing Spring embedded WebApplicationContext
2026-10-02 00:14:18 [] INFO  org.springframework.boot.web.servlet.context.ServletWebServerApplicationContext - Root WebApplicationContext: initialization completed in 5165 ms
2026-10-02 00:14:18 [] INFO  org.hibernate.jpa.internal.util.LogHelper - HHH000204: Processing PersistenceUnitInfo [name: default]
2026-10-02 00:14:19 [] INFO  org.hibernate.Version - HHH000412: Hibernate ORM core version 6.6.4.Final
2026-10-02 00:14:19 [] INFO  org.hibernate.cache.internal.RegionFactoryInitiator - HHH000026: Second-level cache disabled
2026-10-02 00:14:20 [] INFO  org.springframework.orm.jpa.persistenceunit.SpringPersistenceUnitInfo - No LoadTimeWeaver setup: ignoring JPA class transformer
2026-10-02 00:14:20 [] INFO  com.zaxxer.hikari.HikariDataSource - HikariPool-1 - Starting...
2026-10-02 00:14:21 [] INFO  com.zaxxer.hikari.pool.HikariPool - HikariPool-1 - Added connection com.mysql.cj.jdbc.ConnectionImpl@7584987a
2026-10-02 00:14:21 [] INFO  com.zaxxer.hikari.HikariDataSource - HikariPool-1 - Start completed.
2026-10-02 00:14:21 [] INFO  org.hibernate.orm.connections.pooling - HHH10001005: Database info:
	Database JDBC URL [Connecting through datasource 'HikariDataSource (HikariPool-1)']
	Database driver: undefined/unknown
	Database version: 8.0.28
	Autocommit mode: undefined/unknown
	Isolation level: undefined/unknown
	Minimum pool size: undefined/unknown
	Maximum pool size: undefined/unknown
2026-10-02 00:14:26 [] INFO  org.hibernate.engine.transaction.jta.platform.internal.JtaPlatformInitiator - HHH000489: No JTA platform available (set 'hibernate.transaction.jta.platform' to enable JTA platform integration)
2026-10-02 00:14:27 [] INFO  org.springframework.orm.jpa.LocalContainerEntityManagerFactoryBean - Initialized JPA EntityManagerFactory for persistence unit 'default'
2026-10-02 00:14:28 [] INFO  org.springframework.data.jpa.repository.query.QueryEnhancerFactory - Hibernate is in classpath; If applicable, HQL parser will be used.
2026-10-02 00:14:51 [] WARN  org.springframework.boot.autoconfigure.orm.jpa.JpaBaseConfiguration$JpaWebConfiguration - spring.jpa.open-in-view is enabled by default. Therefore, database queries may be performed during view rendering. Explicitly configure spring.jpa.open-in-view to disable this warning
2026-10-02 00:14:51 [] INFO  org.springframework.security.config.annotation.authentication.configuration.InitializeAuthenticationProviderBeanManagerConfigurer$InitializeAuthenticationProviderManagerConfigurer - Global AuthenticationManager configured with AuthenticationProvider bean with name authenticationProvider
2026-10-02 00:14:51 [] WARN  org.springframework.security.config.annotation.authentication.configuration.InitializeUserDetailsBeanManagerConfigurer$InitializeUserDetailsManagerConfigurer - Global AuthenticationManager configured with an AuthenticationProvider bean. UserDetailsService beans will not be used by Spring Security for automatically configuring username/password login. Consider removing the AuthenticationProvider bean. Alternatively, consider using the UserDetailsService in a manually instantiated DaoAuthenticationProvider. If the current configuration is intentional, to turn off this warning, increase the logging level of 'org.springframework.security.config.annotation.authentication.configuration.InitializeUserDetailsBeanManagerConfigurer' to ERROR
2026-10-02 00:14:53 [] INFO  org.springframework.boot.devtools.autoconfigure.OptionalLiveReloadServer - LiveReload server is running on port 35729
2026-10-02 00:14:54 [] INFO  org.apache.coyote.http11.Http11NioProtocol - Starting ProtocolHandler ["http-nio-8080"]
2026-10-02 00:14:54 [] INFO  org.springframework.boot.web.embedded.tomcat.TomcatWebServer - Tomcat started on port 8080 (http) with context path '/tailor-master'
2026-10-02 00:14:54 [] INFO  com.example.tailormaster.TailorMasterAppApplication - Started TailorMasterAppApplication in 42.768 seconds (process running for 47.551)
2026-10-02 00:24:21 [] INFO  org.springframework.boot.devtools.autoconfigure.LocalDevToolsAutoConfiguration$RestartingClassPathChangeChangedEventListener - Restarting due to 1 class path change (0 additions, 1 deletion, 0 modifications)
2026-10-02 00:24:21 [] INFO  org.springframework.boot.web.embedded.tomcat.GracefulShutdown - Commencing graceful shutdown. Waiting for active requests to complete
2026-10-02 00:24:21 [] INFO  org.apache.coyote.http11.Http11NioProtocol - Pausing ProtocolHandler ["http-nio-8080"]
2026-10-02 00:24:22 [] INFO  org.springframework.boot.web.embedded.tomcat.GracefulShutdown - Graceful shutdown complete
2026-10-02 00:24:22 [] INFO  org.apache.coyote.http11.Http11NioProtocol - Stopping ProtocolHandler ["http-nio-8080"]
2026-10-02 00:24:22 [] INFO  org.springframework.orm.jpa.LocalContainerEntityManagerFactoryBean - Closing JPA EntityManagerFactory for persistence unit 'default'
2026-10-02 00:24:22 [] INFO  com.zaxxer.hikari.HikariDataSource - HikariPool-1 - Shutdown initiated...
2026-10-02 00:24:22 [] INFO  com.zaxxer.hikari.HikariDataSource - HikariPool-1 - Shutdown completed.
2026-10-02 00:24:24 [] INFO  com.example.tailormaster.TailorMasterAppApplication - Starting TailorMasterAppApplication using Java 17.0.2 with PID 1360 (E:\Development-Workspaces\tailor-app-new-enhancements\tailor-master-app\tailor-master-app\target\classes started by wajiz.pk in E:\Development-Workspaces\tailor-app-new-enhancements\tailor-master-app)
2026-10-02 00:24:24 [] INFO  com.example.tailormaster.TailorMasterAppApplication - No active profile set, falling back to 1 default profile: "default"
2026-10-02 00:24:25 [] INFO  org.springframework.data.repository.config.RepositoryConfigurationDelegate - Bootstrapping Spring Data JPA repositories in DEFAULT mode.
2026-10-02 00:24:25 [] INFO  org.springframework.data.repository.config.RepositoryConfigurationDelegate - Finished Spring Data repository scanning in 210 ms. Found 21 JPA repository interfaces.
2026-10-02 00:24:26 [] INFO  org.springframework.boot.web.embedded.tomcat.TomcatWebServer - Tomcat initialized with port 8080 (http)
2026-10-02 00:24:26 [] INFO  org.apache.coyote.http11.Http11NioProtocol - Initializing ProtocolHandler ["http-nio-8080"]
2026-10-02 00:24:26 [] INFO  org.apache.catalina.core.StandardService - Starting service [Tomcat]
2026-10-02 00:24:26 [] INFO  org.apache.catalina.core.StandardEngine - Starting Servlet engine: [Apache Tomcat/10.1.40]
2026-10-02 00:24:26 [] INFO  org.apache.catalina.core.ContainerBase.[Tomcat].[localhost].[/tailor-master] - Initializing Spring embedded WebApplicationContext
2026-10-02 00:24:26 [] INFO  org.springframework.boot.web.servlet.context.ServletWebServerApplicationContext - Root WebApplicationContext: initialization completed in 2019 ms
2026-10-02 00:24:26 [] INFO  org.hibernate.jpa.internal.util.LogHelper - HHH000204: Processing PersistenceUnitInfo [name: default]
2026-10-02 00:24:26 [] INFO  org.hibernate.cache.internal.RegionFactoryInitiator - HHH000026: Second-level cache disabled
2026-10-02 00:24:26 [] INFO  org.springframework.orm.jpa.persistenceunit.SpringPersistenceUnitInfo - No LoadTimeWeaver setup: ignoring JPA class transformer
2026-10-02 00:24:26 [] INFO  com.zaxxer.hikari.HikariDataSource - HikariPool-2 - Starting...
2026-10-02 00:24:26 [] INFO  com.zaxxer.hikari.pool.HikariPool - HikariPool-2 - Added connection com.mysql.cj.jdbc.ConnectionImpl@5263f63f
2026-10-02 00:24:26 [] INFO  com.zaxxer.hikari.HikariDataSource - HikariPool-2 - Start completed.
2026-10-02 00:24:26 [] INFO  org.hibernate.orm.connections.pooling - HHH10001005: Database info:
	Database JDBC URL [Connecting through datasource 'HikariDataSource (HikariPool-2)']
	Database driver: undefined/unknown
	Database version: 8.0.28
	Autocommit mode: undefined/unknown
	Isolation level: undefined/unknown
	Minimum pool size: undefined/unknown
	Maximum pool size: undefined/unknown
2026-10-02 00:24:27 [] INFO  org.hibernate.engine.transaction.jta.platform.internal.JtaPlatformInitiator - HHH000489: No JTA platform available (set 'hibernate.transaction.jta.platform' to enable JTA platform integration)
2026-10-02 00:24:29 [] INFO  org.springframework.orm.jpa.LocalContainerEntityManagerFactoryBean - Initialized JPA EntityManagerFactory for persistence unit 'default'
2026-10-02 00:24:30 [] WARN  org.springframework.boot.autoconfigure.orm.jpa.JpaBaseConfiguration$JpaWebConfiguration - spring.jpa.open-in-view is enabled by default. Therefore, database queries may be performed during view rendering. Explicitly configure spring.jpa.open-in-view to disable this warning
2026-10-02 00:24:30 [] INFO  org.springframework.security.config.annotation.authentication.configuration.InitializeAuthenticationProviderBeanManagerConfigurer$InitializeAuthenticationProviderManagerConfigurer - Global AuthenticationManager configured with AuthenticationProvider bean with name authenticationProvider
2026-10-02 00:24:30 [] WARN  org.springframework.security.config.annotation.authentication.configuration.InitializeUserDetailsBeanManagerConfigurer$InitializeUserDetailsManagerConfigurer - Global AuthenticationManager configured with an AuthenticationProvider bean. UserDetailsService beans will not be used by Spring Security for automatically configuring username/password login. Consider removing the AuthenticationProvider bean. Alternatively, consider using the UserDetailsService in a manually instantiated DaoAuthenticationProvider. If the current configuration is intentional, to turn off this warning, increase the logging level of 'org.springframework.security.config.annotation.authentication.configuration.InitializeUserDetailsBeanManagerConfigurer' to ERROR
2026-10-02 00:24:31 [] INFO  org.springframework.boot.devtools.autoconfigure.OptionalLiveReloadServer - LiveReload server is running on port 35729
2026-10-02 00:24:31 [] INFO  org.apache.coyote.http11.Http11NioProtocol - Starting ProtocolHandler ["http-nio-8080"]
2026-10-02 00:24:31 [] INFO  org.springframework.boot.web.embedded.tomcat.TomcatWebServer - Tomcat started on port 8080 (http) with context path '/tailor-master'
2026-10-02 00:24:31 [] INFO  com.example.tailormaster.TailorMasterAppApplication - Started TailorMasterAppApplication in 6.952 seconds (process running for 624.463)
2026-10-02 00:24:31 [] INFO  org.springframework.boot.devtools.autoconfigure.ConditionEvaluationDeltaLoggingListener - Condition evaluation unchanged
2026-10-02 00:24:32 [] INFO  org.springframework.boot.devtools.autoconfigure.LocalDevToolsAutoConfiguration$RestartingClassPathChangeChangedEventListener - Restarting due to 1 class path change (1 addition, 0 deletions, 0 modifications)
2026-10-02 00:24:32 [] INFO  org.springframework.boot.web.embedded.tomcat.GracefulShutdown - Commencing graceful shutdown. Waiting for active requests to complete
2026-10-02 00:24:32 [] INFO  org.apache.coyote.http11.Http11NioProtocol - Pausing ProtocolHandler ["http-nio-8080"]
2026-10-02 00:24:33 [] INFO  org.springframework.boot.web.embedded.tomcat.GracefulShutdown - Graceful shutdown complete
2026-10-02 00:24:33 [] INFO  org.apache.coyote.http11.Http11NioProtocol - Stopping ProtocolHandler ["http-nio-8080"]
2026-10-02 00:24:33 [] INFO  org.springframework.orm.jpa.LocalContainerEntityManagerFactoryBean - Closing JPA EntityManagerFactory for persistence unit 'default'
2026-10-02 00:24:33 [] INFO  com.zaxxer.hikari.HikariDataSource - HikariPool-2 - Shutdown initiated...
2026-10-02 00:24:33 [] INFO  com.zaxxer.hikari.HikariDataSource - HikariPool-2 - Shutdown completed.
2026-10-02 00:24:33 [] INFO  com.example.tailormaster.TailorMasterAppApplication - Starting TailorMasterAppApplication using Java 17.0.2 with PID 1360 (E:\Development-Workspaces\tailor-app-new-enhancements\tailor-master-app\tailor-master-app\target\classes started by wajiz.pk in E:\Development-Workspaces\tailor-app-new-enhancements\tailor-master-app)
2026-10-02 00:24:33 [] INFO  com.example.tailormaster.TailorMasterAppApplication - No active profile set, falling back to 1 default profile: "default"
2026-10-02 00:24:34 [] INFO  org.springframework.data.repository.config.RepositoryConfigurationDelegate - Bootstrapping Spring Data JPA repositories in DEFAULT mode.
2026-10-02 00:24:34 [] INFO  org.springframework.data.repository.config.RepositoryConfigurationDelegate - Finished Spring Data repository scanning in 103 ms. Found 21 JPA repository interfaces.
2026-10-02 00:24:34 [] INFO  org.springframework.boot.web.embedded.tomcat.TomcatWebServer - Tomcat initialized with port 8080 (http)
2026-10-02 00:24:34 [] INFO  org.apache.coyote.http11.Http11NioProtocol - Initializing ProtocolHandler ["http-nio-8080"]
2026-10-02 00:24:34 [] INFO  org.apache.catalina.core.StandardService - Starting service [Tomcat]
2026-10-02 00:24:34 [] INFO  org.apache.catalina.core.StandardEngine - Starting Servlet engine: [Apache Tomcat/10.1.40]
2026-10-02 00:24:34 [] INFO  org.apache.catalina.core.ContainerBase.[Tomcat].[localhost].[/tailor-master] - Initializing Spring embedded WebApplicationContext
2026-10-02 00:24:34 [] INFO  org.springframework.boot.web.servlet.context.ServletWebServerApplicationContext - Root WebApplicationContext: initialization completed in 784 ms
2026-10-02 00:24:34 [] INFO  org.hibernate.jpa.internal.util.LogHelper - HHH000204: Processing PersistenceUnitInfo [name: default]
2026-10-02 00:24:34 [] INFO  org.hibernate.cache.internal.RegionFactoryInitiator - HHH000026: Second-level cache disabled
2026-10-02 00:24:34 [] INFO  org.springframework.orm.jpa.persistenceunit.SpringPersistenceUnitInfo - No LoadTimeWeaver setup: ignoring JPA class transformer
2026-10-02 00:24:34 [] INFO  com.zaxxer.hikari.HikariDataSource - HikariPool-3 - Starting...
2026-10-02 00:24:34 [] INFO  com.zaxxer.hikari.pool.HikariPool - HikariPool-3 - Added connection com.mysql.cj.jdbc.ConnectionImpl@2d39996e
2026-10-02 00:24:34 [] INFO  com.zaxxer.hikari.HikariDataSource - HikariPool-3 - Start completed.
2026-10-02 00:24:34 [] INFO  org.hibernate.orm.connections.pooling - HHH10001005: Database info:
	Database JDBC URL [Connecting through datasource 'HikariDataSource (HikariPool-3)']
	Database driver: undefined/unknown
	Database version: 8.0.28
	Autocommit mode: undefined/unknown
	Isolation level: undefined/unknown
	Minimum pool size: undefined/unknown
	Maximum pool size: undefined/unknown
2026-10-02 00:24:35 [] INFO  org.hibernate.engine.transaction.jta.platform.internal.JtaPlatformInitiator - HHH000489: No JTA platform available (set 'hibernate.transaction.jta.platform' to enable JTA platform integration)
2026-10-02 00:24:35 [] INFO  org.springframework.orm.jpa.LocalContainerEntityManagerFactoryBean - Initialized JPA EntityManagerFactory for persistence unit 'default'
2026-10-02 00:24:36 [] WARN  org.springframework.boot.autoconfigure.orm.jpa.JpaBaseConfiguration$JpaWebConfiguration - spring.jpa.open-in-view is enabled by default. Therefore, database queries may be performed during view rendering. Explicitly configure spring.jpa.open-in-view to disable this warning
2026-10-02 00:24:36 [] INFO  org.springframework.security.config.annotation.authentication.configuration.InitializeAuthenticationProviderBeanManagerConfigurer$InitializeAuthenticationProviderManagerConfigurer - Global AuthenticationManager configured with AuthenticationProvider bean with name authenticationProvider
2026-10-02 00:24:36 [] WARN  org.springframework.security.config.annotation.authentication.configuration.InitializeUserDetailsBeanManagerConfigurer$InitializeUserDetailsManagerConfigurer - Global AuthenticationManager configured with an AuthenticationProvider bean. UserDetailsService beans will not be used by Spring Security for automatically configuring username/password login. Consider removing the AuthenticationProvider bean. Alternatively, consider using the UserDetailsService in a manually instantiated DaoAuthenticationProvider. If the current configuration is intentional, to turn off this warning, increase the logging level of 'org.springframework.security.config.annotation.authentication.configuration.InitializeUserDetailsBeanManagerConfigurer' to ERROR
2026-10-02 00:24:37 [] INFO  org.springframework.boot.devtools.autoconfigure.OptionalLiveReloadServer - LiveReload server is running on port 35729
2026-10-02 00:24:37 [] INFO  org.apache.coyote.http11.Http11NioProtocol - Starting ProtocolHandler ["http-nio-8080"]
2026-10-02 00:24:37 [] INFO  org.springframework.boot.web.embedded.tomcat.TomcatWebServer - Tomcat started on port 8080 (http) with context path '/tailor-master'
2026-10-02 00:24:37 [] INFO  com.example.tailormaster.TailorMasterAppApplication - Started TailorMasterAppApplication in 3.19 seconds (process running for 630.459)
2026-10-02 00:24:37 [] INFO  org.springframework.boot.devtools.autoconfigure.ConditionEvaluationDeltaLoggingListener - Condition evaluation unchanged
2026-10-02 00:24:45 [] INFO  org.apache.catalina.core.ContainerBase.[Tomcat].[localhost].[/tailor-master] - Initializing Spring DispatcherServlet 'dispatcherServlet'
2026-10-02 00:24:45 [] INFO  org.springframework.web.servlet.DispatcherServlet - Initializing Servlet 'dispatcherServlet'
2026-10-02 00:24:45 [] INFO  org.springframework.web.servlet.DispatcherServlet - Completed initialization in 6 ms
2026-10-02 00:24:45 [] WARN  org.apache.catalina.util.SessionIdGeneratorBase - Creation of SecureRandom instance for session ID generation using [SHA1PRNG] took [249] milliseconds.
2026-10-02 00:24:45 [ANONYMOUS] INFO  com.example.tailormaster.filter.LoggingInterceptor - User 'ANONYMOUS' is requesting: GET /tailor-master/login
2026-10-02 00:24:45 [ANONYMOUS] INFO  com.example.tailormaster.controller.AuthController - Accessed login page
2026-10-02 00:25:00 [newuser] INFO  com.example.tailormaster.filter.LoggingInterceptor - User 'newuser' is requesting: GET /tailor-master/dashboard
2026-10-02 00:25:00 [newuser] INFO  com.example.tailormaster.controller.AuthController - User 'newuser' accessed the dashboard
2026-10-02 00:25:01 [newuser] INFO  com.example.tailormaster.filter.LoggingInterceptor - User 'newuser' is requesting: GET /tailor-master/dashboard/notifications/upcoming-deliveries
2026-10-02 00:25:01 [newuser] INFO  com.example.tailormaster.filter.LoggingInterceptor - User 'newuser' is requesting: GET /tailor-master/dashboard/total-customers
2026-10-02 00:25:01 [newuser] INFO  com.example.tailormaster.filter.LoggingInterceptor - User 'newuser' is requesting: GET /tailor-master/dashboard/total-orders
2026-10-02 00:25:01 [newuser] INFO  com.example.tailormaster.controller.dashboard.DashboardController - Requested upcoming deliveries.
2026-10-02 00:25:01 [newuser] INFO  com.example.tailormaster.controller.dashboard.DashboardController - Requested total customers.
2026-10-02 00:25:01 [newuser] INFO  com.example.tailormaster.filter.LoggingInterceptor - User 'newuser' is requesting: GET /tailor-master/dashboard/pending-payments
2026-10-02 00:25:01 [newuser] INFO  com.example.tailormaster.filter.LoggingInterceptor - User 'newuser' is requesting: GET /tailor-master/dashboard/revenue-this-month
2026-10-02 00:25:01 [newuser] INFO  com.example.tailormaster.controller.dashboard.DashboardController - Requested total orders.
2026-10-02 00:25:01 [newuser] INFO  com.example.tailormaster.service.dashboard.DashboardService - Total orders: 0
2026-10-02 00:25:01 [newuser] INFO  com.example.tailormaster.controller.dashboard.DashboardController - Total orders: 0
2026-10-02 00:25:01 [newuser] INFO  com.example.tailormaster.controller.dashboard.DashboardController - Requested pending payments.
2026-10-02 00:25:01 [newuser] INFO  com.example.tailormaster.controller.dashboard.DashboardController - Requested revenue-this-month.
2026-10-02 00:25:01 [newuser] INFO  com.example.tailormaster.filter.LoggingInterceptor - User 'newuser' is requesting: GET /tailor-master/dashboard/monthly-revenue-trends
2026-10-02 00:25:01 [newuser] INFO  com.example.tailormaster.service.dashboard.DashboardService - Total pending payments: 0
2026-10-02 00:25:01 [newuser] INFO  com.example.tailormaster.controller.dashboard.DashboardController - Pending payments: 0
2026-10-02 00:25:01 [newuser] INFO  com.example.tailormaster.service.dashboard.DashboardService - Revenue this month: 0.00
2026-10-02 00:25:01 [newuser] INFO  com.example.tailormaster.controller.dashboard.DashboardController - Revenue this month: 0.00
2026-10-02 00:25:01 [newuser] INFO  com.example.tailormaster.controller.dashboard.DashboardController - Requested monthly-revenue-trends.
2026-10-02 00:25:01 [newuser] INFO  com.example.tailormaster.service.dashboard.DashboardService - Upcoming deliveries fetched: 0
2026-10-02 00:25:01 [newuser] INFO  com.example.tailormaster.controller.dashboard.DashboardController - Upcoming deliveries fetched: 0
2026-10-02 00:25:01 [newuser] INFO  com.example.tailormaster.service.dashboard.DashboardService - Total customers: 3
2026-10-02 00:25:01 [newuser] INFO  com.example.tailormaster.controller.dashboard.DashboardController - Total customers: 3
2026-10-02 00:25:01 [newuser] INFO  com.example.tailormaster.filter.LoggingInterceptor - User 'newuser' is requesting: GET /tailor-master/dashboard/order-status-counts
2026-10-02 00:25:01 [newuser] INFO  com.example.tailormaster.filter.LoggingInterceptor - User 'newuser' is requesting: GET /tailor-master/dashboard/recent-orders
2026-10-02 00:25:01 [newuser] INFO  com.example.tailormaster.controller.dashboard.DashboardController - Requested order-status-counts.
2026-10-02 00:25:01 [newuser] INFO  com.example.tailormaster.controller.dashboard.DashboardController - Requested recent-orders.
2026-10-02 00:25:01 [newuser] INFO  com.example.tailormaster.service.dashboard.DashboardService - Monthly revenue trends fetched successfully
2026-10-02 00:25:01 [newuser] INFO  com.example.tailormaster.filter.LoggingInterceptor - User 'newuser' is requesting: GET /tailor-master/dashboard/customers/top
2026-10-02 00:25:01 [newuser] INFO  com.example.tailormaster.service.dashboard.DashboardService - Recent orders fetched: 0 orders
2026-10-02 00:25:01 [newuser] INFO  com.example.tailormaster.controller.dashboard.DashboardController - Recent orders fetched: 0
2026-10-02 00:25:01 [newuser] INFO  com.example.tailormaster.controller.dashboard.DashboardController - Requested top customers.
2026-10-02 00:25:01 [newuser] INFO  com.example.tailormaster.service.dashboard.DashboardService - Top customers fetched: 0
2026-10-02 00:25:01 [newuser] INFO  com.example.tailormaster.controller.dashboard.DashboardController - Top customers fetched: 0
2026-10-02 00:25:01 [newuser] INFO  com.example.tailormaster.service.dashboard.DashboardService - Order status counts: {Cancelled=0, Pending=0, InProgress=0, Completed=0, Delivered=0}
2026-10-02 00:25:01 [newuser] INFO  com.example.tailormaster.controller.dashboard.DashboardController - Order status counts: {Cancelled=0, Pending=0, InProgress=0, Completed=0, Delivered=0}
2026-10-02 00:25:06 [newuser] INFO  com.example.tailormaster.filter.LoggingInterceptor - User 'newuser' is requesting: GET /tailor-master/customers
2026-10-02 00:25:07 [newuser] INFO  com.example.tailormaster.filter.LoggingInterceptor - User 'newuser' is requesting: GET /tailor-master/dashboard/notifications/upcoming-deliveries
2026-10-02 00:25:07 [newuser] INFO  com.example.tailormaster.controller.dashboard.DashboardController - Requested upcoming deliveries.
2026-10-02 00:25:07 [newuser] INFO  com.example.tailormaster.service.dashboard.DashboardService - Upcoming deliveries fetched: 0
2026-10-02 00:25:07 [newuser] INFO  com.example.tailormaster.controller.dashboard.DashboardController - Upcoming deliveries fetched: 0
2026-10-02 00:25:07 [newuser] INFO  com.example.tailormaster.filter.LoggingInterceptor - User 'newuser' is requesting: GET /tailor-master/customers/datatable
2026-10-02 00:25:07 [newuser] INFO  com.example.tailormaster.controller.CustomerController - Fetching customers data with search value: , sort direction: asc, start date: null, end date: null
2026-10-02 00:25:09 [newuser] INFO  com.example.tailormaster.filter.LoggingInterceptor - User 'newuser' is requesting: GET /tailor-master/customers/details/-_lDXmkngAdZCVEWVajXd29yojIF_C37X31b-sWsX-c=
2026-10-02 00:25:09 [newuser] INFO  com.example.tailormaster.controller.CustomerController - Displaying details for customer ID (encrypted): -_lDXmkngAdZCVEWVajXd29yojIF_C37X31b-sWsX-c=
2026-10-02 00:25:09 [newuser] INFO  com.example.tailormaster.service.product.ProductService - Fetching all active products.
2026-10-02 00:25:09 [newuser] INFO  com.example.tailormaster.service.product.ProductService - Retrieved 1 active products.
2026-10-02 00:25:09 [newuser] INFO  com.example.tailormaster.controller.CustomerController - Fetched customer details: com.example.tailormaster.entity.Customer@47afe359
2026-10-02 00:25:09 [newuser] INFO  com.example.tailormaster.controller.CustomerController - Fetched 1 customer product measurements for customerId=36
2026-10-02 00:25:10 [newuser] INFO  com.example.tailormaster.filter.LoggingInterceptor - User 'newuser' is requesting: GET /tailor-master/dashboard/notifications/upcoming-deliveries
2026-10-02 00:25:10 [newuser] INFO  com.example.tailormaster.controller.dashboard.DashboardController - Requested upcoming deliveries.
2026-10-02 00:25:10 [newuser] INFO  com.example.tailormaster.service.dashboard.DashboardService - Upcoming deliveries fetched: 0
2026-10-02 00:25:10 [newuser] INFO  com.example.tailormaster.controller.dashboard.DashboardController - Upcoming deliveries fetched: 0
2026-10-02 00:25:17 [newuser] INFO  com.example.tailormaster.filter.LoggingInterceptor - User 'newuser' is requesting: GET /tailor-master/customers/measurements/4/print
2026-10-02 00:25:17 [newuser] INFO  com.example.tailormaster.controller.CustomerController - ========== CUSTOMER MEASUREMENT PRINT ENDPOINT HIT ==========
2026-10-02 00:25:17 [newuser] INFO  com.example.tailormaster.controller.CustomerController - Printing customer measurement, measurementId=4
2026-10-02 00:25:17 [newuser] INFO  com.example.tailormaster.controller.CustomerController - Customer measurement print data loaded successfully, measurementId=4
2026-10-02 00:25:17 [newuser] ERROR org.thymeleaf.TemplateEngine - [THYMELEAF][http-nio-8080-exec-9] Exception processing template "order/customer-measurement": An error happened during template parsing (template: "class path resource [templates/order/customer-measurement.html]")
org.thymeleaf.exceptions.TemplateInputException: An error happened during template parsing (template: "class path resource [templates/order/customer-measurement.html]")
	at org.thymeleaf.templateparser.markup.AbstractMarkupTemplateParser.parse(AbstractMarkupTemplateParser.java:241) ~[thymeleaf-3.1.3.RELEASE.jar:3.1.3.RELEASE]
	at org.thymeleaf.templateparser.markup.AbstractMarkupTemplateParser.parseStandalone(AbstractMarkupTemplateParser.java:100) ~[thymeleaf-3.1.3.RELEASE.jar:3.1.3.RELEASE]
	at org.thymeleaf.engine.TemplateManager.parseAndProcess(TemplateManager.java:666) ~[thymeleaf-3.1.3.RELEASE.jar:3.1.3.RELEASE]
	at org.thymeleaf.TemplateEngine.process(TemplateEngine.java:1103) ~[thymeleaf-3.1.3.RELEASE.jar:3.1.3.RELEASE]
	at org.thymeleaf.TemplateEngine.process(TemplateEngine.java:1077) ~[thymeleaf-3.1.3.RELEASE.jar:3.1.3.RELEASE]
	at org.thymeleaf.spring6.view.ThymeleafView.renderFragment(ThymeleafView.java:372) ~[thymeleaf-spring6-3.1.3.RELEASE.jar:3.1.3.RELEASE]
	at org.thymeleaf.spring6.view.ThymeleafView.render(ThymeleafView.java:192) ~[thymeleaf-spring6-3.1.3.RELEASE.jar:3.1.3.RELEASE]
	at org.springframework.web.servlet.DispatcherServlet.render(DispatcherServlet.java:1435) ~[spring-webmvc-6.2.1.jar:6.2.1]
	at org.springframework.web.servlet.DispatcherServlet.processDispatchResult(DispatcherServlet.java:1167) ~[spring-webmvc-6.2.1.jar:6.2.1]
	at org.springframework.web.servlet.DispatcherServlet.doDispatch(DispatcherServlet.java:1105) ~[spring-webmvc-6.2.1.jar:6.2.1]
	at org.springframework.web.servlet.DispatcherServlet.doService(DispatcherServlet.java:978) ~[spring-webmvc-6.2.1.jar:6.2.1]
	at org.springframework.web.servlet.FrameworkServlet.processRequest(FrameworkServlet.java:1014) ~[spring-webmvc-6.2.1.jar:6.2.1]
	at org.springframework.web.servlet.FrameworkServlet.doGet(FrameworkServlet.java:903) ~[spring-webmvc-6.2.1.jar:6.2.1]
	at jakarta.servlet.http.HttpServlet.service(HttpServlet.java:564) ~[tomcat-embed-core-10.1.40.jar:6.0]
	at org.springframework.web.servlet.FrameworkServlet.service(FrameworkServlet.java:885) ~[spring-webmvc-6.2.1.jar:6.2.1]
	at jakarta.servlet.http.HttpServlet.service(HttpServlet.java:658) ~[tomcat-embed-core-10.1.40.jar:6.0]
	at org.apache.catalina.core.ApplicationFilterChain.internalDoFilter(ApplicationFilterChain.java:195) ~[tomcat-embed-core-10.1.40.jar:10.1.40]
	at org.apache.catalina.core.ApplicationFilterChain.doFilter(ApplicationFilterChain.java:140) ~[tomcat-embed-core-10.1.40.jar:10.1.40]
	at org.apache.tomcat.websocket.server.WsFilter.doFilter(WsFilter.java:51) ~[tomcat-embed-websocket-10.1.40.jar:10.1.40]
	at org.apache.catalina.core.ApplicationFilterChain.internalDoFilter(ApplicationFilterChain.java:164) ~[tomcat-embed-core-10.1.40.jar:10.1.40]
	at org.apache.catalina.core.ApplicationFilterChain.doFilter(ApplicationFilterChain.java:140) ~[tomcat-embed-core-10.1.40.jar:10.1.40]
	at com.example.tailormaster.filter.LoggingMDCFilter.doFilter(LoggingMDCFilter.java:30) ~[classes/:?]
	at org.apache.catalina.core.ApplicationFilterChain.internalDoFilter(ApplicationFilterChain.java:164) ~[tomcat-embed-core-10.1.40.jar:10.1.40]
	at org.apache.catalina.core.ApplicationFilterChain.doFilter(ApplicationFilterChain.java:140) ~[tomcat-embed-core-10.1.40.jar:10.1.40]
	at org.springframework.web.filter.CompositeFilter$VirtualFilterChain.doFilter(CompositeFilter.java:108) ~[spring-web-6.2.1.jar:6.2.1]
	at org.springframework.security.web.FilterChainProxy.lambda$doFilterInternal$3(FilterChainProxy.java:231) ~[spring-security-web-6.4.2.jar:6.4.2]
	at org.springframework.security.web.FilterChainProxy$VirtualFilterChain.doFilter(FilterChainProxy.java:365) ~[spring-security-web-6.4.2.jar:6.4.2]
	at org.springframework.security.web.access.intercept.AuthorizationFilter.doFilter(AuthorizationFilter.java:101) ~[spring-security-web-6.4.2.jar:6.4.2]
	at org.springframework.security.web.FilterChainProxy$VirtualFilterChain.doFilter(FilterChainProxy.java:374) ~[spring-security-web-6.4.2.jar:6.4.2]
	at org.springframework.security.web.access.ExceptionTranslationFilter.doFilter(ExceptionTranslationFilter.java:126) ~[spring-security-web-6.4.2.jar:6.4.2]
	at org.springframework.security.web.access.ExceptionTranslationFilter.doFilter(ExceptionTranslationFilter.java:120) ~[spring-security-web-6.4.2.jar:6.4.2]
	at org.springframework.security.web.FilterChainProxy$VirtualFilterChain.doFilter(FilterChainProxy.java:374) ~[spring-security-web-6.4.2.jar:6.4.2]
	at org.springframework.security.web.authentication.AnonymousAuthenticationFilter.doFilter(AnonymousAuthenticationFilter.java:100) ~[spring-security-web-6.4.2.jar:6.4.2]
	at org.springframework.security.web.FilterChainProxy$VirtualFilterChain.doFilter(FilterChainProxy.java:374) ~[spring-security-web-6.4.2.jar:6.4.2]
	at org.springframework.security.web.servletapi.SecurityContextHolderAwareRequestFilter.doFilter(SecurityContextHolderAwareRequestFilter.java:179) ~[spring-security-web-6.4.2.jar:6.4.2]
	at org.springframework.security.web.FilterChainProxy$VirtualFilterChain.doFilter(FilterChainProxy.java:374) ~[spring-security-web-6.4.2.jar:6.4.2]
	at org.springframework.security.web.savedrequest.RequestCacheAwareFilter.doFilter(RequestCacheAwareFilter.java:63) ~[spring-security-web-6.4.2.jar:6.4.2]
	at org.springframework.security.web.FilterChainProxy$VirtualFilterChain.doFilter(FilterChainProxy.java:374) ~[spring-security-web-6.4.2.jar:6.4.2]
	at org.springframework.security.web.authentication.AbstractAuthenticationProcessingFilter.doFilter(AbstractAuthenticationProcessingFilter.java:227) ~[spring-security-web-6.4.2.jar:6.4.2]
	at org.springframework.security.web.authentication.AbstractAuthenticationProcessingFilter.doFilter(AbstractAuthenticationProcessingFilter.java:221) ~[spring-security-web-6.4.2.jar:6.4.2]
	at org.springframework.security.web.FilterChainProxy$VirtualFilterChain.doFilter(FilterChainProxy.java:374) ~[spring-security-web-6.4.2.jar:6.4.2]
	at org.springframework.security.web.authentication.logout.LogoutFilter.doFilter(LogoutFilter.java:107) ~[spring-security-web-6.4.2.jar:6.4.2]
	at org.springframework.security.web.authentication.logout.LogoutFilter.doFilter(LogoutFilter.java:93) ~[spring-security-web-6.4.2.jar:6.4.2]
	at org.springframework.security.web.FilterChainProxy$VirtualFilterChain.doFilter(FilterChainProxy.java:374) ~[spring-security-web-6.4.2.jar:6.4.2]
	at org.springframework.security.web.csrf.CsrfFilter.doFilterInternal(CsrfFilter.java:117) ~[spring-security-web-6.4.2.jar:6.4.2]
	at org.springframework.web.filter.OncePerRequestFilter.doFilter(OncePerRequestFilter.java:116) ~[spring-web-6.2.1.jar:6.2.1]
	at org.springframework.security.web.FilterChainProxy$VirtualFilterChain.doFilter(FilterChainProxy.java:374) ~[spring-security-web-6.4.2.jar:6.4.2]
	at org.springframework.security.web.header.HeaderWriterFilter.doHeadersAfter(HeaderWriterFilter.java:90) ~[spring-security-web-6.4.2.jar:6.4.2]
	at org.springframework.security.web.header.HeaderWriterFilter.doFilterInternal(HeaderWriterFilter.java:75) ~[spring-security-web-6.4.2.jar:6.4.2]
	at org.springframework.web.filter.OncePerRequestFilter.doFilter(OncePerRequestFilter.java:116) ~[spring-web-6.2.1.jar:6.2.1]
	at org.springframework.security.web.FilterChainProxy$VirtualFilterChain.doFilter(FilterChainProxy.java:374) ~[spring-security-web-6.4.2.jar:6.4.2]
	at org.springframework.security.web.context.SecurityContextHolderFilter.doFilter(SecurityContextHolderFilter.java:82) ~[spring-security-web-6.4.2.jar:6.4.2]
	at org.springframework.security.web.context.SecurityContextHolderFilter.doFilter(SecurityContextHolderFilter.java:69) ~[spring-security-web-6.4.2.jar:6.4.2]
	at org.springframework.security.web.FilterChainProxy$VirtualFilterChain.doFilter(FilterChainProxy.java:374) ~[spring-security-web-6.4.2.jar:6.4.2]
	at org.springframework.security.web.context.request.async.WebAsyncManagerIntegrationFilter.doFilterInternal(WebAsyncManagerIntegrationFilter.java:62) ~[spring-security-web-6.4.2.jar:6.4.2]
	at org.springframework.web.filter.OncePerRequestFilter.doFilter(OncePerRequestFilter.java:116) ~[spring-web-6.2.1.jar:6.2.1]
	at org.springframework.security.web.FilterChainProxy$VirtualFilterChain.doFilter(FilterChainProxy.java:374) ~[spring-security-web-6.4.2.jar:6.4.2]
	at org.springframework.security.web.session.DisableEncodeUrlFilter.doFilterInternal(DisableEncodeUrlFilter.java:42) ~[spring-security-web-6.4.2.jar:6.4.2]
	at org.springframework.web.filter.OncePerRequestFilter.doFilter(OncePerRequestFilter.java:116) ~[spring-web-6.2.1.jar:6.2.1]
	at org.springframework.security.web.FilterChainProxy$VirtualFilterChain.doFilter(FilterChainProxy.java:374) ~[spring-security-web-6.4.2.jar:6.4.2]
	at org.springframework.security.web.FilterChainProxy.doFilterInternal(FilterChainProxy.java:233) ~[spring-security-web-6.4.2.jar:6.4.2]
	at org.springframework.security.web.FilterChainProxy.doFilter(FilterChainProxy.java:191) ~[spring-security-web-6.4.2.jar:6.4.2]
	at org.springframework.web.filter.CompositeFilter$VirtualFilterChain.doFilter(CompositeFilter.java:113) ~[spring-web-6.2.1.jar:6.2.1]
	at org.springframework.web.servlet.handler.HandlerMappingIntrospector.lambda$createCacheFilter$3(HandlerMappingIntrospector.java:243) ~[spring-webmvc-6.2.1.jar:6.2.1]
	at org.springframework.web.filter.CompositeFilter$VirtualFilterChain.doFilter(CompositeFilter.java:113) [spring-web-6.2.1.jar:6.2.1]
	at org.springframework.web.filter.CompositeFilter.doFilter(CompositeFilter.java:74) [spring-web-6.2.1.jar:6.2.1]
	at org.springframework.security.config.annotation.web.configuration.WebMvcSecurityConfiguration$CompositeFilterChainProxy.doFilter(WebMvcSecurityConfiguration.java:238) [spring-security-config-6.4.2.jar:6.4.2]
	at org.springframework.web.filter.DelegatingFilterProxy.invokeDelegate(DelegatingFilterProxy.java:362) [spring-web-6.2.1.jar:6.2.1]
	at org.springframework.web.filter.DelegatingFilterProxy.doFilter(DelegatingFilterProxy.java:278) [spring-web-6.2.1.jar:6.2.1]
	at org.apache.catalina.core.ApplicationFilterChain.internalDoFilter(ApplicationFilterChain.java:164) [tomcat-embed-core-10.1.40.jar:10.1.40]
	at org.apache.catalina.core.ApplicationFilterChain.doFilter(ApplicationFilterChain.java:140) [tomcat-embed-core-10.1.40.jar:10.1.40]
	at org.springframework.web.filter.RequestContextFilter.doFilterInternal(RequestContextFilter.java:100) [spring-web-6.2.1.jar:6.2.1]
	at org.springframework.web.filter.OncePerRequestFilter.doFilter(OncePerRequestFilter.java:116) [spring-web-6.2.1.jar:6.2.1]
	at org.apache.catalina.core.ApplicationFilterChain.internalDoFilter(ApplicationFilterChain.java:164) [tomcat-embed-core-10.1.40.jar:10.1.40]
	at org.apache.catalina.core.ApplicationFilterChain.doFilter(ApplicationFilterChain.java:140) [tomcat-embed-core-10.1.40.jar:10.1.40]
	at org.springframework.web.filter.FormContentFilter.doFilterInternal(FormContentFilter.java:93) [spring-web-6.2.1.jar:6.2.1]
	at org.springframework.web.filter.OncePerRequestFilter.doFilter(OncePerRequestFilter.java:116) [spring-web-6.2.1.jar:6.2.1]
	at org.apache.catalina.core.ApplicationFilterChain.internalDoFilter(ApplicationFilterChain.java:164) [tomcat-embed-core-10.1.40.jar:10.1.40]
	at org.apache.catalina.core.ApplicationFilterChain.doFilter(ApplicationFilterChain.java:140) [tomcat-embed-core-10.1.40.jar:10.1.40]
	at org.springframework.web.filter.CharacterEncodingFilter.doFilterInternal(CharacterEncodingFilter.java:201) [spring-web-6.2.1.jar:6.2.1]
	at org.springframework.web.filter.OncePerRequestFilter.doFilter(OncePerRequestFilter.java:116) [spring-web-6.2.1.jar:6.2.1]
	at org.apache.catalina.core.ApplicationFilterChain.internalDoFilter(ApplicationFilterChain.java:164) [tomcat-embed-core-10.1.40.jar:10.1.40]
	at org.apache.catalina.core.ApplicationFilterChain.doFilter(ApplicationFilterChain.java:140) [tomcat-embed-core-10.1.40.jar:10.1.40]
	at org.apache.catalina.core.StandardWrapperValve.invoke(StandardWrapperValve.java:167) [tomcat-embed-core-10.1.40.jar:10.1.40]
	at org.apache.catalina.core.StandardContextValve.invoke(StandardContextValve.java:90) [tomcat-embed-core-10.1.40.jar:10.1.40]
	at org.apache.catalina.authenticator.AuthenticatorBase.invoke(AuthenticatorBase.java:483) [tomcat-embed-core-10.1.40.jar:10.1.40]
	at org.apache.catalina.core.StandardHostValve.invoke(StandardHostValve.java:116) [tomcat-embed-core-10.1.40.jar:10.1.40]
	at org.apache.catalina.valves.ErrorReportValve.invoke(ErrorReportValve.java:93) [tomcat-embed-core-10.1.40.jar:10.1.40]
	at org.apache.catalina.core.StandardEngineValve.invoke(StandardEngineValve.java:74) [tomcat-embed-core-10.1.40.jar:10.1.40]
	at org.apache.catalina.connector.CoyoteAdapter.service(CoyoteAdapter.java:344) [tomcat-embed-core-10.1.40.jar:10.1.40]
	at org.apache.coyote.http11.Http11Processor.service(Http11Processor.java:398) [tomcat-embed-core-10.1.40.jar:10.1.40]
	at org.apache.coyote.AbstractProcessorLight.process(AbstractProcessorLight.java:63) [tomcat-embed-core-10.1.40.jar:10.1.40]
	at org.apache.coyote.AbstractProtocol$ConnectionHandler.process(AbstractProtocol.java:903) [tomcat-embed-core-10.1.40.jar:10.1.40]
	at org.apache.tomcat.util.net.NioEndpoint$SocketProcessor.doRun(NioEndpoint.java:1740) [tomcat-embed-core-10.1.40.jar:10.1.40]
	at org.apache.tomcat.util.net.SocketProcessorBase.run(SocketProcessorBase.java:52) [tomcat-embed-core-10.1.40.jar:10.1.40]
	at org.apache.tomcat.util.threads.ThreadPoolExecutor.runWorker(ThreadPoolExecutor.java:1189) [tomcat-embed-core-10.1.40.jar:10.1.40]
	at org.apache.tomcat.util.threads.ThreadPoolExecutor$Worker.run(ThreadPoolExecutor.java:658) [tomcat-embed-core-10.1.40.jar:10.1.40]
	at org.apache.tomcat.util.threads.TaskThread$WrappingRunnable.run(TaskThread.java:63) [tomcat-embed-core-10.1.40.jar:10.1.40]
	at java.base/java.lang.Thread.run(Thread.java:833) [?:?]
Caused by: org.attoparser.ParseException: Exception evaluating SpringEL expression: "order.customer.fullName" (template: "order/customer-measurement" - line 348, col 38)
	at org.attoparser.MarkupParser.parseDocument(MarkupParser.java:393) ~[attoparser-2.0.7.RELEASE.jar:2.0.7.RELEASE]
	at org.attoparser.MarkupParser.parse(MarkupParser.java:257) ~[attoparser-2.0.7.RELEASE.jar:2.0.7.RELEASE]
	at org.thymeleaf.templateparser.markup.AbstractMarkupTemplateParser.parse(AbstractMarkupTemplateParser.java:230) ~[thymeleaf-3.1.3.RELEASE.jar:3.1.3.RELEASE]
	... 98 more
Caused by: org.thymeleaf.exceptions.TemplateProcessingException: Exception evaluating SpringEL expression: "order.customer.fullName" (template: "order/customer-measurement" - line 348, col 38)
	at org.thymeleaf.spring6.expression.SPELVariableExpressionEvaluator.evaluate(SPELVariableExpressionEvaluator.java:292) ~[thymeleaf-spring6-3.1.3.RELEASE.jar:3.1.3.RELEASE]
	at org.thymeleaf.standard.expression.VariableExpression.executeVariableExpression(VariableExpression.java:166) ~[thymeleaf-3.1.3.RELEASE.jar:3.1.3.RELEASE]
	at org.thymeleaf.standard.expression.SimpleExpression.executeSimple(SimpleExpression.java:66) ~[thymeleaf-3.1.3.RELEASE.jar:3.1.3.RELEASE]
	at org.thymeleaf.standard.expression.Expression.execute(Expression.java:109) ~[thymeleaf-3.1.3.RELEASE.jar:3.1.3.RELEASE]
	at org.thymeleaf.standard.expression.Expression.execute(Expression.java:138) ~[thymeleaf-3.1.3.RELEASE.jar:3.1.3.RELEASE]
	at org.thymeleaf.standard.processor.AbstractStandardExpressionAttributeTagProcessor.doProcess(AbstractStandardExpressionAttributeTagProcessor.java:144) ~[thymeleaf-3.1.3.RELEASE.jar:3.1.3.RELEASE]
	at org.thymeleaf.processor.element.AbstractAttributeTagProcessor.doProcess(AbstractAttributeTagProcessor.java:74) ~[thymeleaf-3.1.3.RELEASE.jar:3.1.3.RELEASE]
	at org.thymeleaf.processor.element.AbstractElementTagProcessor.process(AbstractElementTagProcessor.java:95) ~[thymeleaf-3.1.3.RELEASE.jar:3.1.3.RELEASE]
	at org.thymeleaf.util.ProcessorConfigurationUtils$ElementTagProcessorWrapper.process(ProcessorConfigurationUtils.java:633) ~[thymeleaf-3.1.3.RELEASE.jar:3.1.3.RELEASE]
	at org.thymeleaf.engine.ProcessorTemplateHandler.handleOpenElement(ProcessorTemplateHandler.java:1314) ~[thymeleaf-3.1.3.RELEASE.jar:3.1.3.RELEASE]
	at org.thymeleaf.engine.TemplateHandlerAdapterMarkupHandler.handleOpenElementEnd(TemplateHandlerAdapterMarkupHandler.java:304) ~[thymeleaf-3.1.3.RELEASE.jar:3.1.3.RELEASE]
	at org.thymeleaf.templateparser.markup.InlinedOutputExpressionMarkupHandler$InlineMarkupAdapterPreProcessorHandler.handleOpenElementEnd(InlinedOutputExpressionMarkupHandler.java:278) ~[thymeleaf-3.1.3.RELEASE.jar:3.1.3.RELEASE]
	at org.thymeleaf.standard.inline.OutputExpressionInlinePreProcessorHandler.handleOpenElementEnd(OutputExpressionInlinePreProcessorHandler.java:186) ~[thymeleaf-3.1.3.RELEASE.jar:3.1.3.RELEASE]
	at org.thymeleaf.templateparser.markup.InlinedOutputExpressionMarkupHandler.handleOpenElementEnd(InlinedOutputExpressionMarkupHandler.java:124) ~[thymeleaf-3.1.3.RELEASE.jar:3.1.3.RELEASE]
	at org.attoparser.HtmlElement.handleOpenElementEnd(HtmlElement.java:109) ~[attoparser-2.0.7.RELEASE.jar:2.0.7.RELEASE]
	at org.attoparser.HtmlMarkupHandler.handleOpenElementEnd(HtmlMarkupHandler.java:297) ~[attoparser-2.0.7.RELEASE.jar:2.0.7.RELEASE]
	at org.attoparser.MarkupEventProcessorHandler.handleOpenElementEnd(MarkupEventProcessorHandler.java:402) ~[attoparser-2.0.7.RELEASE.jar:2.0.7.RELEASE]
	at org.attoparser.ParsingElementMarkupUtil.parseOpenElement(ParsingElementMarkupUtil.java:159) ~[attoparser-2.0.7.RELEASE.jar:2.0.7.RELEASE]
	at org.attoparser.MarkupParser.parseBuffer(MarkupParser.java:710) ~[attoparser-2.0.7.RELEASE.jar:2.0.7.RELEASE]
	at org.attoparser.MarkupParser.parseDocument(MarkupParser.java:301) ~[attoparser-2.0.7.RELEASE.jar:2.0.7.RELEASE]
	at org.attoparser.MarkupParser.parse(MarkupParser.java:257) ~[attoparser-2.0.7.RELEASE.jar:2.0.7.RELEASE]
	at org.thymeleaf.templateparser.markup.AbstractMarkupTemplateParser.parse(AbstractMarkupTemplateParser.java:230) ~[thymeleaf-3.1.3.RELEASE.jar:3.1.3.RELEASE]
	... 98 more
Caused by: org.springframework.expression.spel.SpelEvaluationException: EL1007E: Property or field 'customer' cannot be found on null
	at org.springframework.expression.spel.ast.PropertyOrFieldReference.readProperty(PropertyOrFieldReference.java:225) ~[spring-expression-6.2.1.jar:6.2.1]
	at org.springframework.expression.spel.ast.PropertyOrFieldReference.getValueInternal(PropertyOrFieldReference.java:112) ~[spring-expression-6.2.1.jar:6.2.1]
	at org.springframework.expression.spel.ast.PropertyOrFieldReference.getValueInternal(PropertyOrFieldReference.java:100) ~[spring-expression-6.2.1.jar:6.2.1]
	at org.springframework.expression.spel.ast.CompoundExpression.getValueRef(CompoundExpression.java:66) ~[spring-expression-6.2.1.jar:6.2.1]
	at org.springframework.expression.spel.ast.CompoundExpression.getValueInternal(CompoundExpression.java:96) ~[spring-expression-6.2.1.jar:6.2.1]
	at org.springframework.expression.spel.ast.SpelNodeImpl.getValue(SpelNodeImpl.java:116) ~[spring-expression-6.2.1.jar:6.2.1]
	at org.springframework.expression.spel.standard.SpelExpression.getValue(SpelExpression.java:338) ~[spring-expression-6.2.1.jar:6.2.1]
	at org.thymeleaf.spring6.expression.SPELVariableExpressionEvaluator.evaluate(SPELVariableExpressionEvaluator.java:265) ~[thymeleaf-spring6-3.1.3.RELEASE.jar:3.1.3.RELEASE]
	at org.thymeleaf.standard.expression.VariableExpression.executeVariableExpression(VariableExpression.java:166) ~[thymeleaf-3.1.3.RELEASE.jar:3.1.3.RELEASE]
	at org.thymeleaf.standard.expression.SimpleExpression.executeSimple(SimpleExpression.java:66) ~[thymeleaf-3.1.3.RELEASE.jar:3.1.3.RELEASE]
	at org.thymeleaf.standard.expression.Expression.execute(Expression.java:109) ~[thymeleaf-3.1.3.RELEASE.jar:3.1.3.RELEASE]
	at org.thymeleaf.standard.expression.Expression.execute(Expression.java:138) ~[thymeleaf-3.1.3.RELEASE.jar:3.1.3.RELEASE]
	at org.thymeleaf.standard.processor.AbstractStandardExpressionAttributeTagProcessor.doProcess(AbstractStandardExpressionAttributeTagProcessor.java:144) ~[thymeleaf-3.1.3.RELEASE.jar:3.1.3.RELEASE]
	at org.thymeleaf.processor.element.AbstractAttributeTagProcessor.doProcess(AbstractAttributeTagProcessor.java:74) ~[thymeleaf-3.1.3.RELEASE.jar:3.1.3.RELEASE]
	at org.thymeleaf.processor.element.AbstractElementTagProcessor.process(AbstractElementTagProcessor.java:95) ~[thymeleaf-3.1.3.RELEASE.jar:3.1.3.RELEASE]
	at org.thymeleaf.util.ProcessorConfigurationUtils$ElementTagProcessorWrapper.process(ProcessorConfigurationUtils.java:633) ~[thymeleaf-3.1.3.RELEASE.jar:3.1.3.RELEASE]
	at org.thymeleaf.engine.ProcessorTemplateHandler.handleOpenElement(ProcessorTemplateHandler.java:1314) ~[thymeleaf-3.1.3.RELEASE.jar:3.1.3.RELEASE]
	at org.thymeleaf.engine.TemplateHandlerAdapterMarkupHandler.handleOpenElementEnd(TemplateHandlerAdapterMarkupHandler.java:304) ~[thymeleaf-3.1.3.RELEASE.jar:3.1.3.RELEASE]
	at org.thymeleaf.templateparser.markup.InlinedOutputExpressionMarkupHandler$InlineMarkupAdapterPreProcessorHandler.handleOpenElementEnd(InlinedOutputExpressionMarkupHandler.java:278) ~[thymeleaf-3.1.3.RELEASE.jar:3.1.3.RELEASE]
	at org.thymeleaf.standard.inline.OutputExpressionInlinePreProcessorHandler.handleOpenElementEnd(OutputExpressionInlinePreProcessorHandler.java:186) ~[thymeleaf-3.1.3.RELEASE.jar:3.1.3.RELEASE]
	at org.thymeleaf.templateparser.markup.InlinedOutputExpressionMarkupHandler.handleOpenElementEnd(InlinedOutputExpressionMarkupHandler.java:124) ~[thymeleaf-3.1.3.RELEASE.jar:3.1.3.RELEASE]
	at org.attoparser.HtmlElement.handleOpenElementEnd(HtmlElement.java:109) ~[attoparser-2.0.7.RELEASE.jar:2.0.7.RELEASE]
	at org.attoparser.HtmlMarkupHandler.handleOpenElementEnd(HtmlMarkupHandler.java:297) ~[attoparser-2.0.7.RELEASE.jar:2.0.7.RELEASE]
	at org.attoparser.MarkupEventProcessorHandler.handleOpenElementEnd(MarkupEventProcessorHandler.java:402) ~[attoparser-2.0.7.RELEASE.jar:2.0.7.RELEASE]
	at org.attoparser.ParsingElementMarkupUtil.parseOpenElement(ParsingElementMarkupUtil.java:159) ~[attoparser-2.0.7.RELEASE.jar:2.0.7.RELEASE]
	at org.attoparser.MarkupParser.parseBuffer(MarkupParser.java:710) ~[attoparser-2.0.7.RELEASE.jar:2.0.7.RELEASE]
	at org.attoparser.MarkupParser.parseDocument(MarkupParser.java:301) ~[attoparser-2.0.7.RELEASE.jar:2.0.7.RELEASE]
	at org.attoparser.MarkupParser.parse(MarkupParser.java:257) ~[attoparser-2.0.7.RELEASE.jar:2.0.7.RELEASE]
	at org.thymeleaf.templateparser.markup.AbstractMarkupTemplateParser.parse(AbstractMarkupTemplateParser.java:230) ~[thymeleaf-3.1.3.RELEASE.jar:3.1.3.RELEASE]
	... 98 more
2026-10-02 00:25:18 [] ERROR org.apache.catalina.core.ContainerBase.[Tomcat].[localhost].[/tailor-master].[dispatcherServlet] - Servlet.service() for servlet [dispatcherServlet] in context with path [/tailor-master] threw exception [Request processing failed: org.thymeleaf.exceptions.TemplateInputException: An error happened during template parsing (template: "class path resource [templates/order/customer-measurement.html]")] with root cause
org.springframework.expression.spel.SpelEvaluationException: EL1007E: Property or field 'customer' cannot be found on null
	at org.springframework.expression.spel.ast.PropertyOrFieldReference.readProperty(PropertyOrFieldReference.java:225) ~[spring-expression-6.2.1.jar:6.2.1]
	at org.springframework.expression.spel.ast.PropertyOrFieldReference.getValueInternal(PropertyOrFieldReference.java:112) ~[spring-expression-6.2.1.jar:6.2.1]
	at org.springframework.expression.spel.ast.PropertyOrFieldReference.getValueInternal(PropertyOrFieldReference.java:100) ~[spring-expression-6.2.1.jar:6.2.1]
	at org.springframework.expression.spel.ast.CompoundExpression.getValueRef(CompoundExpression.java:66) ~[spring-expression-6.2.1.jar:6.2.1]
	at org.springframework.expression.spel.ast.CompoundExpression.getValueInternal(CompoundExpression.java:96) ~[spring-expression-6.2.1.jar:6.2.1]
	at org.springframework.expression.spel.ast.SpelNodeImpl.getValue(SpelNodeImpl.java:116) ~[spring-expression-6.2.1.jar:6.2.1]
	at org.springframework.expression.spel.standard.SpelExpression.getValue(SpelExpression.java:338) ~[spring-expression-6.2.1.jar:6.2.1]
	at org.thymeleaf.spring6.expression.SPELVariableExpressionEvaluator.evaluate(SPELVariableExpressionEvaluator.java:265) ~[thymeleaf-spring6-3.1.3.RELEASE.jar:3.1.3.RELEASE]
	at org.thymeleaf.standard.expression.VariableExpression.executeVariableExpression(VariableExpression.java:166) ~[thymeleaf-3.1.3.RELEASE.jar:3.1.3.RELEASE]
	at org.thymeleaf.standard.expression.SimpleExpression.executeSimple(SimpleExpression.java:66) ~[thymeleaf-3.1.3.RELEASE.jar:3.1.3.RELEASE]
	at org.thymeleaf.standard.expression.Expression.execute(Expression.java:109) ~[thymeleaf-3.1.3.RELEASE.jar:3.1.3.RELEASE]
	at org.thymeleaf.standard.expression.Expression.execute(Expression.java:138) ~[thymeleaf-3.1.3.RELEASE.jar:3.1.3.RELEASE]
	at org.thymeleaf.standard.processor.AbstractStandardExpressionAttributeTagProcessor.doProcess(AbstractStandardExpressionAttributeTagProcessor.java:144) ~[thymeleaf-3.1.3.RELEASE.jar:3.1.3.RELEASE]
	at org.thymeleaf.processor.element.AbstractAttributeTagProcessor.doProcess(AbstractAttributeTagProcessor.java:74) ~[thymeleaf-3.1.3.RELEASE.jar:3.1.3.RELEASE]
	at org.thymeleaf.processor.element.AbstractElementTagProcessor.process(AbstractElementTagProcessor.java:95) ~[thymeleaf-3.1.3.RELEASE.jar:3.1.3.RELEASE]
	at org.thymeleaf.util.ProcessorConfigurationUtils$ElementTagProcessorWrapper.process(ProcessorConfigurationUtils.java:633) ~[thymeleaf-3.1.3.RELEASE.jar:3.1.3.RELEASE]
	at org.thymeleaf.engine.ProcessorTemplateHandler.handleOpenElement(ProcessorTemplateHandler.java:1314) ~[thymeleaf-3.1.3.RELEASE.jar:3.1.3.RELEASE]
	at org.thymeleaf.engine.TemplateHandlerAdapterMarkupHandler.handleOpenElementEnd(TemplateHandlerAdapterMarkupHandler.java:304) ~[thymeleaf-3.1.3.RELEASE.jar:3.1.3.RELEASE]
	at org.thymeleaf.templateparser.markup.InlinedOutputExpressionMarkupHandler$InlineMarkupAdapterPreProcessorHandler.handleOpenElementEnd(InlinedOutputExpressionMarkupHandler.java:278) ~[thymeleaf-3.1.3.RELEASE.jar:3.1.3.RELEASE]
	at org.thymeleaf.standard.inline.OutputExpressionInlinePreProcessorHandler.handleOpenElementEnd(OutputExpressionInlinePreProcessorHandler.java:186) ~[thymeleaf-3.1.3.RELEASE.jar:3.1.3.RELEASE]
	at org.thymeleaf.templateparser.markup.InlinedOutputExpressionMarkupHandler.handleOpenElementEnd(InlinedOutputExpressionMarkupHandler.java:124) ~[thymeleaf-3.1.3.RELEASE.jar:3.1.3.RELEASE]
	at org.attoparser.HtmlElement.handleOpenElementEnd(HtmlElement.java:109) ~[attoparser-2.0.7.RELEASE.jar:2.0.7.RELEASE]
	at org.attoparser.HtmlMarkupHandler.handleOpenElementEnd(HtmlMarkupHandler.java:297) ~[attoparser-2.0.7.RELEASE.jar:2.0.7.RELEASE]
	at org.attoparser.MarkupEventProcessorHandler.handleOpenElementEnd(MarkupEventProcessorHandler.java:402) ~[attoparser-2.0.7.RELEASE.jar:2.0.7.RELEASE]
	at org.attoparser.ParsingElementMarkupUtil.parseOpenElement(ParsingElementMarkupUtil.java:159) ~[attoparser-2.0.7.RELEASE.jar:2.0.7.RELEASE]
	at org.attoparser.MarkupParser.parseBuffer(MarkupParser.java:710) ~[attoparser-2.0.7.RELEASE.jar:2.0.7.RELEASE]
	at org.attoparser.MarkupParser.parseDocument(MarkupParser.java:301) ~[attoparser-2.0.7.RELEASE.jar:2.0.7.RELEASE]
	at org.attoparser.MarkupParser.parse(MarkupParser.java:257) ~[attoparser-2.0.7.RELEASE.jar:2.0.7.RELEASE]
	at org.thymeleaf.templateparser.markup.AbstractMarkupTemplateParser.parse(AbstractMarkupTemplateParser.java:230) ~[thymeleaf-3.1.3.RELEASE.jar:3.1.3.RELEASE]
	at org.thymeleaf.templateparser.markup.AbstractMarkupTemplateParser.parseStandalone(AbstractMarkupTemplateParser.java:100) ~[thymeleaf-3.1.3.RELEASE.jar:3.1.3.RELEASE]
	at org.thymeleaf.engine.TemplateManager.parseAndProcess(TemplateManager.java:666) ~[thymeleaf-3.1.3.RELEASE.jar:3.1.3.RELEASE]
	at org.thymeleaf.TemplateEngine.process(TemplateEngine.java:1103) ~[thymeleaf-3.1.3.RELEASE.jar:3.1.3.RELEASE]
	at org.thymeleaf.TemplateEngine.process(TemplateEngine.java:1077) ~[thymeleaf-3.1.3.RELEASE.jar:3.1.3.RELEASE]
	at org.thymeleaf.spring6.view.ThymeleafView.renderFragment(ThymeleafView.java:372) ~[thymeleaf-spring6-3.1.3.RELEASE.jar:3.1.3.RELEASE]
	at org.thymeleaf.spring6.view.ThymeleafView.render(ThymeleafView.java:192) ~[thymeleaf-spring6-3.1.3.RELEASE.jar:3.1.3.RELEASE]
	at org.springframework.web.servlet.DispatcherServlet.render(DispatcherServlet.java:1435) ~[spring-webmvc-6.2.1.jar:6.2.1]
	at org.springframework.web.servlet.DispatcherServlet.processDispatchResult(DispatcherServlet.java:1167) ~[spring-webmvc-6.2.1.jar:6.2.1]
	at org.springframework.web.servlet.DispatcherServlet.doDispatch(DispatcherServlet.java:1105) ~[spring-webmvc-6.2.1.jar:6.2.1]
	at org.springframework.web.servlet.DispatcherServlet.doService(DispatcherServlet.java:978) ~[spring-webmvc-6.2.1.jar:6.2.1]
	at org.springframework.web.servlet.FrameworkServlet.processRequest(FrameworkServlet.java:1014) ~[spring-webmvc-6.2.1.jar:6.2.1]
	at org.springframework.web.servlet.FrameworkServlet.doGet(FrameworkServlet.java:903) ~[spring-webmvc-6.2.1.jar:6.2.1]
	at jakarta.servlet.http.HttpServlet.service(HttpServlet.java:564) ~[tomcat-embed-core-10.1.40.jar:6.0]
	at org.springframework.web.servlet.FrameworkServlet.service(FrameworkServlet.java:885) ~[spring-webmvc-6.2.1.jar:6.2.1]
	at jakarta.servlet.http.HttpServlet.service(HttpServlet.java:658) ~[tomcat-embed-core-10.1.40.jar:6.0]
	at org.apache.catalina.core.ApplicationFilterChain.internalDoFilter(ApplicationFilterChain.java:195) ~[tomcat-embed-core-10.1.40.jar:10.1.40]
	at org.apache.catalina.core.ApplicationFilterChain.doFilter(ApplicationFilterChain.java:140) ~[tomcat-embed-core-10.1.40.jar:10.1.40]
	at org.apache.tomcat.websocket.server.WsFilter.doFilter(WsFilter.java:51) ~[tomcat-embed-websocket-10.1.40.jar:10.1.40]
	at org.apache.catalina.core.ApplicationFilterChain.internalDoFilter(ApplicationFilterChain.java:164) ~[tomcat-embed-core-10.1.40.jar:10.1.40]
	at org.apache.catalina.core.ApplicationFilterChain.doFilter(ApplicationFilterChain.java:140) ~[tomcat-embed-core-10.1.40.jar:10.1.40]
	at com.example.tailormaster.filter.LoggingMDCFilter.doFilter(LoggingMDCFilter.java:30) ~[classes/:?]
	at org.apache.catalina.core.ApplicationFilterChain.internalDoFilter(ApplicationFilterChain.java:164) ~[tomcat-embed-core-10.1.40.jar:10.1.40]
	at org.apache.catalina.core.ApplicationFilterChain.doFilter(ApplicationFilterChain.java:140) ~[tomcat-embed-core-10.1.40.jar:10.1.40]
	at org.springframework.web.filter.CompositeFilter$VirtualFilterChain.doFilter(CompositeFilter.java:108) ~[spring-web-6.2.1.jar:6.2.1]
	at org.springframework.security.web.FilterChainProxy.lambda$doFilterInternal$3(FilterChainProxy.java:231) ~[spring-security-web-6.4.2.jar:6.4.2]
	at org.springframework.security.web.FilterChainProxy$VirtualFilterChain.doFilter(FilterChainProxy.java:365) ~[spring-security-web-6.4.2.jar:6.4.2]
	at org.springframework.security.web.access.intercept.AuthorizationFilter.doFilter(AuthorizationFilter.java:101) ~[spring-security-web-6.4.2.jar:6.4.2]
	at org.springframework.security.web.FilterChainProxy$VirtualFilterChain.doFilter(FilterChainProxy.java:374) ~[spring-security-web-6.4.2.jar:6.4.2]
	at org.springframework.security.web.access.ExceptionTranslationFilter.doFilter(ExceptionTranslationFilter.java:126) ~[spring-security-web-6.4.2.jar:6.4.2]
	at org.springframework.security.web.access.ExceptionTranslationFilter.doFilter(ExceptionTranslationFilter.java:120) ~[spring-security-web-6.4.2.jar:6.4.2]
	at org.springframework.security.web.FilterChainProxy$VirtualFilterChain.doFilter(FilterChainProxy.java:374) ~[spring-security-web-6.4.2.jar:6.4.2]
	at org.springframework.security.web.authentication.AnonymousAuthenticationFilter.doFilter(AnonymousAuthenticationFilter.java:100) ~[spring-security-web-6.4.2.jar:6.4.2]
	at org.springframework.security.web.FilterChainProxy$VirtualFilterChain.doFilter(FilterChainProxy.java:374) ~[spring-security-web-6.4.2.jar:6.4.2]
	at org.springframework.security.web.servletapi.SecurityContextHolderAwareRequestFilter.doFilter(SecurityContextHolderAwareRequestFilter.java:179) ~[spring-security-web-6.4.2.jar:6.4.2]
	at org.springframework.security.web.FilterChainProxy$VirtualFilterChain.doFilter(FilterChainProxy.java:374) ~[spring-security-web-6.4.2.jar:6.4.2]
	at org.springframework.security.web.savedrequest.RequestCacheAwareFilter.doFilter(RequestCacheAwareFilter.java:63) ~[spring-security-web-6.4.2.jar:6.4.2]
	at org.springframework.security.web.FilterChainProxy$VirtualFilterChain.doFilter(FilterChainProxy.java:374) ~[spring-security-web-6.4.2.jar:6.4.2]
	at org.springframework.security.web.authentication.AbstractAuthenticationProcessingFilter.doFilter(AbstractAuthenticationProcessingFilter.java:227) ~[spring-security-web-6.4.2.jar:6.4.2]
	at org.springframework.security.web.authentication.AbstractAuthenticationProcessingFilter.doFilter(AbstractAuthenticationProcessingFilter.java:221) ~[spring-security-web-6.4.2.jar:6.4.2]
	at org.springframework.security.web.FilterChainProxy$VirtualFilterChain.doFilter(FilterChainProxy.java:374) ~[spring-security-web-6.4.2.jar:6.4.2]
	at org.springframework.security.web.authentication.logout.LogoutFilter.doFilter(LogoutFilter.java:107) ~[spring-security-web-6.4.2.jar:6.4.2]
	at org.springframework.security.web.authentication.logout.LogoutFilter.doFilter(LogoutFilter.java:93) ~[spring-security-web-6.4.2.jar:6.4.2]
	at org.springframework.security.web.FilterChainProxy$VirtualFilterChain.doFilter(FilterChainProxy.java:374) ~[spring-security-web-6.4.2.jar:6.4.2]
	at org.springframework.security.web.csrf.CsrfFilter.doFilterInternal(CsrfFilter.java:117) ~[spring-security-web-6.4.2.jar:6.4.2]
	at org.springframework.web.filter.OncePerRequestFilter.doFilter(OncePerRequestFilter.java:116) ~[spring-web-6.2.1.jar:6.2.1]
	at org.springframework.security.web.FilterChainProxy$VirtualFilterChain.doFilter(FilterChainProxy.java:374) ~[spring-security-web-6.4.2.jar:6.4.2]
	at org.springframework.security.web.header.HeaderWriterFilter.doHeadersAfter(HeaderWriterFilter.java:90) ~[spring-security-web-6.4.2.jar:6.4.2]
	at org.springframework.security.web.header.HeaderWriterFilter.doFilterInternal(HeaderWriterFilter.java:75) ~[spring-security-web-6.4.2.jar:6.4.2]
	at org.springframework.web.filter.OncePerRequestFilter.doFilter(OncePerRequestFilter.java:116) ~[spring-web-6.2.1.jar:6.2.1]
	at org.springframework.security.web.FilterChainProxy$VirtualFilterChain.doFilter(FilterChainProxy.java:374) ~[spring-security-web-6.4.2.jar:6.4.2]
	at org.springframework.security.web.context.SecurityContextHolderFilter.doFilter(SecurityContextHolderFilter.java:82) ~[spring-security-web-6.4.2.jar:6.4.2]
	at org.springframework.security.web.context.SecurityContextHolderFilter.doFilter(SecurityContextHolderFilter.java:69) ~[spring-security-web-6.4.2.jar:6.4.2]
	at org.springframework.security.web.FilterChainProxy$VirtualFilterChain.doFilter(FilterChainProxy.java:374) ~[spring-security-web-6.4.2.jar:6.4.2]
	at org.springframework.security.web.context.request.async.WebAsyncManagerIntegrationFilter.doFilterInternal(WebAsyncManagerIntegrationFilter.java:62) ~[spring-security-web-6.4.2.jar:6.4.2]
	at org.springframework.web.filter.OncePerRequestFilter.doFilter(OncePerRequestFilter.java:116) ~[spring-web-6.2.1.jar:6.2.1]
	at org.springframework.security.web.FilterChainProxy$VirtualFilterChain.doFilter(FilterChainProxy.java:374) ~[spring-security-web-6.4.2.jar:6.4.2]
	at org.springframework.security.web.session.DisableEncodeUrlFilter.doFilterInternal(DisableEncodeUrlFilter.java:42) ~[spring-security-web-6.4.2.jar:6.4.2]
	at org.springframework.web.filter.OncePerRequestFilter.doFilter(OncePerRequestFilter.java:116) ~[spring-web-6.2.1.jar:6.2.1]
	at org.springframework.security.web.FilterChainProxy$VirtualFilterChain.doFilter(FilterChainProxy.java:374) ~[spring-security-web-6.4.2.jar:6.4.2]
	at org.springframework.security.web.FilterChainProxy.doFilterInternal(FilterChainProxy.java:233) ~[spring-security-web-6.4.2.jar:6.4.2]
	at org.springframework.security.web.FilterChainProxy.doFilter(FilterChainProxy.java:191) ~[spring-security-web-6.4.2.jar:6.4.2]
	at org.springframework.web.filter.CompositeFilter$VirtualFilterChain.doFilter(CompositeFilter.java:113) ~[spring-web-6.2.1.jar:6.2.1]
	at org.springframework.web.servlet.handler.HandlerMappingIntrospector.lambda$createCacheFilter$3(HandlerMappingIntrospector.java:243) ~[spring-webmvc-6.2.1.jar:6.2.1]
	at org.springframework.web.filter.CompositeFilter$VirtualFilterChain.doFilter(CompositeFilter.java:113) ~[spring-web-6.2.1.jar:6.2.1]
	at org.springframework.web.filter.CompositeFilter.doFilter(CompositeFilter.java:74) ~[spring-web-6.2.1.jar:6.2.1]
	at org.springframework.security.config.annotation.web.configuration.WebMvcSecurityConfiguration$CompositeFilterChainProxy.doFilter(WebMvcSecurityConfiguration.java:238) ~[spring-security-config-6.4.2.jar:6.4.2]
	at org.springframework.web.filter.DelegatingFilterProxy.invokeDelegate(DelegatingFilterProxy.java:362) ~[spring-web-6.2.1.jar:6.2.1]
	at org.springframework.web.filter.DelegatingFilterProxy.doFilter(DelegatingFilterProxy.java:278) ~[spring-web-6.2.1.jar:6.2.1]
	at org.apache.catalina.core.ApplicationFilterChain.internalDoFilter(ApplicationFilterChain.java:164) ~[tomcat-embed-core-10.1.40.jar:10.1.40]
	at org.apache.catalina.core.ApplicationFilterChain.doFilter(ApplicationFilterChain.java:140) ~[tomcat-embed-core-10.1.40.jar:10.1.40]
	at org.springframework.web.filter.RequestContextFilter.doFilterInternal(RequestContextFilter.java:100) ~[spring-web-6.2.1.jar:6.2.1]
	at org.springframework.web.filter.OncePerRequestFilter.doFilter(OncePerRequestFilter.java:116) ~[spring-web-6.2.1.jar:6.2.1]
	at org.apache.catalina.core.ApplicationFilterChain.internalDoFilter(ApplicationFilterChain.java:164) ~[tomcat-embed-core-10.1.40.jar:10.1.40]
	at org.apache.catalina.core.ApplicationFilterChain.doFilter(ApplicationFilterChain.java:140) ~[tomcat-embed-core-10.1.40.jar:10.1.40]
	at org.springframework.web.filter.FormContentFilter.doFilterInternal(FormContentFilter.java:93) ~[spring-web-6.2.1.jar:6.2.1]
	at org.springframework.web.filter.OncePerRequestFilter.doFilter(OncePerRequestFilter.java:116) ~[spring-web-6.2.1.jar:6.2.1]
	at org.apache.catalina.core.ApplicationFilterChain.internalDoFilter(ApplicationFilterChain.java:164) ~[tomcat-embed-core-10.1.40.jar:10.1.40]
	at org.apache.catalina.core.ApplicationFilterChain.doFilter(ApplicationFilterChain.java:140) ~[tomcat-embed-core-10.1.40.jar:10.1.40]
	at org.springframework.web.filter.CharacterEncodingFilter.doFilterInternal(CharacterEncodingFilter.java:201) ~[spring-web-6.2.1.jar:6.2.1]
	at org.springframework.web.filter.OncePerRequestFilter.doFilter(OncePerRequestFilter.java:116) ~[spring-web-6.2.1.jar:6.2.1]
	at org.apache.catalina.core.ApplicationFilterChain.internalDoFilter(ApplicationFilterChain.java:164) ~[tomcat-embed-core-10.1.40.jar:10.1.40]
	at org.apache.catalina.core.ApplicationFilterChain.doFilter(ApplicationFilterChain.java:140) ~[tomcat-embed-core-10.1.40.jar:10.1.40]
	at org.apache.catalina.core.StandardWrapperValve.invoke(StandardWrapperValve.java:167) [tomcat-embed-core-10.1.40.jar:10.1.40]
	at org.apache.catalina.core.StandardContextValve.invoke(StandardContextValve.java:90) [tomcat-embed-core-10.1.40.jar:10.1.40]
	at org.apache.catalina.authenticator.AuthenticatorBase.invoke(AuthenticatorBase.java:483) [tomcat-embed-core-10.1.40.jar:10.1.40]
	at org.apache.catalina.core.StandardHostValve.invoke(StandardHostValve.java:116) [tomcat-embed-core-10.1.40.jar:10.1.40]
	at org.apache.catalina.valves.ErrorReportValve.invoke(ErrorReportValve.java:93) [tomcat-embed-core-10.1.40.jar:10.1.40]
	at org.apache.catalina.core.StandardEngineValve.invoke(StandardEngineValve.java:74) [tomcat-embed-core-10.1.40.jar:10.1.40]
	at org.apache.catalina.connector.CoyoteAdapter.service(CoyoteAdapter.java:344) [tomcat-embed-core-10.1.40.jar:10.1.40]
	at org.apache.coyote.http11.Http11Processor.service(Http11Processor.java:398) [tomcat-embed-core-10.1.40.jar:10.1.40]
	at org.apache.coyote.AbstractProcessorLight.process(AbstractProcessorLight.java:63) [tomcat-embed-core-10.1.40.jar:10.1.40]
	at org.apache.coyote.AbstractProtocol$ConnectionHandler.process(AbstractProtocol.java:903) [tomcat-embed-core-10.1.40.jar:10.1.40]
	at org.apache.tomcat.util.net.NioEndpoint$SocketProcessor.doRun(NioEndpoint.java:1740) [tomcat-embed-core-10.1.40.jar:10.1.40]
	at org.apache.tomcat.util.net.SocketProcessorBase.run(SocketProcessorBase.java:52) [tomcat-embed-core-10.1.40.jar:10.1.40]
	at org.apache.tomcat.util.threads.ThreadPoolExecutor.runWorker(ThreadPoolExecutor.java:1189) [tomcat-embed-core-10.1.40.jar:10.1.40]
	at org.apache.tomcat.util.threads.ThreadPoolExecutor$Worker.run(ThreadPoolExecutor.java:658) [tomcat-embed-core-10.1.40.jar:10.1.40]
	at org.apache.tomcat.util.threads.TaskThread$WrappingRunnable.run(TaskThread.java:63) [tomcat-embed-core-10.1.40.jar:10.1.40]
	at java.base/java.lang.Thread.run(Thread.java:833) [?:?]
2026-10-02 00:25:18 [] INFO  com.example.tailormaster.filter.LoggingInterceptor - User 'null' is requesting: GET /tailor-master/customers/measurements/4/print
2026-10-02 00:25:18 [] ERROR org.springframework.boot.autoconfigure.web.servlet.error.ErrorMvcAutoConfiguration$StaticView - Cannot render error page for request [/tailor-master/customers/measurements/4/print] and exception [An error happened during template parsing (template: "class path resource [templates/order/customer-measurement.html]")] as the response has already been committed. As a result, the response may have the wrong status code.
2026-10-02 00:25:54 [] INFO  org.springframework.boot.devtools.autoconfigure.LocalDevToolsAutoConfiguration$RestartingClassPathChangeChangedEventListener - Restarting due to 1 class path change (0 additions, 1 deletion, 0 modifications)
2026-10-02 00:25:54 [] INFO  org.springframework.boot.web.embedded.tomcat.GracefulShutdown - Commencing graceful shutdown. Waiting for active requests to complete
2026-10-02 00:25:54 [] INFO  org.apache.coyote.http11.Http11NioProtocol - Pausing ProtocolHandler ["http-nio-8080"]
2026-10-02 00:25:55 [] INFO  org.springframework.boot.web.embedded.tomcat.GracefulShutdown - Graceful shutdown complete
2026-10-02 00:25:55 [] INFO  org.apache.coyote.http11.Http11NioProtocol - Stopping ProtocolHandler ["http-nio-8080"]
2026-10-02 00:25:55 [] INFO  org.springframework.orm.jpa.LocalContainerEntityManagerFactoryBean - Closing JPA EntityManagerFactory for persistence unit 'default'
2026-10-02 00:25:55 [] INFO  com.zaxxer.hikari.HikariDataSource - HikariPool-3 - Shutdown initiated...
2026-10-02 00:25:55 [] INFO  com.zaxxer.hikari.HikariDataSource - HikariPool-3 - Shutdown completed.
2026-10-02 00:25:55 [] INFO  com.example.tailormaster.TailorMasterAppApplication - Starting TailorMasterAppApplication using Java 17.0.2 with PID 1360 (E:\Development-Workspaces\tailor-app-new-enhancements\tailor-master-app\tailor-master-app\target\classes started by wajiz.pk in E:\Development-Workspaces\tailor-app-new-enhancements\tailor-master-app)
2026-10-02 00:25:55 [] INFO  com.example.tailormaster.TailorMasterAppApplication - No active profile set, falling back to 1 default profile: "default"
2026-10-02 00:25:56 [] INFO  org.springframework.data.repository.config.RepositoryConfigurationDelegate - Bootstrapping Spring Data JPA repositories in DEFAULT mode.
2026-10-02 00:25:56 [] INFO  org.springframework.data.repository.config.RepositoryConfigurationDelegate - Finished Spring Data repository scanning in 178 ms. Found 21 JPA repository interfaces.
2026-10-02 00:25:57 [] INFO  org.springframework.boot.web.embedded.tomcat.TomcatWebServer - Tomcat initialized with port 8080 (http)
2026-10-02 00:25:57 [] INFO  org.apache.coyote.http11.Http11NioProtocol - Initializing ProtocolHandler ["http-nio-8080"]
2026-10-02 00:25:57 [] INFO  org.apache.catalina.core.StandardService - Starting service [Tomcat]
2026-10-02 00:25:57 [] INFO  org.apache.catalina.core.StandardEngine - Starting Servlet engine: [Apache Tomcat/10.1.40]
2026-10-02 00:25:57 [] INFO  org.apache.catalina.core.ContainerBase.[Tomcat].[localhost].[/tailor-master] - Initializing Spring embedded WebApplicationContext
2026-10-02 00:25:57 [] INFO  org.springframework.boot.web.servlet.context.ServletWebServerApplicationContext - Root WebApplicationContext: initialization completed in 1528 ms
2026-10-02 00:25:57 [] INFO  org.hibernate.jpa.internal.util.LogHelper - HHH000204: Processing PersistenceUnitInfo [name: default]
2026-10-02 00:25:57 [] INFO  org.hibernate.cache.internal.RegionFactoryInitiator - HHH000026: Second-level cache disabled
2026-10-02 00:25:57 [] INFO  org.springframework.orm.jpa.persistenceunit.SpringPersistenceUnitInfo - No LoadTimeWeaver setup: ignoring JPA class transformer
2026-10-02 00:25:57 [] INFO  com.zaxxer.hikari.HikariDataSource - HikariPool-4 - Starting...
2026-10-02 00:25:57 [] INFO  com.zaxxer.hikari.pool.HikariPool - HikariPool-4 - Added connection com.mysql.cj.jdbc.ConnectionImpl@4e27ead2
2026-10-02 00:25:57 [] INFO  com.zaxxer.hikari.HikariDataSource - HikariPool-4 - Start completed.
2026-10-02 00:25:57 [] INFO  org.hibernate.orm.connections.pooling - HHH10001005: Database info:
	Database JDBC URL [Connecting through datasource 'HikariDataSource (HikariPool-4)']
	Database driver: undefined/unknown
	Database version: 8.0.28
	Autocommit mode: undefined/unknown
	Isolation level: undefined/unknown
	Minimum pool size: undefined/unknown
	Maximum pool size: undefined/unknown
2026-10-02 00:25:58 [] INFO  org.hibernate.engine.transaction.jta.platform.internal.JtaPlatformInitiator - HHH000489: No JTA platform available (set 'hibernate.transaction.jta.platform' to enable JTA platform integration)
2026-10-02 00:25:59 [] INFO  org.springframework.orm.jpa.LocalContainerEntityManagerFactoryBean - Initialized JPA EntityManagerFactory for persistence unit 'default'
2026-10-02 00:26:00 [] WARN  org.springframework.boot.autoconfigure.orm.jpa.JpaBaseConfiguration$JpaWebConfiguration - spring.jpa.open-in-view is enabled by default. Therefore, database queries may be performed during view rendering. Explicitly configure spring.jpa.open-in-view to disable this warning
2026-10-02 00:26:00 [] INFO  org.springframework.security.config.annotation.authentication.configuration.InitializeAuthenticationProviderBeanManagerConfigurer$InitializeAuthenticationProviderManagerConfigurer - Global AuthenticationManager configured with AuthenticationProvider bean with name authenticationProvider
2026-10-02 00:26:00 [] WARN  org.springframework.security.config.annotation.authentication.configuration.InitializeUserDetailsBeanManagerConfigurer$InitializeUserDetailsManagerConfigurer - Global AuthenticationManager configured with an AuthenticationProvider bean. UserDetailsService beans will not be used by Spring Security for automatically configuring username/password login. Consider removing the AuthenticationProvider bean. Alternatively, consider using the UserDetailsService in a manually instantiated DaoAuthenticationProvider. If the current configuration is intentional, to turn off this warning, increase the logging level of 'org.springframework.security.config.annotation.authentication.configuration.InitializeUserDetailsBeanManagerConfigurer' to ERROR
2026-10-02 00:26:01 [] INFO  org.springframework.boot.devtools.autoconfigure.OptionalLiveReloadServer - LiveReload server is running on port 35729
2026-10-02 00:26:01 [] INFO  org.apache.coyote.http11.Http11NioProtocol - Starting ProtocolHandler ["http-nio-8080"]
2026-10-02 00:26:01 [] INFO  org.springframework.boot.web.embedded.tomcat.TomcatWebServer - Tomcat started on port 8080 (http) with context path '/tailor-master'
2026-10-02 00:26:01 [] INFO  com.example.tailormaster.TailorMasterAppApplication - Started TailorMasterAppApplication in 6.109 seconds (process running for 714.971)
2026-10-02 00:26:01 [] INFO  org.springframework.boot.devtools.autoconfigure.ConditionEvaluationDeltaLoggingListener - Condition evaluation unchanged
2026-10-02 00:26:06 [] INFO  org.springframework.boot.devtools.autoconfigure.LocalDevToolsAutoConfiguration$RestartingClassPathChangeChangedEventListener - Restarting due to 1 class path change (1 addition, 0 deletions, 0 modifications)
2026-10-02 00:26:06 [] INFO  org.springframework.boot.web.embedded.tomcat.GracefulShutdown - Commencing graceful shutdown. Waiting for active requests to complete
2026-10-02 00:26:06 [] INFO  org.apache.coyote.http11.Http11NioProtocol - Pausing ProtocolHandler ["http-nio-8080"]
2026-10-02 00:26:07 [] INFO  org.springframework.boot.web.embedded.tomcat.GracefulShutdown - Graceful shutdown complete
2026-10-02 00:26:07 [] INFO  org.apache.coyote.http11.Http11NioProtocol - Stopping ProtocolHandler ["http-nio-8080"]
2026-10-02 00:26:07 [] INFO  org.springframework.orm.jpa.LocalContainerEntityManagerFactoryBean - Closing JPA EntityManagerFactory for persistence unit 'default'
2026-10-02 00:26:07 [] INFO  com.zaxxer.hikari.HikariDataSource - HikariPool-4 - Shutdown initiated...
2026-10-02 00:26:07 [] INFO  com.zaxxer.hikari.HikariDataSource - HikariPool-4 - Shutdown completed.
2026-10-02 00:26:08 [] INFO  com.example.tailormaster.TailorMasterAppApplication - Starting TailorMasterAppApplication using Java 17.0.2 with PID 1360 (E:\Development-Workspaces\tailor-app-new-enhancements\tailor-master-app\tailor-master-app\target\classes started by wajiz.pk in E:\Development-Workspaces\tailor-app-new-enhancements\tailor-master-app)
2026-10-02 00:26:08 [] INFO  com.example.tailormaster.TailorMasterAppApplication - No active profile set, falling back to 1 default profile: "default"
2026-10-02 00:26:09 [] INFO  org.springframework.data.repository.config.RepositoryConfigurationDelegate - Bootstrapping Spring Data JPA repositories in DEFAULT mode.
2026-10-02 00:26:09 [] INFO  org.springframework.data.repository.config.RepositoryConfigurationDelegate - Finished Spring Data repository scanning in 176 ms. Found 21 JPA repository interfaces.
2026-10-02 00:26:10 [] INFO  org.springframework.boot.web.embedded.tomcat.TomcatWebServer - Tomcat initialized with port 8080 (http)
2026-10-02 00:26:10 [] INFO  org.apache.coyote.http11.Http11NioProtocol - Initializing ProtocolHandler ["http-nio-8080"]
2026-10-02 00:26:10 [] INFO  org.apache.catalina.core.StandardService - Starting service [Tomcat]
2026-10-02 00:26:10 [] INFO  org.apache.catalina.core.StandardEngine - Starting Servlet engine: [Apache Tomcat/10.1.40]
2026-10-02 00:26:10 [] INFO  org.apache.catalina.core.ContainerBase.[Tomcat].[localhost].[/tailor-master] - Initializing Spring embedded WebApplicationContext
2026-10-02 00:26:10 [] INFO  org.springframework.boot.web.servlet.context.ServletWebServerApplicationContext - Root WebApplicationContext: initialization completed in 1464 ms
2026-10-02 00:26:10 [] INFO  org.hibernate.jpa.internal.util.LogHelper - HHH000204: Processing PersistenceUnitInfo [name: default]
2026-10-02 00:26:10 [] INFO  org.hibernate.cache.internal.RegionFactoryInitiator - HHH000026: Second-level cache disabled
2026-10-02 00:26:10 [] INFO  org.springframework.orm.jpa.persistenceunit.SpringPersistenceUnitInfo - No LoadTimeWeaver setup: ignoring JPA class transformer
2026-10-02 00:26:10 [] INFO  com.zaxxer.hikari.HikariDataSource - HikariPool-5 - Starting...
2026-10-02 00:26:10 [] INFO  com.zaxxer.hikari.pool.HikariPool - HikariPool-5 - Added connection com.mysql.cj.jdbc.ConnectionImpl@54763bad
2026-10-02 00:26:10 [] INFO  com.zaxxer.hikari.HikariDataSource - HikariPool-5 - Start completed.
2026-10-02 00:26:10 [] INFO  org.hibernate.orm.connections.pooling - HHH10001005: Database info:
	Database JDBC URL [Connecting through datasource 'HikariDataSource (HikariPool-5)']
	Database driver: undefined/unknown
	Database version: 8.0.28
	Autocommit mode: undefined/unknown
	Isolation level: undefined/unknown
	Minimum pool size: undefined/unknown
	Maximum pool size: undefined/unknown
2026-10-02 00:26:11 [] INFO  org.hibernate.engine.transaction.jta.platform.internal.JtaPlatformInitiator - HHH000489: No JTA platform available (set 'hibernate.transaction.jta.platform' to enable JTA platform integration)
2026-10-02 00:26:12 [] INFO  org.springframework.orm.jpa.LocalContainerEntityManagerFactoryBean - Initialized JPA EntityManagerFactory for persistence unit 'default'
2026-10-02 00:26:13 [] WARN  org.springframework.boot.autoconfigure.orm.jpa.JpaBaseConfiguration$JpaWebConfiguration - spring.jpa.open-in-view is enabled by default. Therefore, database queries may be performed during view rendering. Explicitly configure spring.jpa.open-in-view to disable this warning
2026-10-02 00:26:13 [] INFO  org.springframework.security.config.annotation.authentication.configuration.InitializeAuthenticationProviderBeanManagerConfigurer$InitializeAuthenticationProviderManagerConfigurer - Global AuthenticationManager configured with AuthenticationProvider bean with name authenticationProvider
2026-10-02 00:26:13 [] WARN  org.springframework.security.config.annotation.authentication.configuration.InitializeUserDetailsBeanManagerConfigurer$InitializeUserDetailsManagerConfigurer - Global AuthenticationManager configured with an AuthenticationProvider bean. UserDetailsService beans will not be used by Spring Security for automatically configuring username/password login. Consider removing the AuthenticationProvider bean. Alternatively, consider using the UserDetailsService in a manually instantiated DaoAuthenticationProvider. If the current configuration is intentional, to turn off this warning, increase the logging level of 'org.springframework.security.config.annotation.authentication.configuration.InitializeUserDetailsBeanManagerConfigurer' to ERROR
2026-10-02 00:26:13 [] INFO  org.springframework.boot.devtools.autoconfigure.OptionalLiveReloadServer - LiveReload server is running on port 35729
2026-10-02 00:26:13 [] INFO  org.apache.coyote.http11.Http11NioProtocol - Starting ProtocolHandler ["http-nio-8080"]
2026-10-02 00:26:13 [] INFO  org.springframework.boot.web.embedded.tomcat.TomcatWebServer - Tomcat started on port 8080 (http) with context path '/tailor-master'
2026-10-02 00:26:13 [] INFO  com.example.tailormaster.TailorMasterAppApplication - Started TailorMasterAppApplication in 5.797 seconds (process running for 727.028)
2026-10-02 00:26:13 [] INFO  org.springframework.boot.devtools.autoconfigure.ConditionEvaluationDeltaLoggingListener - Condition evaluation unchanged
2026-10-02 00:29:13 [] INFO  org.springframework.boot.web.embedded.tomcat.GracefulShutdown - Commencing graceful shutdown. Waiting for active requests to complete
2026-10-02 00:29:14 [] INFO  org.springframework.boot.web.embedded.tomcat.GracefulShutdown - Graceful shutdown complete
2026-10-02 00:29:15 [] INFO  org.springframework.orm.jpa.LocalContainerEntityManagerFactoryBean - Closing JPA EntityManagerFactory for persistence unit 'default'
2026-10-02 00:29:15 [] INFO  com.zaxxer.hikari.HikariDataSource - HikariPool-5 - Shutdown initiated...
2026-10-02 00:29:15 [] INFO  com.zaxxer.hikari.HikariDataSource - HikariPool-5 - Shutdown completed.
2026-10-02 00:29:27 [] INFO  org.hibernate.validator.internal.util.Version - HV000001: Hibernate Validator 8.0.2.Final
2026-10-02 00:29:27 [] INFO  com.example.tailormaster.TailorMasterAppApplication - Starting TailorMasterAppApplication using Java 17.0.2 with PID 9332 (E:\Development-Workspaces\tailor-app-new-enhancements\tailor-master-app\tailor-master-app\target\classes started by wajiz.pk in E:\Development-Workspaces\tailor-app-new-enhancements\tailor-master-app)
2026-10-02 00:29:27 [] INFO  com.example.tailormaster.TailorMasterAppApplication - No active profile set, falling back to 1 default profile: "default"
2026-10-02 00:29:27 [] INFO  org.springframework.boot.devtools.env.DevToolsPropertyDefaultsPostProcessor - Devtools property defaults active! Set 'spring.devtools.add-properties' to 'false' to disable
2026-10-02 00:29:27 [] INFO  org.springframework.boot.devtools.env.DevToolsPropertyDefaultsPostProcessor - For additional web related logging consider setting the 'logging.level.web' property to 'DEBUG'
2026-10-02 00:29:30 [] INFO  org.springframework.data.repository.config.RepositoryConfigurationDelegate - Bootstrapping Spring Data JPA repositories in DEFAULT mode.
2026-10-02 00:29:30 [] INFO  org.springframework.data.repository.config.RepositoryConfigurationDelegate - Finished Spring Data repository scanning in 212 ms. Found 21 JPA repository interfaces.
2026-10-02 00:29:31 [] INFO  org.springframework.boot.web.embedded.tomcat.TomcatWebServer - Tomcat initialized with port 8080 (http)
2026-10-02 00:29:31 [] INFO  org.apache.coyote.http11.Http11NioProtocol - Initializing ProtocolHandler ["http-nio-8080"]
2026-10-02 00:29:31 [] INFO  org.apache.catalina.core.StandardService - Starting service [Tomcat]
2026-10-02 00:29:31 [] INFO  org.apache.catalina.core.StandardEngine - Starting Servlet engine: [Apache Tomcat/10.1.40]
2026-10-02 00:29:31 [] INFO  org.apache.catalina.core.ContainerBase.[Tomcat].[localhost].[/tailor-master] - Initializing Spring embedded WebApplicationContext
2026-10-02 00:29:31 [] INFO  org.springframework.boot.web.servlet.context.ServletWebServerApplicationContext - Root WebApplicationContext: initialization completed in 4131 ms
2026-10-02 00:29:32 [] INFO  org.hibernate.jpa.internal.util.LogHelper - HHH000204: Processing PersistenceUnitInfo [name: default]
2026-10-02 00:29:32 [] INFO  org.hibernate.Version - HHH000412: Hibernate ORM core version 6.6.4.Final
2026-10-02 00:29:32 [] INFO  org.hibernate.cache.internal.RegionFactoryInitiator - HHH000026: Second-level cache disabled
2026-10-02 00:29:33 [] INFO  org.springframework.orm.jpa.persistenceunit.SpringPersistenceUnitInfo - No LoadTimeWeaver setup: ignoring JPA class transformer
2026-10-02 00:29:33 [] INFO  com.zaxxer.hikari.HikariDataSource - HikariPool-1 - Starting...
2026-10-02 00:29:33 [] INFO  com.zaxxer.hikari.pool.HikariPool - HikariPool-1 - Added connection com.mysql.cj.jdbc.ConnectionImpl@89dd5a3
2026-10-02 00:29:33 [] INFO  com.zaxxer.hikari.HikariDataSource - HikariPool-1 - Start completed.
2026-10-02 00:29:34 [] INFO  org.hibernate.orm.connections.pooling - HHH10001005: Database info:
	Database JDBC URL [Connecting through datasource 'HikariDataSource (HikariPool-1)']
	Database driver: undefined/unknown
	Database version: 8.0.28
	Autocommit mode: undefined/unknown
	Isolation level: undefined/unknown
	Minimum pool size: undefined/unknown
	Maximum pool size: undefined/unknown
2026-10-02 00:29:37 [] INFO  org.hibernate.engine.transaction.jta.platform.internal.JtaPlatformInitiator - HHH000489: No JTA platform available (set 'hibernate.transaction.jta.platform' to enable JTA platform integration)
2026-10-02 00:29:38 [] INFO  org.springframework.orm.jpa.LocalContainerEntityManagerFactoryBean - Initialized JPA EntityManagerFactory for persistence unit 'default'
2026-10-02 00:29:39 [] INFO  org.springframework.data.jpa.repository.query.QueryEnhancerFactory - Hibernate is in classpath; If applicable, HQL parser will be used.
2026-10-02 00:29:53 [] WARN  org.springframework.boot.autoconfigure.orm.jpa.JpaBaseConfiguration$JpaWebConfiguration - spring.jpa.open-in-view is enabled by default. Therefore, database queries may be performed during view rendering. Explicitly configure spring.jpa.open-in-view to disable this warning
2026-10-02 00:29:53 [] INFO  org.springframework.security.config.annotation.authentication.configuration.InitializeAuthenticationProviderBeanManagerConfigurer$InitializeAuthenticationProviderManagerConfigurer - Global AuthenticationManager configured with AuthenticationProvider bean with name authenticationProvider
2026-10-02 00:29:53 [] WARN  org.springframework.security.config.annotation.authentication.configuration.InitializeUserDetailsBeanManagerConfigurer$InitializeUserDetailsManagerConfigurer - Global AuthenticationManager configured with an AuthenticationProvider bean. UserDetailsService beans will not be used by Spring Security for automatically configuring username/password login. Consider removing the AuthenticationProvider bean. Alternatively, consider using the UserDetailsService in a manually instantiated DaoAuthenticationProvider. If the current configuration is intentional, to turn off this warning, increase the logging level of 'org.springframework.security.config.annotation.authentication.configuration.InitializeUserDetailsBeanManagerConfigurer' to ERROR
2026-10-02 00:29:55 [] INFO  org.springframework.boot.devtools.autoconfigure.OptionalLiveReloadServer - LiveReload server is running on port 35729
2026-10-02 00:29:55 [] INFO  org.apache.coyote.http11.Http11NioProtocol - Starting ProtocolHandler ["http-nio-8080"]
2026-10-02 00:29:55 [] INFO  org.springframework.boot.web.embedded.tomcat.TomcatWebServer - Tomcat started on port 8080 (http) with context path '/tailor-master'
2026-10-02 00:29:55 [] INFO  com.example.tailormaster.TailorMasterAppApplication - Started TailorMasterAppApplication in 29.518 seconds (process running for 33.093)
2026-10-02 00:30:55 [] INFO  org.springframework.boot.web.embedded.tomcat.GracefulShutdown - Commencing graceful shutdown. Waiting for active requests to complete
2026-10-02 00:30:57 [] INFO  org.springframework.boot.web.embedded.tomcat.GracefulShutdown - Graceful shutdown complete
2026-10-02 00:30:57 [] INFO  org.springframework.orm.jpa.LocalContainerEntityManagerFactoryBean - Closing JPA EntityManagerFactory for persistence unit 'default'
2026-10-02 00:30:57 [] INFO  com.zaxxer.hikari.HikariDataSource - HikariPool-1 - Shutdown initiated...
2026-10-02 00:30:57 [] INFO  com.zaxxer.hikari.HikariDataSource - HikariPool-1 - Shutdown completed.
2026-10-02 00:31:14 [] INFO  org.hibernate.validator.internal.util.Version - HV000001: Hibernate Validator 8.0.2.Final
2026-10-02 00:31:14 [] INFO  com.example.tailormaster.TailorMasterAppApplication - Starting TailorMasterAppApplication using Java 17.0.2 with PID 22892 (E:\Development-Workspaces\tailor-app-new-enhancements\tailor-master-app\tailor-master-app\target\classes started by wajiz.pk in E:\Development-Workspaces\tailor-app-new-enhancements\tailor-master-app)
2026-10-02 00:31:14 [] INFO  com.example.tailormaster.TailorMasterAppApplication - No active profile set, falling back to 1 default profile: "default"
2026-10-02 00:31:14 [] INFO  org.springframework.boot.devtools.env.DevToolsPropertyDefaultsPostProcessor - Devtools property defaults active! Set 'spring.devtools.add-properties' to 'false' to disable
2026-10-02 00:31:14 [] INFO  org.springframework.boot.devtools.env.DevToolsPropertyDefaultsPostProcessor - For additional web related logging consider setting the 'logging.level.web' property to 'DEBUG'
2026-10-02 00:31:16 [] INFO  org.springframework.data.repository.config.RepositoryConfigurationDelegate - Bootstrapping Spring Data JPA repositories in DEFAULT mode.
2026-10-02 00:31:16 [] INFO  org.springframework.data.repository.config.RepositoryConfigurationDelegate - Finished Spring Data repository scanning in 292 ms. Found 21 JPA repository interfaces.
2026-10-02 00:31:18 [] INFO  org.springframework.boot.web.embedded.tomcat.TomcatWebServer - Tomcat initialized with port 8080 (http)
2026-10-02 00:31:18 [] INFO  org.apache.coyote.http11.Http11NioProtocol - Initializing ProtocolHandler ["http-nio-8080"]
2026-10-02 00:31:18 [] INFO  org.apache.catalina.core.StandardService - Starting service [Tomcat]
2026-10-02 00:31:18 [] INFO  org.apache.catalina.core.StandardEngine - Starting Servlet engine: [Apache Tomcat/10.1.40]
2026-10-02 00:31:18 [] INFO  org.apache.catalina.core.ContainerBase.[Tomcat].[localhost].[/tailor-master] - Initializing Spring embedded WebApplicationContext
2026-10-02 00:31:18 [] INFO  org.springframework.boot.web.servlet.context.ServletWebServerApplicationContext - Root WebApplicationContext: initialization completed in 3722 ms
2026-10-02 00:31:19 [] INFO  org.hibernate.jpa.internal.util.LogHelper - HHH000204: Processing PersistenceUnitInfo [name: default]
2026-10-02 00:31:19 [] INFO  org.hibernate.Version - HHH000412: Hibernate ORM core version 6.6.4.Final
2026-10-02 00:31:19 [] INFO  org.hibernate.cache.internal.RegionFactoryInitiator - HHH000026: Second-level cache disabled
2026-10-02 00:31:19 [] INFO  org.springframework.orm.jpa.persistenceunit.SpringPersistenceUnitInfo - No LoadTimeWeaver setup: ignoring JPA class transformer
2026-10-02 00:31:19 [] INFO  com.zaxxer.hikari.HikariDataSource - HikariPool-1 - Starting...
2026-10-02 00:31:20 [] INFO  com.zaxxer.hikari.pool.HikariPool - HikariPool-1 - Added connection com.mysql.cj.jdbc.ConnectionImpl@4ecb2e9f
2026-10-02 00:31:20 [] INFO  com.zaxxer.hikari.HikariDataSource - HikariPool-1 - Start completed.
2026-10-02 00:31:20 [] INFO  org.hibernate.orm.connections.pooling - HHH10001005: Database info:
	Database JDBC URL [Connecting through datasource 'HikariDataSource (HikariPool-1)']
	Database driver: undefined/unknown
	Database version: 8.0.28
	Autocommit mode: undefined/unknown
	Isolation level: undefined/unknown
	Minimum pool size: undefined/unknown
	Maximum pool size: undefined/unknown
2026-10-02 00:31:23 [] INFO  org.hibernate.engine.transaction.jta.platform.internal.JtaPlatformInitiator - HHH000489: No JTA platform available (set 'hibernate.transaction.jta.platform' to enable JTA platform integration)
2026-10-02 00:31:24 [] INFO  org.springframework.orm.jpa.LocalContainerEntityManagerFactoryBean - Initialized JPA EntityManagerFactory for persistence unit 'default'
2026-10-02 00:31:24 [] INFO  org.springframework.data.jpa.repository.query.QueryEnhancerFactory - Hibernate is in classpath; If applicable, HQL parser will be used.
2026-10-02 00:31:37 [] WARN  org.springframework.boot.autoconfigure.orm.jpa.JpaBaseConfiguration$JpaWebConfiguration - spring.jpa.open-in-view is enabled by default. Therefore, database queries may be performed during view rendering. Explicitly configure spring.jpa.open-in-view to disable this warning
2026-10-02 00:31:38 [] INFO  org.springframework.security.config.annotation.authentication.configuration.InitializeAuthenticationProviderBeanManagerConfigurer$InitializeAuthenticationProviderManagerConfigurer - Global AuthenticationManager configured with AuthenticationProvider bean with name authenticationProvider
2026-10-02 00:31:38 [] WARN  org.springframework.security.config.annotation.authentication.configuration.InitializeUserDetailsBeanManagerConfigurer$InitializeUserDetailsManagerConfigurer - Global AuthenticationManager configured with an AuthenticationProvider bean. UserDetailsService beans will not be used by Spring Security for automatically configuring username/password login. Consider removing the AuthenticationProvider bean. Alternatively, consider using the UserDetailsService in a manually instantiated DaoAuthenticationProvider. If the current configuration is intentional, to turn off this warning, increase the logging level of 'org.springframework.security.config.annotation.authentication.configuration.InitializeUserDetailsBeanManagerConfigurer' to ERROR
2026-10-02 00:31:39 [] INFO  org.springframework.boot.devtools.autoconfigure.OptionalLiveReloadServer - LiveReload server is running on port 35729
2026-10-02 00:31:39 [] INFO  org.apache.coyote.http11.Http11NioProtocol - Starting ProtocolHandler ["http-nio-8080"]
2026-10-02 00:31:39 [] INFO  org.springframework.boot.web.embedded.tomcat.TomcatWebServer - Tomcat started on port 8080 (http) with context path '/tailor-master'
2026-10-02 00:31:39 [] INFO  com.example.tailormaster.TailorMasterAppApplication - Started TailorMasterAppApplication in 25.765 seconds (process running for 28.604)
2026-10-02 00:31:44 [] INFO  org.apache.catalina.core.ContainerBase.[Tomcat].[localhost].[/tailor-master] - Initializing Spring DispatcherServlet 'dispatcherServlet'
2026-10-02 00:31:44 [] INFO  org.springframework.web.servlet.DispatcherServlet - Initializing Servlet 'dispatcherServlet'
2026-10-02 00:31:44 [] INFO  org.springframework.web.servlet.DispatcherServlet - Completed initialization in 4 ms
2026-10-02 00:31:44 [newuser] INFO  com.example.tailormaster.filter.LoggingInterceptor - User 'newuser' is requesting: GET /tailor-master/customers/details/rMB2UCKdcJGEoVBh-y0cg4lx-7QpMg1Vt0eLd9uedGo=
2026-10-02 00:31:44 [newuser] INFO  com.example.tailormaster.controller.CustomerController - Displaying details for customer ID (encrypted): rMB2UCKdcJGEoVBh-y0cg4lx-7QpMg1Vt0eLd9uedGo=
2026-10-02 00:31:45 [newuser] WARN  com.example.tailormaster.controller.CustomerController - Customer not found with ID: 33
2026-10-02 00:31:45 [newuser] INFO  com.example.tailormaster.filter.LoggingInterceptor - User 'newuser' is requesting: GET /tailor-master/customers
2026-10-02 00:31:46 [newuser] INFO  com.example.tailormaster.filter.LoggingInterceptor - User 'newuser' is requesting: GET /tailor-master/dashboard/notifications/upcoming-deliveries
2026-10-02 00:31:46 [newuser] INFO  com.example.tailormaster.controller.dashboard.DashboardController - Requested upcoming deliveries.
2026-10-02 00:31:46 [newuser] INFO  com.example.tailormaster.service.dashboard.DashboardService - Upcoming deliveries fetched: 0
2026-10-02 00:31:46 [newuser] INFO  com.example.tailormaster.controller.dashboard.DashboardController - Upcoming deliveries fetched: 0
2026-10-02 00:31:48 [newuser] INFO  com.example.tailormaster.filter.LoggingInterceptor - User 'newuser' is requesting: GET /tailor-master/customers/datatable
2026-10-02 00:31:48 [newuser] INFO  com.example.tailormaster.controller.CustomerController - Fetching customers data with search value: , sort direction: asc, start date: null, end date: null
2026-10-02 00:31:50 [newuser] INFO  com.example.tailormaster.filter.LoggingInterceptor - User 'newuser' is requesting: GET /tailor-master/customers
2026-10-02 00:31:50 [newuser] INFO  com.example.tailormaster.filter.LoggingInterceptor - User 'newuser' is requesting: GET /tailor-master/dashboard/notifications/upcoming-deliveries
2026-10-02 00:31:51 [newuser] INFO  com.example.tailormaster.filter.LoggingInterceptor - User 'newuser' is requesting: GET /tailor-master/customers/datatable
2026-10-02 00:31:51 [newuser] INFO  com.example.tailormaster.controller.dashboard.DashboardController - Requested upcoming deliveries.
2026-10-02 00:31:51 [newuser] INFO  com.example.tailormaster.service.dashboard.DashboardService - Upcoming deliveries fetched: 0
2026-10-02 00:31:51 [newuser] INFO  com.example.tailormaster.controller.dashboard.DashboardController - Upcoming deliveries fetched: 0
2026-10-02 00:31:51 [newuser] INFO  com.example.tailormaster.controller.CustomerController - Fetching customers data with search value: , sort direction: asc, start date: null, end date: null
2026-10-02 00:31:53 [newuser] INFO  com.example.tailormaster.filter.LoggingInterceptor - User 'newuser' is requesting: GET /tailor-master/customers/details/_DQJA19At3PWn5nD-5ZiaHwPYvXJQC9aGtfdt0wfbuI=
2026-10-02 00:31:53 [newuser] INFO  com.example.tailormaster.controller.CustomerController - Displaying details for customer ID (encrypted): _DQJA19At3PWn5nD-5ZiaHwPYvXJQC9aGtfdt0wfbuI=
2026-10-02 00:31:53 [newuser] INFO  com.example.tailormaster.service.product.ProductService - Fetching all active products.
2026-10-02 00:31:53 [newuser] INFO  com.example.tailormaster.service.product.ProductService - Retrieved 1 active products.
2026-10-02 00:31:53 [newuser] INFO  com.example.tailormaster.controller.CustomerController - Fetched customer details: com.example.tailormaster.entity.Customer@4b6ee6e9
2026-10-02 00:31:53 [newuser] INFO  com.example.tailormaster.controller.CustomerController - Fetched 1 customer product measurements for customerId=36
2026-10-02 00:31:53 [newuser] INFO  com.example.tailormaster.filter.LoggingInterceptor - User 'newuser' is requesting: GET /tailor-master/dashboard/notifications/upcoming-deliveries
2026-10-02 00:31:53 [newuser] INFO  com.example.tailormaster.controller.dashboard.DashboardController - Requested upcoming deliveries.
2026-10-02 00:31:53 [newuser] INFO  com.example.tailormaster.service.dashboard.DashboardService - Upcoming deliveries fetched: 0
2026-10-02 00:31:53 [newuser] INFO  com.example.tailormaster.controller.dashboard.DashboardController - Upcoming deliveries fetched: 0
2026-10-02 00:31:55 [newuser] INFO  com.example.tailormaster.filter.LoggingInterceptor - User 'newuser' is requesting: GET /tailor-master/customers/measurements/4/print
2026-10-02 00:31:55 [newuser] INFO  com.example.tailormaster.controller.CustomerController - ========== CUSTOMER MEASUREMENT PRINT ENDPOINT HIT ==========
2026-10-02 00:31:55 [newuser] INFO  com.example.tailormaster.controller.CustomerController - Printing customer measurement, measurementId=4
2026-10-02 00:31:55 [newuser] INFO  com.example.tailormaster.controller.CustomerController - Customer measurement print data loaded successfully, measurementId=4
2026-10-02 00:34:43 [newuser] INFO  com.example.tailormaster.filter.LoggingInterceptor - User 'newuser' is requesting: GET /tailor-master/customers/measurements/4/print
2026-10-02 00:34:43 [newuser] INFO  com.example.tailormaster.controller.CustomerController - ========== CUSTOMER MEASUREMENT PRINT ENDPOINT HIT ==========
2026-10-02 00:34:43 [newuser] INFO  com.example.tailormaster.controller.CustomerController - Printing customer measurement, measurementId=4
2026-10-02 00:34:43 [newuser] INFO  com.example.tailormaster.controller.CustomerController - Customer measurement print data loaded successfully, measurementId=4
2026-10-02 00:35:19 [newuser] INFO  com.example.tailormaster.filter.LoggingInterceptor - User 'newuser' is requesting: GET /tailor-master/customers/measurements/4/print
2026-10-02 00:35:19 [newuser] INFO  com.example.tailormaster.controller.CustomerController - ========== CUSTOMER MEASUREMENT PRINT ENDPOINT HIT ==========
2026-10-02 00:35:19 [newuser] INFO  com.example.tailormaster.controller.CustomerController - Printing customer measurement, measurementId=4
2026-10-02 00:35:19 [newuser] INFO  com.example.tailormaster.controller.CustomerController - Customer measurement print data loaded successfully, measurementId=4
2026-10-02 00:38:07 [newuser] INFO  com.example.tailormaster.filter.LoggingInterceptor - User 'newuser' is requesting: GET /tailor-master/customers/measurements/4/print
2026-10-02 00:38:07 [newuser] INFO  com.example.tailormaster.controller.CustomerController - ========== CUSTOMER MEASUREMENT PRINT ENDPOINT HIT ==========
2026-10-02 00:38:07 [newuser] INFO  com.example.tailormaster.controller.CustomerController - Printing customer measurement, measurementId=4
2026-10-02 00:38:07 [newuser] INFO  com.example.tailormaster.controller.CustomerController - Customer measurement print data loaded successfully, measurementId=4
2026-10-02 00:40:06 [newuser] INFO  com.example.tailormaster.filter.LoggingInterceptor - User 'newuser' is requesting: GET /tailor-master/customers/measurements/4/print
2026-10-02 00:40:06 [newuser] INFO  com.example.tailormaster.controller.CustomerController - ========== CUSTOMER MEASUREMENT PRINT ENDPOINT HIT ==========
2026-10-02 00:40:06 [newuser] INFO  com.example.tailormaster.controller.CustomerController - Printing customer measurement, measurementId=4
2026-10-02 00:40:06 [newuser] INFO  com.example.tailormaster.controller.CustomerController - Customer measurement print data loaded successfully, measurementId=4
2026-10-02 00:43:08 [newuser] INFO  com.example.tailormaster.filter.LoggingInterceptor - User 'newuser' is requesting: GET /tailor-master/customers/measurements/4/print
2026-10-02 00:43:08 [newuser] INFO  com.example.tailormaster.controller.CustomerController - ========== CUSTOMER MEASUREMENT PRINT ENDPOINT HIT ==========
2026-10-02 00:43:08 [newuser] INFO  com.example.tailormaster.controller.CustomerController - Printing customer measurement, measurementId=4
2026-10-02 00:43:08 [newuser] INFO  com.example.tailormaster.controller.CustomerController - Customer measurement print data loaded successfully, measurementId=4
2026-10-02 00:43:10 [newuser] INFO  com.example.tailormaster.filter.LoggingInterceptor - User 'newuser' is requesting: GET /tailor-master/customers/measurements/4/print
2026-10-02 00:43:10 [newuser] INFO  com.example.tailormaster.controller.CustomerController - ========== CUSTOMER MEASUREMENT PRINT ENDPOINT HIT ==========
2026-10-02 00:43:10 [newuser] INFO  com.example.tailormaster.controller.CustomerController - Printing customer measurement, measurementId=4
2026-10-02 00:43:10 [newuser] INFO  com.example.tailormaster.controller.CustomerController - Customer measurement print data loaded successfully, measurementId=4
2026-10-02 00:45:31 [newuser] INFO  com.example.tailormaster.filter.LoggingInterceptor - User 'newuser' is requesting: GET /tailor-master/customers/measurements/4/print
2026-10-02 00:45:31 [newuser] INFO  com.example.tailormaster.controller.CustomerController - ========== CUSTOMER MEASUREMENT PRINT ENDPOINT HIT ==========
2026-10-02 00:45:31 [newuser] INFO  com.example.tailormaster.controller.CustomerController - Printing customer measurement, measurementId=4
2026-10-02 00:45:31 [newuser] INFO  com.example.tailormaster.controller.CustomerController - Customer measurement print data loaded successfully, measurementId=4
2026-10-02 00:46:32 [newuser] INFO  com.example.tailormaster.filter.LoggingInterceptor - User 'newuser' is requesting: GET /tailor-master/customers/measurements/4/print
2026-10-02 00:46:32 [newuser] INFO  com.example.tailormaster.controller.CustomerController - ========== CUSTOMER MEASUREMENT PRINT ENDPOINT HIT ==========
2026-10-02 00:46:32 [newuser] INFO  com.example.tailormaster.controller.CustomerController - Printing customer measurement, measurementId=4
2026-10-02 00:46:32 [newuser] INFO  com.example.tailormaster.controller.CustomerController - Customer measurement print data loaded successfully, measurementId=4
2026-10-02 00:48:14 [newuser] INFO  com.example.tailormaster.filter.LoggingInterceptor - User 'newuser' is requesting: GET /tailor-master/customers/measurements/4/print
2026-10-02 00:48:14 [newuser] INFO  com.example.tailormaster.controller.CustomerController - ========== CUSTOMER MEASUREMENT PRINT ENDPOINT HIT ==========
2026-10-02 00:48:14 [newuser] INFO  com.example.tailormaster.controller.CustomerController - Printing customer measurement, measurementId=4
2026-10-02 00:48:14 [newuser] INFO  com.example.tailormaster.controller.CustomerController - Customer measurement print data loaded successfully, measurementId=4
2026-10-02 00:49:36 [newuser] INFO  com.example.tailormaster.filter.LoggingInterceptor - User 'newuser' is requesting: GET /tailor-master/customers/measurements/4/print
2026-10-02 00:49:36 [newuser] INFO  com.example.tailormaster.controller.CustomerController - ========== CUSTOMER MEASUREMENT PRINT ENDPOINT HIT ==========
2026-10-02 00:49:36 [newuser] INFO  com.example.tailormaster.controller.CustomerController - Printing customer measurement, measurementId=4
2026-10-02 00:49:36 [newuser] INFO  com.example.tailormaster.controller.CustomerController - Customer measurement print data loaded successfully, measurementId=4
2026-10-02 00:49:39 [newuser] INFO  com.example.tailormaster.filter.LoggingInterceptor - User 'newuser' is requesting: GET /tailor-master/customers/measurements/4/print
2026-10-02 00:49:39 [newuser] INFO  com.example.tailormaster.controller.CustomerController - ========== CUSTOMER MEASUREMENT PRINT ENDPOINT HIT ==========
2026-10-02 00:49:39 [newuser] INFO  com.example.tailormaster.controller.CustomerController - Printing customer measurement, measurementId=4
2026-10-02 00:49:39 [newuser] INFO  com.example.tailormaster.controller.CustomerController - Customer measurement print data loaded successfully, measurementId=4
2026-10-02 00:50:28 [newuser] INFO  com.example.tailormaster.filter.LoggingInterceptor - User 'newuser' is requesting: GET /tailor-master/customers/measurements/4/print
2026-10-02 00:50:28 [newuser] INFO  com.example.tailormaster.controller.CustomerController - ========== CUSTOMER MEASUREMENT PRINT ENDPOINT HIT ==========
2026-10-02 00:50:28 [newuser] INFO  com.example.tailormaster.controller.CustomerController - Printing customer measurement, measurementId=4
2026-10-02 00:50:28 [newuser] INFO  com.example.tailormaster.controller.CustomerController - Customer measurement print data loaded successfully, measurementId=4
2026-10-02 00:50:33 [newuser] INFO  com.example.tailormaster.filter.LoggingInterceptor - User 'newuser' is requesting: GET /tailor-master/customers/measurements/4/print
2026-10-02 00:50:33 [newuser] INFO  com.example.tailormaster.controller.CustomerController - ========== CUSTOMER MEASUREMENT PRINT ENDPOINT HIT ==========
2026-10-02 00:50:33 [newuser] INFO  com.example.tailormaster.controller.CustomerController - Printing customer measurement, measurementId=4
2026-10-02 00:50:33 [newuser] INFO  com.example.tailormaster.controller.CustomerController - Customer measurement print data loaded successfully, measurementId=4
2026-10-02 00:50:40 [newuser] INFO  com.example.tailormaster.filter.LoggingInterceptor - User 'newuser' is requesting: GET /tailor-master/customers/36
2026-10-02 00:50:40 [newuser] WARN  org.springframework.web.servlet.mvc.method.annotation.ExceptionHandlerExceptionResolver - Resolved [org.springframework.web.servlet.resource.NoResourceFoundException: No static resource customers/36.]
2026-10-02 00:51:43 [newuser] INFO  com.example.tailormaster.filter.LoggingInterceptor - User 'newuser' is requesting: GET /tailor-master/customers/measurements/4/print
2026-10-02 00:51:43 [newuser] INFO  com.example.tailormaster.controller.CustomerController - ========== CUSTOMER MEASUREMENT PRINT ENDPOINT HIT ==========
2026-10-02 00:51:43 [newuser] INFO  com.example.tailormaster.controller.CustomerController - Printing customer measurement, measurementId=4
2026-10-02 00:51:43 [newuser] INFO  com.example.tailormaster.controller.CustomerController - Customer measurement print data loaded successfully, measurementId=4
2026-10-02 00:51:45 [newuser] INFO  com.example.tailormaster.filter.LoggingInterceptor - User 'newuser' is requesting: GET /tailor-master/customers/measurements/4/print
2026-10-02 00:51:45 [newuser] INFO  com.example.tailormaster.controller.CustomerController - ========== CUSTOMER MEASUREMENT PRINT ENDPOINT HIT ==========
2026-10-02 00:51:45 [newuser] INFO  com.example.tailormaster.controller.CustomerController - Printing customer measurement, measurementId=4
2026-10-02 00:51:45 [newuser] INFO  com.example.tailormaster.controller.CustomerController - Customer measurement print data loaded successfully, measurementId=4
2026-10-02 00:51:50 [newuser] INFO  com.example.tailormaster.filter.LoggingInterceptor - User 'newuser' is requesting: GET /tailor-master/customers/details/36
2026-10-02 00:51:50 [newuser] INFO  com.example.tailormaster.controller.CustomerController - Displaying details for customer ID (encrypted): 36
2026-10-02 00:51:51 [newuser] WARN  com.example.tailormaster.controller.CustomerController - Invalid customer ID provided: 36
2026-10-02 00:51:51 [newuser] INFO  com.example.tailormaster.filter.LoggingInterceptor - User 'newuser' is requesting: GET /tailor-master/customers
2026-10-02 00:51:51 [newuser] INFO  com.example.tailormaster.filter.LoggingInterceptor - User 'newuser' is requesting: GET /tailor-master/dashboard/notifications/upcoming-deliveries
2026-10-02 00:51:51 [newuser] INFO  com.example.tailormaster.controller.dashboard.DashboardController - Requested upcoming deliveries.
2026-10-02 00:51:51 [newuser] INFO  com.example.tailormaster.service.dashboard.DashboardService - Upcoming deliveries fetched: 0
2026-10-02 00:51:51 [newuser] INFO  com.example.tailormaster.controller.dashboard.DashboardController - Upcoming deliveries fetched: 0
2026-10-02 00:51:51 [newuser] INFO  com.example.tailormaster.filter.LoggingInterceptor - User 'newuser' is requesting: GET /tailor-master/customers/datatable
2026-10-02 00:51:51 [newuser] INFO  com.example.tailormaster.controller.CustomerController - Fetching customers data with search value: , sort direction: asc, start date: null, end date: null
2026-10-02 00:52:20 [newuser] INFO  com.example.tailormaster.filter.LoggingInterceptor - User 'newuser' is requesting: GET /tailor-master/customers/details/drGwoiTnSgcZaFGh5HqOcYUQq1okqG4IkpCte47D1ig=
2026-10-02 00:52:20 [newuser] INFO  com.example.tailormaster.controller.CustomerController - Displaying details for customer ID (encrypted): drGwoiTnSgcZaFGh5HqOcYUQq1okqG4IkpCte47D1ig=
2026-10-02 00:52:20 [newuser] INFO  com.example.tailormaster.service.product.ProductService - Fetching all active products.
2026-10-02 00:52:20 [newuser] INFO  com.example.tailormaster.service.product.ProductService - Retrieved 1 active products.
2026-10-02 00:52:20 [newuser] INFO  com.example.tailormaster.controller.CustomerController - Fetched customer details: com.example.tailormaster.entity.Customer@25752d87
2026-10-02 00:52:20 [newuser] INFO  com.example.tailormaster.controller.CustomerController - Fetched 1 customer product measurements for customerId=36
2026-10-02 00:52:20 [newuser] INFO  com.example.tailormaster.filter.LoggingInterceptor - User 'newuser' is requesting: GET /tailor-master/dashboard/notifications/upcoming-deliveries
2026-10-02 00:52:20 [newuser] INFO  com.example.tailormaster.controller.dashboard.DashboardController - Requested upcoming deliveries.
2026-10-02 00:52:20 [newuser] INFO  com.example.tailormaster.service.dashboard.DashboardService - Upcoming deliveries fetched: 0
2026-10-02 00:52:20 [newuser] INFO  com.example.tailormaster.controller.dashboard.DashboardController - Upcoming deliveries fetched: 0
2026-10-02 00:52:39 [newuser] INFO  com.example.tailormaster.filter.LoggingInterceptor - User 'newuser' is requesting: GET /tailor-master/customers/rPzX_89IF7ZIJspR14xq9-Z1gme3myIFYmb8V5HSe5w=/edit
2026-10-02 00:52:40 [newuser] INFO  com.example.tailormaster.service.product.ProductService - Fetching all active products.
2026-10-02 00:52:40 [newuser] INFO  com.example.tailormaster.service.product.ProductService - Retrieved 1 active products.
2026-10-02 00:52:40 [newuser] INFO  com.example.tailormaster.filter.LoggingInterceptor - User 'newuser' is requesting: GET /tailor-master/dashboard/notifications/upcoming-deliveries
2026-10-02 00:52:40 [newuser] INFO  com.example.tailormaster.controller.dashboard.DashboardController - Requested upcoming deliveries.
2026-10-02 00:52:40 [newuser] INFO  com.example.tailormaster.service.dashboard.DashboardService - Upcoming deliveries fetched: 0
2026-10-02 00:52:40 [newuser] INFO  com.example.tailormaster.controller.dashboard.DashboardController - Upcoming deliveries fetched: 0
2026-10-02 00:53:11 [newuser] INFO  com.example.tailormaster.filter.LoggingInterceptor - User 'newuser' is requesting: GET /tailor-master/customers/11/fields
2026-10-02 00:53:11 [newuser] INFO  com.example.tailormaster.service.product.ProductService - Fetching product by ID: 11
2026-10-02 00:53:29 [newuser] INFO  com.example.tailormaster.filter.LoggingInterceptor - User 'newuser' is requesting: GET /tailor-master/customers/details/drGwoiTnSgcZaFGh5HqOcYUQq1okqG4IkpCte47D1ig=
2026-10-02 00:53:29 [newuser] INFO  com.example.tailormaster.controller.CustomerController - Displaying details for customer ID (encrypted): drGwoiTnSgcZaFGh5HqOcYUQq1okqG4IkpCte47D1ig=
2026-10-02 00:53:29 [newuser] INFO  com.example.tailormaster.service.product.ProductService - Fetching all active products.
2026-10-02 00:53:29 [newuser] INFO  com.example.tailormaster.service.product.ProductService - Retrieved 1 active products.
2026-10-02 00:53:29 [newuser] INFO  com.example.tailormaster.controller.CustomerController - Fetched customer details: com.example.tailormaster.entity.Customer@ae90ec6
2026-10-02 00:53:29 [newuser] INFO  com.example.tailormaster.controller.CustomerController - Fetched 1 customer product measurements for customerId=36
2026-10-02 00:53:29 [newuser] INFO  com.example.tailormaster.filter.LoggingInterceptor - User 'newuser' is requesting: GET /tailor-master/dashboard/notifications/upcoming-deliveries
2026-10-02 00:53:29 [newuser] INFO  com.example.tailormaster.controller.dashboard.DashboardController - Requested upcoming deliveries.
2026-10-02 00:53:29 [newuser] INFO  com.example.tailormaster.service.dashboard.DashboardService - Upcoming deliveries fetched: 0
2026-10-02 00:53:29 [newuser] INFO  com.example.tailormaster.controller.dashboard.DashboardController - Upcoming deliveries fetched: 0
2026-10-02 00:53:34 [newuser] INFO  com.example.tailormaster.filter.LoggingInterceptor - User 'newuser' is requesting: GET /tailor-master/customers/measurements/4
2026-10-02 00:53:34 [newuser] INFO  com.example.tailormaster.controller.CustomerController - ========== GET CUSTOMER PRODUCT MEASUREMENT ENDPOINT HIT ==========
2026-10-02 00:53:34 [newuser] INFO  com.example.tailormaster.controller.CustomerController - Fetching customer product measurement, measurementId=4
2026-10-02 00:53:34 [newuser] INFO  com.example.tailormaster.controller.CustomerController - Customer product measurement fetched successfully, measurementId=4, customerId=36, productId=11
2026-10-02 00:53:45 [newuser] INFO  com.example.tailormaster.filter.LoggingInterceptor - User 'newuser' is requesting: GET /tailor-master/customers/measurements/4/print
2026-10-02 00:53:45 [newuser] INFO  com.example.tailormaster.controller.CustomerController - ========== CUSTOMER MEASUREMENT PRINT ENDPOINT HIT ==========
2026-10-02 00:53:45 [newuser] INFO  com.example.tailormaster.controller.CustomerController - Printing customer measurement, measurementId=4
2026-10-02 00:53:45 [newuser] INFO  com.example.tailormaster.controller.CustomerController - Customer measurement print data loaded successfully, measurementId=4
2026-10-02 00:55:44 [] INFO  org.springframework.boot.devtools.autoconfigure.LocalDevToolsAutoConfiguration$RestartingClassPathChangeChangedEventListener - Restarting due to 2 class path changes (0 additions, 1 deletion, 1 modification)
2026-10-02 00:55:44 [] INFO  org.springframework.boot.web.embedded.tomcat.GracefulShutdown - Commencing graceful shutdown. Waiting for active requests to complete
2026-10-02 00:55:44 [] INFO  org.apache.coyote.http11.Http11NioProtocol - Pausing ProtocolHandler ["http-nio-8080"]
2026-10-02 00:55:45 [] INFO  org.springframework.boot.web.embedded.tomcat.GracefulShutdown - Graceful shutdown complete
2026-10-02 00:55:45 [] INFO  org.apache.coyote.http11.Http11NioProtocol - Stopping ProtocolHandler ["http-nio-8080"]
2026-10-02 00:55:45 [] INFO  org.springframework.orm.jpa.LocalContainerEntityManagerFactoryBean - Closing JPA EntityManagerFactory for persistence unit 'default'
2026-10-02 00:55:45 [] INFO  com.zaxxer.hikari.HikariDataSource - HikariPool-1 - Shutdown initiated...
2026-10-02 00:55:45 [] INFO  com.zaxxer.hikari.HikariDataSource - HikariPool-1 - Shutdown completed.
2026-10-02 00:55:47 [] INFO  com.example.tailormaster.TailorMasterAppApplication - Starting TailorMasterAppApplication using Java 17.0.2 with PID 22892 (E:\Development-Workspaces\tailor-app-new-enhancements\tailor-master-app\tailor-master-app\target\classes started by wajiz.pk in E:\Development-Workspaces\tailor-app-new-enhancements\tailor-master-app)
2026-10-02 00:55:47 [] INFO  com.example.tailormaster.TailorMasterAppApplication - No active profile set, falling back to 1 default profile: "default"
2026-10-02 00:55:49 [] INFO  org.springframework.data.repository.config.RepositoryConfigurationDelegate - Bootstrapping Spring Data JPA repositories in DEFAULT mode.
2026-10-02 00:55:50 [] INFO  org.springframework.data.repository.config.RepositoryConfigurationDelegate - Finished Spring Data repository scanning in 200 ms. Found 21 JPA repository interfaces.
2026-10-02 00:55:50 [] INFO  org.springframework.boot.web.embedded.tomcat.TomcatWebServer - Tomcat initialized with port 8080 (http)
2026-10-02 00:55:50 [] INFO  org.apache.coyote.http11.Http11NioProtocol - Initializing ProtocolHandler ["http-nio-8080"]
2026-10-02 00:55:50 [] INFO  org.apache.catalina.core.StandardService - Starting service [Tomcat]
2026-10-02 00:55:50 [] INFO  org.apache.catalina.core.StandardEngine - Starting Servlet engine: [Apache Tomcat/10.1.40]
2026-10-02 00:55:50 [] INFO  org.apache.catalina.core.ContainerBase.[Tomcat].[localhost].[/tailor-master] - Initializing Spring embedded WebApplicationContext
2026-10-02 00:55:50 [] INFO  org.springframework.boot.web.servlet.context.ServletWebServerApplicationContext - Root WebApplicationContext: initialization completed in 3481 ms
2026-10-02 00:55:50 [] INFO  org.hibernate.jpa.internal.util.LogHelper - HHH000204: Processing PersistenceUnitInfo [name: default]
2026-10-02 00:55:50 [] INFO  org.hibernate.cache.internal.RegionFactoryInitiator - HHH000026: Second-level cache disabled
2026-10-02 00:55:50 [] INFO  org.springframework.orm.jpa.persistenceunit.SpringPersistenceUnitInfo - No LoadTimeWeaver setup: ignoring JPA class transformer
2026-10-02 00:55:50 [] INFO  com.zaxxer.hikari.HikariDataSource - HikariPool-2 - Starting...
2026-10-02 00:55:51 [] INFO  com.zaxxer.hikari.pool.HikariPool - HikariPool-2 - Added connection com.mysql.cj.jdbc.ConnectionImpl@70afc7ad
2026-10-02 00:55:51 [] INFO  com.zaxxer.hikari.HikariDataSource - HikariPool-2 - Start completed.
2026-10-02 00:55:51 [] INFO  org.hibernate.orm.connections.pooling - HHH10001005: Database info:
	Database JDBC URL [Connecting through datasource 'HikariDataSource (HikariPool-2)']
	Database driver: undefined/unknown
	Database version: 8.0.28
	Autocommit mode: undefined/unknown
	Isolation level: undefined/unknown
	Minimum pool size: undefined/unknown
	Maximum pool size: undefined/unknown
2026-10-02 00:55:52 [] INFO  org.hibernate.engine.transaction.jta.platform.internal.JtaPlatformInitiator - HHH000489: No JTA platform available (set 'hibernate.transaction.jta.platform' to enable JTA platform integration)
2026-10-02 00:55:53 [] INFO  org.springframework.orm.jpa.LocalContainerEntityManagerFactoryBean - Initialized JPA EntityManagerFactory for persistence unit 'default'
2026-10-02 00:55:54 [] WARN  org.springframework.boot.autoconfigure.orm.jpa.JpaBaseConfiguration$JpaWebConfiguration - spring.jpa.open-in-view is enabled by default. Therefore, database queries may be performed during view rendering. Explicitly configure spring.jpa.open-in-view to disable this warning
2026-10-02 00:55:54 [] INFO  org.springframework.security.config.annotation.authentication.configuration.InitializeAuthenticationProviderBeanManagerConfigurer$InitializeAuthenticationProviderManagerConfigurer - Global AuthenticationManager configured with AuthenticationProvider bean with name authenticationProvider
2026-10-02 00:55:54 [] WARN  org.springframework.security.config.annotation.authentication.configuration.InitializeUserDetailsBeanManagerConfigurer$InitializeUserDetailsManagerConfigurer - Global AuthenticationManager configured with an AuthenticationProvider bean. UserDetailsService beans will not be used by Spring Security for automatically configuring username/password login. Consider removing the AuthenticationProvider bean. Alternatively, consider using the UserDetailsService in a manually instantiated DaoAuthenticationProvider. If the current configuration is intentional, to turn off this warning, increase the logging level of 'org.springframework.security.config.annotation.authentication.configuration.InitializeUserDetailsBeanManagerConfigurer' to ERROR
2026-10-02 00:55:54 [] INFO  org.springframework.boot.devtools.autoconfigure.OptionalLiveReloadServer - LiveReload server is running on port 35729
2026-10-02 00:55:54 [] INFO  org.apache.coyote.http11.Http11NioProtocol - Starting ProtocolHandler ["http-nio-8080"]
2026-10-02 00:55:54 [] INFO  org.springframework.boot.web.embedded.tomcat.TomcatWebServer - Tomcat started on port 8080 (http) with context path '/tailor-master'
2026-10-02 00:55:54 [] INFO  com.example.tailormaster.TailorMasterAppApplication - Started TailorMasterAppApplication in 7.824 seconds (process running for 1483.934)
2026-10-02 00:55:54 [] INFO  org.springframework.boot.devtools.autoconfigure.ConditionEvaluationDeltaLoggingListener - Condition evaluation unchanged
2026-10-02 00:55:56 [] INFO  org.springframework.boot.devtools.autoconfigure.LocalDevToolsAutoConfiguration$RestartingClassPathChangeChangedEventListener - Restarting due to 1 class path change (1 addition, 0 deletions, 0 modifications)
2026-10-02 00:55:56 [] INFO  org.springframework.boot.web.embedded.tomcat.GracefulShutdown - Commencing graceful shutdown. Waiting for active requests to complete
2026-10-02 00:55:56 [] INFO  org.apache.coyote.http11.Http11NioProtocol - Pausing ProtocolHandler ["http-nio-8080"]
2026-10-02 00:55:56 [] INFO  org.springframework.boot.web.embedded.tomcat.GracefulShutdown - Graceful shutdown complete
2026-10-02 00:55:56 [] INFO  org.apache.coyote.http11.Http11NioProtocol - Stopping ProtocolHandler ["http-nio-8080"]
2026-10-02 00:55:57 [] INFO  org.springframework.orm.jpa.LocalContainerEntityManagerFactoryBean - Closing JPA EntityManagerFactory for persistence unit 'default'
2026-10-02 00:55:57 [] INFO  com.zaxxer.hikari.HikariDataSource - HikariPool-2 - Shutdown initiated...
2026-10-02 00:55:57 [] INFO  com.zaxxer.hikari.HikariDataSource - HikariPool-2 - Shutdown completed.
2026-10-02 00:55:57 [] INFO  com.example.tailormaster.TailorMasterAppApplication - Starting TailorMasterAppApplication using Java 17.0.2 with PID 22892 (E:\Development-Workspaces\tailor-app-new-enhancements\tailor-master-app\tailor-master-app\target\classes started by wajiz.pk in E:\Development-Workspaces\tailor-app-new-enhancements\tailor-master-app)
2026-10-02 00:55:57 [] INFO  com.example.tailormaster.TailorMasterAppApplication - No active profile set, falling back to 1 default profile: "default"
2026-10-02 00:55:57 [] INFO  org.springframework.data.repository.config.RepositoryConfigurationDelegate - Bootstrapping Spring Data JPA repositories in DEFAULT mode.
2026-10-02 00:55:57 [] INFO  org.springframework.data.repository.config.RepositoryConfigurationDelegate - Finished Spring Data repository scanning in 117 ms. Found 21 JPA repository interfaces.
2026-10-02 00:55:58 [] INFO  org.springframework.boot.web.embedded.tomcat.TomcatWebServer - Tomcat initialized with port 8080 (http)
2026-10-02 00:55:58 [] INFO  org.apache.coyote.http11.Http11NioProtocol - Initializing ProtocolHandler ["http-nio-8080"]
2026-10-02 00:55:58 [] INFO  org.apache.catalina.core.StandardService - Starting service [Tomcat]
2026-10-02 00:55:58 [] INFO  org.apache.catalina.core.StandardEngine - Starting Servlet engine: [Apache Tomcat/10.1.40]
2026-10-02 00:55:58 [] INFO  org.apache.catalina.core.ContainerBase.[Tomcat].[localhost].[/tailor-master] - Initializing Spring embedded WebApplicationContext
2026-10-02 00:55:58 [] INFO  org.springframework.boot.web.servlet.context.ServletWebServerApplicationContext - Root WebApplicationContext: initialization completed in 903 ms
2026-10-02 00:55:58 [] INFO  org.hibernate.jpa.internal.util.LogHelper - HHH000204: Processing PersistenceUnitInfo [name: default]
2026-10-02 00:55:58 [] INFO  org.hibernate.cache.internal.RegionFactoryInitiator - HHH000026: Second-level cache disabled
2026-10-02 00:55:58 [] INFO  org.springframework.orm.jpa.persistenceunit.SpringPersistenceUnitInfo - No LoadTimeWeaver setup: ignoring JPA class transformer
2026-10-02 00:55:58 [] INFO  com.zaxxer.hikari.HikariDataSource - HikariPool-3 - Starting...
2026-10-02 00:55:58 [] INFO  com.zaxxer.hikari.pool.HikariPool - HikariPool-3 - Added connection com.mysql.cj.jdbc.ConnectionImpl@591be5c4
2026-10-02 00:55:58 [] INFO  com.zaxxer.hikari.HikariDataSource - HikariPool-3 - Start completed.
2026-10-02 00:55:58 [] INFO  org.hibernate.orm.connections.pooling - HHH10001005: Database info:
	Database JDBC URL [Connecting through datasource 'HikariDataSource (HikariPool-3)']
	Database driver: undefined/unknown
	Database version: 8.0.28
	Autocommit mode: undefined/unknown
	Isolation level: undefined/unknown
	Minimum pool size: undefined/unknown
	Maximum pool size: undefined/unknown
2026-10-02 00:55:58 [] INFO  org.hibernate.engine.transaction.jta.platform.internal.JtaPlatformInitiator - HHH000489: No JTA platform available (set 'hibernate.transaction.jta.platform' to enable JTA platform integration)
2026-10-02 00:55:59 [] INFO  org.springframework.orm.jpa.LocalContainerEntityManagerFactoryBean - Initialized JPA EntityManagerFactory for persistence unit 'default'
2026-10-02 00:56:00 [] WARN  org.springframework.boot.autoconfigure.orm.jpa.JpaBaseConfiguration$JpaWebConfiguration - spring.jpa.open-in-view is enabled by default. Therefore, database queries may be performed during view rendering. Explicitly configure spring.jpa.open-in-view to disable this warning
2026-10-02 00:56:00 [] INFO  org.springframework.security.config.annotation.authentication.configuration.InitializeAuthenticationProviderBeanManagerConfigurer$InitializeAuthenticationProviderManagerConfigurer - Global AuthenticationManager configured with AuthenticationProvider bean with name authenticationProvider
2026-10-02 00:56:00 [] WARN  org.springframework.security.config.annotation.authentication.configuration.InitializeUserDetailsBeanManagerConfigurer$InitializeUserDetailsManagerConfigurer - Global AuthenticationManager configured with an AuthenticationProvider bean. UserDetailsService beans will not be used by Spring Security for automatically configuring username/password login. Consider removing the AuthenticationProvider bean. Alternatively, consider using the UserDetailsService in a manually instantiated DaoAuthenticationProvider. If the current configuration is intentional, to turn off this warning, increase the logging level of 'org.springframework.security.config.annotation.authentication.configuration.InitializeUserDetailsBeanManagerConfigurer' to ERROR
2026-10-02 00:56:00 [] INFO  org.springframework.boot.devtools.autoconfigure.OptionalLiveReloadServer - LiveReload server is running on port 35729
2026-10-02 00:56:00 [] INFO  org.apache.coyote.http11.Http11NioProtocol - Starting ProtocolHandler ["http-nio-8080"]
2026-10-02 00:56:00 [] INFO  org.springframework.boot.web.embedded.tomcat.TomcatWebServer - Tomcat started on port 8080 (http) with context path '/tailor-master'
2026-10-02 00:56:00 [] INFO  com.example.tailormaster.TailorMasterAppApplication - Started TailorMasterAppApplication in 3.218 seconds (process running for 1489.646)
2026-10-02 00:56:00 [] INFO  org.springframework.boot.devtools.autoconfigure.ConditionEvaluationDeltaLoggingListener - Condition evaluation unchanged
2026-10-02 00:56:06 [] INFO  org.apache.catalina.core.ContainerBase.[Tomcat].[localhost].[/tailor-master] - Initializing Spring DispatcherServlet 'dispatcherServlet'
2026-10-02 00:56:06 [] INFO  org.springframework.web.servlet.DispatcherServlet - Initializing Servlet 'dispatcherServlet'
2026-10-02 00:56:06 [] INFO  org.springframework.web.servlet.DispatcherServlet - Completed initialization in 5 ms
2026-10-02 00:56:06 [newuser] INFO  com.example.tailormaster.filter.LoggingInterceptor - User 'newuser' is requesting: GET /tailor-master/customers/measurements/4/print
2026-10-02 00:56:06 [newuser] INFO  com.example.tailormaster.controller.CustomerController - ========== CUSTOMER MEASUREMENT PRINT ENDPOINT HIT ==========
2026-10-02 00:56:06 [newuser] INFO  com.example.tailormaster.controller.CustomerController - Printing customer measurement, measurementId=4
2026-10-02 00:56:06 [newuser] INFO  com.example.tailormaster.controller.CustomerController - Customer measurement print data loaded successfully, measurementId=4
2026-10-02 00:56:08 [newuser] INFO  com.example.tailormaster.filter.LoggingInterceptor - User 'newuser' is requesting: GET /tailor-master/customers/details/dITHhENv1nHVV3FfHErRx_DkEWFDrMNG2RCyzfK2Ke4=
2026-10-02 00:56:08 [newuser] INFO  com.example.tailormaster.controller.CustomerController - Displaying details for customer ID (encrypted): dITHhENv1nHVV3FfHErRx_DkEWFDrMNG2RCyzfK2Ke4=
2026-10-02 00:56:08 [newuser] INFO  com.example.tailormaster.service.product.ProductService - Fetching all active products.
2026-10-02 00:56:08 [newuser] INFO  com.example.tailormaster.service.product.ProductService - Retrieved 1 active products.
2026-10-02 00:56:08 [newuser] INFO  com.example.tailormaster.controller.CustomerController - Fetched customer details: com.example.tailormaster.entity.Customer@2fdd9932
2026-10-02 00:56:08 [newuser] INFO  com.example.tailormaster.controller.CustomerController - Fetched 1 customer product measurements for customerId=36
2026-10-02 00:56:08 [newuser] INFO  com.example.tailormaster.filter.LoggingInterceptor - User 'newuser' is requesting: GET /tailor-master/dashboard/notifications/upcoming-deliveries
2026-10-02 00:56:08 [newuser] INFO  com.example.tailormaster.controller.dashboard.DashboardController - Requested upcoming deliveries.
2026-10-02 00:56:08 [newuser] INFO  com.example.tailormaster.service.dashboard.DashboardService - Upcoming deliveries fetched: 0
2026-10-02 00:56:08 [newuser] INFO  com.example.tailormaster.controller.dashboard.DashboardController - Upcoming deliveries fetched: 0
2026-10-02 00:56:11 [newuser] INFO  com.example.tailormaster.filter.LoggingInterceptor - User 'newuser' is requesting: GET /tailor-master/customers/measurements/4
2026-10-02 00:56:11 [newuser] INFO  com.example.tailormaster.controller.CustomerController - ========== GET CUSTOMER PRODUCT MEASUREMENT ENDPOINT HIT ==========
2026-10-02 00:56:11 [newuser] INFO  com.example.tailormaster.controller.CustomerController - Fetching customer product measurement, measurementId=4
2026-10-02 00:56:12 [newuser] INFO  com.example.tailormaster.controller.CustomerController - Customer product measurement fetched successfully, measurementId=4, customerId=36, productId=11
2026-10-02 00:56:15 [newuser] INFO  com.example.tailormaster.filter.LoggingInterceptor - User 'newuser' is requesting: GET /tailor-master/customers/measurements/4/print
2026-10-02 00:56:15 [newuser] INFO  com.example.tailormaster.controller.CustomerController - ========== CUSTOMER MEASUREMENT PRINT ENDPOINT HIT ==========
2026-10-02 00:56:15 [newuser] INFO  com.example.tailormaster.controller.CustomerController - Printing customer measurement, measurementId=4
2026-10-02 00:56:15 [newuser] INFO  com.example.tailormaster.controller.CustomerController - Customer measurement print data loaded successfully, measurementId=4
2026-10-02 00:56:59 [newuser] INFO  com.example.tailormaster.filter.LoggingInterceptor - User 'newuser' is requesting: GET /tailor-master/customers/measurements/4/print
2026-10-02 00:56:59 [newuser] INFO  com.example.tailormaster.controller.CustomerController - ========== CUSTOMER MEASUREMENT PRINT ENDPOINT HIT ==========
2026-10-02 00:56:59 [newuser] INFO  com.example.tailormaster.controller.CustomerController - Printing customer measurement, measurementId=4
2026-10-02 00:56:59 [newuser] INFO  com.example.tailormaster.controller.CustomerController - Customer measurement print data loaded successfully, measurementId=4
2026-10-02 00:57:39 [newuser] INFO  com.example.tailormaster.filter.LoggingInterceptor - User 'newuser' is requesting: GET /tailor-master/customers/details/KUBz-kassq-kqEzr_UQCipfM040Dv8lePTbC9pOO-Kc=
2026-10-02 00:57:39 [newuser] INFO  com.example.tailormaster.controller.CustomerController - Displaying details for customer ID (encrypted): KUBz-kassq-kqEzr_UQCipfM040Dv8lePTbC9pOO-Kc=
2026-10-02 00:57:39 [newuser] INFO  com.example.tailormaster.service.product.ProductService - Fetching all active products.
2026-10-02 00:57:39 [newuser] INFO  com.example.tailormaster.service.product.ProductService - Retrieved 1 active products.
2026-10-02 00:57:39 [newuser] INFO  com.example.tailormaster.controller.CustomerController - Fetched customer details: com.example.tailormaster.entity.Customer@724d06f
2026-10-02 00:57:39 [newuser] INFO  com.example.tailormaster.controller.CustomerController - Fetched 1 customer product measurements for customerId=36
2026-10-02 00:57:40 [newuser] INFO  com.example.tailormaster.filter.LoggingInterceptor - User 'newuser' is requesting: GET /tailor-master/dashboard/notifications/upcoming-deliveries
2026-10-02 00:57:40 [newuser] INFO  com.example.tailormaster.controller.dashboard.DashboardController - Requested upcoming deliveries.
2026-10-02 00:57:40 [newuser] INFO  com.example.tailormaster.service.dashboard.DashboardService - Upcoming deliveries fetched: 0
2026-10-02 00:57:40 [newuser] INFO  com.example.tailormaster.controller.dashboard.DashboardController - Upcoming deliveries fetched: 0
2026-10-02 00:57:41 [newuser] INFO  com.example.tailormaster.filter.LoggingInterceptor - User 'newuser' is requesting: GET /tailor-master/customers/measurements/4
2026-10-02 00:57:41 [newuser] INFO  com.example.tailormaster.controller.CustomerController - ========== GET CUSTOMER PRODUCT MEASUREMENT ENDPOINT HIT ==========
2026-10-02 00:57:41 [newuser] INFO  com.example.tailormaster.controller.CustomerController - Fetching customer product measurement, measurementId=4
2026-10-02 00:57:41 [newuser] INFO  com.example.tailormaster.controller.CustomerController - Customer product measurement fetched successfully, measurementId=4, customerId=36, productId=11
2026-10-02 00:57:48 [newuser] INFO  com.example.tailormaster.filter.LoggingInterceptor - User 'newuser' is requesting: PUT /tailor-master/customers/measurements/4
2026-10-02 00:57:48 [newuser] INFO  com.example.tailormaster.controller.CustomerController - ========== UPDATE CUSTOMER PRODUCT MEASUREMENT ENDPOINT HIT ==========
2026-10-02 00:57:48 [newuser] INFO  com.example.tailormaster.controller.CustomerController - measurementId=4, notes=shirt notes, measurements={192=1, 193=2, 194=3, 195=12, 196=6}
2026-10-02 00:57:48 [newuser] INFO  com.example.tailormaster.controller.CustomerController - Customer product measurement updated successfully, measurementId=4
2026-10-02 00:57:49 [newuser] INFO  com.example.tailormaster.filter.LoggingInterceptor - User 'newuser' is requesting: GET /tailor-master/customers/details/KUBz-kassq-kqEzr_UQCipfM040Dv8lePTbC9pOO-Kc=
2026-10-02 00:57:49 [newuser] INFO  com.example.tailormaster.controller.CustomerController - Displaying details for customer ID (encrypted): KUBz-kassq-kqEzr_UQCipfM040Dv8lePTbC9pOO-Kc=
2026-10-02 00:57:49 [newuser] INFO  com.example.tailormaster.service.product.ProductService - Fetching all active products.
2026-10-02 00:57:49 [newuser] INFO  com.example.tailormaster.service.product.ProductService - Retrieved 1 active products.
2026-10-02 00:57:49 [newuser] INFO  com.example.tailormaster.controller.CustomerController - Fetched customer details: com.example.tailormaster.entity.Customer@10d02d0f
2026-10-02 00:57:49 [newuser] INFO  com.example.tailormaster.controller.CustomerController - Fetched 1 customer product measurements for customerId=36
2026-10-02 00:57:50 [newuser] INFO  com.example.tailormaster.filter.LoggingInterceptor - User 'newuser' is requesting: GET /tailor-master/dashboard/notifications/upcoming-deliveries
2026-10-02 00:57:50 [newuser] INFO  com.example.tailormaster.controller.dashboard.DashboardController - Requested upcoming deliveries.
2026-10-02 00:57:50 [newuser] INFO  com.example.tailormaster.service.dashboard.DashboardService - Upcoming deliveries fetched: 0
2026-10-02 00:57:50 [newuser] INFO  com.example.tailormaster.controller.dashboard.DashboardController - Upcoming deliveries fetched: 0
2026-10-02 00:57:51 [newuser] INFO  com.example.tailormaster.filter.LoggingInterceptor - User 'newuser' is requesting: GET /tailor-master/customers/measurements/4/print
2026-10-02 00:57:51 [newuser] INFO  com.example.tailormaster.controller.CustomerController - ========== CUSTOMER MEASUREMENT PRINT ENDPOINT HIT ==========
2026-10-02 00:57:51 [newuser] INFO  com.example.tailormaster.controller.CustomerController - Printing customer measurement, measurementId=4
2026-10-02 00:57:51 [newuser] INFO  com.example.tailormaster.controller.CustomerController - Customer measurement print data loaded successfully, measurementId=4
2026-10-02 00:57:56 [newuser] INFO  com.example.tailormaster.filter.LoggingInterceptor - User 'newuser' is requesting: GET /tailor-master/customers/details/Jv2JHoSPvPzFotcft3NHOYRmaiBmSdETOtJhQzA3QXw=
2026-10-02 00:57:56 [newuser] INFO  com.example.tailormaster.controller.CustomerController - Displaying details for customer ID (encrypted): Jv2JHoSPvPzFotcft3NHOYRmaiBmSdETOtJhQzA3QXw=
2026-10-02 00:57:56 [newuser] INFO  com.example.tailormaster.service.product.ProductService - Fetching all active products.
2026-10-02 00:57:56 [newuser] INFO  com.example.tailormaster.service.product.ProductService - Retrieved 1 active products.
2026-10-02 00:57:56 [newuser] INFO  com.example.tailormaster.controller.CustomerController - Fetched customer details: com.example.tailormaster.entity.Customer@dfd2ef6
2026-10-02 00:57:56 [newuser] INFO  com.example.tailormaster.controller.CustomerController - Fetched 1 customer product measurements for customerId=36
2026-10-02 00:57:57 [newuser] INFO  com.example.tailormaster.filter.LoggingInterceptor - User 'newuser' is requesting: GET /tailor-master/dashboard/notifications/upcoming-deliveries
2026-10-02 00:57:57 [newuser] INFO  com.example.tailormaster.controller.dashboard.DashboardController - Requested upcoming deliveries.
2026-10-02 00:57:57 [newuser] INFO  com.example.tailormaster.service.dashboard.DashboardService - Upcoming deliveries fetched: 0
2026-10-02 00:57:57 [newuser] INFO  com.example.tailormaster.controller.dashboard.DashboardController - Upcoming deliveries fetched: 0
2026-10-02 00:59:51 [newuser] INFO  com.example.tailormaster.filter.LoggingInterceptor - User 'newuser' is requesting: GET /tailor-master/customers/measurements/4/print
2026-10-02 00:59:51 [newuser] INFO  com.example.tailormaster.controller.CustomerController - ========== CUSTOMER MEASUREMENT PRINT ENDPOINT HIT ==========
2026-10-02 00:59:51 [newuser] INFO  com.example.tailormaster.controller.CustomerController - Printing customer measurement, measurementId=4
2026-10-02 00:59:51 [newuser] INFO  com.example.tailormaster.controller.CustomerController - Customer measurement print data loaded successfully, measurementId=4
2026-10-02 01:00:53 [newuser] INFO  com.example.tailormaster.filter.LoggingInterceptor - User 'newuser' is requesting: GET /tailor-master/customers/details/zGO2OY4za2biPnHwHve_y0w_f5EHcxlWUbgi43sNSp0=
2026-10-02 01:00:53 [newuser] INFO  com.example.tailormaster.controller.CustomerController - Displaying details for customer ID (encrypted): zGO2OY4za2biPnHwHve_y0w_f5EHcxlWUbgi43sNSp0=
2026-10-02 01:00:53 [newuser] INFO  com.example.tailormaster.service.product.ProductService - Fetching all active products.
2026-10-02 01:00:53 [newuser] INFO  com.example.tailormaster.service.product.ProductService - Retrieved 1 active products.
2026-10-02 01:00:53 [newuser] INFO  com.example.tailormaster.controller.CustomerController - Fetched customer details: com.example.tailormaster.entity.Customer@7961e252
2026-10-02 01:00:53 [newuser] INFO  com.example.tailormaster.controller.CustomerController - Fetched 1 customer product measurements for customerId=36
2026-10-02 01:00:53 [newuser] INFO  com.example.tailormaster.filter.LoggingInterceptor - User 'newuser' is requesting: GET /tailor-master/dashboard/notifications/upcoming-deliveries
2026-10-02 01:00:53 [newuser] INFO  com.example.tailormaster.controller.dashboard.DashboardController - Requested upcoming deliveries.
2026-10-02 01:00:53 [newuser] INFO  com.example.tailormaster.service.dashboard.DashboardService - Upcoming deliveries fetched: 0
2026-10-02 01:00:53 [newuser] INFO  com.example.tailormaster.controller.dashboard.DashboardController - Upcoming deliveries fetched: 0
2026-10-02 01:05:44 [newuser] INFO  com.example.tailormaster.filter.LoggingInterceptor - User 'newuser' is requesting: GET /tailor-master/products
2026-10-02 01:05:44 [newuser] INFO  com.example.tailormaster.controller.ProductController - User accessed the product list page.
2026-10-02 01:05:44 [newuser] INFO  com.example.tailormaster.service.product.ProductService - Fetching all products.
2026-10-02 01:05:44 [newuser] INFO  com.example.tailormaster.controller.ProductController - Retrieved products: [Product(name=shirt, singleSilai=800.00, doubleSilai=1000.00, enabled=true, user=User(username=newuser, fullName=New User, phone1=03003322332, phone2=, shopName=Logo Test, proprietorName=user1 pro, shopAddress=test, shortCode=LT, enabled=true, trialStartedAt=2026-09-16, trialEndsAt=2026-10-16))] 
2026-10-02 01:05:45 [newuser] INFO  com.example.tailormaster.filter.LoggingInterceptor - User 'newuser' is requesting: GET /tailor-master/dashboard/notifications/upcoming-deliveries
2026-10-02 01:05:45 [newuser] INFO  com.example.tailormaster.controller.dashboard.DashboardController - Requested upcoming deliveries.
2026-10-02 01:05:45 [newuser] INFO  com.example.tailormaster.service.dashboard.DashboardService - Upcoming deliveries fetched: 0
2026-10-02 01:05:45 [newuser] INFO  com.example.tailormaster.controller.dashboard.DashboardController - Upcoming deliveries fetched: 0
2026-10-02 01:08:56 [newuser] INFO  com.example.tailormaster.filter.LoggingInterceptor - User 'newuser' is requesting: GET /tailor-master/products/create
2026-10-02 01:08:56 [newuser] INFO  com.example.tailormaster.controller.ProductController - Displaying create product form.
2026-10-02 01:08:59 [newuser] INFO  com.example.tailormaster.filter.LoggingInterceptor - User 'newuser' is requesting: GET /tailor-master/dashboard/notifications/upcoming-deliveries
2026-10-02 01:08:59 [newuser] INFO  com.example.tailormaster.controller.dashboard.DashboardController - Requested upcoming deliveries.
2026-10-02 01:08:59 [newuser] INFO  com.example.tailormaster.service.dashboard.DashboardService - Upcoming deliveries fetched: 0
2026-10-02 01:08:59 [newuser] INFO  com.example.tailormaster.controller.dashboard.DashboardController - Upcoming deliveries fetched: 0
2026-10-02 01:09:02 [newuser] INFO  com.example.tailormaster.filter.LoggingInterceptor - User 'newuser' is requesting: GET /tailor-master/products
2026-10-02 01:09:02 [newuser] INFO  com.example.tailormaster.controller.ProductController - User accessed the product list page.
2026-10-02 01:09:02 [newuser] INFO  com.example.tailormaster.service.product.ProductService - Fetching all products.
2026-10-02 01:09:03 [newuser] INFO  com.example.tailormaster.controller.ProductController - Retrieved products: [Product(name=shirt, singleSilai=800.00, doubleSilai=1000.00, enabled=true, user=User(username=newuser, fullName=New User, phone1=03003322332, phone2=, shopName=Logo Test, proprietorName=user1 pro, shopAddress=test, shortCode=LT, enabled=true, trialStartedAt=2026-09-16, trialEndsAt=2026-10-16))] 
2026-10-02 01:09:03 [newuser] INFO  com.example.tailormaster.filter.LoggingInterceptor - User 'newuser' is requesting: GET /tailor-master/dashboard/notifications/upcoming-deliveries
2026-10-02 01:09:03 [newuser] INFO  com.example.tailormaster.controller.dashboard.DashboardController - Requested upcoming deliveries.
2026-10-02 01:09:03 [newuser] INFO  com.example.tailormaster.service.dashboard.DashboardService - Upcoming deliveries fetched: 0
2026-10-02 01:09:03 [newuser] INFO  com.example.tailormaster.controller.dashboard.DashboardController - Upcoming deliveries fetched: 0
2026-10-02 01:10:07 [newuser] INFO  com.example.tailormaster.filter.LoggingInterceptor - User 'newuser' is requesting: GET /tailor-master/customers
2026-10-02 01:10:08 [newuser] INFO  com.example.tailormaster.filter.LoggingInterceptor - User 'newuser' is requesting: GET /tailor-master/dashboard/notifications/upcoming-deliveries
2026-10-02 01:10:08 [newuser] INFO  com.example.tailormaster.controller.dashboard.DashboardController - Requested upcoming deliveries.
2026-10-02 01:10:08 [newuser] INFO  com.example.tailormaster.service.dashboard.DashboardService - Upcoming deliveries fetched: 0
2026-10-02 01:10:08 [newuser] INFO  com.example.tailormaster.controller.dashboard.DashboardController - Upcoming deliveries fetched: 0
2026-10-02 01:10:08 [newuser] INFO  com.example.tailormaster.filter.LoggingInterceptor - User 'newuser' is requesting: GET /tailor-master/customers/datatable
2026-10-02 01:10:08 [newuser] INFO  com.example.tailormaster.controller.CustomerController - Fetching customers data with search value: , sort direction: asc, start date: null, end date: null
2026-10-02 01:10:11 [newuser] INFO  com.example.tailormaster.filter.LoggingInterceptor - User 'newuser' is requesting: GET /tailor-master/customers/details/7HhPRfCLDPCesfcZ70tc2DOQCmNrcgT5dvCh6nAwF04=
2026-10-02 01:10:11 [newuser] INFO  com.example.tailormaster.controller.CustomerController - Displaying details for customer ID (encrypted): 7HhPRfCLDPCesfcZ70tc2DOQCmNrcgT5dvCh6nAwF04=
2026-10-02 01:10:11 [newuser] INFO  com.example.tailormaster.service.product.ProductService - Fetching all active products.
2026-10-02 01:10:11 [newuser] INFO  com.example.tailormaster.service.product.ProductService - Retrieved 1 active products.
2026-10-02 01:10:11 [newuser] INFO  com.example.tailormaster.controller.CustomerController - Fetched customer details: com.example.tailormaster.entity.Customer@22420956
2026-10-02 01:10:11 [newuser] INFO  com.example.tailormaster.controller.CustomerController - Fetched 1 customer product measurements for customerId=36
2026-10-02 01:10:11 [newuser] INFO  com.example.tailormaster.filter.LoggingInterceptor - User 'newuser' is requesting: GET /tailor-master/dashboard/notifications/upcoming-deliveries
2026-10-02 01:10:11 [newuser] INFO  com.example.tailormaster.controller.dashboard.DashboardController - Requested upcoming deliveries.
2026-10-02 01:10:11 [newuser] INFO  com.example.tailormaster.service.dashboard.DashboardService - Upcoming deliveries fetched: 0
2026-10-02 01:10:11 [newuser] INFO  com.example.tailormaster.controller.dashboard.DashboardController - Upcoming deliveries fetched: 0
2026-10-02 01:10:21 [newuser] INFO  com.example.tailormaster.filter.LoggingInterceptor - User 'newuser' is requesting: GET /tailor-master/customers/sCM5k7SCucF1RotqnGd422vTO2qISWt8UyRrRUPbp_4=/edit
2026-10-02 01:10:21 [newuser] INFO  com.example.tailormaster.service.product.ProductService - Fetching all active products.
2026-10-02 01:10:21 [newuser] INFO  com.example.tailormaster.service.product.ProductService - Retrieved 1 active products.
2026-10-02 01:10:21 [newuser] INFO  com.example.tailormaster.filter.LoggingInterceptor - User 'newuser' is requesting: GET /tailor-master/dashboard/notifications/upcoming-deliveries
2026-10-02 01:10:21 [newuser] INFO  com.example.tailormaster.controller.dashboard.DashboardController - Requested upcoming deliveries.
2026-10-02 01:10:21 [newuser] INFO  com.example.tailormaster.service.dashboard.DashboardService - Upcoming deliveries fetched: 0
2026-10-02 01:10:21 [newuser] INFO  com.example.tailormaster.controller.dashboard.DashboardController - Upcoming deliveries fetched: 0
2026-10-02 01:22:31 [] INFO  org.springframework.boot.devtools.autoconfigure.LocalDevToolsAutoConfiguration$RestartingClassPathChangeChangedEventListener - Restarting due to 1 class path change (0 additions, 1 deletion, 0 modifications)
2026-10-02 01:22:32 [] INFO  org.springframework.boot.web.embedded.tomcat.GracefulShutdown - Commencing graceful shutdown. Waiting for active requests to complete
2026-10-02 01:22:32 [] INFO  org.apache.coyote.http11.Http11NioProtocol - Pausing ProtocolHandler ["http-nio-8080"]
2026-10-02 01:22:33 [] INFO  org.springframework.boot.web.embedded.tomcat.GracefulShutdown - Graceful shutdown complete
2026-10-02 01:22:33 [] INFO  org.apache.coyote.http11.Http11NioProtocol - Stopping ProtocolHandler ["http-nio-8080"]
2026-10-02 01:22:33 [] INFO  org.springframework.orm.jpa.LocalContainerEntityManagerFactoryBean - Closing JPA EntityManagerFactory for persistence unit 'default'
2026-10-02 01:22:33 [] INFO  com.zaxxer.hikari.HikariDataSource - HikariPool-3 - Shutdown initiated...
2026-10-02 01:22:33 [] INFO  com.zaxxer.hikari.HikariDataSource - HikariPool-3 - Shutdown completed.
2026-10-02 01:22:38 [] INFO  com.example.tailormaster.TailorMasterAppApplication - Starting TailorMasterAppApplication using Java 17.0.2 with PID 22892 (E:\Development-Workspaces\tailor-app-new-enhancements\tailor-master-app\tailor-master-app\target\classes started by wajiz.pk in E:\Development-Workspaces\tailor-app-new-enhancements\tailor-master-app)
2026-10-02 01:22:38 [] INFO  com.example.tailormaster.TailorMasterAppApplication - No active profile set, falling back to 1 default profile: "default"
2026-10-02 01:22:39 [] INFO  org.springframework.data.repository.config.RepositoryConfigurationDelegate - Bootstrapping Spring Data JPA repositories in DEFAULT mode.
2026-10-02 01:22:40 [] INFO  org.springframework.data.repository.config.RepositoryConfigurationDelegate - Finished Spring Data repository scanning in 333 ms. Found 21 JPA repository interfaces.
2026-10-02 01:22:40 [] INFO  org.springframework.boot.web.embedded.tomcat.TomcatWebServer - Tomcat initialized with port 8080 (http)
2026-10-02 01:22:40 [] INFO  org.apache.coyote.http11.Http11NioProtocol - Initializing ProtocolHandler ["http-nio-8080"]
2026-10-02 01:22:40 [] INFO  org.apache.catalina.core.StandardService - Starting service [Tomcat]
2026-10-02 01:22:40 [] INFO  org.apache.catalina.core.StandardEngine - Starting Servlet engine: [Apache Tomcat/10.1.40]
2026-10-02 01:22:41 [] INFO  org.apache.catalina.core.ContainerBase.[Tomcat].[localhost].[/tailor-master] - Initializing Spring embedded WebApplicationContext
2026-10-02 01:22:41 [] INFO  org.springframework.boot.web.servlet.context.ServletWebServerApplicationContext - Root WebApplicationContext: initialization completed in 2995 ms
2026-10-02 01:22:41 [] INFO  org.hibernate.jpa.internal.util.LogHelper - HHH000204: Processing PersistenceUnitInfo [name: default]
2026-10-02 01:22:41 [] INFO  org.hibernate.cache.internal.RegionFactoryInitiator - HHH000026: Second-level cache disabled
2026-10-02 01:22:41 [] INFO  org.springframework.orm.jpa.persistenceunit.SpringPersistenceUnitInfo - No LoadTimeWeaver setup: ignoring JPA class transformer
2026-10-02 01:22:41 [] INFO  com.zaxxer.hikari.HikariDataSource - HikariPool-4 - Starting...
2026-10-02 01:22:41 [] INFO  com.zaxxer.hikari.pool.HikariPool - HikariPool-4 - Added connection com.mysql.cj.jdbc.ConnectionImpl@73292c99
2026-10-02 01:22:41 [] INFO  com.zaxxer.hikari.HikariDataSource - HikariPool-4 - Start completed.
2026-10-02 01:22:41 [] INFO  org.hibernate.orm.connections.pooling - HHH10001005: Database info:
	Database JDBC URL [Connecting through datasource 'HikariDataSource (HikariPool-4)']
	Database driver: undefined/unknown
	Database version: 8.0.28
	Autocommit mode: undefined/unknown
	Isolation level: undefined/unknown
	Minimum pool size: undefined/unknown
	Maximum pool size: undefined/unknown
2026-10-02 01:22:42 [] INFO  org.hibernate.engine.transaction.jta.platform.internal.JtaPlatformInitiator - HHH000489: No JTA platform available (set 'hibernate.transaction.jta.platform' to enable JTA platform integration)
2026-10-02 01:22:43 [] INFO  org.springframework.orm.jpa.LocalContainerEntityManagerFactoryBean - Initialized JPA EntityManagerFactory for persistence unit 'default'
2026-10-02 01:22:44 [] WARN  org.springframework.boot.web.servlet.context.AnnotationConfigServletWebServerApplicationContext - Exception encountered during context initialization - cancelling refresh attempt: org.springframework.beans.factory.BeanCreationException: Error creating bean with name 'customerController': Resolution of declared constructors on bean Class [com.example.tailormaster.controller.CustomerController] from ClassLoader [org.springframework.boot.devtools.restart.classloader.RestartClassLoader@3bf791be] failed
2026-10-02 01:22:44 [] INFO  org.springframework.orm.jpa.LocalContainerEntityManagerFactoryBean - Closing JPA EntityManagerFactory for persistence unit 'default'
2026-10-02 01:22:44 [] INFO  com.zaxxer.hikari.HikariDataSource - HikariPool-4 - Shutdown initiated...
2026-10-02 01:22:44 [] INFO  com.zaxxer.hikari.HikariDataSource - HikariPool-4 - Shutdown completed.
2026-10-02 01:22:44 [] INFO  org.apache.catalina.core.StandardService - Stopping service [Tomcat]
2026-10-02 01:22:44 [] INFO  org.springframework.boot.autoconfigure.logging.ConditionEvaluationReportLogger - 

Error starting ApplicationContext. To display the condition evaluation report re-run your application with 'debug' enabled.
2026-10-02 01:22:44 [] ERROR org.springframework.boot.SpringApplication - Application run failed
org.springframework.beans.factory.BeanCreationException: Error creating bean with name 'customerController': Resolution of declared constructors on bean Class [com.example.tailormaster.controller.CustomerController] from ClassLoader [org.springframework.boot.devtools.restart.classloader.RestartClassLoader@3bf791be] failed
	at org.springframework.beans.factory.annotation.AutowiredAnnotationBeanPostProcessor.determineCandidateConstructors(AutowiredAnnotationBeanPostProcessor.java:384) ~[spring-beans-6.2.1.jar:6.2.1]
	at org.springframework.beans.factory.support.AbstractAutowireCapableBeanFactory.determineConstructorsFromBeanPostProcessors(AbstractAutowireCapableBeanFactory.java:1316) ~[spring-beans-6.2.1.jar:6.2.1]
	at org.springframework.beans.factory.support.AbstractAutowireCapableBeanFactory.createBeanInstance(AbstractAutowireCapableBeanFactory.java:1211) ~[spring-beans-6.2.1.jar:6.2.1]
	at org.springframework.beans.factory.support.AbstractAutowireCapableBeanFactory.doCreateBean(AbstractAutowireCapableBeanFactory.java:563) ~[spring-beans-6.2.1.jar:6.2.1]
	at org.springframework.beans.factory.support.AbstractAutowireCapableBeanFactory.createBean(AbstractAutowireCapableBeanFactory.java:523) ~[spring-beans-6.2.1.jar:6.2.1]
	at org.springframework.beans.factory.support.AbstractBeanFactory.lambda$doGetBean$0(AbstractBeanFactory.java:336) ~[spring-beans-6.2.1.jar:6.2.1]
	at org.springframework.beans.factory.support.DefaultSingletonBeanRegistry.getSingleton(DefaultSingletonBeanRegistry.java:289) ~[spring-beans-6.2.1.jar:6.2.1]
	at org.springframework.beans.factory.support.AbstractBeanFactory.doGetBean(AbstractBeanFactory.java:334) ~[spring-beans-6.2.1.jar:6.2.1]
	at org.springframework.beans.factory.support.AbstractBeanFactory.getBean(AbstractBeanFactory.java:199) ~[spring-beans-6.2.1.jar:6.2.1]
	at org.springframework.beans.factory.support.DefaultListableBeanFactory.instantiateSingleton(DefaultListableBeanFactory.java:1122) ~[spring-beans-6.2.1.jar:6.2.1]
	at org.springframework.beans.factory.support.DefaultListableBeanFactory.preInstantiateSingleton(DefaultListableBeanFactory.java:1093) ~[spring-beans-6.2.1.jar:6.2.1]
	at org.springframework.beans.factory.support.DefaultListableBeanFactory.preInstantiateSingletons(DefaultListableBeanFactory.java:1030) ~[spring-beans-6.2.1.jar:6.2.1]
	at org.springframework.context.support.AbstractApplicationContext.finishBeanFactoryInitialization(AbstractApplicationContext.java:987) ~[spring-context-6.2.1.jar:6.2.1]
	at org.springframework.context.support.AbstractApplicationContext.refresh(AbstractApplicationContext.java:627) ~[spring-context-6.2.1.jar:6.2.1]
	at org.springframework.boot.web.servlet.context.ServletWebServerApplicationContext.refresh(ServletWebServerApplicationContext.java:146) ~[spring-boot-3.4.1.jar:3.4.1]
	at org.springframework.boot.SpringApplication.refresh(SpringApplication.java:752) [spring-boot-3.4.1.jar:3.4.1]
	at org.springframework.boot.SpringApplication.refreshContext(SpringApplication.java:439) [spring-boot-3.4.1.jar:3.4.1]
	at org.springframework.boot.SpringApplication.run(SpringApplication.java:318) [spring-boot-3.4.1.jar:3.4.1]
	at org.springframework.boot.SpringApplication.run(SpringApplication.java:1361) [spring-boot-3.4.1.jar:3.4.1]
	at org.springframework.boot.SpringApplication.run(SpringApplication.java:1350) [spring-boot-3.4.1.jar:3.4.1]
	at com.example.tailormaster.TailorMasterAppApplication.main(TailorMasterAppApplication.java:9) [classes/:?]
	at java.base/jdk.internal.reflect.NativeMethodAccessorImpl.invoke0(Native Method) ~[?:?]
	at java.base/jdk.internal.reflect.NativeMethodAccessorImpl.invoke(NativeMethodAccessorImpl.java:77) ~[?:?]
	at java.base/jdk.internal.reflect.DelegatingMethodAccessorImpl.invoke(DelegatingMethodAccessorImpl.java:43) ~[?:?]
	at java.base/java.lang.reflect.Method.invoke(Method.java:568) ~[?:?]
	at org.springframework.boot.devtools.restart.RestartLauncher.run(RestartLauncher.java:50) [spring-boot-devtools-3.4.1.jar:3.4.1]
Caused by: java.lang.NoClassDefFoundError: com/example/tailormaster/service/customer/CustomerService
	at java.base/java.lang.Class.getDeclaredConstructors0(Native Method) ~[?:?]
	at java.base/java.lang.Class.privateGetDeclaredConstructors(Class.java:3373) ~[?:?]
	at java.base/java.lang.Class.getDeclaredConstructors(Class.java:2555) ~[?:?]
	at org.springframework.beans.factory.annotation.AutowiredAnnotationBeanPostProcessor.determineCandidateConstructors(AutowiredAnnotationBeanPostProcessor.java:379) ~[spring-beans-6.2.1.jar:6.2.1]
	... 25 more
Caused by: java.lang.ClassNotFoundException: com.example.tailormaster.service.customer.CustomerService
	at java.base/jdk.internal.loader.BuiltinClassLoader.loadClass(BuiltinClassLoader.java:641) ~[?:?]
	at java.base/jdk.internal.loader.ClassLoaders$AppClassLoader.loadClass(ClassLoaders.java:188) ~[?:?]
	at java.base/java.lang.ClassLoader.loadClass(ClassLoader.java:520) ~[?:?]
	at java.base/java.lang.Class.forName0(Native Method) ~[?:?]
	at java.base/java.lang.Class.forName(Class.java:467) ~[?:?]
	at org.springframework.boot.devtools.restart.classloader.RestartClassLoader.loadClass(RestartClassLoader.java:121) ~[spring-boot-devtools-3.4.1.jar:3.4.1]
	at java.base/java.lang.ClassLoader.loadClass(ClassLoader.java:520) ~[?:?]
	at java.base/java.lang.Class.getDeclaredConstructors0(Native Method) ~[?:?]
	at java.base/java.lang.Class.privateGetDeclaredConstructors(Class.java:3373) ~[?:?]
	at java.base/java.lang.Class.getDeclaredConstructors(Class.java:2555) ~[?:?]
	at org.springframework.beans.factory.annotation.AutowiredAnnotationBeanPostProcessor.determineCandidateConstructors(AutowiredAnnotationBeanPostProcessor.java:379) ~[spring-beans-6.2.1.jar:6.2.1]
	... 25 more
2026-10-02 01:22:47 [] INFO  com.example.tailormaster.TailorMasterAppApplication - Starting TailorMasterAppApplication using Java 17.0.2 with PID 22892 (E:\Development-Workspaces\tailor-app-new-enhancements\tailor-master-app\tailor-master-app\target\classes started by wajiz.pk in E:\Development-Workspaces\tailor-app-new-enhancements\tailor-master-app)
2026-10-02 01:22:47 [] INFO  com.example.tailormaster.TailorMasterAppApplication - No active profile set, falling back to 1 default profile: "default"
2026-10-02 01:22:48 [] INFO  org.springframework.data.repository.config.RepositoryConfigurationDelegate - Bootstrapping Spring Data JPA repositories in DEFAULT mode.
2026-10-02 01:22:48 [] INFO  org.springframework.data.repository.config.RepositoryConfigurationDelegate - Finished Spring Data repository scanning in 138 ms. Found 21 JPA repository interfaces.
2026-10-02 01:22:48 [] INFO  org.springframework.boot.web.embedded.tomcat.TomcatWebServer - Tomcat initialized with port 8080 (http)
2026-10-02 01:22:48 [] INFO  org.apache.coyote.http11.Http11NioProtocol - Initializing ProtocolHandler ["http-nio-8080"]
2026-10-02 01:22:48 [] INFO  org.apache.catalina.core.StandardService - Starting service [Tomcat]
2026-10-02 01:22:48 [] INFO  org.apache.catalina.core.StandardEngine - Starting Servlet engine: [Apache Tomcat/10.1.40]
2026-10-02 01:22:48 [] INFO  org.apache.catalina.core.ContainerBase.[Tomcat-1].[localhost].[/tailor-master] - Initializing Spring embedded WebApplicationContext
2026-10-02 01:22:48 [] INFO  org.springframework.boot.web.servlet.context.ServletWebServerApplicationContext - Root WebApplicationContext: initialization completed in 1218 ms
2026-10-02 01:22:48 [] INFO  org.hibernate.jpa.internal.util.LogHelper - HHH000204: Processing PersistenceUnitInfo [name: default]
2026-10-02 01:22:48 [] INFO  org.hibernate.cache.internal.RegionFactoryInitiator - HHH000026: Second-level cache disabled
2026-10-02 01:22:48 [] INFO  org.springframework.orm.jpa.persistenceunit.SpringPersistenceUnitInfo - No LoadTimeWeaver setup: ignoring JPA class transformer
2026-10-02 01:22:48 [] INFO  com.zaxxer.hikari.HikariDataSource - HikariPool-5 - Starting...
2026-10-02 01:22:48 [] INFO  com.zaxxer.hikari.pool.HikariPool - HikariPool-5 - Added connection com.mysql.cj.jdbc.ConnectionImpl@19cbefa1
2026-10-02 01:22:48 [] INFO  com.zaxxer.hikari.HikariDataSource - HikariPool-5 - Start completed.
2026-10-02 01:22:48 [] INFO  org.hibernate.orm.connections.pooling - HHH10001005: Database info:
	Database JDBC URL [Connecting through datasource 'HikariDataSource (HikariPool-5)']
	Database driver: undefined/unknown
	Database version: 8.0.28
	Autocommit mode: undefined/unknown
	Isolation level: undefined/unknown
	Minimum pool size: undefined/unknown
	Maximum pool size: undefined/unknown
2026-10-02 01:22:49 [] INFO  org.hibernate.engine.transaction.jta.platform.internal.JtaPlatformInitiator - HHH000489: No JTA platform available (set 'hibernate.transaction.jta.platform' to enable JTA platform integration)
2026-10-02 01:22:50 [] INFO  org.springframework.orm.jpa.LocalContainerEntityManagerFactoryBean - Initialized JPA EntityManagerFactory for persistence unit 'default'
2026-10-02 01:22:51 [] WARN  org.springframework.boot.autoconfigure.orm.jpa.JpaBaseConfiguration$JpaWebConfiguration - spring.jpa.open-in-view is enabled by default. Therefore, database queries may be performed during view rendering. Explicitly configure spring.jpa.open-in-view to disable this warning
2026-10-02 01:22:51 [] INFO  org.springframework.security.config.annotation.authentication.configuration.InitializeAuthenticationProviderBeanManagerConfigurer$InitializeAuthenticationProviderManagerConfigurer - Global AuthenticationManager configured with AuthenticationProvider bean with name authenticationProvider
2026-10-02 01:22:51 [] WARN  org.springframework.security.config.annotation.authentication.configuration.InitializeUserDetailsBeanManagerConfigurer$InitializeUserDetailsManagerConfigurer - Global AuthenticationManager configured with an AuthenticationProvider bean. UserDetailsService beans will not be used by Spring Security for automatically configuring username/password login. Consider removing the AuthenticationProvider bean. Alternatively, consider using the UserDetailsService in a manually instantiated DaoAuthenticationProvider. If the current configuration is intentional, to turn off this warning, increase the logging level of 'org.springframework.security.config.annotation.authentication.configuration.InitializeUserDetailsBeanManagerConfigurer' to ERROR
2026-10-02 01:22:51 [] INFO  org.springframework.boot.devtools.autoconfigure.OptionalLiveReloadServer - LiveReload server is running on port 35729
2026-10-02 01:22:51 [] INFO  org.apache.coyote.http11.Http11NioProtocol - Starting ProtocolHandler ["http-nio-8080"]
2026-10-02 01:22:51 [] INFO  org.springframework.boot.web.embedded.tomcat.TomcatWebServer - Tomcat started on port 8080 (http) with context path '/tailor-master'
2026-10-02 01:22:51 [] INFO  com.example.tailormaster.TailorMasterAppApplication - Started TailorMasterAppApplication in 4.549 seconds (process running for 3101.128)
2026-10-02 01:22:51 [] INFO  org.springframework.boot.devtools.autoconfigure.ConditionEvaluationDeltaLoggingListener - Condition evaluation unchanged
2026-10-02 01:23:06 [] INFO  org.springframework.boot.devtools.autoconfigure.LocalDevToolsAutoConfiguration$RestartingClassPathChangeChangedEventListener - Restarting due to 1 class path change (0 additions, 1 deletion, 0 modifications)
2026-10-02 01:23:06 [] INFO  org.springframework.boot.web.embedded.tomcat.GracefulShutdown - Commencing graceful shutdown. Waiting for active requests to complete
2026-10-02 01:23:06 [] INFO  org.apache.coyote.http11.Http11NioProtocol - Pausing ProtocolHandler ["http-nio-8080"]
2026-10-02 01:23:07 [] INFO  org.springframework.boot.web.embedded.tomcat.GracefulShutdown - Graceful shutdown complete
2026-10-02 01:23:07 [] INFO  org.apache.coyote.http11.Http11NioProtocol - Stopping ProtocolHandler ["http-nio-8080"]
2026-10-02 01:23:07 [] INFO  org.springframework.orm.jpa.LocalContainerEntityManagerFactoryBean - Closing JPA EntityManagerFactory for persistence unit 'default'
2026-10-02 01:23:07 [] INFO  com.zaxxer.hikari.HikariDataSource - HikariPool-5 - Shutdown initiated...
2026-10-02 01:23:07 [] INFO  com.zaxxer.hikari.HikariDataSource - HikariPool-5 - Shutdown completed.
2026-10-02 01:23:08 [] INFO  com.example.tailormaster.TailorMasterAppApplication - Starting TailorMasterAppApplication using Java 17.0.2 with PID 22892 (E:\Development-Workspaces\tailor-app-new-enhancements\tailor-master-app\tailor-master-app\target\classes started by wajiz.pk in E:\Development-Workspaces\tailor-app-new-enhancements\tailor-master-app)
2026-10-02 01:23:08 [] INFO  com.example.tailormaster.TailorMasterAppApplication - No active profile set, falling back to 1 default profile: "default"
2026-10-02 01:23:08 [] INFO  org.springframework.data.repository.config.RepositoryConfigurationDelegate - Bootstrapping Spring Data JPA repositories in DEFAULT mode.
2026-10-02 01:23:08 [] INFO  org.springframework.data.repository.config.RepositoryConfigurationDelegate - Finished Spring Data repository scanning in 148 ms. Found 21 JPA repository interfaces.
2026-10-02 01:23:09 [] INFO  org.springframework.boot.web.embedded.tomcat.TomcatWebServer - Tomcat initialized with port 8080 (http)
2026-10-02 01:23:09 [] INFO  org.apache.coyote.http11.Http11NioProtocol - Initializing ProtocolHandler ["http-nio-8080"]
2026-10-02 01:23:09 [] INFO  org.apache.catalina.core.StandardService - Starting service [Tomcat]
2026-10-02 01:23:09 [] INFO  org.apache.catalina.core.StandardEngine - Starting Servlet engine: [Apache Tomcat/10.1.40]
2026-10-02 01:23:09 [] INFO  org.apache.catalina.core.ContainerBase.[Tomcat-1].[localhost].[/tailor-master] - Initializing Spring embedded WebApplicationContext
2026-10-02 01:23:09 [] INFO  org.springframework.boot.web.servlet.context.ServletWebServerApplicationContext - Root WebApplicationContext: initialization completed in 1271 ms
2026-10-02 01:23:09 [] INFO  org.hibernate.jpa.internal.util.LogHelper - HHH000204: Processing PersistenceUnitInfo [name: default]
2026-10-02 01:23:09 [] INFO  org.hibernate.cache.internal.RegionFactoryInitiator - HHH000026: Second-level cache disabled
2026-10-02 01:23:09 [] INFO  org.springframework.orm.jpa.persistenceunit.SpringPersistenceUnitInfo - No LoadTimeWeaver setup: ignoring JPA class transformer
2026-10-02 01:23:09 [] INFO  com.zaxxer.hikari.HikariDataSource - HikariPool-6 - Starting...
2026-10-02 01:23:09 [] INFO  com.zaxxer.hikari.pool.HikariPool - HikariPool-6 - Added connection com.mysql.cj.jdbc.ConnectionImpl@19d3a0ad
2026-10-02 01:23:09 [] INFO  com.zaxxer.hikari.HikariDataSource - HikariPool-6 - Start completed.
2026-10-02 01:23:09 [] INFO  org.hibernate.orm.connections.pooling - HHH10001005: Database info:
	Database JDBC URL [Connecting through datasource 'HikariDataSource (HikariPool-6)']
	Database driver: undefined/unknown
	Database version: 8.0.28
	Autocommit mode: undefined/unknown
	Isolation level: undefined/unknown
	Minimum pool size: undefined/unknown
	Maximum pool size: undefined/unknown
2026-10-02 01:23:10 [] INFO  org.hibernate.engine.transaction.jta.platform.internal.JtaPlatformInitiator - HHH000489: No JTA platform available (set 'hibernate.transaction.jta.platform' to enable JTA platform integration)
2026-10-02 01:23:11 [] INFO  org.springframework.orm.jpa.LocalContainerEntityManagerFactoryBean - Initialized JPA EntityManagerFactory for persistence unit 'default'
2026-10-02 01:23:12 [] WARN  org.springframework.boot.autoconfigure.orm.jpa.JpaBaseConfiguration$JpaWebConfiguration - spring.jpa.open-in-view is enabled by default. Therefore, database queries may be performed during view rendering. Explicitly configure spring.jpa.open-in-view to disable this warning
2026-10-02 01:23:12 [] INFO  org.springframework.security.config.annotation.authentication.configuration.InitializeAuthenticationProviderBeanManagerConfigurer$InitializeAuthenticationProviderManagerConfigurer - Global AuthenticationManager configured with AuthenticationProvider bean with name authenticationProvider
2026-10-02 01:23:12 [] WARN  org.springframework.security.config.annotation.authentication.configuration.InitializeUserDetailsBeanManagerConfigurer$InitializeUserDetailsManagerConfigurer - Global AuthenticationManager configured with an AuthenticationProvider bean. UserDetailsService beans will not be used by Spring Security for automatically configuring username/password login. Consider removing the AuthenticationProvider bean. Alternatively, consider using the UserDetailsService in a manually instantiated DaoAuthenticationProvider. If the current configuration is intentional, to turn off this warning, increase the logging level of 'org.springframework.security.config.annotation.authentication.configuration.InitializeUserDetailsBeanManagerConfigurer' to ERROR
2026-10-02 01:23:12 [] INFO  org.springframework.boot.devtools.autoconfigure.OptionalLiveReloadServer - LiveReload server is running on port 35729
2026-10-02 01:23:12 [] INFO  org.apache.coyote.http11.Http11NioProtocol - Starting ProtocolHandler ["http-nio-8080"]
2026-10-02 01:23:12 [] INFO  org.springframework.boot.web.embedded.tomcat.TomcatWebServer - Tomcat started on port 8080 (http) with context path '/tailor-master'
2026-10-02 01:23:12 [] INFO  com.example.tailormaster.TailorMasterAppApplication - Started TailorMasterAppApplication in 4.586 seconds (process running for 3121.869)
2026-10-02 01:23:12 [] INFO  org.springframework.boot.devtools.autoconfigure.ConditionEvaluationDeltaLoggingListener - Condition evaluation unchanged
2026-10-02 01:23:29 [] INFO  org.springframework.boot.devtools.autoconfigure.LocalDevToolsAutoConfiguration$RestartingClassPathChangeChangedEventListener - Restarting due to 1 class path change (0 additions, 1 deletion, 0 modifications)
2026-10-02 01:23:29 [] INFO  org.springframework.boot.web.embedded.tomcat.GracefulShutdown - Commencing graceful shutdown. Waiting for active requests to complete
2026-10-02 01:23:29 [] INFO  org.apache.coyote.http11.Http11NioProtocol - Pausing ProtocolHandler ["http-nio-8080"]
2026-10-02 01:23:29 [] INFO  org.springframework.boot.web.embedded.tomcat.GracefulShutdown - Graceful shutdown complete
2026-10-02 01:23:29 [] INFO  org.apache.coyote.http11.Http11NioProtocol - Stopping ProtocolHandler ["http-nio-8080"]
2026-10-02 01:23:29 [] INFO  org.springframework.orm.jpa.LocalContainerEntityManagerFactoryBean - Closing JPA EntityManagerFactory for persistence unit 'default'
2026-10-02 01:23:29 [] INFO  com.zaxxer.hikari.HikariDataSource - HikariPool-6 - Shutdown initiated...
2026-10-02 01:23:29 [] INFO  com.zaxxer.hikari.HikariDataSource - HikariPool-6 - Shutdown completed.
2026-10-02 01:23:30 [] INFO  com.example.tailormaster.TailorMasterAppApplication - Starting TailorMasterAppApplication using Java 17.0.2 with PID 22892 (E:\Development-Workspaces\tailor-app-new-enhancements\tailor-master-app\tailor-master-app\target\classes started by wajiz.pk in E:\Development-Workspaces\tailor-app-new-enhancements\tailor-master-app)
2026-10-02 01:23:30 [] INFO  com.example.tailormaster.TailorMasterAppApplication - No active profile set, falling back to 1 default profile: "default"
2026-10-02 01:23:31 [] INFO  org.springframework.data.repository.config.RepositoryConfigurationDelegate - Bootstrapping Spring Data JPA repositories in DEFAULT mode.
2026-10-02 01:23:31 [] INFO  org.springframework.data.repository.config.RepositoryConfigurationDelegate - Finished Spring Data repository scanning in 136 ms. Found 21 JPA repository interfaces.
2026-10-02 01:23:31 [] INFO  org.springframework.boot.web.embedded.tomcat.TomcatWebServer - Tomcat initialized with port 8080 (http)
2026-10-02 01:23:31 [] INFO  org.apache.coyote.http11.Http11NioProtocol - Initializing ProtocolHandler ["http-nio-8080"]
2026-10-02 01:23:31 [] INFO  org.apache.catalina.core.StandardService - Starting service [Tomcat]
2026-10-02 01:23:31 [] INFO  org.apache.catalina.core.StandardEngine - Starting Servlet engine: [Apache Tomcat/10.1.40]
2026-10-02 01:23:31 [] INFO  org.apache.catalina.core.ContainerBase.[Tomcat-1].[localhost].[/tailor-master] - Initializing Spring embedded WebApplicationContext
2026-10-02 01:23:31 [] INFO  org.springframework.boot.web.servlet.context.ServletWebServerApplicationContext - Root WebApplicationContext: initialization completed in 1417 ms
2026-10-02 01:23:31 [] INFO  org.hibernate.jpa.internal.util.LogHelper - HHH000204: Processing PersistenceUnitInfo [name: default]
2026-10-02 01:23:31 [] INFO  org.hibernate.cache.internal.RegionFactoryInitiator - HHH000026: Second-level cache disabled
2026-10-02 01:23:31 [] INFO  org.springframework.orm.jpa.persistenceunit.SpringPersistenceUnitInfo - No LoadTimeWeaver setup: ignoring JPA class transformer
2026-10-02 01:23:31 [] INFO  com.zaxxer.hikari.HikariDataSource - HikariPool-7 - Starting...
2026-10-02 01:23:31 [] INFO  com.zaxxer.hikari.pool.HikariPool - HikariPool-7 - Added connection com.mysql.cj.jdbc.ConnectionImpl@52be523
2026-10-02 01:23:31 [] INFO  com.zaxxer.hikari.HikariDataSource - HikariPool-7 - Start completed.
2026-10-02 01:23:31 [] INFO  org.hibernate.orm.connections.pooling - HHH10001005: Database info:
	Database JDBC URL [Connecting through datasource 'HikariDataSource (HikariPool-7)']
	Database driver: undefined/unknown
	Database version: 8.0.28
	Autocommit mode: undefined/unknown
	Isolation level: undefined/unknown
	Minimum pool size: undefined/unknown
	Maximum pool size: undefined/unknown
2026-10-02 01:23:32 [] INFO  org.hibernate.engine.transaction.jta.platform.internal.JtaPlatformInitiator - HHH000489: No JTA platform available (set 'hibernate.transaction.jta.platform' to enable JTA platform integration)
2026-10-02 01:23:33 [] INFO  org.springframework.orm.jpa.LocalContainerEntityManagerFactoryBean - Initialized JPA EntityManagerFactory for persistence unit 'default'
2026-10-02 01:23:34 [] WARN  org.springframework.boot.web.servlet.context.AnnotationConfigServletWebServerApplicationContext - Exception encountered during context initialization - cancelling refresh attempt: org.springframework.beans.factory.UnsatisfiedDependencyException: Error creating bean with name 'dashboardController' defined in file [E:\Development-Workspaces\tailor-app-new-enhancements\tailor-master-app\tailor-master-app\target\classes\com\example\tailormaster\controller\dashboard\DashboardController.class]: Unsatisfied dependency expressed through constructor parameter 0: Error creating bean with name 'dashboardService': Resolution of declared constructors on bean Class [com.example.tailormaster.service.dashboard.DashboardService] from ClassLoader [org.springframework.boot.devtools.restart.classloader.RestartClassLoader@7b2b75d4] failed
2026-10-02 01:23:34 [] INFO  org.springframework.orm.jpa.LocalContainerEntityManagerFactoryBean - Closing JPA EntityManagerFactory for persistence unit 'default'
2026-10-02 01:23:34 [] INFO  com.zaxxer.hikari.HikariDataSource - HikariPool-7 - Shutdown initiated...
2026-10-02 01:23:34 [] INFO  com.zaxxer.hikari.HikariDataSource - HikariPool-7 - Shutdown completed.
2026-10-02 01:23:34 [] INFO  org.apache.catalina.core.StandardService - Stopping service [Tomcat]
2026-10-02 01:23:34 [] INFO  org.springframework.boot.autoconfigure.logging.ConditionEvaluationReportLogger - 

Error starting ApplicationContext. To display the condition evaluation report re-run your application with 'debug' enabled.
2026-10-02 01:23:34 [] ERROR org.springframework.boot.SpringApplication - Application run failed
org.springframework.beans.factory.UnsatisfiedDependencyException: Error creating bean with name 'dashboardController' defined in file [E:\Development-Workspaces\tailor-app-new-enhancements\tailor-master-app\tailor-master-app\target\classes\com\example\tailormaster\controller\dashboard\DashboardController.class]: Unsatisfied dependency expressed through constructor parameter 0: Error creating bean with name 'dashboardService': Resolution of declared constructors on bean Class [com.example.tailormaster.service.dashboard.DashboardService] from ClassLoader [org.springframework.boot.devtools.restart.classloader.RestartClassLoader@7b2b75d4] failed
	at org.springframework.beans.factory.support.ConstructorResolver.createArgumentArray(ConstructorResolver.java:804) ~[spring-beans-6.2.1.jar:6.2.1]
	at org.springframework.beans.factory.support.ConstructorResolver.autowireConstructor(ConstructorResolver.java:240) ~[spring-beans-6.2.1.jar:6.2.1]
	at org.springframework.beans.factory.support.AbstractAutowireCapableBeanFactory.autowireConstructor(AbstractAutowireCapableBeanFactory.java:1377) ~[spring-beans-6.2.1.jar:6.2.1]
	at org.springframework.beans.factory.support.AbstractAutowireCapableBeanFactory.createBeanInstance(AbstractAutowireCapableBeanFactory.java:1214) ~[spring-beans-6.2.1.jar:6.2.1]
	at org.springframework.beans.factory.support.AbstractAutowireCapableBeanFactory.doCreateBean(AbstractAutowireCapableBeanFactory.java:563) ~[spring-beans-6.2.1.jar:6.2.1]
	at org.springframework.beans.factory.support.AbstractAutowireCapableBeanFactory.createBean(AbstractAutowireCapableBeanFactory.java:523) ~[spring-beans-6.2.1.jar:6.2.1]
	at org.springframework.beans.factory.support.AbstractBeanFactory.lambda$doGetBean$0(AbstractBeanFactory.java:336) ~[spring-beans-6.2.1.jar:6.2.1]
	at org.springframework.beans.factory.support.DefaultSingletonBeanRegistry.getSingleton(DefaultSingletonBeanRegistry.java:289) ~[spring-beans-6.2.1.jar:6.2.1]
	at org.springframework.beans.factory.support.AbstractBeanFactory.doGetBean(AbstractBeanFactory.java:334) ~[spring-beans-6.2.1.jar:6.2.1]
	at org.springframework.beans.factory.support.AbstractBeanFactory.getBean(AbstractBeanFactory.java:199) ~[spring-beans-6.2.1.jar:6.2.1]
	at org.springframework.beans.factory.support.DefaultListableBeanFactory.instantiateSingleton(DefaultListableBeanFactory.java:1122) ~[spring-beans-6.2.1.jar:6.2.1]
	at org.springframework.beans.factory.support.DefaultListableBeanFactory.preInstantiateSingleton(DefaultListableBeanFactory.java:1093) ~[spring-beans-6.2.1.jar:6.2.1]
	at org.springframework.beans.factory.support.DefaultListableBeanFactory.preInstantiateSingletons(DefaultListableBeanFactory.java:1030) ~[spring-beans-6.2.1.jar:6.2.1]
	at org.springframework.context.support.AbstractApplicationContext.finishBeanFactoryInitialization(AbstractApplicationContext.java:987) ~[spring-context-6.2.1.jar:6.2.1]
	at org.springframework.context.support.AbstractApplicationContext.refresh(AbstractApplicationContext.java:627) ~[spring-context-6.2.1.jar:6.2.1]
	at org.springframework.boot.web.servlet.context.ServletWebServerApplicationContext.refresh(ServletWebServerApplicationContext.java:146) ~[spring-boot-3.4.1.jar:3.4.1]
	at org.springframework.boot.SpringApplication.refresh(SpringApplication.java:752) [spring-boot-3.4.1.jar:3.4.1]
	at org.springframework.boot.SpringApplication.refreshContext(SpringApplication.java:439) [spring-boot-3.4.1.jar:3.4.1]
	at org.springframework.boot.SpringApplication.run(SpringApplication.java:318) [spring-boot-3.4.1.jar:3.4.1]
	at org.springframework.boot.SpringApplication.run(SpringApplication.java:1361) [spring-boot-3.4.1.jar:3.4.1]
	at org.springframework.boot.SpringApplication.run(SpringApplication.java:1350) [spring-boot-3.4.1.jar:3.4.1]
	at com.example.tailormaster.TailorMasterAppApplication.main(TailorMasterAppApplication.java:9) [classes/:?]
	at java.base/jdk.internal.reflect.NativeMethodAccessorImpl.invoke0(Native Method) ~[?:?]
	at java.base/jdk.internal.reflect.NativeMethodAccessorImpl.invoke(NativeMethodAccessorImpl.java:77) ~[?:?]
	at java.base/jdk.internal.reflect.DelegatingMethodAccessorImpl.invoke(DelegatingMethodAccessorImpl.java:43) ~[?:?]
	at java.base/java.lang.reflect.Method.invoke(Method.java:568) ~[?:?]
	at org.springframework.boot.devtools.restart.RestartLauncher.run(RestartLauncher.java:50) [spring-boot-devtools-3.4.1.jar:3.4.1]
Caused by: org.springframework.beans.factory.BeanCreationException: Error creating bean with name 'dashboardService': Resolution of declared constructors on bean Class [com.example.tailormaster.service.dashboard.DashboardService] from ClassLoader [org.springframework.boot.devtools.restart.classloader.RestartClassLoader@7b2b75d4] failed
	at org.springframework.beans.factory.annotation.AutowiredAnnotationBeanPostProcessor.determineCandidateConstructors(AutowiredAnnotationBeanPostProcessor.java:384) ~[spring-beans-6.2.1.jar:6.2.1]
	at org.springframework.beans.factory.support.AbstractAutowireCapableBeanFactory.determineConstructorsFromBeanPostProcessors(AbstractAutowireCapableBeanFactory.java:1316) ~[spring-beans-6.2.1.jar:6.2.1]
	at org.springframework.beans.factory.support.AbstractAutowireCapableBeanFactory.createBeanInstance(AbstractAutowireCapableBeanFactory.java:1211) ~[spring-beans-6.2.1.jar:6.2.1]
	at org.springframework.beans.factory.support.AbstractAutowireCapableBeanFactory.doCreateBean(AbstractAutowireCapableBeanFactory.java:563) ~[spring-beans-6.2.1.jar:6.2.1]
	at org.springframework.beans.factory.support.AbstractAutowireCapableBeanFactory.createBean(AbstractAutowireCapableBeanFactory.java:523) ~[spring-beans-6.2.1.jar:6.2.1]
	at org.springframework.beans.factory.support.AbstractBeanFactory.lambda$doGetBean$0(AbstractBeanFactory.java:336) ~[spring-beans-6.2.1.jar:6.2.1]
	at org.springframework.beans.factory.support.DefaultSingletonBeanRegistry.getSingleton(DefaultSingletonBeanRegistry.java:289) ~[spring-beans-6.2.1.jar:6.2.1]
	at org.springframework.beans.factory.support.AbstractBeanFactory.doGetBean(AbstractBeanFactory.java:334) ~[spring-beans-6.2.1.jar:6.2.1]
	at org.springframework.beans.factory.support.AbstractBeanFactory.getBean(AbstractBeanFactory.java:199) ~[spring-beans-6.2.1.jar:6.2.1]
	at org.springframework.beans.factory.support.DefaultListableBeanFactory.doResolveDependency(DefaultListableBeanFactory.java:1573) ~[spring-beans-6.2.1.jar:6.2.1]
	at org.springframework.beans.factory.support.DefaultListableBeanFactory.resolveDependency(DefaultListableBeanFactory.java:1519) ~[spring-beans-6.2.1.jar:6.2.1]
	at org.springframework.beans.factory.support.ConstructorResolver.resolveAutowiredArgument(ConstructorResolver.java:913) ~[spring-beans-6.2.1.jar:6.2.1]
	at org.springframework.beans.factory.support.ConstructorResolver.createArgumentArray(ConstructorResolver.java:791) ~[spring-beans-6.2.1.jar:6.2.1]
	... 26 more
Caused by: java.lang.NoClassDefFoundError: com/example/tailormaster/service/customer/CustomerService
	at java.base/java.lang.Class.getDeclaredConstructors0(Native Method) ~[?:?]
	at java.base/java.lang.Class.privateGetDeclaredConstructors(Class.java:3373) ~[?:?]
	at java.base/java.lang.Class.getDeclaredConstructors(Class.java:2555) ~[?:?]
	at org.springframework.beans.factory.annotation.AutowiredAnnotationBeanPostProcessor.determineCandidateConstructors(AutowiredAnnotationBeanPostProcessor.java:379) ~[spring-beans-6.2.1.jar:6.2.1]
	at org.springframework.beans.factory.support.AbstractAutowireCapableBeanFactory.determineConstructorsFromBeanPostProcessors(AbstractAutowireCapableBeanFactory.java:1316) ~[spring-beans-6.2.1.jar:6.2.1]
	at org.springframework.beans.factory.support.AbstractAutowireCapableBeanFactory.createBeanInstance(AbstractAutowireCapableBeanFactory.java:1211) ~[spring-beans-6.2.1.jar:6.2.1]
	at org.springframework.beans.factory.support.AbstractAutowireCapableBeanFactory.doCreateBean(AbstractAutowireCapableBeanFactory.java:563) ~[spring-beans-6.2.1.jar:6.2.1]
	at org.springframework.beans.factory.support.AbstractAutowireCapableBeanFactory.createBean(AbstractAutowireCapableBeanFactory.java:523) ~[spring-beans-6.2.1.jar:6.2.1]
	at org.springframework.beans.factory.support.AbstractBeanFactory.lambda$doGetBean$0(AbstractBeanFactory.java:336) ~[spring-beans-6.2.1.jar:6.2.1]
	at org.springframework.beans.factory.support.DefaultSingletonBeanRegistry.getSingleton(DefaultSingletonBeanRegistry.java:289) ~[spring-beans-6.2.1.jar:6.2.1]
	at org.springframework.beans.factory.support.AbstractBeanFactory.doGetBean(AbstractBeanFactory.java:334) ~[spring-beans-6.2.1.jar:6.2.1]
	at org.springframework.beans.factory.support.AbstractBeanFactory.getBean(AbstractBeanFactory.java:199) ~[spring-beans-6.2.1.jar:6.2.1]
	at org.springframework.beans.factory.support.DefaultListableBeanFactory.doResolveDependency(DefaultListableBeanFactory.java:1573) ~[spring-beans-6.2.1.jar:6.2.1]
	at org.springframework.beans.factory.support.DefaultListableBeanFactory.resolveDependency(DefaultListableBeanFactory.java:1519) ~[spring-beans-6.2.1.jar:6.2.1]
	at org.springframework.beans.factory.support.ConstructorResolver.resolveAutowiredArgument(ConstructorResolver.java:913) ~[spring-beans-6.2.1.jar:6.2.1]
	at org.springframework.beans.factory.support.ConstructorResolver.createArgumentArray(ConstructorResolver.java:791) ~[spring-beans-6.2.1.jar:6.2.1]
	... 26 more
Caused by: java.lang.ClassNotFoundException: com.example.tailormaster.service.customer.CustomerService
	at java.base/jdk.internal.loader.BuiltinClassLoader.loadClass(BuiltinClassLoader.java:641) ~[?:?]
	at java.base/jdk.internal.loader.ClassLoaders$AppClassLoader.loadClass(ClassLoaders.java:188) ~[?:?]
	at java.base/java.lang.ClassLoader.loadClass(ClassLoader.java:520) ~[?:?]
	at java.base/java.lang.Class.forName0(Native Method) ~[?:?]
	at java.base/java.lang.Class.forName(Class.java:467) ~[?:?]
	at org.springframework.boot.devtools.restart.classloader.RestartClassLoader.loadClass(RestartClassLoader.java:121) ~[spring-boot-devtools-3.4.1.jar:3.4.1]
	at java.base/java.lang.ClassLoader.loadClass(ClassLoader.java:520) ~[?:?]
	at java.base/java.lang.Class.getDeclaredConstructors0(Native Method) ~[?:?]
	at java.base/java.lang.Class.privateGetDeclaredConstructors(Class.java:3373) ~[?:?]
	at java.base/java.lang.Class.getDeclaredConstructors(Class.java:2555) ~[?:?]
	at org.springframework.beans.factory.annotation.AutowiredAnnotationBeanPostProcessor.determineCandidateConstructors(AutowiredAnnotationBeanPostProcessor.java:379) ~[spring-beans-6.2.1.jar:6.2.1]
	at org.springframework.beans.factory.support.AbstractAutowireCapableBeanFactory.determineConstructorsFromBeanPostProcessors(AbstractAutowireCapableBeanFactory.java:1316) ~[spring-beans-6.2.1.jar:6.2.1]
	at org.springframework.beans.factory.support.AbstractAutowireCapableBeanFactory.createBeanInstance(AbstractAutowireCapableBeanFactory.java:1211) ~[spring-beans-6.2.1.jar:6.2.1]
	at org.springframework.beans.factory.support.AbstractAutowireCapableBeanFactory.doCreateBean(AbstractAutowireCapableBeanFactory.java:563) ~[spring-beans-6.2.1.jar:6.2.1]
	at org.springframework.beans.factory.support.AbstractAutowireCapableBeanFactory.createBean(AbstractAutowireCapableBeanFactory.java:523) ~[spring-beans-6.2.1.jar:6.2.1]
	at org.springframework.beans.factory.support.AbstractBeanFactory.lambda$doGetBean$0(AbstractBeanFactory.java:336) ~[spring-beans-6.2.1.jar:6.2.1]
	at org.springframework.beans.factory.support.DefaultSingletonBeanRegistry.getSingleton(DefaultSingletonBeanRegistry.java:289) ~[spring-beans-6.2.1.jar:6.2.1]
	at org.springframework.beans.factory.support.AbstractBeanFactory.doGetBean(AbstractBeanFactory.java:334) ~[spring-beans-6.2.1.jar:6.2.1]
	at org.springframework.beans.factory.support.AbstractBeanFactory.getBean(AbstractBeanFactory.java:199) ~[spring-beans-6.2.1.jar:6.2.1]
	at org.springframework.beans.factory.support.DefaultListableBeanFactory.doResolveDependency(DefaultListableBeanFactory.java:1573) ~[spring-beans-6.2.1.jar:6.2.1]
	at org.springframework.beans.factory.support.DefaultListableBeanFactory.resolveDependency(DefaultListableBeanFactory.java:1519) ~[spring-beans-6.2.1.jar:6.2.1]
	at org.springframework.beans.factory.support.ConstructorResolver.resolveAutowiredArgument(ConstructorResolver.java:913) ~[spring-beans-6.2.1.jar:6.2.1]
	at org.springframework.beans.factory.support.ConstructorResolver.createArgumentArray(ConstructorResolver.java:791) ~[spring-beans-6.2.1.jar:6.2.1]
	... 26 more
2026-10-02 01:23:39 [] INFO  com.example.tailormaster.TailorMasterAppApplication - Starting TailorMasterAppApplication using Java 17.0.2 with PID 22892 (E:\Development-Workspaces\tailor-app-new-enhancements\tailor-master-app\tailor-master-app\target\classes started by wajiz.pk in E:\Development-Workspaces\tailor-app-new-enhancements\tailor-master-app)
2026-10-02 01:23:39 [] INFO  com.example.tailormaster.TailorMasterAppApplication - No active profile set, falling back to 1 default profile: "default"
2026-10-02 01:23:40 [] INFO  org.springframework.data.repository.config.RepositoryConfigurationDelegate - Bootstrapping Spring Data JPA repositories in DEFAULT mode.
2026-10-02 01:23:41 [] INFO  org.springframework.data.repository.config.RepositoryConfigurationDelegate - Finished Spring Data repository scanning in 193 ms. Found 21 JPA repository interfaces.
2026-10-02 01:23:41 [] INFO  org.springframework.boot.web.embedded.tomcat.TomcatWebServer - Tomcat initialized with port 8080 (http)
2026-10-02 01:23:41 [] INFO  org.apache.coyote.http11.Http11NioProtocol - Initializing ProtocolHandler ["http-nio-8080"]
2026-10-02 01:23:41 [] INFO  org.apache.catalina.core.StandardService - Starting service [Tomcat]
2026-10-02 01:23:41 [] INFO  org.apache.catalina.core.StandardEngine - Starting Servlet engine: [Apache Tomcat/10.1.40]
2026-10-02 01:23:41 [] INFO  org.apache.catalina.core.ContainerBase.[Tomcat-2].[localhost].[/tailor-master] - Initializing Spring embedded WebApplicationContext
2026-10-02 01:23:41 [] INFO  org.springframework.boot.web.servlet.context.ServletWebServerApplicationContext - Root WebApplicationContext: initialization completed in 1685 ms
2026-10-02 01:23:41 [] INFO  org.hibernate.jpa.internal.util.LogHelper - HHH000204: Processing PersistenceUnitInfo [name: default]
2026-10-02 01:23:41 [] INFO  org.hibernate.cache.internal.RegionFactoryInitiator - HHH000026: Second-level cache disabled
2026-10-02 01:23:41 [] INFO  org.springframework.orm.jpa.persistenceunit.SpringPersistenceUnitInfo - No LoadTimeWeaver setup: ignoring JPA class transformer
2026-10-02 01:23:41 [] INFO  com.zaxxer.hikari.HikariDataSource - HikariPool-8 - Starting...
2026-10-02 01:23:41 [] INFO  com.zaxxer.hikari.pool.HikariPool - HikariPool-8 - Added connection com.mysql.cj.jdbc.ConnectionImpl@1ad63d88
2026-10-02 01:23:41 [] INFO  com.zaxxer.hikari.HikariDataSource - HikariPool-8 - Start completed.
2026-10-02 01:23:41 [] INFO  org.hibernate.orm.connections.pooling - HHH10001005: Database info:
	Database JDBC URL [Connecting through datasource 'HikariDataSource (HikariPool-8)']
	Database driver: undefined/unknown
	Database version: 8.0.28
	Autocommit mode: undefined/unknown
	Isolation level: undefined/unknown
	Minimum pool size: undefined/unknown
	Maximum pool size: undefined/unknown
2026-10-02 01:23:43 [] INFO  org.hibernate.engine.transaction.jta.platform.internal.JtaPlatformInitiator - HHH000489: No JTA platform available (set 'hibernate.transaction.jta.platform' to enable JTA platform integration)
2026-10-02 01:23:44 [] INFO  org.springframework.orm.jpa.LocalContainerEntityManagerFactoryBean - Initialized JPA EntityManagerFactory for persistence unit 'default'
2026-10-02 01:23:47 [] WARN  org.springframework.boot.autoconfigure.orm.jpa.JpaBaseConfiguration$JpaWebConfiguration - spring.jpa.open-in-view is enabled by default. Therefore, database queries may be performed during view rendering. Explicitly configure spring.jpa.open-in-view to disable this warning
2026-10-02 01:23:47 [] INFO  org.springframework.security.config.annotation.authentication.configuration.InitializeAuthenticationProviderBeanManagerConfigurer$InitializeAuthenticationProviderManagerConfigurer - Global AuthenticationManager configured with AuthenticationProvider bean with name authenticationProvider
2026-10-02 01:23:47 [] WARN  org.springframework.security.config.annotation.authentication.configuration.InitializeUserDetailsBeanManagerConfigurer$InitializeUserDetailsManagerConfigurer - Global AuthenticationManager configured with an AuthenticationProvider bean. UserDetailsService beans will not be used by Spring Security for automatically configuring username/password login. Consider removing the AuthenticationProvider bean. Alternatively, consider using the UserDetailsService in a manually instantiated DaoAuthenticationProvider. If the current configuration is intentional, to turn off this warning, increase the logging level of 'org.springframework.security.config.annotation.authentication.configuration.InitializeUserDetailsBeanManagerConfigurer' to ERROR
2026-10-02 01:23:47 [] INFO  org.springframework.boot.devtools.autoconfigure.OptionalLiveReloadServer - LiveReload server is running on port 35729
2026-10-02 01:23:47 [] INFO  org.apache.coyote.http11.Http11NioProtocol - Starting ProtocolHandler ["http-nio-8080"]
2026-10-02 01:23:47 [] INFO  org.springframework.boot.web.embedded.tomcat.TomcatWebServer - Tomcat started on port 8080 (http) with context path '/tailor-master'
2026-10-02 01:23:47 [] INFO  com.example.tailormaster.TailorMasterAppApplication - Started TailorMasterAppApplication in 7.919 seconds (process running for 3157.062)
2026-10-02 01:23:47 [] INFO  org.springframework.boot.devtools.autoconfigure.ConditionEvaluationDeltaLoggingListener - Condition evaluation unchanged
2026-10-02 01:25:31 [] INFO  org.apache.catalina.core.ContainerBase.[Tomcat-2].[localhost].[/tailor-master] - Initializing Spring DispatcherServlet 'dispatcherServlet'
2026-10-02 01:25:31 [] INFO  org.springframework.web.servlet.DispatcherServlet - Initializing Servlet 'dispatcherServlet'
2026-10-02 01:25:31 [] INFO  org.springframework.web.servlet.DispatcherServlet - Completed initialization in 5 ms
2026-10-02 01:25:31 [newuser] INFO  com.example.tailormaster.filter.LoggingInterceptor - User 'newuser' is requesting: GET /tailor-master/customers/sCM5k7SCucF1RotqnGd422vTO2qISWt8UyRrRUPbp_4=/edit
2026-10-02 01:25:37 [newuser] INFO  com.example.tailormaster.filter.LoggingInterceptor - User 'newuser' is requesting: GET /tailor-master/customers
2026-10-02 01:25:37 [newuser] INFO  com.example.tailormaster.filter.LoggingInterceptor - User 'newuser' is requesting: GET /tailor-master/dashboard/notifications/upcoming-deliveries
2026-10-02 01:25:37 [newuser] INFO  com.example.tailormaster.controller.dashboard.DashboardController - Requested upcoming deliveries.
2026-10-02 01:25:37 [newuser] INFO  com.example.tailormaster.service.dashboard.DashboardService - Upcoming deliveries fetched: 0
2026-10-02 01:25:37 [newuser] INFO  com.example.tailormaster.controller.dashboard.DashboardController - Upcoming deliveries fetched: 0
2026-10-02 01:25:37 [newuser] INFO  com.example.tailormaster.filter.LoggingInterceptor - User 'newuser' is requesting: GET /tailor-master/customers/datatable
2026-10-02 01:25:37 [newuser] INFO  com.example.tailormaster.controller.CustomerController - Fetching customers data with search value: , sort direction: asc, start date: null, end date: null
2026-10-02 01:25:38 [newuser] INFO  com.example.tailormaster.filter.LoggingInterceptor - User 'newuser' is requesting: GET /tailor-master/customers/create
2026-10-02 01:25:38 [newuser] INFO  com.example.tailormaster.service.product.ProductService - Fetching all active products.
2026-10-02 01:25:38 [newuser] INFO  com.example.tailormaster.service.product.ProductService - Retrieved 1 active products.
2026-10-02 01:25:39 [newuser] INFO  com.example.tailormaster.filter.LoggingInterceptor - User 'newuser' is requesting: GET /tailor-master/dashboard/notifications/upcoming-deliveries
2026-10-02 01:25:39 [newuser] INFO  com.example.tailormaster.controller.dashboard.DashboardController - Requested upcoming deliveries.
2026-10-02 01:25:39 [newuser] INFO  com.example.tailormaster.service.dashboard.DashboardService - Upcoming deliveries fetched: 0
2026-10-02 01:25:39 [newuser] INFO  com.example.tailormaster.controller.dashboard.DashboardController - Upcoming deliveries fetched: 0
2026-10-02 01:30:07 [newuser] INFO  com.example.tailormaster.filter.LoggingInterceptor - User 'newuser' is requesting: GET /tailor-master/customers/create
2026-10-02 01:30:07 [newuser] INFO  com.example.tailormaster.service.product.ProductService - Fetching all active products.
2026-10-02 01:30:07 [newuser] INFO  com.example.tailormaster.service.product.ProductService - Retrieved 1 active products.
2026-10-02 01:30:07 [newuser] INFO  com.example.tailormaster.filter.LoggingInterceptor - User 'newuser' is requesting: GET /tailor-master/dashboard/notifications/upcoming-deliveries
2026-10-02 01:30:07 [newuser] INFO  com.example.tailormaster.controller.dashboard.DashboardController - Requested upcoming deliveries.
2026-10-02 01:30:07 [newuser] INFO  com.example.tailormaster.service.dashboard.DashboardService - Upcoming deliveries fetched: 0
2026-10-02 01:30:07 [newuser] INFO  com.example.tailormaster.controller.dashboard.DashboardController - Upcoming deliveries fetched: 0
2026-10-02 01:30:10 [newuser] INFO  com.example.tailormaster.filter.LoggingInterceptor - User 'newuser' is requesting: GET /tailor-master/customers/create
2026-10-02 01:30:10 [newuser] INFO  com.example.tailormaster.service.product.ProductService - Fetching all active products.
2026-10-02 01:30:10 [newuser] INFO  com.example.tailormaster.service.product.ProductService - Retrieved 1 active products.
2026-10-02 01:30:10 [newuser] INFO  com.example.tailormaster.filter.LoggingInterceptor - User 'newuser' is requesting: GET /tailor-master/dashboard/notifications/upcoming-deliveries
2026-10-02 01:30:10 [newuser] INFO  com.example.tailormaster.controller.dashboard.DashboardController - Requested upcoming deliveries.
2026-10-02 01:30:10 [newuser] INFO  com.example.tailormaster.service.dashboard.DashboardService - Upcoming deliveries fetched: 0
2026-10-02 01:30:10 [newuser] INFO  com.example.tailormaster.controller.dashboard.DashboardController - Upcoming deliveries fetched: 0
2026-10-02 01:30:12 [newuser] INFO  com.example.tailormaster.filter.LoggingInterceptor - User 'newuser' is requesting: GET /tailor-master/customers/create
2026-10-02 01:30:12 [newuser] INFO  com.example.tailormaster.service.product.ProductService - Fetching all active products.
2026-10-02 01:30:12 [newuser] INFO  com.example.tailormaster.service.product.ProductService - Retrieved 1 active products.
2026-10-02 01:30:12 [newuser] INFO  com.example.tailormaster.filter.LoggingInterceptor - User 'newuser' is requesting: GET /tailor-master/dashboard/notifications/upcoming-deliveries
2026-10-02 01:30:12 [newuser] INFO  com.example.tailormaster.controller.dashboard.DashboardController - Requested upcoming deliveries.
2026-10-02 01:30:12 [newuser] INFO  com.example.tailormaster.service.dashboard.DashboardService - Upcoming deliveries fetched: 0
2026-10-02 01:30:12 [newuser] INFO  com.example.tailormaster.controller.dashboard.DashboardController - Upcoming deliveries fetched: 0
2026-10-02 01:30:15 [newuser] INFO  com.example.tailormaster.filter.LoggingInterceptor - User 'newuser' is requesting: GET /tailor-master/customers/create
2026-10-02 01:30:15 [newuser] INFO  com.example.tailormaster.service.product.ProductService - Fetching all active products.
2026-10-02 01:30:15 [newuser] INFO  com.example.tailormaster.service.product.ProductService - Retrieved 1 active products.
2026-10-02 01:30:15 [newuser] INFO  com.example.tailormaster.filter.LoggingInterceptor - User 'newuser' is requesting: GET /tailor-master/dashboard/notifications/upcoming-deliveries
2026-10-02 01:30:15 [newuser] INFO  com.example.tailormaster.controller.dashboard.DashboardController - Requested upcoming deliveries.
2026-10-02 01:30:15 [newuser] INFO  com.example.tailormaster.service.dashboard.DashboardService - Upcoming deliveries fetched: 0
2026-10-02 01:30:15 [newuser] INFO  com.example.tailormaster.controller.dashboard.DashboardController - Upcoming deliveries fetched: 0
2026-10-02 01:30:17 [newuser] INFO  com.example.tailormaster.filter.LoggingInterceptor - User 'newuser' is requesting: GET /tailor-master/customers/create
2026-10-02 01:30:17 [newuser] INFO  com.example.tailormaster.service.product.ProductService - Fetching all active products.
2026-10-02 01:30:17 [newuser] INFO  com.example.tailormaster.service.product.ProductService - Retrieved 1 active products.
2026-10-02 01:30:17 [newuser] INFO  com.example.tailormaster.filter.LoggingInterceptor - User 'newuser' is requesting: GET /tailor-master/dashboard/notifications/upcoming-deliveries
2026-10-02 01:30:17 [newuser] INFO  com.example.tailormaster.controller.dashboard.DashboardController - Requested upcoming deliveries.
2026-10-02 01:30:17 [newuser] INFO  com.example.tailormaster.service.dashboard.DashboardService - Upcoming deliveries fetched: 0
2026-10-02 01:30:17 [newuser] INFO  com.example.tailormaster.controller.dashboard.DashboardController - Upcoming deliveries fetched: 0
2026-10-02 01:30:47 [newuser] INFO  com.example.tailormaster.filter.LoggingInterceptor - User 'newuser' is requesting: GET /tailor-master/customers/create
2026-10-02 01:30:47 [newuser] INFO  com.example.tailormaster.service.product.ProductService - Fetching all active products.
2026-10-02 01:30:47 [newuser] INFO  com.example.tailormaster.service.product.ProductService - Retrieved 1 active products.
2026-10-02 01:30:48 [newuser] INFO  com.example.tailormaster.filter.LoggingInterceptor - User 'newuser' is requesting: GET /tailor-master/dashboard/notifications/upcoming-deliveries
2026-10-02 01:30:48 [newuser] INFO  com.example.tailormaster.controller.dashboard.DashboardController - Requested upcoming deliveries.
2026-10-02 01:30:48 [newuser] INFO  com.example.tailormaster.service.dashboard.DashboardService - Upcoming deliveries fetched: 0
2026-10-02 01:30:48 [newuser] INFO  com.example.tailormaster.controller.dashboard.DashboardController - Upcoming deliveries fetched: 0
2026-10-02 01:34:19 [newuser] INFO  com.example.tailormaster.filter.LoggingInterceptor - User 'newuser' is requesting: GET /tailor-master/customers
2026-10-02 01:34:20 [newuser] INFO  com.example.tailormaster.filter.LoggingInterceptor - User 'newuser' is requesting: GET /tailor-master/dashboard/notifications/upcoming-deliveries
2026-10-02 01:34:20 [newuser] INFO  com.example.tailormaster.controller.dashboard.DashboardController - Requested upcoming deliveries.
2026-10-02 01:34:20 [newuser] INFO  com.example.tailormaster.service.dashboard.DashboardService - Upcoming deliveries fetched: 0
2026-10-02 01:34:20 [newuser] INFO  com.example.tailormaster.controller.dashboard.DashboardController - Upcoming deliveries fetched: 0
2026-10-02 01:34:20 [newuser] INFO  com.example.tailormaster.filter.LoggingInterceptor - User 'newuser' is requesting: GET /tailor-master/customers/datatable
2026-10-02 01:34:20 [newuser] INFO  com.example.tailormaster.controller.CustomerController - Fetching customers data with search value: , sort direction: asc, start date: null, end date: null
2026-10-02 01:34:23 [newuser] INFO  com.example.tailormaster.filter.LoggingInterceptor - User 'newuser' is requesting: GET /tailor-master/customers/pAQMOH6OvGzF7IQO7jdQIbnj4GIvfZu9X4h2Ov8-Qok=/edit
2026-10-02 01:34:49 [newuser] INFO  com.example.tailormaster.filter.LoggingInterceptor - User 'newuser' is requesting: POST /tailor-master/customers/36/edit
2026-10-02 01:34:49 [newuser] INFO  com.example.tailormaster.controller.CustomerController - Customer updated successfully: com.example.tailormaster.entity.Customer@38b15930
2026-10-02 01:34:49 [newuser] INFO  com.example.tailormaster.filter.LoggingInterceptor - User 'newuser' is requesting: GET /tailor-master/customers
2026-10-02 01:34:50 [newuser] INFO  com.example.tailormaster.filter.LoggingInterceptor - User 'newuser' is requesting: GET /tailor-master/dashboard/notifications/upcoming-deliveries
2026-10-02 01:34:50 [newuser] INFO  com.example.tailormaster.controller.dashboard.DashboardController - Requested upcoming deliveries.
2026-10-02 01:34:50 [newuser] INFO  com.example.tailormaster.service.dashboard.DashboardService - Upcoming deliveries fetched: 0
2026-10-02 01:34:50 [newuser] INFO  com.example.tailormaster.controller.dashboard.DashboardController - Upcoming deliveries fetched: 0
2026-10-02 01:34:50 [newuser] INFO  com.example.tailormaster.filter.LoggingInterceptor - User 'newuser' is requesting: GET /tailor-master/customers/datatable
2026-10-02 01:34:50 [newuser] INFO  com.example.tailormaster.controller.CustomerController - Fetching customers data with search value: , sort direction: asc, start date: null, end date: null
2026-10-02 01:34:56 [newuser] INFO  com.example.tailormaster.filter.LoggingInterceptor - User 'newuser' is requesting: GET /tailor-master/customers/5VhvLOu_RQES0_uKd75xt1MAyJf_68c6wRJ00JE_qjQ=/edit
2026-10-02 01:35:05 [newuser] INFO  com.example.tailormaster.filter.LoggingInterceptor - User 'newuser' is requesting: GET /tailor-master/customers
2026-10-02 01:35:05 [newuser] INFO  com.example.tailormaster.filter.LoggingInterceptor - User 'newuser' is requesting: GET /tailor-master/dashboard/notifications/upcoming-deliveries
2026-10-02 01:35:05 [newuser] INFO  com.example.tailormaster.controller.dashboard.DashboardController - Requested upcoming deliveries.
2026-10-02 01:35:06 [newuser] INFO  com.example.tailormaster.service.dashboard.DashboardService - Upcoming deliveries fetched: 0
2026-10-02 01:35:06 [newuser] INFO  com.example.tailormaster.controller.dashboard.DashboardController - Upcoming deliveries fetched: 0
2026-10-02 01:35:06 [newuser] INFO  com.example.tailormaster.filter.LoggingInterceptor - User 'newuser' is requesting: GET /tailor-master/customers/datatable
2026-10-02 01:35:06 [newuser] INFO  com.example.tailormaster.controller.CustomerController - Fetching customers data with search value: , sort direction: asc, start date: null, end date: null
2026-10-02 01:35:09 [newuser] INFO  com.example.tailormaster.filter.LoggingInterceptor - User 'newuser' is requesting: GET /tailor-master/customers/create
2026-10-02 01:35:09 [newuser] INFO  com.example.tailormaster.service.product.ProductService - Fetching all active products.
2026-10-02 01:35:09 [newuser] INFO  com.example.tailormaster.service.product.ProductService - Retrieved 1 active products.
2026-10-02 01:35:10 [newuser] INFO  com.example.tailormaster.filter.LoggingInterceptor - User 'newuser' is requesting: GET /tailor-master/dashboard/notifications/upcoming-deliveries
2026-10-02 01:35:10 [newuser] INFO  com.example.tailormaster.controller.dashboard.DashboardController - Requested upcoming deliveries.
2026-10-02 01:35:10 [newuser] INFO  com.example.tailormaster.service.dashboard.DashboardService - Upcoming deliveries fetched: 0
2026-10-02 01:35:10 [newuser] INFO  com.example.tailormaster.controller.dashboard.DashboardController - Upcoming deliveries fetched: 0
2026-10-02 01:37:30 [newuser] INFO  com.example.tailormaster.filter.LoggingInterceptor - User 'newuser' is requesting: GET /tailor-master/customers/create
2026-10-02 01:37:30 [newuser] INFO  com.example.tailormaster.service.product.ProductService - Fetching all active products.
2026-10-02 01:37:30 [newuser] INFO  com.example.tailormaster.service.product.ProductService - Retrieved 1 active products.
2026-10-02 01:38:49 [newuser] INFO  com.example.tailormaster.filter.LoggingInterceptor - User 'newuser' is requesting: POST /tailor-master/customers/create
2026-10-02 01:38:49 [newuser] INFO  com.example.tailormaster.controller.CustomerController - Customer created successfully: com.example.tailormaster.entity.Customer@7948e579
2026-10-02 01:38:50 [newuser] INFO  com.example.tailormaster.filter.LoggingInterceptor - User 'newuser' is requesting: GET /tailor-master/customers
2026-10-02 01:38:51 [newuser] INFO  com.example.tailormaster.filter.LoggingInterceptor - User 'newuser' is requesting: GET /tailor-master/dashboard/notifications/upcoming-deliveries
2026-10-02 01:38:51 [newuser] INFO  com.example.tailormaster.controller.dashboard.DashboardController - Requested upcoming deliveries.
2026-10-02 01:38:51 [newuser] INFO  com.example.tailormaster.service.dashboard.DashboardService - Upcoming deliveries fetched: 0
2026-10-02 01:38:51 [newuser] INFO  com.example.tailormaster.controller.dashboard.DashboardController - Upcoming deliveries fetched: 0
2026-10-02 01:38:51 [newuser] INFO  com.example.tailormaster.filter.LoggingInterceptor - User 'newuser' is requesting: GET /tailor-master/customers/datatable
2026-10-02 01:38:51 [newuser] INFO  com.example.tailormaster.controller.CustomerController - Fetching customers data with search value: , sort direction: asc, start date: null, end date: null
2026-10-02 01:38:54 [newuser] INFO  com.example.tailormaster.filter.LoggingInterceptor - User 'newuser' is requesting: GET /tailor-master/customers/YnAWVzLmnuUrmCAfy8vVxv3pjx1mEen6F-DDL8xyST8=/edit
2026-10-02 01:39:39 [newuser] INFO  com.example.tailormaster.filter.LoggingInterceptor - User 'newuser' is requesting: GET /tailor-master/customers
2026-10-02 01:39:39 [newuser] INFO  com.example.tailormaster.filter.LoggingInterceptor - User 'newuser' is requesting: GET /tailor-master/dashboard/notifications/upcoming-deliveries
2026-10-02 01:39:39 [newuser] INFO  com.example.tailormaster.filter.LoggingInterceptor - User 'newuser' is requesting: GET /tailor-master/customers/datatable
2026-10-02 01:39:39 [newuser] INFO  com.example.tailormaster.controller.dashboard.DashboardController - Requested upcoming deliveries.
2026-10-02 01:39:39 [newuser] INFO  com.example.tailormaster.service.dashboard.DashboardService - Upcoming deliveries fetched: 0
2026-10-02 01:39:39 [newuser] INFO  com.example.tailormaster.controller.dashboard.DashboardController - Upcoming deliveries fetched: 0
2026-10-02 01:39:39 [newuser] INFO  com.example.tailormaster.controller.CustomerController - Fetching customers data with search value: , sort direction: asc, start date: null, end date: null
2026-10-02 01:39:43 [newuser] INFO  com.example.tailormaster.filter.LoggingInterceptor - User 'newuser' is requesting: GET /tailor-master/customers/create
2026-10-02 01:39:43 [newuser] INFO  com.example.tailormaster.service.product.ProductService - Fetching all active products.
2026-10-02 01:39:43 [newuser] INFO  com.example.tailormaster.service.product.ProductService - Retrieved 1 active products.
2026-10-02 01:39:44 [newuser] INFO  com.example.tailormaster.filter.LoggingInterceptor - User 'newuser' is requesting: GET /tailor-master/dashboard/notifications/upcoming-deliveries
2026-10-02 01:39:44 [newuser] INFO  com.example.tailormaster.controller.dashboard.DashboardController - Requested upcoming deliveries.
2026-10-02 01:39:44 [newuser] INFO  com.example.tailormaster.service.dashboard.DashboardService - Upcoming deliveries fetched: 0
2026-10-02 01:39:44 [newuser] INFO  com.example.tailormaster.controller.dashboard.DashboardController - Upcoming deliveries fetched: 0
2026-10-02 01:39:53 [newuser] INFO  com.example.tailormaster.filter.LoggingInterceptor - User 'newuser' is requesting: GET /tailor-master/customers
2026-10-02 01:39:53 [newuser] INFO  com.example.tailormaster.filter.LoggingInterceptor - User 'newuser' is requesting: GET /tailor-master/dashboard/notifications/upcoming-deliveries
2026-10-02 01:39:53 [newuser] INFO  com.example.tailormaster.controller.dashboard.DashboardController - Requested upcoming deliveries.
2026-10-02 01:39:53 [newuser] INFO  com.example.tailormaster.service.dashboard.DashboardService - Upcoming deliveries fetched: 0
2026-10-02 01:39:53 [newuser] INFO  com.example.tailormaster.controller.dashboard.DashboardController - Upcoming deliveries fetched: 0
2026-10-02 01:39:53 [newuser] INFO  com.example.tailormaster.filter.LoggingInterceptor - User 'newuser' is requesting: GET /tailor-master/customers/datatable
2026-10-02 01:39:53 [newuser] INFO  com.example.tailormaster.controller.CustomerController - Fetching customers data with search value: , sort direction: asc, start date: null, end date: null
2026-10-02 01:39:58 [newuser] INFO  com.example.tailormaster.filter.LoggingInterceptor - User 'newuser' is requesting: GET /tailor-master/customers/wbulEf2PXG_eSUHJPfBhiZakpmJV0szejULJKH06BHM=/edit
2026-10-02 01:42:46 [] INFO  org.springframework.boot.web.embedded.tomcat.GracefulShutdown - Commencing graceful shutdown. Waiting for active requests to complete
2026-10-02 01:42:47 [] INFO  org.springframework.boot.web.embedded.tomcat.GracefulShutdown - Graceful shutdown complete
2026-10-02 01:42:47 [] INFO  org.springframework.orm.jpa.LocalContainerEntityManagerFactoryBean - Closing JPA EntityManagerFactory for persistence unit 'default'
2026-10-02 01:42:47 [] INFO  com.zaxxer.hikari.HikariDataSource - HikariPool-8 - Shutdown initiated...
2026-10-02 01:42:47 [] INFO  com.zaxxer.hikari.HikariDataSource - HikariPool-8 - Shutdown completed.
2026-10-02 01:43:04 [] INFO  org.hibernate.validator.internal.util.Version - HV000001: Hibernate Validator 8.0.2.Final
2026-10-02 01:43:04 [] INFO  com.example.tailormaster.TailorMasterAppApplication - Starting TailorMasterAppApplication using Java 17.0.2 with PID 21008 (E:\Development-Workspaces\tailor-app-new-enhancements\tailor-master-app\tailor-master-app\target\classes started by wajiz.pk in E:\Development-Workspaces\tailor-app-new-enhancements\tailor-master-app)
2026-10-02 01:43:04 [] INFO  com.example.tailormaster.TailorMasterAppApplication - No active profile set, falling back to 1 default profile: "default"
2026-10-02 01:43:05 [] INFO  org.springframework.boot.devtools.env.DevToolsPropertyDefaultsPostProcessor - Devtools property defaults active! Set 'spring.devtools.add-properties' to 'false' to disable
2026-10-02 01:43:05 [] INFO  org.springframework.boot.devtools.env.DevToolsPropertyDefaultsPostProcessor - For additional web related logging consider setting the 'logging.level.web' property to 'DEBUG'
2026-10-02 01:43:08 [] INFO  org.springframework.data.repository.config.RepositoryConfigurationDelegate - Bootstrapping Spring Data JPA repositories in DEFAULT mode.
2026-10-02 01:43:08 [] INFO  org.springframework.data.repository.config.RepositoryConfigurationDelegate - Finished Spring Data repository scanning in 257 ms. Found 21 JPA repository interfaces.
2026-10-02 01:43:10 [] INFO  org.springframework.boot.web.embedded.tomcat.TomcatWebServer - Tomcat initialized with port 8080 (http)
2026-10-02 01:43:10 [] INFO  org.apache.coyote.http11.Http11NioProtocol - Initializing ProtocolHandler ["http-nio-8080"]
2026-10-02 01:43:10 [] INFO  org.apache.catalina.core.StandardService - Starting service [Tomcat]
2026-10-02 01:43:10 [] INFO  org.apache.catalina.core.StandardEngine - Starting Servlet engine: [Apache Tomcat/10.1.40]
2026-10-02 01:43:10 [] INFO  org.apache.catalina.core.ContainerBase.[Tomcat].[localhost].[/tailor-master] - Initializing Spring embedded WebApplicationContext
2026-10-02 01:43:10 [] INFO  org.springframework.boot.web.servlet.context.ServletWebServerApplicationContext - Root WebApplicationContext: initialization completed in 5382 ms
2026-10-02 01:43:10 [] INFO  org.hibernate.jpa.internal.util.LogHelper - HHH000204: Processing PersistenceUnitInfo [name: default]
2026-10-02 01:43:11 [] INFO  org.hibernate.Version - HHH000412: Hibernate ORM core version 6.6.4.Final
2026-10-02 01:43:11 [] INFO  org.hibernate.cache.internal.RegionFactoryInitiator - HHH000026: Second-level cache disabled
2026-10-02 01:43:11 [] INFO  org.springframework.orm.jpa.persistenceunit.SpringPersistenceUnitInfo - No LoadTimeWeaver setup: ignoring JPA class transformer
2026-10-02 01:43:11 [] INFO  com.zaxxer.hikari.HikariDataSource - HikariPool-1 - Starting...
2026-10-02 01:43:12 [] INFO  com.zaxxer.hikari.pool.HikariPool - HikariPool-1 - Added connection com.mysql.cj.jdbc.ConnectionImpl@21b9dafe
2026-10-02 01:43:12 [] INFO  com.zaxxer.hikari.HikariDataSource - HikariPool-1 - Start completed.
2026-10-02 01:43:13 [] INFO  org.hibernate.orm.connections.pooling - HHH10001005: Database info:
	Database JDBC URL [Connecting through datasource 'HikariDataSource (HikariPool-1)']
	Database driver: undefined/unknown
	Database version: 8.0.28
	Autocommit mode: undefined/unknown
	Isolation level: undefined/unknown
	Minimum pool size: undefined/unknown
	Maximum pool size: undefined/unknown
2026-10-02 01:43:16 [] INFO  org.hibernate.engine.transaction.jta.platform.internal.JtaPlatformInitiator - HHH000489: No JTA platform available (set 'hibernate.transaction.jta.platform' to enable JTA platform integration)
2026-10-02 01:43:17 [] INFO  org.springframework.orm.jpa.LocalContainerEntityManagerFactoryBean - Initialized JPA EntityManagerFactory for persistence unit 'default'
2026-10-02 01:43:18 [] INFO  org.springframework.data.jpa.repository.query.QueryEnhancerFactory - Hibernate is in classpath; If applicable, HQL parser will be used.
2026-10-02 01:43:36 [] WARN  org.springframework.boot.autoconfigure.orm.jpa.JpaBaseConfiguration$JpaWebConfiguration - spring.jpa.open-in-view is enabled by default. Therefore, database queries may be performed during view rendering. Explicitly configure spring.jpa.open-in-view to disable this warning
2026-10-02 01:43:36 [] INFO  org.springframework.security.config.annotation.authentication.configuration.InitializeAuthenticationProviderBeanManagerConfigurer$InitializeAuthenticationProviderManagerConfigurer - Global AuthenticationManager configured with AuthenticationProvider bean with name authenticationProvider
2026-10-02 01:43:36 [] WARN  org.springframework.security.config.annotation.authentication.configuration.InitializeUserDetailsBeanManagerConfigurer$InitializeUserDetailsManagerConfigurer - Global AuthenticationManager configured with an AuthenticationProvider bean. UserDetailsService beans will not be used by Spring Security for automatically configuring username/password login. Consider removing the AuthenticationProvider bean. Alternatively, consider using the UserDetailsService in a manually instantiated DaoAuthenticationProvider. If the current configuration is intentional, to turn off this warning, increase the logging level of 'org.springframework.security.config.annotation.authentication.configuration.InitializeUserDetailsBeanManagerConfigurer' to ERROR
2026-10-02 01:43:39 [] INFO  org.springframework.boot.devtools.autoconfigure.OptionalLiveReloadServer - LiveReload server is running on port 35729
2026-10-02 01:43:39 [] INFO  org.apache.coyote.http11.Http11NioProtocol - Starting ProtocolHandler ["http-nio-8080"]
2026-10-02 01:43:39 [] INFO  org.springframework.boot.web.embedded.tomcat.TomcatWebServer - Tomcat started on port 8080 (http) with context path '/tailor-master'
2026-10-02 01:43:39 [] INFO  com.example.tailormaster.TailorMasterAppApplication - Started TailorMasterAppApplication in 35.633 seconds (process running for 38.757)
2026-10-02 01:43:40 [] INFO  org.apache.catalina.core.ContainerBase.[Tomcat].[localhost].[/tailor-master] - Initializing Spring DispatcherServlet 'dispatcherServlet'
2026-10-02 01:43:40 [] INFO  org.springframework.web.servlet.DispatcherServlet - Initializing Servlet 'dispatcherServlet'
2026-10-02 01:43:40 [] INFO  org.springframework.web.servlet.DispatcherServlet - Completed initialization in 7 ms
2026-10-02 01:43:40 [newuser] INFO  com.example.tailormaster.filter.LoggingInterceptor - User 'newuser' is requesting: GET /tailor-master/customers
2026-10-02 01:43:42 [newuser] INFO  com.example.tailormaster.filter.LoggingInterceptor - User 'newuser' is requesting: GET /tailor-master/dashboard/notifications/upcoming-deliveries
2026-10-02 01:43:42 [newuser] INFO  com.example.tailormaster.controller.dashboard.DashboardController - Requested upcoming deliveries.
2026-10-02 01:43:42 [newuser] INFO  com.example.tailormaster.service.dashboard.DashboardService - Upcoming deliveries fetched: 0
2026-10-02 01:43:42 [newuser] INFO  com.example.tailormaster.controller.dashboard.DashboardController - Upcoming deliveries fetched: 0
2026-10-02 01:43:43 [newuser] INFO  com.example.tailormaster.filter.LoggingInterceptor - User 'newuser' is requesting: GET /tailor-master/customers/datatable
2026-10-02 01:43:43 [newuser] INFO  com.example.tailormaster.controller.CustomerController - Fetching customers data with search value: , sort direction: asc, start date: null, end date: null
2026-10-02 01:43:48 [newuser] INFO  com.example.tailormaster.filter.LoggingInterceptor - User 'newuser' is requesting: GET /tailor-master/customers/create
2026-10-02 01:43:48 [newuser] INFO  com.example.tailormaster.service.product.ProductService - Fetching all active products.
2026-10-02 01:43:48 [newuser] INFO  com.example.tailormaster.service.product.ProductService - Retrieved 1 active products.
2026-10-02 01:43:49 [newuser] INFO  com.example.tailormaster.filter.LoggingInterceptor - User 'newuser' is requesting: GET /tailor-master/dashboard/notifications/upcoming-deliveries
2026-10-02 01:43:49 [newuser] INFO  com.example.tailormaster.controller.dashboard.DashboardController - Requested upcoming deliveries.
2026-10-02 01:43:49 [newuser] INFO  com.example.tailormaster.service.dashboard.DashboardService - Upcoming deliveries fetched: 0
2026-10-02 01:43:49 [newuser] INFO  com.example.tailormaster.controller.dashboard.DashboardController - Upcoming deliveries fetched: 0
2026-10-02 01:48:56 [newuser] INFO  com.example.tailormaster.filter.LoggingInterceptor - User 'newuser' is requesting: GET /tailor-master/customers/create
2026-10-02 01:48:56 [newuser] INFO  com.example.tailormaster.service.product.ProductService - Fetching all active products.
2026-10-02 01:48:56 [newuser] INFO  com.example.tailormaster.service.product.ProductService - Retrieved 1 active products.
2026-10-02 01:48:56 [newuser] INFO  com.example.tailormaster.filter.LoggingInterceptor - User 'newuser' is requesting: GET /tailor-master/dashboard/notifications/upcoming-deliveries
2026-10-02 01:48:56 [newuser] INFO  com.example.tailormaster.controller.dashboard.DashboardController - Requested upcoming deliveries.
2026-10-02 01:48:56 [newuser] INFO  com.example.tailormaster.service.dashboard.DashboardService - Upcoming deliveries fetched: 0
2026-10-02 01:48:56 [newuser] INFO  com.example.tailormaster.controller.dashboard.DashboardController - Upcoming deliveries fetched: 0
2026-10-02 01:48:59 [newuser] INFO  com.example.tailormaster.filter.LoggingInterceptor - User 'newuser' is requesting: GET /tailor-master/customers/create
2026-10-02 01:48:59 [newuser] INFO  com.example.tailormaster.service.product.ProductService - Fetching all active products.
2026-10-02 01:48:59 [newuser] INFO  com.example.tailormaster.service.product.ProductService - Retrieved 1 active products.
2026-10-02 01:49:00 [newuser] INFO  com.example.tailormaster.filter.LoggingInterceptor - User 'newuser' is requesting: GET /tailor-master/dashboard/notifications/upcoming-deliveries
2026-10-02 01:49:00 [newuser] INFO  com.example.tailormaster.controller.dashboard.DashboardController - Requested upcoming deliveries.
2026-10-02 01:49:00 [newuser] INFO  com.example.tailormaster.service.dashboard.DashboardService - Upcoming deliveries fetched: 0
2026-10-02 01:49:00 [newuser] INFO  com.example.tailormaster.controller.dashboard.DashboardController - Upcoming deliveries fetched: 0
2026-10-02 01:49:01 [newuser] INFO  com.example.tailormaster.filter.LoggingInterceptor - User 'newuser' is requesting: GET /tailor-master/customers/create
2026-10-02 01:49:01 [newuser] INFO  com.example.tailormaster.service.product.ProductService - Fetching all active products.
2026-10-02 01:49:01 [newuser] INFO  com.example.tailormaster.service.product.ProductService - Retrieved 1 active products.
2026-10-02 01:49:01 [newuser] INFO  com.example.tailormaster.filter.LoggingInterceptor - User 'newuser' is requesting: GET /tailor-master/dashboard/notifications/upcoming-deliveries
2026-10-02 01:49:01 [newuser] INFO  com.example.tailormaster.controller.dashboard.DashboardController - Requested upcoming deliveries.
2026-10-02 01:49:01 [newuser] INFO  com.example.tailormaster.service.dashboard.DashboardService - Upcoming deliveries fetched: 0
2026-10-02 01:49:01 [newuser] INFO  com.example.tailormaster.controller.dashboard.DashboardController - Upcoming deliveries fetched: 0
2026-10-02 01:49:38 [newuser] INFO  com.example.tailormaster.filter.LoggingInterceptor - User 'newuser' is requesting: GET /tailor-master/customers/create
2026-10-02 01:49:38 [newuser] INFO  com.example.tailormaster.service.product.ProductService - Fetching all active products.
2026-10-02 01:49:38 [newuser] INFO  com.example.tailormaster.service.product.ProductService - Retrieved 1 active products.
2026-10-02 01:49:38 [newuser] INFO  com.example.tailormaster.filter.LoggingInterceptor - User 'newuser' is requesting: GET /tailor-master/dashboard/notifications/upcoming-deliveries
2026-10-02 01:49:38 [newuser] INFO  com.example.tailormaster.controller.dashboard.DashboardController - Requested upcoming deliveries.
2026-10-02 01:49:38 [newuser] INFO  com.example.tailormaster.service.dashboard.DashboardService - Upcoming deliveries fetched: 0
2026-10-02 01:49:38 [newuser] INFO  com.example.tailormaster.controller.dashboard.DashboardController - Upcoming deliveries fetched: 0
2026-10-02 01:51:12 [newuser] INFO  com.example.tailormaster.filter.LoggingInterceptor - User 'newuser' is requesting: GET /tailor-master/customers/create
2026-10-02 01:51:12 [newuser] INFO  com.example.tailormaster.service.product.ProductService - Fetching all active products.
2026-10-02 01:51:12 [newuser] INFO  com.example.tailormaster.service.product.ProductService - Retrieved 1 active products.
2026-10-02 01:51:12 [newuser] INFO  com.example.tailormaster.filter.LoggingInterceptor - User 'newuser' is requesting: GET /tailor-master/dashboard/notifications/upcoming-deliveries
2026-10-02 01:51:12 [newuser] INFO  com.example.tailormaster.controller.dashboard.DashboardController - Requested upcoming deliveries.
2026-10-02 01:51:12 [newuser] INFO  com.example.tailormaster.service.dashboard.DashboardService - Upcoming deliveries fetched: 0
2026-10-02 01:51:12 [newuser] INFO  com.example.tailormaster.controller.dashboard.DashboardController - Upcoming deliveries fetched: 0
2026-10-02 01:51:27 [newuser] INFO  com.example.tailormaster.filter.LoggingInterceptor - User 'newuser' is requesting: GET /tailor-master/customers/create
2026-10-02 01:51:27 [newuser] INFO  com.example.tailormaster.service.product.ProductService - Fetching all active products.
2026-10-02 01:51:27 [newuser] INFO  com.example.tailormaster.service.product.ProductService - Retrieved 1 active products.
2026-10-02 01:51:27 [newuser] INFO  com.example.tailormaster.filter.LoggingInterceptor - User 'newuser' is requesting: GET /tailor-master/dashboard/notifications/upcoming-deliveries
2026-10-02 01:51:27 [newuser] INFO  com.example.tailormaster.controller.dashboard.DashboardController - Requested upcoming deliveries.
2026-10-02 01:51:27 [newuser] INFO  com.example.tailormaster.service.dashboard.DashboardService - Upcoming deliveries fetched: 0
2026-10-02 01:51:27 [newuser] INFO  com.example.tailormaster.controller.dashboard.DashboardController - Upcoming deliveries fetched: 0
2026-10-02 01:51:41 [newuser] INFO  com.example.tailormaster.filter.LoggingInterceptor - User 'newuser' is requesting: GET /tailor-master/customers/create
2026-10-02 01:51:41 [newuser] INFO  com.example.tailormaster.service.product.ProductService - Fetching all active products.
2026-10-02 01:51:41 [newuser] INFO  com.example.tailormaster.service.product.ProductService - Retrieved 1 active products.
2026-10-02 01:51:41 [newuser] INFO  com.example.tailormaster.filter.LoggingInterceptor - User 'newuser' is requesting: GET /tailor-master/dashboard/notifications/upcoming-deliveries
2026-10-02 01:51:41 [newuser] INFO  com.example.tailormaster.controller.dashboard.DashboardController - Requested upcoming deliveries.
2026-10-02 01:51:41 [newuser] INFO  com.example.tailormaster.service.dashboard.DashboardService - Upcoming deliveries fetched: 0
2026-10-02 01:51:41 [newuser] INFO  com.example.tailormaster.controller.dashboard.DashboardController - Upcoming deliveries fetched: 0
2026-10-02 01:52:22 [newuser] INFO  com.example.tailormaster.filter.LoggingInterceptor - User 'newuser' is requesting: GET /tailor-master/customers
2026-10-02 01:52:23 [newuser] INFO  com.example.tailormaster.filter.LoggingInterceptor - User 'newuser' is requesting: GET /tailor-master/dashboard/notifications/upcoming-deliveries
2026-10-02 01:52:23 [newuser] INFO  com.example.tailormaster.controller.dashboard.DashboardController - Requested upcoming deliveries.
2026-10-02 01:52:23 [newuser] INFO  com.example.tailormaster.service.dashboard.DashboardService - Upcoming deliveries fetched: 0
2026-10-02 01:52:23 [newuser] INFO  com.example.tailormaster.controller.dashboard.DashboardController - Upcoming deliveries fetched: 0
2026-10-02 01:52:23 [newuser] INFO  com.example.tailormaster.filter.LoggingInterceptor - User 'newuser' is requesting: GET /tailor-master/customers/datatable
2026-10-02 01:52:23 [newuser] INFO  com.example.tailormaster.controller.CustomerController - Fetching customers data with search value: , sort direction: asc, start date: null, end date: null
2026-10-02 01:52:25 [newuser] INFO  com.example.tailormaster.filter.LoggingInterceptor - User 'newuser' is requesting: GET /tailor-master/customers/6-EuXXDXb_XQODf8oqIdMgnrGT30qJsQKa6rK6KK6I0=/edit
2026-10-02 01:55:00 [newuser] INFO  com.example.tailormaster.filter.LoggingInterceptor - User 'newuser' is requesting: GET /tailor-master/customers
2026-10-02 01:55:01 [newuser] INFO  com.example.tailormaster.filter.LoggingInterceptor - User 'newuser' is requesting: GET /tailor-master/dashboard/notifications/upcoming-deliveries
2026-10-02 01:55:01 [newuser] INFO  com.example.tailormaster.controller.dashboard.DashboardController - Requested upcoming deliveries.
2026-10-02 01:55:01 [newuser] INFO  com.example.tailormaster.service.dashboard.DashboardService - Upcoming deliveries fetched: 0
2026-10-02 01:55:01 [newuser] INFO  com.example.tailormaster.controller.dashboard.DashboardController - Upcoming deliveries fetched: 0
2026-10-02 01:55:01 [newuser] INFO  com.example.tailormaster.filter.LoggingInterceptor - User 'newuser' is requesting: GET /tailor-master/customers/datatable
2026-10-02 01:55:01 [newuser] INFO  com.example.tailormaster.controller.CustomerController - Fetching customers data with search value: , sort direction: asc, start date: null, end date: null
2026-10-02 01:55:03 [newuser] INFO  com.example.tailormaster.filter.LoggingInterceptor - User 'newuser' is requesting: GET /tailor-master/customers/create
2026-10-02 01:55:04 [newuser] INFO  com.example.tailormaster.service.product.ProductService - Fetching all active products.
2026-10-02 01:55:04 [newuser] INFO  com.example.tailormaster.service.product.ProductService - Retrieved 1 active products.
2026-10-02 01:55:05 [newuser] INFO  com.example.tailormaster.filter.LoggingInterceptor - User 'newuser' is requesting: GET /tailor-master/dashboard/notifications/upcoming-deliveries
2026-10-02 01:55:05 [newuser] INFO  com.example.tailormaster.controller.dashboard.DashboardController - Requested upcoming deliveries.
2026-10-02 01:55:05 [newuser] INFO  com.example.tailormaster.service.dashboard.DashboardService - Upcoming deliveries fetched: 0
2026-10-02 01:55:05 [newuser] INFO  com.example.tailormaster.controller.dashboard.DashboardController - Upcoming deliveries fetched: 0
2026-10-02 01:56:12 [newuser] INFO  com.example.tailormaster.filter.LoggingInterceptor - User 'newuser' is requesting: GET /tailor-master/customers/create
2026-10-02 01:56:12 [newuser] INFO  com.example.tailormaster.service.product.ProductService - Fetching all active products.
2026-10-02 01:56:12 [newuser] INFO  com.example.tailormaster.service.product.ProductService - Retrieved 1 active products.
2026-10-02 01:56:38 [newuser] INFO  com.example.tailormaster.filter.LoggingInterceptor - User 'newuser' is requesting: GET /tailor-master/products
2026-10-02 01:56:38 [newuser] INFO  com.example.tailormaster.controller.ProductController - User accessed the product list page.
2026-10-02 01:56:38 [newuser] INFO  com.example.tailormaster.service.product.ProductService - Fetching all products.
2026-10-02 01:56:38 [newuser] INFO  com.example.tailormaster.controller.ProductController - Retrieved products: [Product(name=shirt, singleSilai=800.00, doubleSilai=1000.00, enabled=true, user=User(username=newuser, fullName=New User, phone1=03003322332, phone2=, shopName=Logo Test, proprietorName=user1 pro, shopAddress=test, shortCode=LT, enabled=true, trialStartedAt=2026-09-16, trialEndsAt=2026-10-16))] 
2026-10-02 01:56:39 [newuser] INFO  com.example.tailormaster.filter.LoggingInterceptor - User 'newuser' is requesting: GET /tailor-master/dashboard/notifications/upcoming-deliveries
2026-10-02 01:56:39 [newuser] INFO  com.example.tailormaster.controller.dashboard.DashboardController - Requested upcoming deliveries.
2026-10-02 01:56:39 [newuser] INFO  com.example.tailormaster.service.dashboard.DashboardService - Upcoming deliveries fetched: 0
2026-10-02 01:56:39 [newuser] INFO  com.example.tailormaster.controller.dashboard.DashboardController - Upcoming deliveries fetched: 0
2026-10-02 01:56:44 [newuser] INFO  com.example.tailormaster.filter.LoggingInterceptor - User 'newuser' is requesting: GET /tailor-master/products/create
2026-10-02 01:56:44 [newuser] INFO  com.example.tailormaster.controller.ProductController - Displaying create product form.
2026-10-02 01:56:45 [newuser] INFO  com.example.tailormaster.filter.LoggingInterceptor - User 'newuser' is requesting: GET /tailor-master/dashboard/notifications/upcoming-deliveries
2026-10-02 01:56:45 [newuser] INFO  com.example.tailormaster.controller.dashboard.DashboardController - Requested upcoming deliveries.
2026-10-02 01:56:45 [newuser] INFO  com.example.tailormaster.service.dashboard.DashboardService - Upcoming deliveries fetched: 0
2026-10-02 01:56:45 [newuser] INFO  com.example.tailormaster.controller.dashboard.DashboardController - Upcoming deliveries fetched: 0
2026-10-02 01:57:59 [newuser] INFO  com.example.tailormaster.filter.LoggingInterceptor - User 'newuser' is requesting: GET /tailor-master/customers
2026-10-02 01:57:59 [newuser] INFO  com.example.tailormaster.filter.LoggingInterceptor - User 'newuser' is requesting: GET /tailor-master/dashboard/notifications/upcoming-deliveries
2026-10-02 01:57:59 [newuser] INFO  com.example.tailormaster.controller.dashboard.DashboardController - Requested upcoming deliveries.
2026-10-02 01:57:59 [newuser] INFO  com.example.tailormaster.service.dashboard.DashboardService - Upcoming deliveries fetched: 0
2026-10-02 01:57:59 [newuser] INFO  com.example.tailormaster.controller.dashboard.DashboardController - Upcoming deliveries fetched: 0
2026-10-02 01:57:59 [newuser] INFO  com.example.tailormaster.filter.LoggingInterceptor - User 'newuser' is requesting: GET /tailor-master/customers/datatable
2026-10-02 01:57:59 [newuser] INFO  com.example.tailormaster.controller.CustomerController - Fetching customers data with search value: , sort direction: asc, start date: null, end date: null
2026-10-02 01:58:02 [newuser] INFO  com.example.tailormaster.filter.LoggingInterceptor - User 'newuser' is requesting: GET /tailor-master/customers/create
2026-10-02 01:58:03 [newuser] INFO  com.example.tailormaster.service.product.ProductService - Fetching all active products.
2026-10-02 01:58:03 [newuser] INFO  com.example.tailormaster.service.product.ProductService - Retrieved 1 active products.
2026-10-02 01:59:26 [newuser] INFO  com.example.tailormaster.filter.LoggingInterceptor - User 'newuser' is requesting: GET /tailor-master/products
2026-10-02 01:59:26 [newuser] INFO  com.example.tailormaster.controller.ProductController - User accessed the product list page.
2026-10-02 01:59:26 [newuser] INFO  com.example.tailormaster.service.product.ProductService - Fetching all products.
2026-10-02 01:59:26 [newuser] INFO  com.example.tailormaster.controller.ProductController - Retrieved products: [Product(name=shirt, singleSilai=800.00, doubleSilai=1000.00, enabled=true, user=User(username=newuser, fullName=New User, phone1=03003322332, phone2=, shopName=Logo Test, proprietorName=user1 pro, shopAddress=test, shortCode=LT, enabled=true, trialStartedAt=2026-09-16, trialEndsAt=2026-10-16))] 
2026-10-02 01:59:26 [newuser] INFO  com.example.tailormaster.filter.LoggingInterceptor - User 'newuser' is requesting: GET /tailor-master/dashboard/notifications/upcoming-deliveries
2026-10-02 01:59:26 [newuser] INFO  com.example.tailormaster.controller.dashboard.DashboardController - Requested upcoming deliveries.
2026-10-02 01:59:27 [newuser] INFO  com.example.tailormaster.service.dashboard.DashboardService - Upcoming deliveries fetched: 0
2026-10-02 01:59:27 [newuser] INFO  com.example.tailormaster.controller.dashboard.DashboardController - Upcoming deliveries fetched: 0
2026-10-02 01:59:28 [newuser] INFO  com.example.tailormaster.filter.LoggingInterceptor - User 'newuser' is requesting: GET /tailor-master/products
2026-10-02 01:59:29 [newuser] INFO  com.example.tailormaster.controller.ProductController - User accessed the product list page.
2026-10-02 01:59:29 [newuser] INFO  com.example.tailormaster.service.product.ProductService - Fetching all products.
2026-10-02 01:59:29 [newuser] INFO  com.example.tailormaster.controller.ProductController - Retrieved products: [Product(name=shirt, singleSilai=800.00, doubleSilai=1000.00, enabled=true, user=User(username=newuser, fullName=New User, phone1=03003322332, phone2=, shopName=Logo Test, proprietorName=user1 pro, shopAddress=test, shortCode=LT, enabled=true, trialStartedAt=2026-09-16, trialEndsAt=2026-10-16))] 
2026-10-02 01:59:29 [newuser] INFO  com.example.tailormaster.filter.LoggingInterceptor - User 'newuser' is requesting: GET /tailor-master/dashboard/notifications/upcoming-deliveries
2026-10-02 01:59:29 [newuser] INFO  com.example.tailormaster.controller.dashboard.DashboardController - Requested upcoming deliveries.
2026-10-02 01:59:29 [newuser] INFO  com.example.tailormaster.service.dashboard.DashboardService - Upcoming deliveries fetched: 0
2026-10-02 01:59:29 [newuser] INFO  com.example.tailormaster.controller.dashboard.DashboardController - Upcoming deliveries fetched: 0
2026-10-02 01:59:31 [newuser] INFO  com.example.tailormaster.filter.LoggingInterceptor - User 'newuser' is requesting: GET /tailor-master/products/create
2026-10-02 01:59:31 [newuser] INFO  com.example.tailormaster.controller.ProductController - Displaying create product form.
2026-10-02 01:59:31 [newuser] INFO  com.example.tailormaster.filter.LoggingInterceptor - User 'newuser' is requesting: GET /tailor-master/dashboard/notifications/upcoming-deliveries
2026-10-02 01:59:31 [newuser] INFO  com.example.tailormaster.controller.dashboard.DashboardController - Requested upcoming deliveries.
2026-10-02 01:59:31 [newuser] INFO  com.example.tailormaster.service.dashboard.DashboardService - Upcoming deliveries fetched: 0
2026-10-02 01:59:31 [newuser] INFO  com.example.tailormaster.controller.dashboard.DashboardController - Upcoming deliveries fetched: 0
2026-10-02 02:00:08 [newuser] INFO  com.example.tailormaster.filter.LoggingInterceptor - User 'newuser' is requesting: GET /tailor-master/customers
2026-10-02 02:00:08 [newuser] INFO  com.example.tailormaster.filter.LoggingInterceptor - User 'newuser' is requesting: GET /tailor-master/dashboard/notifications/upcoming-deliveries
2026-10-02 02:00:08 [newuser] INFO  com.example.tailormaster.controller.dashboard.DashboardController - Requested upcoming deliveries.
2026-10-02 02:00:08 [newuser] INFO  com.example.tailormaster.service.dashboard.DashboardService - Upcoming deliveries fetched: 0
2026-10-02 02:00:08 [newuser] INFO  com.example.tailormaster.controller.dashboard.DashboardController - Upcoming deliveries fetched: 0
2026-10-02 02:00:08 [newuser] INFO  com.example.tailormaster.filter.LoggingInterceptor - User 'newuser' is requesting: GET /tailor-master/customers/datatable
2026-10-02 02:00:08 [newuser] INFO  com.example.tailormaster.controller.CustomerController - Fetching customers data with search value: , sort direction: asc, start date: null, end date: null
2026-10-02 02:00:10 [newuser] INFO  com.example.tailormaster.filter.LoggingInterceptor - User 'newuser' is requesting: GET /tailor-master/customers/create
2026-10-02 02:00:10 [newuser] INFO  com.example.tailormaster.service.product.ProductService - Fetching all active products.
2026-10-02 02:00:10 [newuser] INFO  com.example.tailormaster.service.product.ProductService - Retrieved 1 active products.
2026-10-02 02:00:14 [newuser] INFO  com.example.tailormaster.filter.LoggingInterceptor - User 'newuser' is requesting: GET /tailor-master/products
2026-10-02 02:00:14 [newuser] INFO  com.example.tailormaster.controller.ProductController - User accessed the product list page.
2026-10-02 02:00:14 [newuser] INFO  com.example.tailormaster.service.product.ProductService - Fetching all products.
2026-10-02 02:00:14 [newuser] INFO  com.example.tailormaster.controller.ProductController - Retrieved products: [Product(name=shirt, singleSilai=800.00, doubleSilai=1000.00, enabled=true, user=User(username=newuser, fullName=New User, phone1=03003322332, phone2=, shopName=Logo Test, proprietorName=user1 pro, shopAddress=test, shortCode=LT, enabled=true, trialStartedAt=2026-09-16, trialEndsAt=2026-10-16))] 
2026-10-02 02:00:15 [newuser] INFO  com.example.tailormaster.filter.LoggingInterceptor - User 'newuser' is requesting: GET /tailor-master/dashboard/notifications/upcoming-deliveries
2026-10-02 02:00:15 [newuser] INFO  com.example.tailormaster.controller.dashboard.DashboardController - Requested upcoming deliveries.
2026-10-02 02:00:15 [newuser] INFO  com.example.tailormaster.service.dashboard.DashboardService - Upcoming deliveries fetched: 0
2026-10-02 02:00:15 [newuser] INFO  com.example.tailormaster.controller.dashboard.DashboardController - Upcoming deliveries fetched: 0
2026-10-02 02:00:16 [newuser] INFO  com.example.tailormaster.filter.LoggingInterceptor - User 'newuser' is requesting: GET /tailor-master/products/create
2026-10-02 02:00:16 [newuser] INFO  com.example.tailormaster.controller.ProductController - Displaying create product form.
2026-10-02 02:00:16 [newuser] INFO  com.example.tailormaster.filter.LoggingInterceptor - User 'newuser' is requesting: GET /tailor-master/dashboard/notifications/upcoming-deliveries
2026-10-02 02:00:16 [newuser] INFO  com.example.tailormaster.controller.dashboard.DashboardController - Requested upcoming deliveries.
2026-10-02 02:00:16 [newuser] INFO  com.example.tailormaster.service.dashboard.DashboardService - Upcoming deliveries fetched: 0
2026-10-02 02:00:16 [newuser] INFO  com.example.tailormaster.controller.dashboard.DashboardController - Upcoming deliveries fetched: 0
2026-10-02 02:01:27 [newuser] INFO  com.example.tailormaster.filter.LoggingInterceptor - User 'newuser' is requesting: GET /tailor-master/customers
2026-10-02 02:01:27 [newuser] INFO  com.example.tailormaster.filter.LoggingInterceptor - User 'newuser' is requesting: GET /tailor-master/dashboard/notifications/upcoming-deliveries
2026-10-02 02:01:27 [newuser] INFO  com.example.tailormaster.controller.dashboard.DashboardController - Requested upcoming deliveries.
2026-10-02 02:01:27 [newuser] INFO  com.example.tailormaster.service.dashboard.DashboardService - Upcoming deliveries fetched: 0
2026-10-02 02:01:27 [newuser] INFO  com.example.tailormaster.controller.dashboard.DashboardController - Upcoming deliveries fetched: 0
2026-10-02 02:01:27 [newuser] INFO  com.example.tailormaster.filter.LoggingInterceptor - User 'newuser' is requesting: GET /tailor-master/customers/datatable
2026-10-02 02:01:28 [newuser] INFO  com.example.tailormaster.controller.CustomerController - Fetching customers data with search value: , sort direction: asc, start date: null, end date: null
2026-10-02 02:01:30 [newuser] INFO  com.example.tailormaster.filter.LoggingInterceptor - User 'newuser' is requesting: GET /tailor-master/customers/create
2026-10-02 02:01:30 [newuser] INFO  com.example.tailormaster.service.product.ProductService - Fetching all active products.
2026-10-02 02:01:30 [newuser] INFO  com.example.tailormaster.service.product.ProductService - Retrieved 1 active products.
2026-10-02 02:01:32 [newuser] INFO  com.example.tailormaster.filter.LoggingInterceptor - User 'newuser' is requesting: GET /tailor-master/customers/create
2026-10-02 02:01:32 [newuser] INFO  com.example.tailormaster.service.product.ProductService - Fetching all active products.
2026-10-02 02:01:32 [newuser] INFO  com.example.tailormaster.service.product.ProductService - Retrieved 1 active products.
2026-10-02 02:02:21 [newuser] INFO  com.example.tailormaster.filter.LoggingInterceptor - User 'newuser' is requesting: GET /tailor-master/customers/create
2026-10-02 02:02:21 [newuser] INFO  com.example.tailormaster.service.product.ProductService - Fetching all active products.
2026-10-02 02:02:21 [newuser] INFO  com.example.tailormaster.service.product.ProductService - Retrieved 1 active products.
2026-10-02 02:04:23 [newuser] INFO  com.example.tailormaster.filter.LoggingInterceptor - User 'newuser' is requesting: GET /tailor-master/customers/create
2026-10-02 02:04:23 [newuser] INFO  com.example.tailormaster.service.product.ProductService - Fetching all active products.
2026-10-02 02:04:23 [newuser] INFO  com.example.tailormaster.service.product.ProductService - Retrieved 1 active products.
2026-10-02 02:04:26 [newuser] INFO  com.example.tailormaster.filter.LoggingInterceptor - User 'newuser' is requesting: GET /tailor-master/customers/create
2026-10-02 02:04:26 [newuser] INFO  com.example.tailormaster.service.product.ProductService - Fetching all active products.
2026-10-02 02:04:26 [newuser] INFO  com.example.tailormaster.service.product.ProductService - Retrieved 1 active products.
2026-10-02 02:04:28 [newuser] INFO  com.example.tailormaster.filter.LoggingInterceptor - User 'newuser' is requesting: GET /tailor-master/products
2026-10-02 02:04:28 [newuser] INFO  com.example.tailormaster.controller.ProductController - User accessed the product list page.
2026-10-02 02:04:28 [newuser] INFO  com.example.tailormaster.service.product.ProductService - Fetching all products.
2026-10-02 02:04:28 [newuser] INFO  com.example.tailormaster.controller.ProductController - Retrieved products: [Product(name=shirt, singleSilai=800.00, doubleSilai=1000.00, enabled=true, user=User(username=newuser, fullName=New User, phone1=03003322332, phone2=, shopName=Logo Test, proprietorName=user1 pro, shopAddress=test, shortCode=LT, enabled=true, trialStartedAt=2026-09-16, trialEndsAt=2026-10-16))] 
2026-10-02 02:04:29 [newuser] INFO  com.example.tailormaster.filter.LoggingInterceptor - User 'newuser' is requesting: GET /tailor-master/dashboard/notifications/upcoming-deliveries
2026-10-02 02:04:29 [newuser] INFO  com.example.tailormaster.controller.dashboard.DashboardController - Requested upcoming deliveries.
2026-10-02 02:04:29 [newuser] INFO  com.example.tailormaster.service.dashboard.DashboardService - Upcoming deliveries fetched: 0
2026-10-02 02:04:29 [newuser] INFO  com.example.tailormaster.controller.dashboard.DashboardController - Upcoming deliveries fetched: 0
2026-10-02 02:04:33 [newuser] INFO  com.example.tailormaster.filter.LoggingInterceptor - User 'newuser' is requesting: GET /tailor-master/products/create
2026-10-02 02:04:33 [newuser] INFO  com.example.tailormaster.controller.ProductController - Displaying create product form.
2026-10-02 02:04:33 [newuser] INFO  com.example.tailormaster.filter.LoggingInterceptor - User 'newuser' is requesting: GET /tailor-master/dashboard/notifications/upcoming-deliveries
2026-10-02 02:04:33 [newuser] INFO  com.example.tailormaster.controller.dashboard.DashboardController - Requested upcoming deliveries.
2026-10-02 02:04:33 [newuser] INFO  com.example.tailormaster.service.dashboard.DashboardService - Upcoming deliveries fetched: 0
2026-10-02 02:04:33 [newuser] INFO  com.example.tailormaster.controller.dashboard.DashboardController - Upcoming deliveries fetched: 0
2026-10-02 02:04:38 [newuser] INFO  com.example.tailormaster.filter.LoggingInterceptor - User 'newuser' is requesting: GET /tailor-master/customers
2026-10-02 02:04:38 [newuser] INFO  com.example.tailormaster.filter.LoggingInterceptor - User 'newuser' is requesting: GET /tailor-master/dashboard/notifications/upcoming-deliveries
2026-10-02 02:04:38 [newuser] INFO  com.example.tailormaster.controller.dashboard.DashboardController - Requested upcoming deliveries.
2026-10-02 02:04:38 [newuser] INFO  com.example.tailormaster.service.dashboard.DashboardService - Upcoming deliveries fetched: 0
2026-10-02 02:04:38 [newuser] INFO  com.example.tailormaster.controller.dashboard.DashboardController - Upcoming deliveries fetched: 0
2026-10-02 02:04:38 [newuser] INFO  com.example.tailormaster.filter.LoggingInterceptor - User 'newuser' is requesting: GET /tailor-master/customers/datatable
2026-10-02 02:04:38 [newuser] INFO  com.example.tailormaster.controller.CustomerController - Fetching customers data with search value: , sort direction: asc, start date: null, end date: null
2026-10-02 02:04:40 [newuser] INFO  com.example.tailormaster.filter.LoggingInterceptor - User 'newuser' is requesting: GET /tailor-master/customers/create
2026-10-02 02:04:40 [newuser] INFO  com.example.tailormaster.service.product.ProductService - Fetching all active products.
2026-10-02 02:04:40 [newuser] INFO  com.example.tailormaster.service.product.ProductService - Retrieved 1 active products.
2026-10-02 02:05:32 [newuser] INFO  com.example.tailormaster.filter.LoggingInterceptor - User 'newuser' is requesting: GET /tailor-master/customers/create
2026-10-02 02:05:32 [newuser] INFO  com.example.tailormaster.service.product.ProductService - Fetching all active products.
2026-10-02 02:05:32 [newuser] INFO  com.example.tailormaster.service.product.ProductService - Retrieved 1 active products.
2026-10-02 02:05:37 [newuser] INFO  com.example.tailormaster.filter.LoggingInterceptor - User 'newuser' is requesting: GET /tailor-master/customers/create
2026-10-02 02:05:37 [newuser] INFO  com.example.tailormaster.service.product.ProductService - Fetching all active products.
2026-10-02 02:05:37 [newuser] INFO  com.example.tailormaster.service.product.ProductService - Retrieved 1 active products.
2026-10-02 02:05:45 [newuser] INFO  com.example.tailormaster.filter.LoggingInterceptor - User 'newuser' is requesting: GET /tailor-master/products
2026-10-02 02:05:45 [newuser] INFO  com.example.tailormaster.controller.ProductController - User accessed the product list page.
2026-10-02 02:05:45 [newuser] INFO  com.example.tailormaster.service.product.ProductService - Fetching all products.
2026-10-02 02:05:45 [newuser] INFO  com.example.tailormaster.controller.ProductController - Retrieved products: [Product(name=shirt, singleSilai=800.00, doubleSilai=1000.00, enabled=true, user=User(username=newuser, fullName=New User, phone1=03003322332, phone2=, shopName=Logo Test, proprietorName=user1 pro, shopAddress=test, shortCode=LT, enabled=true, trialStartedAt=2026-09-16, trialEndsAt=2026-10-16))] 
2026-10-02 02:05:46 [newuser] INFO  com.example.tailormaster.filter.LoggingInterceptor - User 'newuser' is requesting: GET /tailor-master/dashboard/notifications/upcoming-deliveries
2026-10-02 02:05:46 [newuser] INFO  com.example.tailormaster.controller.dashboard.DashboardController - Requested upcoming deliveries.
2026-10-02 02:05:46 [newuser] INFO  com.example.tailormaster.service.dashboard.DashboardService - Upcoming deliveries fetched: 0
2026-10-02 02:05:46 [newuser] INFO  com.example.tailormaster.controller.dashboard.DashboardController - Upcoming deliveries fetched: 0
2026-10-02 02:05:48 [newuser] INFO  com.example.tailormaster.filter.LoggingInterceptor - User 'newuser' is requesting: GET /tailor-master/products/create
2026-10-02 02:05:48 [newuser] INFO  com.example.tailormaster.controller.ProductController - Displaying create product form.
2026-10-02 02:05:48 [newuser] INFO  com.example.tailormaster.filter.LoggingInterceptor - User 'newuser' is requesting: GET /tailor-master/dashboard/notifications/upcoming-deliveries
2026-10-02 02:05:48 [newuser] INFO  com.example.tailormaster.controller.dashboard.DashboardController - Requested upcoming deliveries.
2026-10-02 02:05:48 [newuser] INFO  com.example.tailormaster.service.dashboard.DashboardService - Upcoming deliveries fetched: 0
2026-10-02 02:05:48 [newuser] INFO  com.example.tailormaster.controller.dashboard.DashboardController - Upcoming deliveries fetched: 0
2026-10-02 02:07:59 [newuser] INFO  com.example.tailormaster.filter.LoggingInterceptor - User 'newuser' is requesting: GET /tailor-master/products/create
2026-10-02 02:07:59 [newuser] INFO  com.example.tailormaster.controller.ProductController - Displaying create product form.
2026-10-02 02:07:59 [newuser] INFO  com.example.tailormaster.filter.LoggingInterceptor - User 'newuser' is requesting: GET /tailor-master/dashboard/notifications/upcoming-deliveries
2026-10-02 02:07:59 [newuser] INFO  com.example.tailormaster.controller.dashboard.DashboardController - Requested upcoming deliveries.
2026-10-02 02:07:59 [newuser] INFO  com.example.tailormaster.service.dashboard.DashboardService - Upcoming deliveries fetched: 0
2026-10-02 02:07:59 [newuser] INFO  com.example.tailormaster.controller.dashboard.DashboardController - Upcoming deliveries fetched: 0
2026-10-02 02:08:01 [newuser] INFO  com.example.tailormaster.filter.LoggingInterceptor - User 'newuser' is requesting: GET /tailor-master/customers
2026-10-02 02:08:02 [newuser] INFO  com.example.tailormaster.filter.LoggingInterceptor - User 'newuser' is requesting: GET /tailor-master/dashboard/notifications/upcoming-deliveries
2026-10-02 02:08:02 [newuser] INFO  com.example.tailormaster.controller.dashboard.DashboardController - Requested upcoming deliveries.
2026-10-02 02:08:02 [newuser] INFO  com.example.tailormaster.service.dashboard.DashboardService - Upcoming deliveries fetched: 0
2026-10-02 02:08:02 [newuser] INFO  com.example.tailormaster.controller.dashboard.DashboardController - Upcoming deliveries fetched: 0
2026-10-02 02:08:02 [newuser] INFO  com.example.tailormaster.filter.LoggingInterceptor - User 'newuser' is requesting: GET /tailor-master/customers/datatable
2026-10-02 02:08:02 [newuser] INFO  com.example.tailormaster.controller.CustomerController - Fetching customers data with search value: , sort direction: asc, start date: null, end date: null
2026-10-02 02:08:04 [newuser] INFO  com.example.tailormaster.filter.LoggingInterceptor - User 'newuser' is requesting: GET /tailor-master/customers/create
2026-10-02 02:08:04 [newuser] INFO  com.example.tailormaster.service.product.ProductService - Fetching all active products.
2026-10-02 02:08:04 [newuser] INFO  com.example.tailormaster.service.product.ProductService - Retrieved 1 active products.
2026-10-02 02:08:15 [newuser] INFO  com.example.tailormaster.filter.LoggingInterceptor - User 'newuser' is requesting: GET /tailor-master/customers/create
2026-10-02 02:08:15 [newuser] INFO  com.example.tailormaster.service.product.ProductService - Fetching all active products.
2026-10-02 02:08:15 [newuser] INFO  com.example.tailormaster.service.product.ProductService - Retrieved 1 active products.
2026-10-02 02:08:17 [newuser] INFO  com.example.tailormaster.filter.LoggingInterceptor - User 'newuser' is requesting: GET /tailor-master/customers/create
2026-10-02 02:08:17 [newuser] INFO  com.example.tailormaster.service.product.ProductService - Fetching all active products.
2026-10-02 02:08:17 [newuser] INFO  com.example.tailormaster.service.product.ProductService - Retrieved 1 active products.
2026-10-02 02:08:17 [newuser] ERROR org.thymeleaf.TemplateEngine - [THYMELEAF][http-nio-8080-exec-6] Exception processing template "customer/create-customer-wizard": Error resolving template [customer/create-customer-wizard], template might not exist or might not be accessible by any of the configured Template Resolvers
org.thymeleaf.exceptions.TemplateInputException: Error resolving template [customer/create-customer-wizard], template might not exist or might not be accessible by any of the configured Template Resolvers
	at org.thymeleaf.engine.TemplateManager.resolveTemplate(TemplateManager.java:869) ~[thymeleaf-3.1.3.RELEASE.jar:3.1.3.RELEASE]
	at org.thymeleaf.engine.TemplateManager.parseAndProcess(TemplateManager.java:607) ~[thymeleaf-3.1.3.RELEASE.jar:3.1.3.RELEASE]
	at org.thymeleaf.TemplateEngine.process(TemplateEngine.java:1103) ~[thymeleaf-3.1.3.RELEASE.jar:3.1.3.RELEASE]
	at org.thymeleaf.TemplateEngine.process(TemplateEngine.java:1077) ~[thymeleaf-3.1.3.RELEASE.jar:3.1.3.RELEASE]
	at org.thymeleaf.spring6.view.ThymeleafView.renderFragment(ThymeleafView.java:372) ~[thymeleaf-spring6-3.1.3.RELEASE.jar:3.1.3.RELEASE]
	at org.thymeleaf.spring6.view.ThymeleafView.render(ThymeleafView.java:192) ~[thymeleaf-spring6-3.1.3.RELEASE.jar:3.1.3.RELEASE]
	at org.springframework.web.servlet.DispatcherServlet.render(DispatcherServlet.java:1435) ~[spring-webmvc-6.2.1.jar:6.2.1]
	at org.springframework.web.servlet.DispatcherServlet.processDispatchResult(DispatcherServlet.java:1167) ~[spring-webmvc-6.2.1.jar:6.2.1]
	at org.springframework.web.servlet.DispatcherServlet.doDispatch(DispatcherServlet.java:1105) ~[spring-webmvc-6.2.1.jar:6.2.1]
	at org.springframework.web.servlet.DispatcherServlet.doService(DispatcherServlet.java:978) ~[spring-webmvc-6.2.1.jar:6.2.1]
	at org.springframework.web.servlet.FrameworkServlet.processRequest(FrameworkServlet.java:1014) ~[spring-webmvc-6.2.1.jar:6.2.1]
	at org.springframework.web.servlet.FrameworkServlet.doGet(FrameworkServlet.java:903) ~[spring-webmvc-6.2.1.jar:6.2.1]
	at jakarta.servlet.http.HttpServlet.service(HttpServlet.java:564) ~[tomcat-embed-core-10.1.40.jar:6.0]
	at org.springframework.web.servlet.FrameworkServlet.service(FrameworkServlet.java:885) ~[spring-webmvc-6.2.1.jar:6.2.1]
	at jakarta.servlet.http.HttpServlet.service(HttpServlet.java:658) ~[tomcat-embed-core-10.1.40.jar:6.0]
	at org.apache.catalina.core.ApplicationFilterChain.internalDoFilter(ApplicationFilterChain.java:195) ~[tomcat-embed-core-10.1.40.jar:10.1.40]
	at org.apache.catalina.core.ApplicationFilterChain.doFilter(ApplicationFilterChain.java:140) ~[tomcat-embed-core-10.1.40.jar:10.1.40]
	at org.apache.tomcat.websocket.server.WsFilter.doFilter(WsFilter.java:51) ~[tomcat-embed-websocket-10.1.40.jar:10.1.40]
	at org.apache.catalina.core.ApplicationFilterChain.internalDoFilter(ApplicationFilterChain.java:164) ~[tomcat-embed-core-10.1.40.jar:10.1.40]
	at org.apache.catalina.core.ApplicationFilterChain.doFilter(ApplicationFilterChain.java:140) ~[tomcat-embed-core-10.1.40.jar:10.1.40]
	at com.example.tailormaster.filter.LoggingMDCFilter.doFilter(LoggingMDCFilter.java:30) ~[classes/:?]
	at org.apache.catalina.core.ApplicationFilterChain.internalDoFilter(ApplicationFilterChain.java:164) ~[tomcat-embed-core-10.1.40.jar:10.1.40]
	at org.apache.catalina.core.ApplicationFilterChain.doFilter(ApplicationFilterChain.java:140) ~[tomcat-embed-core-10.1.40.jar:10.1.40]
	at org.springframework.web.filter.CompositeFilter$VirtualFilterChain.doFilter(CompositeFilter.java:108) ~[spring-web-6.2.1.jar:6.2.1]
	at org.springframework.security.web.FilterChainProxy.lambda$doFilterInternal$3(FilterChainProxy.java:231) ~[spring-security-web-6.4.2.jar:6.4.2]
	at org.springframework.security.web.FilterChainProxy$VirtualFilterChain.doFilter(FilterChainProxy.java:365) ~[spring-security-web-6.4.2.jar:6.4.2]
	at org.springframework.security.web.access.intercept.AuthorizationFilter.doFilter(AuthorizationFilter.java:101) ~[spring-security-web-6.4.2.jar:6.4.2]
	at org.springframework.security.web.FilterChainProxy$VirtualFilterChain.doFilter(FilterChainProxy.java:374) ~[spring-security-web-6.4.2.jar:6.4.2]
	at org.springframework.security.web.access.ExceptionTranslationFilter.doFilter(ExceptionTranslationFilter.java:126) ~[spring-security-web-6.4.2.jar:6.4.2]
	at org.springframework.security.web.access.ExceptionTranslationFilter.doFilter(ExceptionTranslationFilter.java:120) ~[spring-security-web-6.4.2.jar:6.4.2]
	at org.springframework.security.web.FilterChainProxy$VirtualFilterChain.doFilter(FilterChainProxy.java:374) ~[spring-security-web-6.4.2.jar:6.4.2]
	at org.springframework.security.web.authentication.AnonymousAuthenticationFilter.doFilter(AnonymousAuthenticationFilter.java:100) ~[spring-security-web-6.4.2.jar:6.4.2]
	at org.springframework.security.web.FilterChainProxy$VirtualFilterChain.doFilter(FilterChainProxy.java:374) ~[spring-security-web-6.4.2.jar:6.4.2]
	at org.springframework.security.web.servletapi.SecurityContextHolderAwareRequestFilter.doFilter(SecurityContextHolderAwareRequestFilter.java:179) ~[spring-security-web-6.4.2.jar:6.4.2]
	at org.springframework.security.web.FilterChainProxy$VirtualFilterChain.doFilter(FilterChainProxy.java:374) ~[spring-security-web-6.4.2.jar:6.4.2]
	at org.springframework.security.web.savedrequest.RequestCacheAwareFilter.doFilter(RequestCacheAwareFilter.java:63) ~[spring-security-web-6.4.2.jar:6.4.2]
	at org.springframework.security.web.FilterChainProxy$VirtualFilterChain.doFilter(FilterChainProxy.java:374) ~[spring-security-web-6.4.2.jar:6.4.2]
	at org.springframework.security.web.authentication.AbstractAuthenticationProcessingFilter.doFilter(AbstractAuthenticationProcessingFilter.java:227) ~[spring-security-web-6.4.2.jar:6.4.2]
	at org.springframework.security.web.authentication.AbstractAuthenticationProcessingFilter.doFilter(AbstractAuthenticationProcessingFilter.java:221) ~[spring-security-web-6.4.2.jar:6.4.2]
	at org.springframework.security.web.FilterChainProxy$VirtualFilterChain.doFilter(FilterChainProxy.java:374) ~[spring-security-web-6.4.2.jar:6.4.2]
	at org.springframework.security.web.authentication.logout.LogoutFilter.doFilter(LogoutFilter.java:107) ~[spring-security-web-6.4.2.jar:6.4.2]
	at org.springframework.security.web.authentication.logout.LogoutFilter.doFilter(LogoutFilter.java:93) ~[spring-security-web-6.4.2.jar:6.4.2]
	at org.springframework.security.web.FilterChainProxy$VirtualFilterChain.doFilter(FilterChainProxy.java:374) ~[spring-security-web-6.4.2.jar:6.4.2]
	at org.springframework.security.web.csrf.CsrfFilter.doFilterInternal(CsrfFilter.java:117) ~[spring-security-web-6.4.2.jar:6.4.2]
	at org.springframework.web.filter.OncePerRequestFilter.doFilter(OncePerRequestFilter.java:116) ~[spring-web-6.2.1.jar:6.2.1]
	at org.springframework.security.web.FilterChainProxy$VirtualFilterChain.doFilter(FilterChainProxy.java:374) ~[spring-security-web-6.4.2.jar:6.4.2]
	at org.springframework.security.web.header.HeaderWriterFilter.doHeadersAfter(HeaderWriterFilter.java:90) ~[spring-security-web-6.4.2.jar:6.4.2]
	at org.springframework.security.web.header.HeaderWriterFilter.doFilterInternal(HeaderWriterFilter.java:75) ~[spring-security-web-6.4.2.jar:6.4.2]
	at org.springframework.web.filter.OncePerRequestFilter.doFilter(OncePerRequestFilter.java:116) ~[spring-web-6.2.1.jar:6.2.1]
	at org.springframework.security.web.FilterChainProxy$VirtualFilterChain.doFilter(FilterChainProxy.java:374) ~[spring-security-web-6.4.2.jar:6.4.2]
	at org.springframework.security.web.context.SecurityContextHolderFilter.doFilter(SecurityContextHolderFilter.java:82) ~[spring-security-web-6.4.2.jar:6.4.2]
	at org.springframework.security.web.context.SecurityContextHolderFilter.doFilter(SecurityContextHolderFilter.java:69) ~[spring-security-web-6.4.2.jar:6.4.2]
	at org.springframework.security.web.FilterChainProxy$VirtualFilterChain.doFilter(FilterChainProxy.java:374) ~[spring-security-web-6.4.2.jar:6.4.2]
	at org.springframework.security.web.context.request.async.WebAsyncManagerIntegrationFilter.doFilterInternal(WebAsyncManagerIntegrationFilter.java:62) ~[spring-security-web-6.4.2.jar:6.4.2]
	at org.springframework.web.filter.OncePerRequestFilter.doFilter(OncePerRequestFilter.java:116) ~[spring-web-6.2.1.jar:6.2.1]
	at org.springframework.security.web.FilterChainProxy$VirtualFilterChain.doFilter(FilterChainProxy.java:374) ~[spring-security-web-6.4.2.jar:6.4.2]
	at org.springframework.security.web.session.DisableEncodeUrlFilter.doFilterInternal(DisableEncodeUrlFilter.java:42) ~[spring-security-web-6.4.2.jar:6.4.2]
	at org.springframework.web.filter.OncePerRequestFilter.doFilter(OncePerRequestFilter.java:116) ~[spring-web-6.2.1.jar:6.2.1]
	at org.springframework.security.web.FilterChainProxy$VirtualFilterChain.doFilter(FilterChainProxy.java:374) ~[spring-security-web-6.4.2.jar:6.4.2]
	at org.springframework.security.web.FilterChainProxy.doFilterInternal(FilterChainProxy.java:233) ~[spring-security-web-6.4.2.jar:6.4.2]
	at org.springframework.security.web.FilterChainProxy.doFilter(FilterChainProxy.java:191) ~[spring-security-web-6.4.2.jar:6.4.2]
	at org.springframework.web.filter.CompositeFilter$VirtualFilterChain.doFilter(CompositeFilter.java:113) ~[spring-web-6.2.1.jar:6.2.1]
	at org.springframework.web.servlet.handler.HandlerMappingIntrospector.lambda$createCacheFilter$3(HandlerMappingIntrospector.java:243) ~[spring-webmvc-6.2.1.jar:6.2.1]
	at org.springframework.web.filter.CompositeFilter$VirtualFilterChain.doFilter(CompositeFilter.java:113) [spring-web-6.2.1.jar:6.2.1]
	at org.springframework.web.filter.CompositeFilter.doFilter(CompositeFilter.java:74) [spring-web-6.2.1.jar:6.2.1]
	at org.springframework.security.config.annotation.web.configuration.WebMvcSecurityConfiguration$CompositeFilterChainProxy.doFilter(WebMvcSecurityConfiguration.java:238) [spring-security-config-6.4.2.jar:6.4.2]
	at org.springframework.web.filter.DelegatingFilterProxy.invokeDelegate(DelegatingFilterProxy.java:362) [spring-web-6.2.1.jar:6.2.1]
	at org.springframework.web.filter.DelegatingFilterProxy.doFilter(DelegatingFilterProxy.java:278) [spring-web-6.2.1.jar:6.2.1]
	at org.apache.catalina.core.ApplicationFilterChain.internalDoFilter(ApplicationFilterChain.java:164) [tomcat-embed-core-10.1.40.jar:10.1.40]
	at org.apache.catalina.core.ApplicationFilterChain.doFilter(ApplicationFilterChain.java:140) [tomcat-embed-core-10.1.40.jar:10.1.40]
	at org.springframework.web.filter.RequestContextFilter.doFilterInternal(RequestContextFilter.java:100) [spring-web-6.2.1.jar:6.2.1]
	at org.springframework.web.filter.OncePerRequestFilter.doFilter(OncePerRequestFilter.java:116) [spring-web-6.2.1.jar:6.2.1]
	at org.apache.catalina.core.ApplicationFilterChain.internalDoFilter(ApplicationFilterChain.java:164) [tomcat-embed-core-10.1.40.jar:10.1.40]
	at org.apache.catalina.core.ApplicationFilterChain.doFilter(ApplicationFilterChain.java:140) [tomcat-embed-core-10.1.40.jar:10.1.40]
	at org.springframework.web.filter.FormContentFilter.doFilterInternal(FormContentFilter.java:93) [spring-web-6.2.1.jar:6.2.1]
	at org.springframework.web.filter.OncePerRequestFilter.doFilter(OncePerRequestFilter.java:116) [spring-web-6.2.1.jar:6.2.1]
	at org.apache.catalina.core.ApplicationFilterChain.internalDoFilter(ApplicationFilterChain.java:164) [tomcat-embed-core-10.1.40.jar:10.1.40]
	at org.apache.catalina.core.ApplicationFilterChain.doFilter(ApplicationFilterChain.java:140) [tomcat-embed-core-10.1.40.jar:10.1.40]
	at org.springframework.web.filter.CharacterEncodingFilter.doFilterInternal(CharacterEncodingFilter.java:201) [spring-web-6.2.1.jar:6.2.1]
	at org.springframework.web.filter.OncePerRequestFilter.doFilter(OncePerRequestFilter.java:116) [spring-web-6.2.1.jar:6.2.1]
	at org.apache.catalina.core.ApplicationFilterChain.internalDoFilter(ApplicationFilterChain.java:164) [tomcat-embed-core-10.1.40.jar:10.1.40]
	at org.apache.catalina.core.ApplicationFilterChain.doFilter(ApplicationFilterChain.java:140) [tomcat-embed-core-10.1.40.jar:10.1.40]
	at org.apache.catalina.core.StandardWrapperValve.invoke(StandardWrapperValve.java:167) [tomcat-embed-core-10.1.40.jar:10.1.40]
	at org.apache.catalina.core.StandardContextValve.invoke(StandardContextValve.java:90) [tomcat-embed-core-10.1.40.jar:10.1.40]
	at org.apache.catalina.authenticator.AuthenticatorBase.invoke(AuthenticatorBase.java:483) [tomcat-embed-core-10.1.40.jar:10.1.40]
	at org.apache.catalina.core.StandardHostValve.invoke(StandardHostValve.java:116) [tomcat-embed-core-10.1.40.jar:10.1.40]
	at org.apache.catalina.valves.ErrorReportValve.invoke(ErrorReportValve.java:93) [tomcat-embed-core-10.1.40.jar:10.1.40]
	at org.apache.catalina.core.StandardEngineValve.invoke(StandardEngineValve.java:74) [tomcat-embed-core-10.1.40.jar:10.1.40]
	at org.apache.catalina.connector.CoyoteAdapter.service(CoyoteAdapter.java:344) [tomcat-embed-core-10.1.40.jar:10.1.40]
	at org.apache.coyote.http11.Http11Processor.service(Http11Processor.java:398) [tomcat-embed-core-10.1.40.jar:10.1.40]
	at org.apache.coyote.AbstractProcessorLight.process(AbstractProcessorLight.java:63) [tomcat-embed-core-10.1.40.jar:10.1.40]
	at org.apache.coyote.AbstractProtocol$ConnectionHandler.process(AbstractProtocol.java:903) [tomcat-embed-core-10.1.40.jar:10.1.40]
	at org.apache.tomcat.util.net.NioEndpoint$SocketProcessor.doRun(NioEndpoint.java:1740) [tomcat-embed-core-10.1.40.jar:10.1.40]
	at org.apache.tomcat.util.net.SocketProcessorBase.run(SocketProcessorBase.java:52) [tomcat-embed-core-10.1.40.jar:10.1.40]
	at org.apache.tomcat.util.threads.ThreadPoolExecutor.runWorker(ThreadPoolExecutor.java:1189) [tomcat-embed-core-10.1.40.jar:10.1.40]
	at org.apache.tomcat.util.threads.ThreadPoolExecutor$Worker.run(ThreadPoolExecutor.java:658) [tomcat-embed-core-10.1.40.jar:10.1.40]
	at org.apache.tomcat.util.threads.TaskThread$WrappingRunnable.run(TaskThread.java:63) [tomcat-embed-core-10.1.40.jar:10.1.40]
	at java.base/java.lang.Thread.run(Thread.java:833) [?:?]
2026-10-02 02:08:17 [] ERROR org.apache.catalina.core.ContainerBase.[Tomcat].[localhost].[/tailor-master].[dispatcherServlet] - Servlet.service() for servlet [dispatcherServlet] in context with path [/tailor-master] threw exception [Request processing failed: org.thymeleaf.exceptions.TemplateInputException: Error resolving template [customer/create-customer-wizard], template might not exist or might not be accessible by any of the configured Template Resolvers] with root cause
org.thymeleaf.exceptions.TemplateInputException: Error resolving template [customer/create-customer-wizard], template might not exist or might not be accessible by any of the configured Template Resolvers
	at org.thymeleaf.engine.TemplateManager.resolveTemplate(TemplateManager.java:869) ~[thymeleaf-3.1.3.RELEASE.jar:3.1.3.RELEASE]
	at org.thymeleaf.engine.TemplateManager.parseAndProcess(TemplateManager.java:607) ~[thymeleaf-3.1.3.RELEASE.jar:3.1.3.RELEASE]
	at org.thymeleaf.TemplateEngine.process(TemplateEngine.java:1103) ~[thymeleaf-3.1.3.RELEASE.jar:3.1.3.RELEASE]
	at org.thymeleaf.TemplateEngine.process(TemplateEngine.java:1077) ~[thymeleaf-3.1.3.RELEASE.jar:3.1.3.RELEASE]
	at org.thymeleaf.spring6.view.ThymeleafView.renderFragment(ThymeleafView.java:372) ~[thymeleaf-spring6-3.1.3.RELEASE.jar:3.1.3.RELEASE]
	at org.thymeleaf.spring6.view.ThymeleafView.render(ThymeleafView.java:192) ~[thymeleaf-spring6-3.1.3.RELEASE.jar:3.1.3.RELEASE]
	at org.springframework.web.servlet.DispatcherServlet.render(DispatcherServlet.java:1435) ~[spring-webmvc-6.2.1.jar:6.2.1]
	at org.springframework.web.servlet.DispatcherServlet.processDispatchResult(DispatcherServlet.java:1167) ~[spring-webmvc-6.2.1.jar:6.2.1]
	at org.springframework.web.servlet.DispatcherServlet.doDispatch(DispatcherServlet.java:1105) ~[spring-webmvc-6.2.1.jar:6.2.1]
	at org.springframework.web.servlet.DispatcherServlet.doService(DispatcherServlet.java:978) ~[spring-webmvc-6.2.1.jar:6.2.1]
	at org.springframework.web.servlet.FrameworkServlet.processRequest(FrameworkServlet.java:1014) ~[spring-webmvc-6.2.1.jar:6.2.1]
	at org.springframework.web.servlet.FrameworkServlet.doGet(FrameworkServlet.java:903) ~[spring-webmvc-6.2.1.jar:6.2.1]
	at jakarta.servlet.http.HttpServlet.service(HttpServlet.java:564) ~[tomcat-embed-core-10.1.40.jar:6.0]
	at org.springframework.web.servlet.FrameworkServlet.service(FrameworkServlet.java:885) ~[spring-webmvc-6.2.1.jar:6.2.1]
	at jakarta.servlet.http.HttpServlet.service(HttpServlet.java:658) ~[tomcat-embed-core-10.1.40.jar:6.0]
	at org.apache.catalina.core.ApplicationFilterChain.internalDoFilter(ApplicationFilterChain.java:195) ~[tomcat-embed-core-10.1.40.jar:10.1.40]
	at org.apache.catalina.core.ApplicationFilterChain.doFilter(ApplicationFilterChain.java:140) ~[tomcat-embed-core-10.1.40.jar:10.1.40]
	at org.apache.tomcat.websocket.server.WsFilter.doFilter(WsFilter.java:51) ~[tomcat-embed-websocket-10.1.40.jar:10.1.40]
	at org.apache.catalina.core.ApplicationFilterChain.internalDoFilter(ApplicationFilterChain.java:164) ~[tomcat-embed-core-10.1.40.jar:10.1.40]
	at org.apache.catalina.core.ApplicationFilterChain.doFilter(ApplicationFilterChain.java:140) ~[tomcat-embed-core-10.1.40.jar:10.1.40]
	at com.example.tailormaster.filter.LoggingMDCFilter.doFilter(LoggingMDCFilter.java:30) ~[classes/:?]
	at org.apache.catalina.core.ApplicationFilterChain.internalDoFilter(ApplicationFilterChain.java:164) ~[tomcat-embed-core-10.1.40.jar:10.1.40]
	at org.apache.catalina.core.ApplicationFilterChain.doFilter(ApplicationFilterChain.java:140) ~[tomcat-embed-core-10.1.40.jar:10.1.40]
	at org.springframework.web.filter.CompositeFilter$VirtualFilterChain.doFilter(CompositeFilter.java:108) ~[spring-web-6.2.1.jar:6.2.1]
	at org.springframework.security.web.FilterChainProxy.lambda$doFilterInternal$3(FilterChainProxy.java:231) ~[spring-security-web-6.4.2.jar:6.4.2]
	at org.springframework.security.web.FilterChainProxy$VirtualFilterChain.doFilter(FilterChainProxy.java:365) ~[spring-security-web-6.4.2.jar:6.4.2]
	at org.springframework.security.web.access.intercept.AuthorizationFilter.doFilter(AuthorizationFilter.java:101) ~[spring-security-web-6.4.2.jar:6.4.2]
	at org.springframework.security.web.FilterChainProxy$VirtualFilterChain.doFilter(FilterChainProxy.java:374) ~[spring-security-web-6.4.2.jar:6.4.2]
	at org.springframework.security.web.access.ExceptionTranslationFilter.doFilter(ExceptionTranslationFilter.java:126) ~[spring-security-web-6.4.2.jar:6.4.2]
	at org.springframework.security.web.access.ExceptionTranslationFilter.doFilter(ExceptionTranslationFilter.java:120) ~[spring-security-web-6.4.2.jar:6.4.2]
	at org.springframework.security.web.FilterChainProxy$VirtualFilterChain.doFilter(FilterChainProxy.java:374) ~[spring-security-web-6.4.2.jar:6.4.2]
	at org.springframework.security.web.authentication.AnonymousAuthenticationFilter.doFilter(AnonymousAuthenticationFilter.java:100) ~[spring-security-web-6.4.2.jar:6.4.2]
	at org.springframework.security.web.FilterChainProxy$VirtualFilterChain.doFilter(FilterChainProxy.java:374) ~[spring-security-web-6.4.2.jar:6.4.2]
	at org.springframework.security.web.servletapi.SecurityContextHolderAwareRequestFilter.doFilter(SecurityContextHolderAwareRequestFilter.java:179) ~[spring-security-web-6.4.2.jar:6.4.2]
	at org.springframework.security.web.FilterChainProxy$VirtualFilterChain.doFilter(FilterChainProxy.java:374) ~[spring-security-web-6.4.2.jar:6.4.2]
	at org.springframework.security.web.savedrequest.RequestCacheAwareFilter.doFilter(RequestCacheAwareFilter.java:63) ~[spring-security-web-6.4.2.jar:6.4.2]
	at org.springframework.security.web.FilterChainProxy$VirtualFilterChain.doFilter(FilterChainProxy.java:374) ~[spring-security-web-6.4.2.jar:6.4.2]
	at org.springframework.security.web.authentication.AbstractAuthenticationProcessingFilter.doFilter(AbstractAuthenticationProcessingFilter.java:227) ~[spring-security-web-6.4.2.jar:6.4.2]
	at org.springframework.security.web.authentication.AbstractAuthenticationProcessingFilter.doFilter(AbstractAuthenticationProcessingFilter.java:221) ~[spring-security-web-6.4.2.jar:6.4.2]
	at org.springframework.security.web.FilterChainProxy$VirtualFilterChain.doFilter(FilterChainProxy.java:374) ~[spring-security-web-6.4.2.jar:6.4.2]
	at org.springframework.security.web.authentication.logout.LogoutFilter.doFilter(LogoutFilter.java:107) ~[spring-security-web-6.4.2.jar:6.4.2]
	at org.springframework.security.web.authentication.logout.LogoutFilter.doFilter(LogoutFilter.java:93) ~[spring-security-web-6.4.2.jar:6.4.2]
	at org.springframework.security.web.FilterChainProxy$VirtualFilterChain.doFilter(FilterChainProxy.java:374) ~[spring-security-web-6.4.2.jar:6.4.2]
	at org.springframework.security.web.csrf.CsrfFilter.doFilterInternal(CsrfFilter.java:117) ~[spring-security-web-6.4.2.jar:6.4.2]
	at org.springframework.web.filter.OncePerRequestFilter.doFilter(OncePerRequestFilter.java:116) ~[spring-web-6.2.1.jar:6.2.1]
	at org.springframework.security.web.FilterChainProxy$VirtualFilterChain.doFilter(FilterChainProxy.java:374) ~[spring-security-web-6.4.2.jar:6.4.2]
	at org.springframework.security.web.header.HeaderWriterFilter.doHeadersAfter(HeaderWriterFilter.java:90) ~[spring-security-web-6.4.2.jar:6.4.2]
	at org.springframework.security.web.header.HeaderWriterFilter.doFilterInternal(HeaderWriterFilter.java:75) ~[spring-security-web-6.4.2.jar:6.4.2]
	at org.springframework.web.filter.OncePerRequestFilter.doFilter(OncePerRequestFilter.java:116) ~[spring-web-6.2.1.jar:6.2.1]
	at org.springframework.security.web.FilterChainProxy$VirtualFilterChain.doFilter(FilterChainProxy.java:374) ~[spring-security-web-6.4.2.jar:6.4.2]
	at org.springframework.security.web.context.SecurityContextHolderFilter.doFilter(SecurityContextHolderFilter.java:82) ~[spring-security-web-6.4.2.jar:6.4.2]
	at org.springframework.security.web.context.SecurityContextHolderFilter.doFilter(SecurityContextHolderFilter.java:69) ~[spring-security-web-6.4.2.jar:6.4.2]
	at org.springframework.security.web.FilterChainProxy$VirtualFilterChain.doFilter(FilterChainProxy.java:374) ~[spring-security-web-6.4.2.jar:6.4.2]
	at org.springframework.security.web.context.request.async.WebAsyncManagerIntegrationFilter.doFilterInternal(WebAsyncManagerIntegrationFilter.java:62) ~[spring-security-web-6.4.2.jar:6.4.2]
	at org.springframework.web.filter.OncePerRequestFilter.doFilter(OncePerRequestFilter.java:116) ~[spring-web-6.2.1.jar:6.2.1]
	at org.springframework.security.web.FilterChainProxy$VirtualFilterChain.doFilter(FilterChainProxy.java:374) ~[spring-security-web-6.4.2.jar:6.4.2]
	at org.springframework.security.web.session.DisableEncodeUrlFilter.doFilterInternal(DisableEncodeUrlFilter.java:42) ~[spring-security-web-6.4.2.jar:6.4.2]
	at org.springframework.web.filter.OncePerRequestFilter.doFilter(OncePerRequestFilter.java:116) ~[spring-web-6.2.1.jar:6.2.1]
	at org.springframework.security.web.FilterChainProxy$VirtualFilterChain.doFilter(FilterChainProxy.java:374) ~[spring-security-web-6.4.2.jar:6.4.2]
	at org.springframework.security.web.FilterChainProxy.doFilterInternal(FilterChainProxy.java:233) ~[spring-security-web-6.4.2.jar:6.4.2]
	at org.springframework.security.web.FilterChainProxy.doFilter(FilterChainProxy.java:191) ~[spring-security-web-6.4.2.jar:6.4.2]
	at org.springframework.web.filter.CompositeFilter$VirtualFilterChain.doFilter(CompositeFilter.java:113) ~[spring-web-6.2.1.jar:6.2.1]
	at org.springframework.web.servlet.handler.HandlerMappingIntrospector.lambda$createCacheFilter$3(HandlerMappingIntrospector.java:243) ~[spring-webmvc-6.2.1.jar:6.2.1]
	at org.springframework.web.filter.CompositeFilter$VirtualFilterChain.doFilter(CompositeFilter.java:113) ~[spring-web-6.2.1.jar:6.2.1]
	at org.springframework.web.filter.CompositeFilter.doFilter(CompositeFilter.java:74) ~[spring-web-6.2.1.jar:6.2.1]
	at org.springframework.security.config.annotation.web.configuration.WebMvcSecurityConfiguration$CompositeFilterChainProxy.doFilter(WebMvcSecurityConfiguration.java:238) ~[spring-security-config-6.4.2.jar:6.4.2]
	at org.springframework.web.filter.DelegatingFilterProxy.invokeDelegate(DelegatingFilterProxy.java:362) ~[spring-web-6.2.1.jar:6.2.1]
	at org.springframework.web.filter.DelegatingFilterProxy.doFilter(DelegatingFilterProxy.java:278) ~[spring-web-6.2.1.jar:6.2.1]
	at org.apache.catalina.core.ApplicationFilterChain.internalDoFilter(ApplicationFilterChain.java:164) ~[tomcat-embed-core-10.1.40.jar:10.1.40]
	at org.apache.catalina.core.ApplicationFilterChain.doFilter(ApplicationFilterChain.java:140) ~[tomcat-embed-core-10.1.40.jar:10.1.40]
	at org.springframework.web.filter.RequestContextFilter.doFilterInternal(RequestContextFilter.java:100) ~[spring-web-6.2.1.jar:6.2.1]
	at org.springframework.web.filter.OncePerRequestFilter.doFilter(OncePerRequestFilter.java:116) ~[spring-web-6.2.1.jar:6.2.1]
	at org.apache.catalina.core.ApplicationFilterChain.internalDoFilter(ApplicationFilterChain.java:164) ~[tomcat-embed-core-10.1.40.jar:10.1.40]
	at org.apache.catalina.core.ApplicationFilterChain.doFilter(ApplicationFilterChain.java:140) ~[tomcat-embed-core-10.1.40.jar:10.1.40]
	at org.springframework.web.filter.FormContentFilter.doFilterInternal(FormContentFilter.java:93) ~[spring-web-6.2.1.jar:6.2.1]
	at org.springframework.web.filter.OncePerRequestFilter.doFilter(OncePerRequestFilter.java:116) ~[spring-web-6.2.1.jar:6.2.1]
	at org.apache.catalina.core.ApplicationFilterChain.internalDoFilter(ApplicationFilterChain.java:164) ~[tomcat-embed-core-10.1.40.jar:10.1.40]
	at org.apache.catalina.core.ApplicationFilterChain.doFilter(ApplicationFilterChain.java:140) ~[tomcat-embed-core-10.1.40.jar:10.1.40]
	at org.springframework.web.filter.CharacterEncodingFilter.doFilterInternal(CharacterEncodingFilter.java:201) ~[spring-web-6.2.1.jar:6.2.1]
	at org.springframework.web.filter.OncePerRequestFilter.doFilter(OncePerRequestFilter.java:116) ~[spring-web-6.2.1.jar:6.2.1]
	at org.apache.catalina.core.ApplicationFilterChain.internalDoFilter(ApplicationFilterChain.java:164) ~[tomcat-embed-core-10.1.40.jar:10.1.40]
	at org.apache.catalina.core.ApplicationFilterChain.doFilter(ApplicationFilterChain.java:140) ~[tomcat-embed-core-10.1.40.jar:10.1.40]
	at org.apache.catalina.core.StandardWrapperValve.invoke(StandardWrapperValve.java:167) [tomcat-embed-core-10.1.40.jar:10.1.40]
	at org.apache.catalina.core.StandardContextValve.invoke(StandardContextValve.java:90) [tomcat-embed-core-10.1.40.jar:10.1.40]
	at org.apache.catalina.authenticator.AuthenticatorBase.invoke(AuthenticatorBase.java:483) [tomcat-embed-core-10.1.40.jar:10.1.40]
	at org.apache.catalina.core.StandardHostValve.invoke(StandardHostValve.java:116) [tomcat-embed-core-10.1.40.jar:10.1.40]
	at org.apache.catalina.valves.ErrorReportValve.invoke(ErrorReportValve.java:93) [tomcat-embed-core-10.1.40.jar:10.1.40]
	at org.apache.catalina.core.StandardEngineValve.invoke(StandardEngineValve.java:74) [tomcat-embed-core-10.1.40.jar:10.1.40]
	at org.apache.catalina.connector.CoyoteAdapter.service(CoyoteAdapter.java:344) [tomcat-embed-core-10.1.40.jar:10.1.40]
	at org.apache.coyote.http11.Http11Processor.service(Http11Processor.java:398) [tomcat-embed-core-10.1.40.jar:10.1.40]
	at org.apache.coyote.AbstractProcessorLight.process(AbstractProcessorLight.java:63) [tomcat-embed-core-10.1.40.jar:10.1.40]
	at org.apache.coyote.AbstractProtocol$ConnectionHandler.process(AbstractProtocol.java:903) [tomcat-embed-core-10.1.40.jar:10.1.40]
	at org.apache.tomcat.util.net.NioEndpoint$SocketProcessor.doRun(NioEndpoint.java:1740) [tomcat-embed-core-10.1.40.jar:10.1.40]
	at org.apache.tomcat.util.net.SocketProcessorBase.run(SocketProcessorBase.java:52) [tomcat-embed-core-10.1.40.jar:10.1.40]
	at org.apache.tomcat.util.threads.ThreadPoolExecutor.runWorker(ThreadPoolExecutor.java:1189) [tomcat-embed-core-10.1.40.jar:10.1.40]
	at org.apache.tomcat.util.threads.ThreadPoolExecutor$Worker.run(ThreadPoolExecutor.java:658) [tomcat-embed-core-10.1.40.jar:10.1.40]
	at org.apache.tomcat.util.threads.TaskThread$WrappingRunnable.run(TaskThread.java:63) [tomcat-embed-core-10.1.40.jar:10.1.40]
	at java.base/java.lang.Thread.run(Thread.java:833) [?:?]
2026-10-02 02:08:18 [] INFO  com.example.tailormaster.filter.LoggingInterceptor - User 'null' is requesting: GET /tailor-master/error
2026-10-02 02:08:20 [newuser] INFO  com.example.tailormaster.filter.LoggingInterceptor - User 'newuser' is requesting: GET /tailor-master/customers/create
2026-10-02 02:08:20 [newuser] INFO  com.example.tailormaster.service.product.ProductService - Fetching all active products.
2026-10-02 02:08:20 [newuser] INFO  com.example.tailormaster.service.product.ProductService - Retrieved 1 active products.
2026-10-02 02:08:20 [] INFO  org.springframework.boot.devtools.autoconfigure.LocalDevToolsAutoConfiguration$RestartingClassPathChangeChangedEventListener - Restarting due to 124 class path changes (0 additions, 122 deletions, 2 modifications)
2026-10-02 02:08:21 [] INFO  org.springframework.boot.web.embedded.tomcat.GracefulShutdown - Commencing graceful shutdown. Waiting for active requests to complete
2026-10-02 02:08:21 [] INFO  org.apache.coyote.http11.Http11NioProtocol - Pausing ProtocolHandler ["http-nio-8080"]
2026-10-02 02:08:22 [] INFO  org.springframework.boot.web.embedded.tomcat.GracefulShutdown - Graceful shutdown complete
2026-10-02 02:08:22 [] INFO  org.apache.coyote.http11.Http11NioProtocol - Stopping ProtocolHandler ["http-nio-8080"]
2026-10-02 02:08:22 [] INFO  org.springframework.orm.jpa.LocalContainerEntityManagerFactoryBean - Closing JPA EntityManagerFactory for persistence unit 'default'
2026-10-02 02:08:22 [] INFO  com.zaxxer.hikari.HikariDataSource - HikariPool-1 - Shutdown initiated...
2026-10-02 02:08:22 [] INFO  com.zaxxer.hikari.HikariDataSource - HikariPool-1 - Shutdown completed.
2026-10-02 02:08:24 [] INFO  com.example.tailormaster.TailorMasterAppApplication - Starting TailorMasterAppApplication using Java 17.0.2 with PID 21008 (E:\Development-Workspaces\tailor-app-new-enhancements\tailor-master-app\tailor-master-app\target\classes started by wajiz.pk in E:\Development-Workspaces\tailor-app-new-enhancements\tailor-master-app)
2026-10-02 02:08:24 [] INFO  com.example.tailormaster.TailorMasterAppApplication - No active profile set, falling back to 1 default profile: "default"
2026-10-02 02:08:24 [] INFO  org.springframework.data.repository.config.RepositoryConfigurationDelegate - Bootstrapping Spring Data JPA repositories in DEFAULT mode.
2026-10-02 02:08:24 [] INFO  org.springframework.data.repository.config.RepositoryConfigurationDelegate - Finished Spring Data repository scanning in 1 ms. Found 0 JPA repository interfaces.
2026-10-02 02:08:25 [] INFO  org.springframework.boot.web.embedded.tomcat.TomcatWebServer - Tomcat initialized with port 8080 (http)
2026-10-02 02:08:25 [] INFO  org.apache.coyote.http11.Http11NioProtocol - Initializing ProtocolHandler ["http-nio-8080"]
2026-10-02 02:08:25 [] INFO  org.apache.catalina.core.StandardService - Starting service [Tomcat]
2026-10-02 02:08:25 [] INFO  org.apache.catalina.core.StandardEngine - Starting Servlet engine: [Apache Tomcat/10.1.40]
2026-10-02 02:08:25 [] INFO  org.apache.catalina.core.ContainerBase.[Tomcat].[localhost].[/tailor-master] - Initializing Spring embedded WebApplicationContext
2026-10-02 02:08:25 [] INFO  org.springframework.boot.web.servlet.context.ServletWebServerApplicationContext - Root WebApplicationContext: initialization completed in 1583 ms
2026-10-02 02:08:25 [] INFO  org.hibernate.jpa.internal.util.LogHelper - HHH000204: Processing PersistenceUnitInfo [name: default]
2026-10-02 02:08:25 [] INFO  org.hibernate.cache.internal.RegionFactoryInitiator - HHH000026: Second-level cache disabled
2026-10-02 02:08:25 [] INFO  org.springframework.orm.jpa.persistenceunit.SpringPersistenceUnitInfo - No LoadTimeWeaver setup: ignoring JPA class transformer
2026-10-02 02:08:25 [] INFO  com.zaxxer.hikari.HikariDataSource - HikariPool-2 - Starting...
2026-10-02 02:08:26 [] INFO  com.zaxxer.hikari.pool.HikariPool - HikariPool-2 - Added connection com.mysql.cj.jdbc.ConnectionImpl@13736bb8
2026-10-02 02:08:26 [] INFO  com.zaxxer.hikari.HikariDataSource - HikariPool-2 - Start completed.
2026-10-02 02:08:26 [] INFO  org.hibernate.orm.connections.pooling - HHH10001005: Database info:
	Database JDBC URL [Connecting through datasource 'HikariDataSource (HikariPool-2)']
	Database driver: undefined/unknown
	Database version: 8.0.28
	Autocommit mode: undefined/unknown
	Isolation level: undefined/unknown
	Minimum pool size: undefined/unknown
	Maximum pool size: undefined/unknown
2026-10-02 02:08:26 [] INFO  org.hibernate.engine.transaction.jta.platform.internal.JtaPlatformInitiator - HHH000489: No JTA platform available (set 'hibernate.transaction.jta.platform' to enable JTA platform integration)
2026-10-02 02:08:26 [] INFO  org.springframework.orm.jpa.LocalContainerEntityManagerFactoryBean - Initialized JPA EntityManagerFactory for persistence unit 'default'
2026-10-02 02:08:26 [] WARN  org.springframework.boot.autoconfigure.orm.jpa.JpaBaseConfiguration$JpaWebConfiguration - spring.jpa.open-in-view is enabled by default. Therefore, database queries may be performed during view rendering. Explicitly configure spring.jpa.open-in-view to disable this warning
2026-10-02 02:08:26 [] WARN  org.springframework.boot.autoconfigure.security.servlet.UserDetailsServiceAutoConfiguration - 

Using generated security password: 381e491b-970e-42ee-91aa-1afae7554260

This generated password is for development use only. Your security configuration must be updated before running your application in production.

2026-10-02 02:08:26 [] INFO  org.springframework.security.config.annotation.authentication.configuration.InitializeUserDetailsBeanManagerConfigurer$InitializeUserDetailsManagerConfigurer - Global AuthenticationManager configured with UserDetailsService bean with name inMemoryUserDetailsManager
2026-10-02 02:08:26 [] INFO  org.springframework.boot.devtools.autoconfigure.OptionalLiveReloadServer - LiveReload server is running on port 35729
2026-10-02 02:08:27 [] INFO  org.apache.coyote.http11.Http11NioProtocol - Starting ProtocolHandler ["http-nio-8080"]
2026-10-02 02:08:27 [] INFO  org.springframework.boot.web.embedded.tomcat.TomcatWebServer - Tomcat started on port 8080 (http) with context path '/tailor-master'
2026-10-02 02:08:27 [] INFO  com.example.tailormaster.TailorMasterAppApplication - Started TailorMasterAppApplication in 3.232 seconds (process running for 1526.53)
2026-10-02 02:08:27 [] INFO  org.springframework.boot.devtools.autoconfigure.ConditionEvaluationDeltaLoggingListener - Condition evaluation delta:


==========================
CONDITION EVALUATION DELTA
==========================


Positive matches:
-----------------

   SpringBootWebSecurityConfiguration.SecurityFilterChainConfiguration matched:
      - AllNestedConditions 2 matched 0 did not; NestedCondition on DefaultWebSecurityCondition.Beans @ConditionalOnMissingBean (types: org.springframework.security.web.SecurityFilterChain; SearchStrategy: all) did not find any beans; NestedCondition on DefaultWebSecurityCondition.Classes @ConditionalOnClass found required classes 'org.springframework.security.web.SecurityFilterChain', 'org.springframework.security.config.annotation.web.builders.HttpSecurity' (DefaultWebSecurityCondition)

   SpringBootWebSecurityConfiguration.WebSecurityEnablerConfiguration matched:
      - @ConditionalOnClass found required class 'org.springframework.security.config.annotation.web.configuration.EnableWebSecurity' (OnClassCondition)
      - @ConditionalOnMissingBean (names: springSecurityFilterChain; SearchStrategy: all) did not find any beans (OnBeanCondition)

   UserDetailsServiceAutoConfiguration matched:
      - @ConditionalOnClass found required class 'org.springframework.security.authentication.AuthenticationManager' (OnClassCondition)
      - found 'session' scope (OnWebApplicationCondition)
      - AnyNestedCondition 1 matched 2 did not; NestedCondition on UserDetailsServiceAutoConfiguration.MissingAlternativeOrUserPropertiesConfigured.PasswordConfigured @ConditionalOnProperty (spring.security.user.password) did not find property 'password'; NestedCondition on UserDetailsServiceAutoConfiguration.MissingAlternativeOrUserPropertiesConfigured.NameConfigured @ConditionalOnProperty (spring.security.user.name) did not find property 'name'; NestedCondition on UserDetailsServiceAutoConfiguration.MissingAlternativeOrUserPropertiesConfigured.MissingAlternative @ConditionalOnMissingClass did not find unwanted classes 'org.springframework.security.oauth2.client.registration.ClientRegistrationRepository', 'org.springframework.security.oauth2.server.resource.introspection.OpaqueTokenIntrospector', 'org.springframework.security.saml2.provider.service.registration.RelyingPartyRegistrationRepository' (UserDetailsServiceAutoConfiguration.MissingAlternativeOrUserPropertiesConfigured)
      - @ConditionalOnBean (types: org.springframework.security.config.ObjectPostProcessor; SearchStrategy: all) found beans 'objectPostProcessor', 'webAuthorizationManagerPostProcessor', 'filterChainDecoratorPostProcessor', 'authenticationManagerPostProcessor'; @ConditionalOnMissingBean (types: org.springframework.security.authentication.AuthenticationManager,org.springframework.security.authentication.AuthenticationProvider,org.springframework.security.core.userdetails.UserDetailsService,org.springframework.security.authentication.AuthenticationManagerResolver,org.springframework.security.oauth2.jwt.JwtDecoder; SearchStrategy: all) did not find any beans (OnBeanCondition)


Negative matches:
-----------------

    None


Exclusions:
-----------

    None


Unconditional classes:
----------------------

    None



2026-10-02 02:08:29 [] INFO  org.apache.catalina.core.ContainerBase.[Tomcat].[localhost].[/tailor-master] - Initializing Spring DispatcherServlet 'dispatcherServlet'
2026-10-02 02:08:29 [] INFO  org.springframework.web.servlet.DispatcherServlet - Initializing Servlet 'dispatcherServlet'
2026-10-02 02:08:29 [] INFO  org.springframework.web.servlet.DispatcherServlet - Completed initialization in 4 ms
2026-10-02 02:08:40 [] INFO  org.springframework.boot.devtools.autoconfigure.LocalDevToolsAutoConfiguration$RestartingClassPathChangeChangedEventListener - Restarting due to 30 class path changes (30 additions, 0 deletions, 0 modifications)
2026-10-02 02:08:40 [] INFO  org.springframework.boot.web.embedded.tomcat.GracefulShutdown - Commencing graceful shutdown. Waiting for active requests to complete
2026-10-02 02:08:40 [] INFO  org.apache.coyote.http11.Http11NioProtocol - Pausing ProtocolHandler ["http-nio-8080"]
2026-10-02 02:08:41 [] INFO  org.springframework.boot.web.embedded.tomcat.GracefulShutdown - Graceful shutdown complete
2026-10-02 02:08:41 [] INFO  org.apache.coyote.http11.Http11NioProtocol - Stopping ProtocolHandler ["http-nio-8080"]
2026-10-02 02:08:41 [] INFO  org.springframework.orm.jpa.LocalContainerEntityManagerFactoryBean - Closing JPA EntityManagerFactory for persistence unit 'default'
2026-10-02 02:08:41 [] INFO  com.zaxxer.hikari.HikariDataSource - HikariPool-2 - Shutdown initiated...
2026-10-02 02:08:41 [] INFO  com.zaxxer.hikari.HikariDataSource - HikariPool-2 - Shutdown completed.
2026-10-02 02:08:41 [] INFO  com.example.tailormaster.TailorMasterAppApplication - Starting TailorMasterAppApplication using Java 17.0.2 with PID 21008 (E:\Development-Workspaces\tailor-app-new-enhancements\tailor-master-app\tailor-master-app\target\classes started by wajiz.pk in E:\Development-Workspaces\tailor-app-new-enhancements\tailor-master-app)
2026-10-02 02:08:41 [] INFO  com.example.tailormaster.TailorMasterAppApplication - No active profile set, falling back to 1 default profile: "default"
2026-10-02 02:08:42 [] INFO  org.springframework.data.repository.config.RepositoryConfigurationDelegate - Bootstrapping Spring Data JPA repositories in DEFAULT mode.
2026-10-02 02:08:42 [] INFO  org.springframework.data.repository.config.RepositoryConfigurationDelegate - Finished Spring Data repository scanning in 150 ms. Found 18 JPA repository interfaces.
2026-10-02 02:08:42 [] INFO  org.springframework.boot.web.embedded.tomcat.TomcatWebServer - Tomcat initialized with port 8080 (http)
2026-10-02 02:08:42 [] INFO  org.apache.coyote.http11.Http11NioProtocol - Initializing ProtocolHandler ["http-nio-8080"]
2026-10-02 02:08:42 [] INFO  org.apache.catalina.core.StandardService - Starting service [Tomcat]
2026-10-02 02:08:42 [] INFO  org.apache.catalina.core.StandardEngine - Starting Servlet engine: [Apache Tomcat/10.1.40]
2026-10-02 02:08:42 [] INFO  org.apache.catalina.core.ContainerBase.[Tomcat].[localhost].[/tailor-master] - Initializing Spring embedded WebApplicationContext
2026-10-02 02:08:42 [] INFO  org.springframework.boot.web.servlet.context.ServletWebServerApplicationContext - Root WebApplicationContext: initialization completed in 1113 ms
2026-10-02 02:08:42 [] INFO  org.hibernate.jpa.internal.util.LogHelper - HHH000204: Processing PersistenceUnitInfo [name: default]
2026-10-02 02:08:42 [] INFO  org.hibernate.cache.internal.RegionFactoryInitiator - HHH000026: Second-level cache disabled
2026-10-02 02:08:42 [] INFO  org.springframework.orm.jpa.persistenceunit.SpringPersistenceUnitInfo - No LoadTimeWeaver setup: ignoring JPA class transformer
2026-10-02 02:08:42 [] INFO  com.zaxxer.hikari.HikariDataSource - HikariPool-3 - Starting...
2026-10-02 02:08:43 [] INFO  com.zaxxer.hikari.pool.HikariPool - HikariPool-3 - Added connection com.mysql.cj.jdbc.ConnectionImpl@6dfac54c
2026-10-02 02:08:43 [] INFO  com.zaxxer.hikari.HikariDataSource - HikariPool-3 - Start completed.
2026-10-02 02:08:43 [] INFO  org.hibernate.orm.connections.pooling - HHH10001005: Database info:
	Database JDBC URL [Connecting through datasource 'HikariDataSource (HikariPool-3)']
	Database driver: undefined/unknown
	Database version: 8.0.28
	Autocommit mode: undefined/unknown
	Isolation level: undefined/unknown
	Minimum pool size: undefined/unknown
	Maximum pool size: undefined/unknown
2026-10-02 02:08:43 [] INFO  org.hibernate.engine.transaction.jta.platform.internal.JtaPlatformInitiator - HHH000489: No JTA platform available (set 'hibernate.transaction.jta.platform' to enable JTA platform integration)
2026-10-02 02:08:44 [] INFO  org.springframework.orm.jpa.LocalContainerEntityManagerFactoryBean - Initialized JPA EntityManagerFactory for persistence unit 'default'
2026-10-02 02:08:45 [] WARN  org.springframework.boot.autoconfigure.orm.jpa.JpaBaseConfiguration$JpaWebConfiguration - spring.jpa.open-in-view is enabled by default. Therefore, database queries may be performed during view rendering. Explicitly configure spring.jpa.open-in-view to disable this warning
2026-10-02 02:08:45 [] WARN  org.springframework.boot.autoconfigure.security.servlet.UserDetailsServiceAutoConfiguration - 

Using generated security password: c85aeb14-2818-4092-b35a-a01c310d8719

This generated password is for development use only. Your security configuration must be updated before running your application in production.

2026-10-02 02:08:45 [] INFO  org.springframework.security.config.annotation.authentication.configuration.InitializeUserDetailsBeanManagerConfigurer$InitializeUserDetailsManagerConfigurer - Global AuthenticationManager configured with UserDetailsService bean with name inMemoryUserDetailsManager
2026-10-02 02:08:46 [] INFO  org.springframework.boot.devtools.autoconfigure.OptionalLiveReloadServer - LiveReload server is running on port 35729
2026-10-02 02:08:46 [] INFO  org.apache.coyote.http11.Http11NioProtocol - Starting ProtocolHandler ["http-nio-8080"]
2026-10-02 02:08:46 [] INFO  org.springframework.boot.web.embedded.tomcat.TomcatWebServer - Tomcat started on port 8080 (http) with context path '/tailor-master'
2026-10-02 02:08:46 [] INFO  com.example.tailormaster.TailorMasterAppApplication - Started TailorMasterAppApplication in 4.5 seconds (process running for 1545.579)
2026-10-02 02:08:46 [] INFO  org.springframework.boot.devtools.autoconfigure.ConditionEvaluationDeltaLoggingListener - Condition evaluation unchanged
2026-10-02 02:08:47 [] INFO  org.springframework.boot.devtools.autoconfigure.LocalDevToolsAutoConfiguration$RestartingClassPathChangeChangedEventListener - Restarting due to 92 class path changes (92 additions, 0 deletions, 0 modifications)
2026-10-02 02:08:47 [] INFO  org.springframework.boot.web.embedded.tomcat.GracefulShutdown - Commencing graceful shutdown. Waiting for active requests to complete
2026-10-02 02:08:47 [] INFO  org.apache.coyote.http11.Http11NioProtocol - Pausing ProtocolHandler ["http-nio-8080"]
2026-10-02 02:08:48 [] INFO  org.springframework.boot.web.embedded.tomcat.GracefulShutdown - Graceful shutdown complete
2026-10-02 02:08:48 [] INFO  org.apache.coyote.http11.Http11NioProtocol - Stopping ProtocolHandler ["http-nio-8080"]
2026-10-02 02:08:48 [] INFO  org.springframework.orm.jpa.LocalContainerEntityManagerFactoryBean - Closing JPA EntityManagerFactory for persistence unit 'default'
2026-10-02 02:08:48 [] INFO  com.zaxxer.hikari.HikariDataSource - HikariPool-3 - Shutdown initiated...
2026-10-02 02:08:48 [] INFO  com.zaxxer.hikari.HikariDataSource - HikariPool-3 - Shutdown completed.
2026-10-02 02:08:48 [] INFO  com.example.tailormaster.TailorMasterAppApplication - Starting TailorMasterAppApplication using Java 17.0.2 with PID 21008 (E:\Development-Workspaces\tailor-app-new-enhancements\tailor-master-app\tailor-master-app\target\classes started by wajiz.pk in E:\Development-Workspaces\tailor-app-new-enhancements\tailor-master-app)
2026-10-02 02:08:48 [] INFO  com.example.tailormaster.TailorMasterAppApplication - No active profile set, falling back to 1 default profile: "default"
2026-10-02 02:08:49 [] INFO  org.springframework.data.repository.config.RepositoryConfigurationDelegate - Bootstrapping Spring Data JPA repositories in DEFAULT mode.
2026-10-02 02:08:49 [] INFO  org.springframework.data.repository.config.RepositoryConfigurationDelegate - Finished Spring Data repository scanning in 126 ms. Found 21 JPA repository interfaces.
2026-10-02 02:08:49 [] INFO  org.springframework.boot.web.embedded.tomcat.TomcatWebServer - Tomcat initialized with port 8080 (http)
2026-10-02 02:08:49 [] INFO  org.apache.coyote.http11.Http11NioProtocol - Initializing ProtocolHandler ["http-nio-8080"]
2026-10-02 02:08:49 [] INFO  org.apache.catalina.core.StandardService - Starting service [Tomcat]
2026-10-02 02:08:49 [] INFO  org.apache.catalina.core.StandardEngine - Starting Servlet engine: [Apache Tomcat/10.1.40]
2026-10-02 02:08:49 [] INFO  org.apache.catalina.core.ContainerBase.[Tomcat].[localhost].[/tailor-master] - Initializing Spring embedded WebApplicationContext
2026-10-02 02:08:49 [] INFO  org.springframework.boot.web.servlet.context.ServletWebServerApplicationContext - Root WebApplicationContext: initialization completed in 1002 ms
2026-10-02 02:08:49 [] INFO  org.hibernate.jpa.internal.util.LogHelper - HHH000204: Processing PersistenceUnitInfo [name: default]
2026-10-02 02:08:49 [] INFO  org.hibernate.cache.internal.RegionFactoryInitiator - HHH000026: Second-level cache disabled
2026-10-02 02:08:49 [] INFO  org.springframework.orm.jpa.persistenceunit.SpringPersistenceUnitInfo - No LoadTimeWeaver setup: ignoring JPA class transformer
2026-10-02 02:08:49 [] INFO  com.zaxxer.hikari.HikariDataSource - HikariPool-4 - Starting...
2026-10-02 02:08:49 [] INFO  com.zaxxer.hikari.pool.HikariPool - HikariPool-4 - Added connection com.mysql.cj.jdbc.ConnectionImpl@755d7ce0
2026-10-02 02:08:49 [] INFO  com.zaxxer.hikari.HikariDataSource - HikariPool-4 - Start completed.
2026-10-02 02:08:49 [] INFO  org.hibernate.orm.connections.pooling - HHH10001005: Database info:
	Database JDBC URL [Connecting through datasource 'HikariDataSource (HikariPool-4)']
	Database driver: undefined/unknown
	Database version: 8.0.28
	Autocommit mode: undefined/unknown
	Isolation level: undefined/unknown
	Minimum pool size: undefined/unknown
	Maximum pool size: undefined/unknown
2026-10-02 02:08:50 [] INFO  org.hibernate.engine.transaction.jta.platform.internal.JtaPlatformInitiator - HHH000489: No JTA platform available (set 'hibernate.transaction.jta.platform' to enable JTA platform integration)
2026-10-02 02:08:50 [] INFO  org.springframework.orm.jpa.LocalContainerEntityManagerFactoryBean - Initialized JPA EntityManagerFactory for persistence unit 'default'
2026-10-02 02:08:51 [] WARN  org.springframework.boot.autoconfigure.orm.jpa.JpaBaseConfiguration$JpaWebConfiguration - spring.jpa.open-in-view is enabled by default. Therefore, database queries may be performed during view rendering. Explicitly configure spring.jpa.open-in-view to disable this warning
2026-10-02 02:08:51 [] INFO  org.springframework.security.config.annotation.authentication.configuration.InitializeAuthenticationProviderBeanManagerConfigurer$InitializeAuthenticationProviderManagerConfigurer - Global AuthenticationManager configured with AuthenticationProvider bean with name authenticationProvider
2026-10-02 02:08:51 [] WARN  org.springframework.security.config.annotation.authentication.configuration.InitializeUserDetailsBeanManagerConfigurer$InitializeUserDetailsManagerConfigurer - Global AuthenticationManager configured with an AuthenticationProvider bean. UserDetailsService beans will not be used by Spring Security for automatically configuring username/password login. Consider removing the AuthenticationProvider bean. Alternatively, consider using the UserDetailsService in a manually instantiated DaoAuthenticationProvider. If the current configuration is intentional, to turn off this warning, increase the logging level of 'org.springframework.security.config.annotation.authentication.configuration.InitializeUserDetailsBeanManagerConfigurer' to ERROR
2026-10-02 02:08:51 [] INFO  org.springframework.boot.devtools.autoconfigure.OptionalLiveReloadServer - LiveReload server is running on port 35729
2026-10-02 02:08:51 [] INFO  org.apache.coyote.http11.Http11NioProtocol - Starting ProtocolHandler ["http-nio-8080"]
2026-10-02 02:08:51 [] INFO  org.springframework.boot.web.embedded.tomcat.TomcatWebServer - Tomcat started on port 8080 (http) with context path '/tailor-master'
2026-10-02 02:08:51 [] INFO  com.example.tailormaster.TailorMasterAppApplication - Started TailorMasterAppApplication in 3.365 seconds (process running for 1551.43)
2026-10-02 02:08:51 [] INFO  org.springframework.boot.devtools.autoconfigure.ConditionEvaluationDeltaLoggingListener - Condition evaluation delta:


==========================
CONDITION EVALUATION DELTA
==========================


Positive matches:
-----------------

    None


Negative matches:
-----------------

   SpringBootWebSecurityConfiguration.SecurityFilterChainConfiguration:
      Did not match:
         - AllNestedConditions 1 matched 1 did not; NestedCondition on DefaultWebSecurityCondition.Beans @ConditionalOnMissingBean (types: org.springframework.security.web.SecurityFilterChain; SearchStrategy: all) found beans of type 'org.springframework.security.web.SecurityFilterChain' securityFilterChain; NestedCondition on DefaultWebSecurityCondition.Classes @ConditionalOnClass found required classes 'org.springframework.security.web.SecurityFilterChain', 'org.springframework.security.config.annotation.web.builders.HttpSecurity' (DefaultWebSecurityCondition)

   SpringBootWebSecurityConfiguration.WebSecurityEnablerConfiguration:
      Did not match:
         - @ConditionalOnMissingBean (names: springSecurityFilterChain; SearchStrategy: all) found beans named springSecurityFilterChain (OnBeanCondition)
      Matched:
         - @ConditionalOnClass found required class 'org.springframework.security.config.annotation.web.configuration.EnableWebSecurity' (OnClassCondition)

   UserDetailsServiceAutoConfiguration:
      Did not match:
         - @ConditionalOnMissingBean (types: org.springframework.security.authentication.AuthenticationManager,org.springframework.security.authentication.AuthenticationProvider,org.springframework.security.core.userdetails.UserDetailsService,org.springframework.security.authentication.AuthenticationManagerResolver,org.springframework.security.oauth2.jwt.JwtDecoder; SearchStrategy: all) found beans of type 'org.springframework.security.authentication.AuthenticationManager' authenticationManager and found beans of type 'org.springframework.security.core.userdetails.UserDetailsService' jdbcDaoImpl and found beans of type 'org.springframework.security.authentication.AuthenticationProvider' authenticationProvider (OnBeanCondition)
      Matched:
         - @ConditionalOnClass found required class 'org.springframework.security.authentication.AuthenticationManager' (OnClassCondition)
         - found 'session' scope (OnWebApplicationCondition)
         - AnyNestedCondition 1 matched 2 did not; NestedCondition on UserDetailsServiceAutoConfiguration.MissingAlternativeOrUserPropertiesConfigured.PasswordConfigured @ConditionalOnProperty (spring.security.user.password) did not find property 'password'; NestedCondition on UserDetailsServiceAutoConfiguration.MissingAlternativeOrUserPropertiesConfigured.NameConfigured @ConditionalOnProperty (spring.security.user.name) did not find property 'name'; NestedCondition on UserDetailsServiceAutoConfiguration.MissingAlternativeOrUserPropertiesConfigured.MissingAlternative @ConditionalOnMissingClass did not find unwanted classes 'org.springframework.security.oauth2.client.registration.ClientRegistrationRepository', 'org.springframework.security.oauth2.server.resource.introspection.OpaqueTokenIntrospector', 'org.springframework.security.saml2.provider.service.registration.RelyingPartyRegistrationRepository' (UserDetailsServiceAutoConfiguration.MissingAlternativeOrUserPropertiesConfigured)


Exclusions:
-----------

    None


Unconditional classes:
----------------------

    None



2026-10-02 02:09:13 [] INFO  org.apache.catalina.core.ContainerBase.[Tomcat].[localhost].[/tailor-master] - Initializing Spring DispatcherServlet 'dispatcherServlet'
2026-10-02 02:09:13 [] INFO  org.springframework.web.servlet.DispatcherServlet - Initializing Servlet 'dispatcherServlet'
2026-10-02 02:09:13 [] INFO  org.springframework.web.servlet.DispatcherServlet - Completed initialization in 5 ms
2026-10-02 02:09:13 [newuser] INFO  com.example.tailormaster.filter.LoggingInterceptor - User 'newuser' is requesting: GET /tailor-master/products
2026-10-02 02:09:13 [newuser] INFO  com.example.tailormaster.controller.ProductController - User accessed the product list page.
2026-10-02 02:09:13 [newuser] INFO  com.example.tailormaster.service.product.ProductService - Fetching all products.
2026-10-02 02:09:13 [newuser] INFO  com.example.tailormaster.controller.ProductController - Retrieved products: [Product(name=shirt, singleSilai=800.00, doubleSilai=1000.00, enabled=true, user=User(username=newuser, fullName=New User, phone1=03003322332, phone2=, shopName=Logo Test, proprietorName=user1 pro, shopAddress=test, shortCode=LT, enabled=true, trialStartedAt=2026-09-16, trialEndsAt=2026-10-16))] 
2026-10-02 02:09:14 [newuser] INFO  com.example.tailormaster.filter.LoggingInterceptor - User 'newuser' is requesting: GET /tailor-master/dashboard/notifications/upcoming-deliveries
2026-10-02 02:09:14 [newuser] INFO  com.example.tailormaster.controller.dashboard.DashboardController - Requested upcoming deliveries.
2026-10-02 02:09:14 [newuser] INFO  com.example.tailormaster.service.dashboard.DashboardService - Upcoming deliveries fetched: 0
2026-10-02 02:09:14 [newuser] INFO  com.example.tailormaster.controller.dashboard.DashboardController - Upcoming deliveries fetched: 0
2026-10-02 02:09:16 [newuser] INFO  com.example.tailormaster.filter.LoggingInterceptor - User 'newuser' is requesting: GET /tailor-master/products/create
2026-10-02 02:09:16 [newuser] INFO  com.example.tailormaster.controller.ProductController - Displaying create product form.
2026-10-02 02:09:17 [newuser] INFO  com.example.tailormaster.filter.LoggingInterceptor - User 'newuser' is requesting: GET /tailor-master/dashboard/notifications/upcoming-deliveries
2026-10-02 02:09:17 [newuser] INFO  com.example.tailormaster.controller.dashboard.DashboardController - Requested upcoming deliveries.
2026-10-02 02:09:17 [newuser] INFO  com.example.tailormaster.service.dashboard.DashboardService - Upcoming deliveries fetched: 0
2026-10-02 02:09:17 [newuser] INFO  com.example.tailormaster.controller.dashboard.DashboardController - Upcoming deliveries fetched: 0
2026-10-02 02:10:09 [] INFO  org.springframework.boot.web.embedded.tomcat.GracefulShutdown - Commencing graceful shutdown. Waiting for active requests to complete
2026-10-02 02:10:11 [] INFO  org.springframework.boot.web.embedded.tomcat.GracefulShutdown - Graceful shutdown complete
2026-10-02 02:10:11 [] INFO  org.springframework.orm.jpa.LocalContainerEntityManagerFactoryBean - Closing JPA EntityManagerFactory for persistence unit 'default'
2026-10-02 02:10:11 [] INFO  com.zaxxer.hikari.HikariDataSource - HikariPool-4 - Shutdown initiated...
2026-10-02 02:10:11 [] INFO  com.zaxxer.hikari.HikariDataSource - HikariPool-4 - Shutdown completed.
2026-10-02 23:57:16 [] INFO  org.hibernate.validator.internal.util.Version - HV000001: Hibernate Validator 8.0.2.Final
2026-10-02 23:57:16 [] INFO  com.example.tailormaster.TailorMasterAppApplication - Starting TailorMasterAppApplication using Java 17.0.2 with PID 10644 (E:\Development-Workspaces\tailor-app-new-enhancements\tailor-master-app\tailor-master-app\target\classes started by wajiz.pk in E:\Development-Workspaces\tailor-app-new-enhancements\tailor-master-app)
2026-10-02 23:57:16 [] INFO  com.example.tailormaster.TailorMasterAppApplication - No active profile set, falling back to 1 default profile: "default"
2026-10-02 23:57:16 [] INFO  org.springframework.boot.devtools.env.DevToolsPropertyDefaultsPostProcessor - Devtools property defaults active! Set 'spring.devtools.add-properties' to 'false' to disable
2026-10-02 23:57:16 [] INFO  org.springframework.boot.devtools.env.DevToolsPropertyDefaultsPostProcessor - For additional web related logging consider setting the 'logging.level.web' property to 'DEBUG'
2026-10-02 23:57:20 [] INFO  org.springframework.data.repository.config.RepositoryConfigurationDelegate - Bootstrapping Spring Data JPA repositories in DEFAULT mode.
2026-10-02 23:57:20 [] INFO  org.springframework.data.repository.config.RepositoryConfigurationDelegate - Finished Spring Data repository scanning in 240 ms. Found 21 JPA repository interfaces.
2026-10-02 23:57:22 [] INFO  org.springframework.boot.web.embedded.tomcat.TomcatWebServer - Tomcat initialized with port 8080 (http)
2026-10-02 23:57:22 [] INFO  org.apache.coyote.http11.Http11NioProtocol - Initializing ProtocolHandler ["http-nio-8080"]
2026-10-02 23:57:22 [] INFO  org.apache.catalina.core.StandardService - Starting service [Tomcat]
2026-10-02 23:57:22 [] INFO  org.apache.catalina.core.StandardEngine - Starting Servlet engine: [Apache Tomcat/10.1.40]
2026-10-02 23:57:22 [] INFO  org.apache.catalina.core.ContainerBase.[Tomcat].[localhost].[/tailor-master] - Initializing Spring embedded WebApplicationContext
2026-10-02 23:57:22 [] INFO  org.springframework.boot.web.servlet.context.ServletWebServerApplicationContext - Root WebApplicationContext: initialization completed in 5273 ms
2026-10-02 23:57:22 [] INFO  org.hibernate.jpa.internal.util.LogHelper - HHH000204: Processing PersistenceUnitInfo [name: default]
2026-10-02 23:57:22 [] INFO  org.hibernate.Version - HHH000412: Hibernate ORM core version 6.6.4.Final
2026-10-02 23:57:23 [] INFO  org.hibernate.cache.internal.RegionFactoryInitiator - HHH000026: Second-level cache disabled
2026-10-02 23:57:23 [] INFO  org.springframework.orm.jpa.persistenceunit.SpringPersistenceUnitInfo - No LoadTimeWeaver setup: ignoring JPA class transformer
2026-10-02 23:57:23 [] INFO  com.zaxxer.hikari.HikariDataSource - HikariPool-1 - Starting...
2026-10-02 23:57:24 [] INFO  com.zaxxer.hikari.pool.HikariPool - HikariPool-1 - Added connection com.mysql.cj.jdbc.ConnectionImpl@71ebe730
2026-10-02 23:57:24 [] INFO  com.zaxxer.hikari.HikariDataSource - HikariPool-1 - Start completed.
2026-10-02 23:57:25 [] INFO  org.hibernate.orm.connections.pooling - HHH10001005: Database info:
	Database JDBC URL [Connecting through datasource 'HikariDataSource (HikariPool-1)']
	Database driver: undefined/unknown
	Database version: 8.0.28
	Autocommit mode: undefined/unknown
	Isolation level: undefined/unknown
	Minimum pool size: undefined/unknown
	Maximum pool size: undefined/unknown
2026-10-02 23:57:29 [] INFO  org.hibernate.engine.transaction.jta.platform.internal.JtaPlatformInitiator - HHH000489: No JTA platform available (set 'hibernate.transaction.jta.platform' to enable JTA platform integration)
2026-10-02 23:57:30 [] INFO  org.springframework.orm.jpa.LocalContainerEntityManagerFactoryBean - Initialized JPA EntityManagerFactory for persistence unit 'default'
2026-10-02 23:57:31 [] INFO  org.springframework.data.jpa.repository.query.QueryEnhancerFactory - Hibernate is in classpath; If applicable, HQL parser will be used.
2026-10-02 23:57:54 [] WARN  org.springframework.boot.autoconfigure.orm.jpa.JpaBaseConfiguration$JpaWebConfiguration - spring.jpa.open-in-view is enabled by default. Therefore, database queries may be performed during view rendering. Explicitly configure spring.jpa.open-in-view to disable this warning
2026-10-02 23:57:55 [] INFO  org.springframework.security.config.annotation.authentication.configuration.InitializeAuthenticationProviderBeanManagerConfigurer$InitializeAuthenticationProviderManagerConfigurer - Global AuthenticationManager configured with AuthenticationProvider bean with name authenticationProvider
2026-10-02 23:57:55 [] WARN  org.springframework.security.config.annotation.authentication.configuration.InitializeUserDetailsBeanManagerConfigurer$InitializeUserDetailsManagerConfigurer - Global AuthenticationManager configured with an AuthenticationProvider bean. UserDetailsService beans will not be used by Spring Security for automatically configuring username/password login. Consider removing the AuthenticationProvider bean. Alternatively, consider using the UserDetailsService in a manually instantiated DaoAuthenticationProvider. If the current configuration is intentional, to turn off this warning, increase the logging level of 'org.springframework.security.config.annotation.authentication.configuration.InitializeUserDetailsBeanManagerConfigurer' to ERROR
2026-10-02 23:58:00 [] INFO  org.springframework.boot.devtools.autoconfigure.OptionalLiveReloadServer - LiveReload server is running on port 35729
2026-10-02 23:58:01 [] INFO  org.apache.coyote.http11.Http11NioProtocol - Starting ProtocolHandler ["http-nio-8080"]
2026-10-02 23:58:01 [] INFO  org.springframework.boot.web.embedded.tomcat.TomcatWebServer - Tomcat started on port 8080 (http) with context path '/tailor-master'
2026-10-02 23:58:01 [] INFO  com.example.tailormaster.TailorMasterAppApplication - Started TailorMasterAppApplication in 47.709 seconds (process running for 64.487)
2026-10-02 23:58:17 [] INFO  org.springframework.boot.devtools.autoconfigure.LocalDevToolsAutoConfiguration$RestartingClassPathChangeChangedEventListener - Restarting due to 1 class path change (0 additions, 1 deletion, 0 modifications)
2026-10-02 23:58:17 [] INFO  org.springframework.boot.web.embedded.tomcat.GracefulShutdown - Commencing graceful shutdown. Waiting for active requests to complete
2026-10-02 23:58:17 [] INFO  org.apache.coyote.http11.Http11NioProtocol - Pausing ProtocolHandler ["http-nio-8080"]
2026-10-02 23:58:18 [] INFO  org.springframework.boot.web.embedded.tomcat.GracefulShutdown - Graceful shutdown complete
2026-10-02 23:58:18 [] INFO  org.apache.coyote.http11.Http11NioProtocol - Stopping ProtocolHandler ["http-nio-8080"]
2026-10-02 23:58:18 [] INFO  org.springframework.orm.jpa.LocalContainerEntityManagerFactoryBean - Closing JPA EntityManagerFactory for persistence unit 'default'
2026-10-02 23:58:18 [] INFO  com.zaxxer.hikari.HikariDataSource - HikariPool-1 - Shutdown initiated...
2026-10-02 23:58:18 [] INFO  com.zaxxer.hikari.HikariDataSource - HikariPool-1 - Shutdown completed.
2026-10-02 23:58:19 [] INFO  com.example.tailormaster.TailorMasterAppApplication - Starting TailorMasterAppApplication using Java 17.0.2 with PID 10644 (E:\Development-Workspaces\tailor-app-new-enhancements\tailor-master-app\tailor-master-app\target\classes started by wajiz.pk in E:\Development-Workspaces\tailor-app-new-enhancements\tailor-master-app)
2026-10-02 23:58:19 [] INFO  com.example.tailormaster.TailorMasterAppApplication - No active profile set, falling back to 1 default profile: "default"
2026-10-02 23:58:20 [] INFO  org.springframework.data.repository.config.RepositoryConfigurationDelegate - Bootstrapping Spring Data JPA repositories in DEFAULT mode.
2026-10-02 23:58:21 [] INFO  org.springframework.data.repository.config.RepositoryConfigurationDelegate - Finished Spring Data repository scanning in 179 ms. Found 21 JPA repository interfaces.
2026-10-02 23:58:21 [] INFO  org.springframework.boot.web.embedded.tomcat.TomcatWebServer - Tomcat initialized with port 8080 (http)
2026-10-02 23:58:21 [] INFO  org.apache.coyote.http11.Http11NioProtocol - Initializing ProtocolHandler ["http-nio-8080"]
2026-10-02 23:58:21 [] INFO  org.apache.catalina.core.StandardService - Starting service [Tomcat]
2026-10-02 23:58:21 [] INFO  org.apache.catalina.core.StandardEngine - Starting Servlet engine: [Apache Tomcat/10.1.40]
2026-10-02 23:58:21 [] INFO  org.apache.catalina.core.ContainerBase.[Tomcat].[localhost].[/tailor-master] - Initializing Spring embedded WebApplicationContext
2026-10-02 23:58:21 [] INFO  org.springframework.boot.web.servlet.context.ServletWebServerApplicationContext - Root WebApplicationContext: initialization completed in 1933 ms
2026-10-02 23:58:21 [] INFO  org.hibernate.jpa.internal.util.LogHelper - HHH000204: Processing PersistenceUnitInfo [name: default]
2026-10-02 23:58:21 [] INFO  org.hibernate.cache.internal.RegionFactoryInitiator - HHH000026: Second-level cache disabled
2026-10-02 23:58:21 [] INFO  org.springframework.orm.jpa.persistenceunit.SpringPersistenceUnitInfo - No LoadTimeWeaver setup: ignoring JPA class transformer
2026-10-02 23:58:21 [] INFO  com.zaxxer.hikari.HikariDataSource - HikariPool-2 - Starting...
2026-10-02 23:58:21 [] INFO  com.zaxxer.hikari.pool.HikariPool - HikariPool-2 - Added connection com.mysql.cj.jdbc.ConnectionImpl@7bb67c7f
2026-10-02 23:58:21 [] INFO  com.zaxxer.hikari.HikariDataSource - HikariPool-2 - Start completed.
2026-10-02 23:58:21 [] INFO  org.hibernate.orm.connections.pooling - HHH10001005: Database info:
	Database JDBC URL [Connecting through datasource 'HikariDataSource (HikariPool-2)']
	Database driver: undefined/unknown
	Database version: 8.0.28
	Autocommit mode: undefined/unknown
	Isolation level: undefined/unknown
	Minimum pool size: undefined/unknown
	Maximum pool size: undefined/unknown
2026-10-02 23:58:23 [] INFO  org.hibernate.engine.transaction.jta.platform.internal.JtaPlatformInitiator - HHH000489: No JTA platform available (set 'hibernate.transaction.jta.platform' to enable JTA platform integration)
2026-10-02 23:58:23 [] INFO  org.springframework.orm.jpa.LocalContainerEntityManagerFactoryBean - Initialized JPA EntityManagerFactory for persistence unit 'default'
2026-10-02 23:58:25 [] WARN  org.springframework.boot.autoconfigure.orm.jpa.JpaBaseConfiguration$JpaWebConfiguration - spring.jpa.open-in-view is enabled by default. Therefore, database queries may be performed during view rendering. Explicitly configure spring.jpa.open-in-view to disable this warning
2026-10-02 23:58:25 [] INFO  org.springframework.security.config.annotation.authentication.configuration.InitializeAuthenticationProviderBeanManagerConfigurer$InitializeAuthenticationProviderManagerConfigurer - Global AuthenticationManager configured with AuthenticationProvider bean with name authenticationProvider
2026-10-02 23:58:25 [] WARN  org.springframework.security.config.annotation.authentication.configuration.InitializeUserDetailsBeanManagerConfigurer$InitializeUserDetailsManagerConfigurer - Global AuthenticationManager configured with an AuthenticationProvider bean. UserDetailsService beans will not be used by Spring Security for automatically configuring username/password login. Consider removing the AuthenticationProvider bean. Alternatively, consider using the UserDetailsService in a manually instantiated DaoAuthenticationProvider. If the current configuration is intentional, to turn off this warning, increase the logging level of 'org.springframework.security.config.annotation.authentication.configuration.InitializeUserDetailsBeanManagerConfigurer' to ERROR
2026-10-02 23:58:25 [] INFO  org.springframework.boot.devtools.autoconfigure.OptionalLiveReloadServer - LiveReload server is running on port 35729
2026-10-02 23:58:25 [] INFO  org.apache.coyote.http11.Http11NioProtocol - Starting ProtocolHandler ["http-nio-8080"]
2026-10-02 23:58:25 [] INFO  org.springframework.boot.web.embedded.tomcat.TomcatWebServer - Tomcat started on port 8080 (http) with context path '/tailor-master'
2026-10-02 23:58:25 [] INFO  com.example.tailormaster.TailorMasterAppApplication - Started TailorMasterAppApplication in 6.361 seconds (process running for 88.255)
2026-10-02 23:58:25 [] INFO  org.springframework.boot.devtools.autoconfigure.ConditionEvaluationDeltaLoggingListener - Condition evaluation unchanged
2026-10-02 23:58:27 [] INFO  org.springframework.boot.devtools.autoconfigure.LocalDevToolsAutoConfiguration$RestartingClassPathChangeChangedEventListener - Restarting due to 1 class path change (1 addition, 0 deletions, 0 modifications)
2026-10-02 23:58:27 [] INFO  org.springframework.boot.web.embedded.tomcat.GracefulShutdown - Commencing graceful shutdown. Waiting for active requests to complete
2026-10-02 23:58:27 [] INFO  org.apache.coyote.http11.Http11NioProtocol - Pausing ProtocolHandler ["http-nio-8080"]
2026-10-02 23:58:28 [] INFO  org.springframework.boot.web.embedded.tomcat.GracefulShutdown - Graceful shutdown complete
2026-10-02 23:58:28 [] INFO  org.apache.coyote.http11.Http11NioProtocol - Stopping ProtocolHandler ["http-nio-8080"]
2026-10-02 23:58:28 [] INFO  org.springframework.orm.jpa.LocalContainerEntityManagerFactoryBean - Closing JPA EntityManagerFactory for persistence unit 'default'
2026-10-02 23:58:28 [] INFO  com.zaxxer.hikari.HikariDataSource - HikariPool-2 - Shutdown initiated...
2026-10-02 23:58:28 [] INFO  com.zaxxer.hikari.HikariDataSource - HikariPool-2 - Shutdown completed.
2026-10-02 23:58:28 [] INFO  com.example.tailormaster.TailorMasterAppApplication - Starting TailorMasterAppApplication using Java 17.0.2 with PID 10644 (E:\Development-Workspaces\tailor-app-new-enhancements\tailor-master-app\tailor-master-app\target\classes started by wajiz.pk in E:\Development-Workspaces\tailor-app-new-enhancements\tailor-master-app)
2026-10-02 23:58:28 [] INFO  com.example.tailormaster.TailorMasterAppApplication - No active profile set, falling back to 1 default profile: "default"
2026-10-02 23:58:29 [] INFO  org.springframework.data.repository.config.RepositoryConfigurationDelegate - Bootstrapping Spring Data JPA repositories in DEFAULT mode.
2026-10-02 23:58:29 [] INFO  org.springframework.data.repository.config.RepositoryConfigurationDelegate - Finished Spring Data repository scanning in 145 ms. Found 21 JPA repository interfaces.
2026-10-02 23:58:29 [] INFO  org.springframework.boot.web.embedded.tomcat.TomcatWebServer - Tomcat initialized with port 8080 (http)
2026-10-02 23:58:29 [] INFO  org.apache.coyote.http11.Http11NioProtocol - Initializing ProtocolHandler ["http-nio-8080"]
2026-10-02 23:58:29 [] INFO  org.apache.catalina.core.StandardService - Starting service [Tomcat]
2026-10-02 23:58:29 [] INFO  org.apache.catalina.core.StandardEngine - Starting Servlet engine: [Apache Tomcat/10.1.40]
2026-10-02 23:58:29 [] INFO  org.apache.catalina.core.ContainerBase.[Tomcat].[localhost].[/tailor-master] - Initializing Spring embedded WebApplicationContext
2026-10-02 23:58:29 [] INFO  org.springframework.boot.web.servlet.context.ServletWebServerApplicationContext - Root WebApplicationContext: initialization completed in 1290 ms
2026-10-02 23:58:29 [] INFO  org.hibernate.jpa.internal.util.LogHelper - HHH000204: Processing PersistenceUnitInfo [name: default]
2026-10-02 23:58:30 [] INFO  org.hibernate.cache.internal.RegionFactoryInitiator - HHH000026: Second-level cache disabled
2026-10-02 23:58:30 [] INFO  org.springframework.orm.jpa.persistenceunit.SpringPersistenceUnitInfo - No LoadTimeWeaver setup: ignoring JPA class transformer
2026-10-02 23:58:30 [] INFO  com.zaxxer.hikari.HikariDataSource - HikariPool-3 - Starting...
2026-10-02 23:58:30 [] INFO  com.zaxxer.hikari.pool.HikariPool - HikariPool-3 - Added connection com.mysql.cj.jdbc.ConnectionImpl@11fe777a
2026-10-02 23:58:30 [] INFO  com.zaxxer.hikari.HikariDataSource - HikariPool-3 - Start completed.
2026-10-02 23:58:30 [] INFO  org.hibernate.orm.connections.pooling - HHH10001005: Database info:
	Database JDBC URL [Connecting through datasource 'HikariDataSource (HikariPool-3)']
	Database driver: undefined/unknown
	Database version: 8.0.28
	Autocommit mode: undefined/unknown
	Isolation level: undefined/unknown
	Minimum pool size: undefined/unknown
	Maximum pool size: undefined/unknown
2026-10-02 23:58:31 [] INFO  org.hibernate.engine.transaction.jta.platform.internal.JtaPlatformInitiator - HHH000489: No JTA platform available (set 'hibernate.transaction.jta.platform' to enable JTA platform integration)
2026-10-02 23:58:31 [] INFO  org.springframework.orm.jpa.LocalContainerEntityManagerFactoryBean - Initialized JPA EntityManagerFactory for persistence unit 'default'
2026-10-02 23:58:39 [] WARN  org.springframework.boot.autoconfigure.orm.jpa.JpaBaseConfiguration$JpaWebConfiguration - spring.jpa.open-in-view is enabled by default. Therefore, database queries may be performed during view rendering. Explicitly configure spring.jpa.open-in-view to disable this warning
2026-10-02 23:58:39 [] INFO  org.springframework.security.config.annotation.authentication.configuration.InitializeAuthenticationProviderBeanManagerConfigurer$InitializeAuthenticationProviderManagerConfigurer - Global AuthenticationManager configured with AuthenticationProvider bean with name authenticationProvider
2026-10-02 23:58:39 [] WARN  org.springframework.security.config.annotation.authentication.configuration.InitializeUserDetailsBeanManagerConfigurer$InitializeUserDetailsManagerConfigurer - Global AuthenticationManager configured with an AuthenticationProvider bean. UserDetailsService beans will not be used by Spring Security for automatically configuring username/password login. Consider removing the AuthenticationProvider bean. Alternatively, consider using the UserDetailsService in a manually instantiated DaoAuthenticationProvider. If the current configuration is intentional, to turn off this warning, increase the logging level of 'org.springframework.security.config.annotation.authentication.configuration.InitializeUserDetailsBeanManagerConfigurer' to ERROR
2026-10-02 23:58:40 [] INFO  org.springframework.boot.devtools.autoconfigure.OptionalLiveReloadServer - LiveReload server is running on port 35729
2026-10-02 23:58:40 [] INFO  org.apache.coyote.http11.Http11NioProtocol - Starting ProtocolHandler ["http-nio-8080"]
2026-10-02 23:58:40 [] INFO  org.springframework.boot.web.embedded.tomcat.TomcatWebServer - Tomcat started on port 8080 (http) with context path '/tailor-master'
2026-10-02 23:58:40 [] INFO  com.example.tailormaster.TailorMasterAppApplication - Started TailorMasterAppApplication in 12.191 seconds (process running for 103.257)
2026-10-02 23:58:40 [] INFO  org.springframework.boot.devtools.autoconfigure.ConditionEvaluationDeltaLoggingListener - Condition evaluation unchanged
2026-10-02 23:59:26 [] INFO  org.springframework.boot.devtools.autoconfigure.LocalDevToolsAutoConfiguration$RestartingClassPathChangeChangedEventListener - Restarting due to 1 class path change (0 additions, 1 deletion, 0 modifications)
2026-10-02 23:59:26 [] INFO  org.springframework.boot.web.embedded.tomcat.GracefulShutdown - Commencing graceful shutdown. Waiting for active requests to complete
2026-10-02 23:59:26 [] INFO  org.apache.coyote.http11.Http11NioProtocol - Pausing ProtocolHandler ["http-nio-8080"]
2026-10-02 23:59:27 [] INFO  org.springframework.boot.web.embedded.tomcat.GracefulShutdown - Graceful shutdown complete
2026-10-02 23:59:27 [] INFO  org.apache.coyote.http11.Http11NioProtocol - Stopping ProtocolHandler ["http-nio-8080"]
2026-10-02 23:59:27 [] INFO  org.springframework.orm.jpa.LocalContainerEntityManagerFactoryBean - Closing JPA EntityManagerFactory for persistence unit 'default'
2026-10-02 23:59:27 [] INFO  com.zaxxer.hikari.HikariDataSource - HikariPool-3 - Shutdown initiated...
2026-10-02 23:59:27 [] INFO  com.zaxxer.hikari.HikariDataSource - HikariPool-3 - Shutdown completed.
2026-10-02 23:59:27 [] INFO  com.example.tailormaster.TailorMasterAppApplication - Starting TailorMasterAppApplication using Java 17.0.2 with PID 10644 (E:\Development-Workspaces\tailor-app-new-enhancements\tailor-master-app\tailor-master-app\target\classes started by wajiz.pk in E:\Development-Workspaces\tailor-app-new-enhancements\tailor-master-app)
2026-10-02 23:59:27 [] INFO  com.example.tailormaster.TailorMasterAppApplication - No active profile set, falling back to 1 default profile: "default"
2026-10-02 23:59:28 [] INFO  org.springframework.data.repository.config.RepositoryConfigurationDelegate - Bootstrapping Spring Data JPA repositories in DEFAULT mode.
2026-10-02 23:59:28 [] INFO  org.springframework.data.repository.config.RepositoryConfigurationDelegate - Finished Spring Data repository scanning in 140 ms. Found 21 JPA repository interfaces.
2026-10-02 23:59:28 [] INFO  org.springframework.boot.web.embedded.tomcat.TomcatWebServer - Tomcat initialized with port 8080 (http)
2026-10-02 23:59:28 [] INFO  org.apache.coyote.http11.Http11NioProtocol - Initializing ProtocolHandler ["http-nio-8080"]
2026-10-02 23:59:28 [] INFO  org.apache.catalina.core.StandardService - Starting service [Tomcat]
2026-10-02 23:59:28 [] INFO  org.apache.catalina.core.StandardEngine - Starting Servlet engine: [Apache Tomcat/10.1.40]
2026-10-02 23:59:28 [] INFO  org.apache.catalina.core.ContainerBase.[Tomcat].[localhost].[/tailor-master] - Initializing Spring embedded WebApplicationContext
2026-10-02 23:59:28 [] INFO  org.springframework.boot.web.servlet.context.ServletWebServerApplicationContext - Root WebApplicationContext: initialization completed in 1256 ms
2026-10-02 23:59:28 [] INFO  org.hibernate.jpa.internal.util.LogHelper - HHH000204: Processing PersistenceUnitInfo [name: default]
2026-10-02 23:59:28 [] INFO  org.hibernate.cache.internal.RegionFactoryInitiator - HHH000026: Second-level cache disabled
2026-10-02 23:59:28 [] INFO  org.springframework.orm.jpa.persistenceunit.SpringPersistenceUnitInfo - No LoadTimeWeaver setup: ignoring JPA class transformer
2026-10-02 23:59:28 [] INFO  com.zaxxer.hikari.HikariDataSource - HikariPool-4 - Starting...
2026-10-02 23:59:28 [] INFO  com.zaxxer.hikari.pool.HikariPool - HikariPool-4 - Added connection com.mysql.cj.jdbc.ConnectionImpl@78aa094a
2026-10-02 23:59:28 [] INFO  com.zaxxer.hikari.HikariDataSource - HikariPool-4 - Start completed.
2026-10-02 23:59:28 [] INFO  org.hibernate.orm.connections.pooling - HHH10001005: Database info:
	Database JDBC URL [Connecting through datasource 'HikariDataSource (HikariPool-4)']
	Database driver: undefined/unknown
	Database version: 8.0.28
	Autocommit mode: undefined/unknown
	Isolation level: undefined/unknown
	Minimum pool size: undefined/unknown
	Maximum pool size: undefined/unknown
2026-10-02 23:59:29 [] INFO  org.hibernate.engine.transaction.jta.platform.internal.JtaPlatformInitiator - HHH000489: No JTA platform available (set 'hibernate.transaction.jta.platform' to enable JTA platform integration)
2026-10-02 23:59:30 [] INFO  org.springframework.orm.jpa.LocalContainerEntityManagerFactoryBean - Initialized JPA EntityManagerFactory for persistence unit 'default'
2026-10-02 23:59:31 [] WARN  org.springframework.boot.autoconfigure.orm.jpa.JpaBaseConfiguration$JpaWebConfiguration - spring.jpa.open-in-view is enabled by default. Therefore, database queries may be performed during view rendering. Explicitly configure spring.jpa.open-in-view to disable this warning
2026-10-02 23:59:31 [] INFO  org.springframework.security.config.annotation.authentication.configuration.InitializeAuthenticationProviderBeanManagerConfigurer$InitializeAuthenticationProviderManagerConfigurer - Global AuthenticationManager configured with AuthenticationProvider bean with name authenticationProvider
2026-10-02 23:59:31 [] WARN  org.springframework.security.config.annotation.authentication.configuration.InitializeUserDetailsBeanManagerConfigurer$InitializeUserDetailsManagerConfigurer - Global AuthenticationManager configured with an AuthenticationProvider bean. UserDetailsService beans will not be used by Spring Security for automatically configuring username/password login. Consider removing the AuthenticationProvider bean. Alternatively, consider using the UserDetailsService in a manually instantiated DaoAuthenticationProvider. If the current configuration is intentional, to turn off this warning, increase the logging level of 'org.springframework.security.config.annotation.authentication.configuration.InitializeUserDetailsBeanManagerConfigurer' to ERROR
2026-10-02 23:59:32 [] INFO  org.springframework.boot.devtools.autoconfigure.OptionalLiveReloadServer - LiveReload server is running on port 35729
2026-10-02 23:59:32 [] INFO  org.apache.coyote.http11.Http11NioProtocol - Starting ProtocolHandler ["http-nio-8080"]
2026-10-02 23:59:32 [] INFO  org.springframework.boot.web.embedded.tomcat.TomcatWebServer - Tomcat started on port 8080 (http) with context path '/tailor-master'
2026-10-02 23:59:32 [] INFO  com.example.tailormaster.TailorMasterAppApplication - Started TailorMasterAppApplication in 5.026 seconds (process running for 154.932)
2026-10-02 23:59:32 [] INFO  org.springframework.boot.devtools.autoconfigure.ConditionEvaluationDeltaLoggingListener - Condition evaluation unchanged
2026-10-02 23:59:33 [] INFO  org.springframework.boot.devtools.autoconfigure.LocalDevToolsAutoConfiguration$RestartingClassPathChangeChangedEventListener - Restarting due to 1 class path change (1 addition, 0 deletions, 0 modifications)
2026-10-02 23:59:33 [] INFO  org.springframework.boot.web.embedded.tomcat.GracefulShutdown - Commencing graceful shutdown. Waiting for active requests to complete
2026-10-02 23:59:33 [] INFO  org.apache.coyote.http11.Http11NioProtocol - Pausing ProtocolHandler ["http-nio-8080"]
2026-10-02 23:59:34 [] INFO  org.springframework.boot.web.embedded.tomcat.GracefulShutdown - Graceful shutdown complete
2026-10-02 23:59:34 [] INFO  org.apache.coyote.http11.Http11NioProtocol - Stopping ProtocolHandler ["http-nio-8080"]
2026-10-02 23:59:34 [] INFO  org.springframework.orm.jpa.LocalContainerEntityManagerFactoryBean - Closing JPA EntityManagerFactory for persistence unit 'default'
2026-10-02 23:59:34 [] INFO  com.zaxxer.hikari.HikariDataSource - HikariPool-4 - Shutdown initiated...
2026-10-02 23:59:34 [] INFO  com.zaxxer.hikari.HikariDataSource - HikariPool-4 - Shutdown completed.
2026-10-02 23:59:35 [] INFO  com.example.tailormaster.TailorMasterAppApplication - Starting TailorMasterAppApplication using Java 17.0.2 with PID 10644 (E:\Development-Workspaces\tailor-app-new-enhancements\tailor-master-app\tailor-master-app\target\classes started by wajiz.pk in E:\Development-Workspaces\tailor-app-new-enhancements\tailor-master-app)
2026-10-02 23:59:35 [] INFO  com.example.tailormaster.TailorMasterAppApplication - No active profile set, falling back to 1 default profile: "default"
2026-10-02 23:59:35 [] INFO  org.springframework.data.repository.config.RepositoryConfigurationDelegate - Bootstrapping Spring Data JPA repositories in DEFAULT mode.
2026-10-02 23:59:36 [] INFO  org.springframework.data.repository.config.RepositoryConfigurationDelegate - Finished Spring Data repository scanning in 131 ms. Found 21 JPA repository interfaces.
2026-10-02 23:59:36 [] INFO  org.springframework.boot.web.embedded.tomcat.TomcatWebServer - Tomcat initialized with port 8080 (http)
2026-10-02 23:59:36 [] INFO  org.apache.coyote.http11.Http11NioProtocol - Initializing ProtocolHandler ["http-nio-8080"]
2026-10-02 23:59:36 [] INFO  org.apache.catalina.core.StandardService - Starting service [Tomcat]
2026-10-02 23:59:36 [] INFO  org.apache.catalina.core.StandardEngine - Starting Servlet engine: [Apache Tomcat/10.1.40]
2026-10-02 23:59:36 [] INFO  org.apache.catalina.core.ContainerBase.[Tomcat].[localhost].[/tailor-master] - Initializing Spring embedded WebApplicationContext
2026-10-02 23:59:36 [] INFO  org.springframework.boot.web.servlet.context.ServletWebServerApplicationContext - Root WebApplicationContext: initialization completed in 1172 ms
2026-10-02 23:59:36 [] INFO  org.hibernate.jpa.internal.util.LogHelper - HHH000204: Processing PersistenceUnitInfo [name: default]
2026-10-02 23:59:36 [] INFO  org.hibernate.cache.internal.RegionFactoryInitiator - HHH000026: Second-level cache disabled
2026-10-02 23:59:36 [] INFO  org.springframework.orm.jpa.persistenceunit.SpringPersistenceUnitInfo - No LoadTimeWeaver setup: ignoring JPA class transformer
2026-10-02 23:59:36 [] INFO  com.zaxxer.hikari.HikariDataSource - HikariPool-5 - Starting...
2026-10-02 23:59:36 [] INFO  com.zaxxer.hikari.pool.HikariPool - HikariPool-5 - Added connection com.mysql.cj.jdbc.ConnectionImpl@7a0e1d9d
2026-10-02 23:59:36 [] INFO  com.zaxxer.hikari.HikariDataSource - HikariPool-5 - Start completed.
2026-10-02 23:59:36 [] INFO  org.hibernate.orm.connections.pooling - HHH10001005: Database info:
	Database JDBC URL [Connecting through datasource 'HikariDataSource (HikariPool-5)']
	Database driver: undefined/unknown
	Database version: 8.0.28
	Autocommit mode: undefined/unknown
	Isolation level: undefined/unknown
	Minimum pool size: undefined/unknown
	Maximum pool size: undefined/unknown
2026-10-02 23:59:37 [] INFO  org.hibernate.engine.transaction.jta.platform.internal.JtaPlatformInitiator - HHH000489: No JTA platform available (set 'hibernate.transaction.jta.platform' to enable JTA platform integration)
2026-10-02 23:59:37 [] INFO  org.springframework.orm.jpa.LocalContainerEntityManagerFactoryBean - Initialized JPA EntityManagerFactory for persistence unit 'default'
2026-10-02 23:59:38 [] WARN  org.springframework.boot.autoconfigure.orm.jpa.JpaBaseConfiguration$JpaWebConfiguration - spring.jpa.open-in-view is enabled by default. Therefore, database queries may be performed during view rendering. Explicitly configure spring.jpa.open-in-view to disable this warning
2026-10-02 23:59:38 [] INFO  org.springframework.security.config.annotation.authentication.configuration.InitializeAuthenticationProviderBeanManagerConfigurer$InitializeAuthenticationProviderManagerConfigurer - Global AuthenticationManager configured with AuthenticationProvider bean with name authenticationProvider
2026-10-02 23:59:38 [] WARN  org.springframework.security.config.annotation.authentication.configuration.InitializeUserDetailsBeanManagerConfigurer$InitializeUserDetailsManagerConfigurer - Global AuthenticationManager configured with an AuthenticationProvider bean. UserDetailsService beans will not be used by Spring Security for automatically configuring username/password login. Consider removing the AuthenticationProvider bean. Alternatively, consider using the UserDetailsService in a manually instantiated DaoAuthenticationProvider. If the current configuration is intentional, to turn off this warning, increase the logging level of 'org.springframework.security.config.annotation.authentication.configuration.InitializeUserDetailsBeanManagerConfigurer' to ERROR
2026-10-02 23:59:38 [] INFO  org.springframework.boot.devtools.autoconfigure.OptionalLiveReloadServer - LiveReload server is running on port 35729
2026-10-02 23:59:38 [] INFO  org.apache.coyote.http11.Http11NioProtocol - Starting ProtocolHandler ["http-nio-8080"]
2026-10-02 23:59:38 [] INFO  org.springframework.boot.web.embedded.tomcat.TomcatWebServer - Tomcat started on port 8080 (http) with context path '/tailor-master'
2026-10-02 23:59:38 [] INFO  com.example.tailormaster.TailorMasterAppApplication - Started TailorMasterAppApplication in 3.869 seconds (process running for 161.532)
2026-10-02 23:59:38 [] INFO  org.springframework.boot.devtools.autoconfigure.ConditionEvaluationDeltaLoggingListener - Condition evaluation unchanged
